case_id,concept:name,time:timestamp,lifecycle:transition,robot_id,org:resource,execution_id,state,battery,x,y,z,msg_id,msg_payload,msg_role,msg_sender,msg_receiver
search_and_rescue_uav_ugv_team_001,dispatch,2026-01-18T05:45:00.000Z,start,uav_1,uav,search_and_rescue_uav_ugv_team_001_exec_1,inprogress,73.1,0.0,0.0,0.0,null,null,null,null,null
search_and_rescue_uav_ugv_team_001,dispatch,2026-01-18T05:45:28.000Z,complete,uav_1,uav,search_and_rescue_uav_ugv_team_001_exec_1,done,73.0,0.0,0.0,0.0,null,null,null,null,null
search_and_rescue_uav_ugv_team_001,dispatch,2026-01-18T05:45:29.000Z,start,ugv_1,ugv,search_and_rescue_uav_ugv_team_001_exec_2,inprogress,86.8,0.0,0.0,0.0,null,null,null,null,null
search_and_rescue_uav_ugv_team_001,dispatch,2026-01-18T05:45:57.000Z,complete,ugv_1,ugv,search_and_rescue_uav_ugv_team_001_exec_2,done,86.6,0.0,0.0,0.0,null,null,null,null,null
search_and_rescue_uav_ugv_team_001,takeoff,2026-01-18T05:45:58.000Z,start,uav_1,uav,search_and_rescue_uav_ugv_team_001_exec_3,inprogress,73.0,0.0,0.0,0.0,null,null,null,null,null
search_and_rescue_uav_ugv_team_001,takeoff,2026-01-18T05:46:16.000Z,complete,uav_1,uav,search_and_rescue_uav_ugv_team_001_exec_3,done,72.3,0.0,0.0,5.0,null,null,null,null,null
search_and_rescue_uav_ugv_team_001,scan_sector,2026-01-18T05:46:17.000Z,start,uav_1,uav,search_and_rescue_uav_ugv_team_001_exec_4,inprogress,72.3,0.0,0.0,5.0,null,null,null,null,null
search_and_rescue_uav_ugv_team_001,scan_sector,2026-01-18T05:47:14.000Z,null,uav_1,uav,search_and_rescue_uav_ugv_team_001_exec_4,inprogress,71.2,6.6,7.15,7.2,null,null,null,null,null
search_and_rescue_uav_ugv_team_001,scan_sector,2026-01-18T05:48:11.000Z,null,uav_1,uav,search_and_rescue_uav_ugv_team_001_exec_4,inprogress,70.1,13.21,14.31,9.39,null,null,null,null,null
search_and_rescue_uav_ugv_team_001,scan_sector,2026-01-18T05:49:08.000Z,null,uav_1,uav,search_and_rescue_uav_ugv_team_001_exec_4,inprogress,69.0,19.81,21.46,11.59,null,null,null,null,null
search_and_rescue_uav_ugv_team_001,scan_sector,2026-01-18T05:50:05.000Z,null,uav_1,uav,search_and_rescue_uav_ugv_team_001_exec_4,inprogress,67.9,26.41,28.62,13.78,null,null,null,null,null
search_and_rescue_uav_ugv_team_001,scan_sector,2026-01-18T05:51:02.000Z,null,uav_1,uav,search_and_rescue_uav_ugv_team_001_exec_4,inprogress,66.8,33.02,35.77,15.98,null,null,null,null,null
search_and_rescue_uav_ugv_team_001,scan_sector,2026-01-18T05:52:01.000Z,complete,uav_1,uav,search_and_rescue_uav_ugv_team_001_exec_4,done,65.7,39.62,42.92,18.17,null,null,null,null,null
search_and_rescue_uav_ugv_team_001,detect_victim,2026-01-18T05:52:02.000Z,start,uav_1,uav,search_and_rescue_uav_ugv_team_001_exec_5,inprogress,65.7,39.62,42.92,18.17,null,null,null,null,null
search_and_rescue_uav_ugv_team_001,detect_victim,2026-01-18T05:52:26.000Z,complete,uav_1,uav,search_and_rescue_uav_ugv_team_001_exec_5,done,65.4,39.62,42.92,18.17,null,null,null,null,null
search_and_rescue_uav_ugv_team_001,send_coordinates,2026-01-18T05:52:27.000Z,start,uav_1,uav,search_and_rescue_uav_ugv_team_001_exec_6,inprogress,65.4,39.62,42.92,18.17,msg_b7e2228648,victim coordinates and severity,send,uav_1,ugv_1
search_and_rescue_uav_ugv_team_001,send_coordinates,2026-01-18T05:52:34.000Z,complete,uav_1,uav,search_and_rescue_uav_ugv_team_001_exec_6,done,65.2,39.62,42.92,18.17,msg_b7e2228648,victim coordinates and severity,send,uav_1,ugv_1
search_and_rescue_uav_ugv_team_001,receive_coordinates,2026-01-18T05:53:56.000Z,start,ugv_1,ugv,search_and_rescue_uav_ugv_team_001_exec_7,inprogress,86.6,0.0,0.0,0.0,msg_b7e2228648,victim coordinates and severity,receive,uav_1,ugv_1
search_and_rescue_uav_ugv_team_001,receive_coordinates,2026-01-18T05:54:00.000Z,complete,ugv_1,ugv,search_and_rescue_uav_ugv_team_001_exec_7,done,86.5,0.0,0.0,0.0,msg_b7e2228648,victim coordinates and severity,receive,uav_1,ugv_1
search_and_rescue_uav_ugv_team_001,navigate_to_victim,2026-01-18T05:54:01.000Z,start,ugv_1,ugv,search_and_rescue_uav_ugv_team_001_exec_8,inprogress,86.5,0.0,0.0,0.0,null,null,null,null,null
search_and_rescue_uav_ugv_team_001,navigate_to_victim,2026-01-18T05:54:49.000Z,null,ugv_1,ugv,search_and_rescue_uav_ugv_team_001_exec_8,inprogress,85.5,6.01,5.45,0.0,null,null,null,null,null
search_and_rescue_uav_ugv_team_001,navigate_to_victim,2026-01-18T05:55:37.000Z,null,ugv_1,ugv,search_and_rescue_uav_ugv_team_001_exec_8,inprogress,84.5,12.03,10.91,0.0,null,null,null,null,null
search_and_rescue_uav_ugv_team_001,navigate_to_victim,2026-01-18T05:56:25.000Z,null,ugv_1,ugv,search_and_rescue_uav_ugv_team_001_exec_8,inprogress,83.5,18.04,16.36,0.0,null,null,null,null,null
search_and_rescue_uav_ugv_team_001,navigate_to_victim,2026-01-18T05:57:13.000Z,null,ugv_1,ugv,search_and_rescue_uav_ugv_team_001_exec_8,inprogress,82.4,24.05,21.81,0.0,null,null,null,null,null
search_and_rescue_uav_ugv_team_001,navigate_to_victim,2026-01-18T05:58:01.000Z,null,ugv_1,ugv,search_and_rescue_uav_ugv_team_001_exec_8,inprogress,81.4,30.07,27.26,0.0,null,null,null,null,null
search_and_rescue_uav_ugv_team_001,navigate_to_victim,2026-01-18T05:58:49.000Z,null,ugv_1,ugv,search_and_rescue_uav_ugv_team_001_exec_8,inprogress,80.4,36.08,32.72,0.0,null,null,null,null,null
search_and_rescue_uav_ugv_team_001,navigate_to_victim,2026-01-18T05:59:37.000Z,complete,ugv_1,ugv,search_and_rescue_uav_ugv_team_001_exec_8,done,79.4,42.09,38.17,0.0,null,null,null,null,null
search_and_rescue_uav_ugv_team_001,stabilize_area,2026-01-18T05:59:38.000Z,start,ugv_1,ugv,search_and_rescue_uav_ugv_team_001_exec_9,inprogress,79.4,42.09,38.17,0.0,null,null,null,null,null
search_and_rescue_uav_ugv_team_001,stabilize_area,2026-01-18T06:00:34.000Z,null,ugv_1,ugv,search_and_rescue_uav_ugv_team_001_exec_9,inprogress,78.9,42.09,38.17,0.0,null,null,null,null,null
search_and_rescue_uav_ugv_team_001,stabilize_area,2026-01-18T06:01:30.000Z,null,ugv_1,ugv,search_and_rescue_uav_ugv_team_001_exec_9,inprogress,78.4,42.09,38.17,0.0,null,null,null,null,null
search_and_rescue_uav_ugv_team_001,stabilize_area,2026-01-18T06:02:28.000Z,complete,ugv_1,ugv,search_and_rescue_uav_ugv_team_001_exec_9,done,77.9,42.09,38.17,0.0,null,null,null,null,null
search_and_rescue_uav_ugv_team_001,send_acknowledgment,2026-01-18T06:02:29.000Z,start,ugv_1,ugv,search_and_rescue_uav_ugv_team_001_exec_10,inprogress,77.9,42.09,38.17,0.0,msg_c8a6283af9,area stabilized and escort starting,send,ugv_1,uav_1
search_and_rescue_uav_ugv_team_001,send_acknowledgment,2026-01-18T06:02:35.000Z,complete,ugv_1,ugv,search_and_rescue_uav_ugv_team_001_exec_10,done,77.7,42.09,38.17,0.0,msg_c8a6283af9,area stabilized and escort starting,send,ugv_1,uav_1
search_and_rescue_uav_ugv_team_001,receive_acknowledgment,2026-01-18T06:04:00.000Z,start,uav_1,uav,search_and_rescue_uav_ugv_team_001_exec_11,inprogress,65.2,39.62,42.92,18.17,msg_c8a6283af9,area stabilized and escort starting,receive,ugv_1,uav_1
search_and_rescue_uav_ugv_team_001,receive_acknowledgment,2026-01-18T06:04:04.000Z,complete,uav_1,uav,search_and_rescue_uav_ugv_team_001_exec_11,done,65.1,39.62,42.92,18.17,msg_c8a6283af9,area stabilized and escort starting,receive,ugv_1,uav_1
search_and_rescue_uav_ugv_team_001,escort,2026-01-18T06:04:05.000Z,start,ugv_1,ugv,search_and_rescue_uav_ugv_team_001_exec_12,inprogress,77.7,42.09,38.17,0.0,null,null,null,null,null
search_and_rescue_uav_ugv_team_001,escort,2026-01-18T06:05:44.000Z,null,ugv_1,ugv,search_and_rescue_uav_ugv_team_001_exec_12,inprogress,75.7,31.4,28.78,0.0,null,null,null,null,null
search_and_rescue_uav_ugv_team_001,escort,2026-01-18T06:07:23.000Z,null,ugv_1,ugv,search_and_rescue_uav_ugv_team_001_exec_12,inprogress,73.7,20.7,19.39,0.0,null,null,null,null,null
search_and_rescue_uav_ugv_team_001,escort,2026-01-18T06:09:03.000Z,complete,ugv_1,ugv,search_and_rescue_uav_ugv_team_001_exec_12,done,71.7,10.0,10.0,0.0,null,null,null,null,null
search_and_rescue_uav_ugv_team_001,mission_close,2026-01-18T06:09:04.000Z,start,uav_1,uav,search_and_rescue_uav_ugv_team_001_exec_13,inprogress,65.1,39.62,42.92,18.17,null,null,null,null,null
search_and_rescue_uav_ugv_team_001,mission_close,2026-01-18T06:09:26.000Z,complete,uav_1,uav,search_and_rescue_uav_ugv_team_001_exec_13,done,64.8,39.62,42.92,18.17,null,null,null,null,null
search_and_rescue_uav_ugv_team_001,mission_close,2026-01-18T06:09:27.000Z,start,ugv_1,ugv,search_and_rescue_uav_ugv_team_001_exec_14,inprogress,71.7,10.0,10.0,0.0,null,null,null,null,null
search_and_rescue_uav_ugv_team_001,mission_close,2026-01-18T06:09:57.000Z,complete,ugv_1,ugv,search_and_rescue_uav_ugv_team_001_exec_14,done,71.3,10.0,10.0,0.0,null,null,null,null,null
search_and_rescue_uav_ugv_team_002,dispatch,2026-01-18T06:25:00.000Z,start,uav_1,uav,search_and_rescue_uav_ugv_team_002_exec_1,inprogress,80.3,0.0,0.0,0.0,null,null,null,null,null
search_and_rescue_uav_ugv_team_002,dispatch,2026-01-18T06:25:18.000Z,complete,uav_1,uav,search_and_rescue_uav_ugv_team_002_exec_1,done,80.0,0.0,0.0,0.0,null,null,null,null,null
search_and_rescue_uav_ugv_team_002,dispatch,2026-01-18T06:25:19.000Z,start,ugv_1,ugv,search_and_rescue_uav_ugv_team_002_exec_2,inprogress,93.8,0.0,0.0,0.0,null,null,null,null,null
search_and_rescue_uav_ugv_team_002,dispatch,2026-01-18T06:25:33.000Z,complete,ugv_1,ugv,search_and_rescue_uav_ugv_team_002_exec_2,done,93.6,0.0,0.0,0.0,null,null,null,null,null
search_and_rescue_uav_ugv_team_002,takeoff,2026-01-18T06:25:34.000Z,start,uav_1,uav,search_and_rescue_uav_ugv_team_002_exec_3,inprogress,80.0,0.0,0.0,0.0,null,null,null,null,null
search_and_rescue_uav_ugv_team_002,takeoff,2026-01-18T06:25:59.000Z,complete,uav_1,uav,search_and_rescue_uav_ugv_team_002_exec_3,done,79.2,0.0,0.0,5.0,null,null,null,null,null
search_and_rescue_uav_ugv_team_002,scan_sector,2026-01-18T06:26:00.000Z,start,uav_1,uav,search_and_rescue_uav_ugv_team_002_exec_4,inprogress,79.2,0.0,0.0,5.0,null,null,null,null,null
search_and_rescue_uav_ugv_team_002,scan_sector,2026-01-18T06:26:50.000Z,null,uav_1,uav,search_and_rescue_uav_ugv_team_002_exec_4,inprogress,77.6,6.44,12.45,9.49,null,null,null,null,null
search_and_rescue_uav_ugv_team_002,scan_sector,2026-01-18T06:27:40.000Z,null,uav_1,uav,search_and_rescue_uav_ugv_team_002_exec_4,inprogress,76.0,12.88,24.91,13.98,null,null,null,null,null
search_and_rescue_uav_ugv_team_002,scan_sector,2026-01-18T06:28:30.000Z,null,uav_1,uav,search_and_rescue_uav_ugv_team_002_exec_4,inprogress,74.5,19.32,37.36,18.47,null,null,null,null,null
search_and_rescue_uav_ugv_team_002,scan_sector,2026-01-18T06:29:20.000Z,null,uav_1,uav,search_and_rescue_uav_ugv_team_002_exec_4,inprogress,72.9,25.75,49.81,22.96,null,null,null,null,null
search_and_rescue_uav_ugv_team_002,scan_sector,2026-01-18T06:30:13.000Z,complete,uav_1,uav,search_and_rescue_uav_ugv_team_002_exec_4,done,71.3,32.19,62.27,27.45,null,null,null,null,null
search_and_rescue_uav_ugv_team_002,detect_victim,2026-01-18T06:30:14.000Z,start,uav_1,uav,search_and_rescue_uav_ugv_team_002_exec_5,inprogress,71.3,32.19,62.27,27.45,null,null,null,null,null
search_and_rescue_uav_ugv_team_002,detect_victim,2026-01-18T06:30:43.000Z,complete,uav_1,uav,search_and_rescue_uav_ugv_team_002_exec_5,done,70.8,32.19,62.27,27.45,null,null,null,null,null
search_and_rescue_uav_ugv_team_002,send_coordinates,2026-01-18T06:30:44.000Z,start,uav_1,uav,search_and_rescue_uav_ugv_team_002_exec_6,inprogress,70.8,32.19,62.27,27.45,msg_25f00aa3da,victim coordinates and severity,send,uav_1,ugv_1
search_and_rescue_uav_ugv_team_002,send_coordinates,2026-01-18T06:30:49.000Z,complete,uav_1,uav,search_and_rescue_uav_ugv_team_002_exec_6,done,70.6,32.19,62.27,27.45,msg_25f00aa3da,victim coordinates and severity,send,uav_1,ugv_1
search_and_rescue_uav_ugv_team_002,receive_coordinates,2026-01-18T06:30:55.000Z,start,ugv_1,ugv,search_and_rescue_uav_ugv_team_002_exec_7,inprogress,93.6,0.0,0.0,0.0,msg_25f00aa3da,victim coordinates and severity,receive,uav_1,ugv_1
search_and_rescue_uav_ugv_team_002,receive_coordinates,2026-01-18T06:30:59.000Z,complete,ugv_1,ugv,search_and_rescue_uav_ugv_team_002_exec_7,done,93.5,0.0,0.0,0.0,msg_25f00aa3da,victim coordinates and severity,receive,uav_1,ugv_1
search_and_rescue_uav_ugv_team_002,mission_abort,2026-01-18T06:31:00.000Z,start,ugv_1,ugv,search_and_rescue_uav_ugv_team_002_exec_8,inprogress,93.5,0.0,0.0,0.0,null,null,null,null,null
search_and_rescue_uav_ugv_team_002,mission_abort,2026-01-18T06:31:37.000Z,complete,ugv_1,ugv,search_and_rescue_uav_ugv_team_002_exec_8,done,93.2,0.0,0.0,0.0,null,null,null,null,null
search_and_rescue_uav_ugv_team_002,mission_close,2026-01-18T06:31:38.000Z,start,uav_1,uav,search_and_rescue_uav_ugv_team_002_exec_9,inprogress,70.6,32.19,62.27,27.45,null,null,null,null,null
search_and_rescue_uav_ugv_team_002,mission_close,2026-01-18T06:32:08.000Z,complete,uav_1,uav,search_and_rescue_uav_ugv_team_002_exec_9,done,70.3,32.19,62.27,27.45,null,null,null,null,null
search_and_rescue_uav_ugv_team_003,dispatch,2026-01-18T07:05:00.000Z,start,uav_1,uav,search_and_rescue_uav_ugv_team_003_exec_1,inprogress,93.1,0.0,0.0,0.0,null,null,null,null,null
search_and_rescue_uav_ugv_team_003,dispatch,2026-01-18T07:05:18.000Z,complete,uav_1,uav,search_and_rescue_uav_ugv_team_003_exec_1,done,92.8,0.0,0.0,0.0,null,null,null,null,null
search_and_rescue_uav_ugv_team_003,dispatch,2026-01-18T07:05:19.000Z,start,ugv_1,ugv,search_and_rescue_uav_ugv_team_003_exec_2,inprogress,96.8,0.0,0.0,0.0,null,null,null,null,null
search_and_rescue_uav_ugv_team_003,dispatch,2026-01-18T07:05:38.000Z,complete,ugv_1,ugv,search_and_rescue_uav_ugv_team_003_exec_2,done,96.6,0.0,0.0,0.0,null,null,null,null,null
search_and_rescue_uav_ugv_team_003,takeoff,2026-01-18T07:05:39.000Z,start,uav_1,uav,search_and_rescue_uav_ugv_team_003_exec_3,inprogress,92.8,0.0,0.0,0.0,null,null,null,null,null
search_and_rescue_uav_ugv_team_003,takeoff,2026-01-18T07:06:02.000Z,complete,uav_1,uav,search_and_rescue_uav_ugv_team_003_exec_3,done,92.1,0.0,0.0,5.0,null,null,null,null,null
search_and_rescue_uav_ugv_team_003,scan_sector,2026-01-18T07:06:03.000Z,start,uav_1,uav,search_and_rescue_uav_ugv_team_003_exec_4,inprogress,92.1,0.0,0.0,5.0,null,null,null,null,null
search_and_rescue_uav_ugv_team_003,scan_sector,2026-01-18T07:06:47.000Z,null,uav_1,uav,search_and_rescue_uav_ugv_team_003_exec_4,inprogress,91.0,5.86,2.22,7.28,null,null,null,null,null
search_and_rescue_uav_ugv_team_003,scan_sector,2026-01-18T07:07:31.000Z,null,uav_1,uav,search_and_rescue_uav_ugv_team_003_exec_4,inprogress,90.0,11.73,4.43,9.55,null,null,null,null,null
search_and_rescue_uav_ugv_team_003,scan_sector,2026-01-18T07:08:15.000Z,null,uav_1,uav,search_and_rescue_uav_ugv_team_003_exec_4,inprogress,88.9,17.59,6.65,11.83,null,null,null,null,null
search_and_rescue_uav_ugv_team_003,scan_sector,2026-01-18T07:08:59.000Z,null,uav_1,uav,search_and_rescue_uav_ugv_team_003_exec_4,inprogress,87.9,23.46,8.86,14.11,null,null,null,null,null
search_and_rescue_uav_ugv_team_003,scan_sector,2026-01-18T07:09:43.000Z,null,uav_1,uav,search_and_rescue_uav_ugv_team_003_exec_4,inprogress,86.8,29.32,11.08,16.39,null,null,null,null,null
search_and_rescue_uav_ugv_team_003,scan_sector,2026-01-18T07:10:27.000Z,null,uav_1,uav,search_and_rescue_uav_ugv_team_003_exec_4,inprogress,85.7,35.19,13.29,18.66,null,null,null,null,null
search_and_rescue_uav_ugv_team_003,scan_sector,2026-01-18T07:11:11.000Z,null,uav_1,uav,search_and_rescue_uav_ugv_team_003_exec_4,inprogress,84.7,41.05,15.51,20.94,null,null,null,null,null
search_and_rescue_uav_ugv_team_003,scan_sector,2026-01-18T07:11:58.000Z,complete,uav_1,uav,search_and_rescue_uav_ugv_team_003_exec_4,done,83.6,46.92,17.72,23.22,null,null,null,null,null
search_and_rescue_uav_ugv_team_003,detect_victim,2026-01-18T07:11:59.000Z,start,uav_1,uav,search_and_rescue_uav_ugv_team_003_exec_5,inprogress,83.6,46.92,17.72,23.22,null,null,null,null,null
search_and_rescue_uav_ugv_team_003,detect_victim,2026-01-18T07:12:17.000Z,complete,uav_1,uav,search_and_rescue_uav_ugv_team_003_exec_5,done,83.2,46.92,17.72,23.22,null,null,null,null,null
search_and_rescue_uav_ugv_team_003,send_coordinates,2026-01-18T07:12:18.000Z,start,uav_1,uav,search_and_rescue_uav_ugv_team_003_exec_6,inprogress,83.2,46.92,17.72,23.22,msg_0d6727cee9,victim coordinates and severity,send,uav_1,ugv_1
search_and_rescue_uav_ugv_team_003,send_coordinates,2026-01-18T07:12:24.000Z,complete,uav_1,uav,search_and_rescue_uav_ugv_team_003_exec_6,done,83.0,46.92,17.72,23.22,msg_0d6727cee9,victim coordinates and severity,send,uav_1,ugv_1
search_and_rescue_uav_ugv_team_003,receive_coordinates,2026-01-18T07:12:30.000Z,start,ugv_1,ugv,search_and_rescue_uav_ugv_team_003_exec_7,inprogress,96.6,0.0,0.0,0.0,msg_0d6727cee9,victim coordinates and severity,receive,uav_1,ugv_1
search_and_rescue_uav_ugv_team_003,receive_coordinates,2026-01-18T07:12:34.000Z,complete,ugv_1,ugv,search_and_rescue_uav_ugv_team_003_exec_7,done,96.5,0.0,0.0,0.0,msg_0d6727cee9,victim coordinates and severity,receive,uav_1,ugv_1
search_and_rescue_uav_ugv_team_003,navigate_to_victim,2026-01-18T07:12:35.000Z,start,ugv_1,ugv,search_and_rescue_uav_ugv_team_003_exec_8,inprogress,96.5,0.0,0.0,0.0,null,null,null,null,null
search_and_rescue_uav_ugv_team_003,navigate_to_victim,2026-01-18T07:13:22.000Z,null,ugv_1,ugv,search_and_rescue_uav_ugv_team_003_exec_8,inprogress,95.0,9.98,4.44,0.0,null,null,null,null,null
search_and_rescue_uav_ugv_team_003,navigate_to_victim,2026-01-18T07:14:09.000Z,null,ugv_1,ugv,search_and_rescue_uav_ugv_team_003_exec_8,inprogress,93.5,19.97,8.87,0.0,null,null,null,null,null
search_and_rescue_uav_ugv_team_003,navigate_to_victim,2026-01-18T07:14:56.000Z,null,ugv_1,ugv,search_and_rescue_uav_ugv_team_003_exec_8,inprogress,92.0,29.95,13.31,0.0,null,null,null,null,null
search_and_rescue_uav_ugv_team_003,navigate_to_victim,2026-01-18T07:15:43.000Z,null,ugv_1,ugv,search_and_rescue_uav_ugv_team_003_exec_8,inprogress,90.5,39.93,17.74,0.0,null,null,null,null,null
search_and_rescue_uav_ugv_team_003,navigate_to_victim,2026-01-18T07:16:31.000Z,complete,ugv_1,ugv,search_and_rescue_uav_ugv_team_003_exec_8,done,88.9,49.92,22.18,0.0,null,null,null,null,null
search_and_rescue_uav_ugv_team_003,stabilize_area,2026-01-18T07:16:32.000Z,start,ugv_1,ugv,search_and_rescue_uav_ugv_team_003_exec_9,inprogress,88.9,49.92,22.18,0.0,null,null,null,null,null
search_and_rescue_uav_ugv_team_003,stabilize_area,2026-01-18T07:17:41.000Z,null,ugv_1,ugv,search_and_rescue_uav_ugv_team_003_exec_9,inprogress,88.3,49.92,22.18,0.0,null,null,null,null,null
search_and_rescue_uav_ugv_team_003,stabilize_area,2026-01-18T07:18:50.000Z,complete,ugv_1,ugv,search_and_rescue_uav_ugv_team_003_exec_9,done,87.6,49.92,22.18,0.0,null,null,null,null,null
search_and_rescue_uav_ugv_team_003,send_acknowledgment,2026-01-18T07:18:51.000Z,start,ugv_1,ugv,search_and_rescue_uav_ugv_team_003_exec_10,inprogress,87.6,49.92,22.18,0.0,msg_80cbf86532,area stabilized and escort starting,send,ugv_1,uav_1
search_and_rescue_uav_ugv_team_003,send_acknowledgment,2026-01-18T07:18:56.000Z,complete,ugv_1,ugv,search_and_rescue_uav_ugv_team_003_exec_10,done,87.4,49.92,22.18,0.0,msg_80cbf86532,area stabilized and escort starting,send,ugv_1,uav_1
search_and_rescue_uav_ugv_team_003,receive_acknowledgment,2026-01-18T07:19:01.000Z,start,uav_1,uav,search_and_rescue_uav_ugv_team_003_exec_11,inprogress,83.0,46.92,17.72,23.22,msg_80cbf86532,area stabilized and escort starting,receive,ugv_1,uav_1
search_and_rescue_uav_ugv_team_003,receive_acknowledgment,2026-01-18T07:19:05.000Z,complete,uav_1,uav,search_and_rescue_uav_ugv_team_003_exec_11,done,82.9,46.92,17.72,23.22,msg_80cbf86532,area stabilized and escort starting,receive,ugv_1,uav_1
search_and_rescue_uav_ugv_team_003,escort,2026-01-18T07:19:06.000Z,start,ugv_1,ugv,search_and_rescue_uav_ugv_team_003_exec_12,inprogress,87.4,49.92,22.18,0.0,null,null,null,null,null
search_and_rescue_uav_ugv_team_003,escort,2026-01-18T07:20:30.000Z,null,ugv_1,ugv,search_and_rescue_uav_ugv_team_003_exec_12,inprogress,86.3,36.61,18.12,0.0,null,null,null,null,null
search_and_rescue_uav_ugv_team_003,escort,2026-01-18T07:21:54.000Z,null,ugv_1,ugv,search_and_rescue_uav_ugv_team_003_exec_12,inprogress,85.2,23.31,14.06,0.0,null,null,null,null,null
search_and_rescue_uav_ugv_team_003,escort,2026-01-18T07:23:19.000Z,complete,ugv_1,ugv,search_and_rescue_uav_ugv_team_003_exec_12,done,84.0,10.0,10.0,0.0,null,null,null,null,null
search_and_rescue_uav_ugv_team_003,mission_close,2026-01-18T07:23:20.000Z,start,uav_1,uav,search_and_rescue_uav_ugv_team_003_exec_13,inprogress,82.9,46.92,17.72,23.22,null,null,null,null,null
search_and_rescue_uav_ugv_team_003,mission_close,2026-01-18T07:23:48.000Z,complete,uav_1,uav,search_and_rescue_uav_ugv_team_003_exec_13,done,82.7,46.92,17.72,23.22,null,null,null,null,null
search_and_rescue_uav_ugv_team_003,mission_close,2026-01-18T07:23:49.000Z,start,ugv_1,ugv,search_and_rescue_uav_ugv_team_003_exec_14,inprogress,84.0,10.0,10.0,0.0,null,null,null,null,null
search_and_rescue_uav_ugv_team_003,mission_close,2026-01-18T07:24:13.000Z,complete,ugv_1,ugv,search_and_rescue_uav_ugv_team_003_exec_14,done,83.7,10.0,10.0,0.0,null,null,null,null,null
search_and_rescue_uav_ugv_team_004,dispatch,2026-01-18T07:45:00.000Z,start,uav_1,uav,search_and_rescue_uav_ugv_team_004_exec_1,inprogress,96.5,0.0,0.0,0.0,null,null,null,null,null
search_and_rescue_uav_ugv_team_004,dispatch,2026-01-18T07:45:12.000Z,complete,uav_1,uav,search_and_rescue_uav_ugv_team_004_exec_1,done,96.3,0.0,0.0,0.0,null,null,null,null,null
search_and_rescue_uav_ugv_team_004,dispatch,2026-01-18T07:45:13.000Z,start,ugv_1,ugv,search_and_rescue_uav_ugv_team_004_exec_2,inprogress,88.0,0.0,0.0,0.0,null,null,null,null,null
search_and_rescue_uav_ugv_team_004,dispatch,2026-01-18T07:45:29.000Z,complete,ugv_1,ugv,search_and_rescue_uav_ugv_team_004_exec_2,done,87.8,0.0,0.0,0.0,null,null,null,null,null
search_and_rescue_uav_ugv_team_004,takeoff,2026-01-18T07:45:30.000Z,start,uav_1,uav,search_and_rescue_uav_ugv_team_004_exec_3,inprogress,96.3,0.0,0.0,0.0,null,null,null,null,null
search_and_rescue_uav_ugv_team_004,takeoff,2026-01-18T07:45:58.000Z,complete,uav_1,uav,search_and_rescue_uav_ugv_team_004_exec_3,done,95.7,0.0,0.0,5.0,null,null,null,null,null
search_and_rescue_uav_ugv_team_004,scan_sector,2026-01-18T07:45:59.000Z,start,uav_1,uav,search_and_rescue_uav_ugv_team_004_exec_4,inprogress,95.7,0.0,0.0,5.0,null,null,null,null,null
search_and_rescue_uav_ugv_team_004,scan_sector,2026-01-18T07:46:41.000Z,null,uav_1,uav,search_and_rescue_uav_ugv_team_004_exec_4,inprogress,94.5,7.97,4.23,6.98,null,null,null,null,null
search_and_rescue_uav_ugv_team_004,scan_sector,2026-01-18T07:47:23.000Z,null,uav_1,uav,search_and_rescue_uav_ugv_team_004_exec_4,inprogress,93.4,15.94,8.45,8.97,null,null,null,null,null
search_and_rescue_uav_ugv_team_004,scan_sector,2026-01-18T07:48:05.000Z,null,uav_1,uav,search_and_rescue_uav_ugv_team_004_exec_4,inprogress,92.2,23.91,12.68,10.95,null,null,null,null,null
search_and_rescue_uav_ugv_team_004,scan_sector,2026-01-18T07:48:47.000Z,null,uav_1,uav,search_and_rescue_uav_ugv_team_004_exec_4,inprogress,91.1,31.88,16.9,12.93,null,null,null,null,null
search_and_rescue_uav_ugv_team_004,scan_sector,2026-01-18T07:49:29.000Z,null,uav_1,uav,search_and_rescue_uav_ugv_team_004_exec_4,inprogress,89.9,39.85,21.13,14.92,null,null,null,null,null
search_and_rescue_uav_ugv_team_004,scan_sector,2026-01-18T07:50:11.000Z,null,uav_1,uav,search_and_rescue_uav_ugv_team_004_exec_4,inprogress,88.8,47.82,25.35,16.9,null,null,null,null,null
search_and_rescue_uav_ugv_team_004,scan_sector,2026-01-18T07:50:58.000Z,complete,uav_1,uav,search_and_rescue_uav_ugv_team_004_exec_4,done,87.6,55.79,29.58,18.88,null,null,null,null,null
search_and_rescue_uav_ugv_team_004,detect_victim,2026-01-18T07:50:59.000Z,start,uav_1,uav,search_and_rescue_uav_ugv_team_004_exec_5,inprogress,87.6,55.79,29.58,18.88,null,null,null,null,null
search_and_rescue_uav_ugv_team_004,detect_victim,2026-01-18T07:51:24.000Z,complete,uav_1,uav,search_and_rescue_uav_ugv_team_004_exec_5,done,87.2,55.79,29.58,18.88,null,null,null,null,null
search_and_rescue_uav_ugv_team_004,send_coordinates,2026-01-18T07:51:25.000Z,start,uav_1,uav,search_and_rescue_uav_ugv_team_004_exec_6,inprogress,87.2,55.79,29.58,18.88,msg_511a311626,victim coordinates and severity,send,uav_1,ugv_1
search_and_rescue_uav_ugv_team_004,send_coordinates,2026-01-18T07:51:33.000Z,complete,uav_1,uav,search_and_rescue_uav_ugv_team_004_exec_6,done,87.0,55.79,29.58,18.88,msg_511a311626,victim coordinates and severity,send,uav_1,ugv_1
search_and_rescue_uav_ugv_team_004,receive_coordinates,2026-01-18T07:51:39.000Z,start,ugv_1,ugv,search_and_rescue_uav_ugv_team_004_exec_7,inprogress,87.8,0.0,0.0,0.0,msg_511a311626,victim coordinates and severity,receive,uav_1,ugv_1
search_and_rescue_uav_ugv_team_004,receive_coordinates,2026-01-18T07:51:43.000Z,complete,ugv_1,ugv,search_and_rescue_uav_ugv_team_004_exec_7,done,87.7,0.0,0.0,0.0,msg_511a311626,victim coordinates and severity,receive,uav_1,ugv_1
search_and_rescue_uav_ugv_team_004,navigate_to_victim,2026-01-18T07:51:44.000Z,start,ugv_1,ugv,search_and_rescue_uav_ugv_team_004_exec_8,inprogress,87.7,0.0,0.0,0.0,null,null,null,null,null
search_and_rescue_uav_ugv_team_004,navigate_to_victim,2026-01-18T07:52:26.000Z,null,ugv_1,ugv,search_and_rescue_uav_ugv_team_004_exec_8,inprogress,86.9,9.21,4.6,0.0,null,null,null,null,null
search_and_rescue_uav_ugv_team_004,navigate_to_victim,2026-01-18T07:53:08.000Z,null,ugv_1,ugv,search_and_rescue_uav_ugv_team_004_exec_8,inprogress,86.2,18.41,9.21,0.0,null,null,null,null,null
search_and_rescue_uav_ugv_team_004,navigate_to_victim,2026-01-18T07:53:50.000Z,null,ugv_1,ugv,search_and_rescue_uav_ugv_team_004_exec_8,inprogress,85.4,27.62,13.81,0.0,null,null,null,null,null
search_and_rescue_uav_ugv_team_004,navigate_to_victim,2026-01-18T07:54:32.000Z,null,ugv_1,ugv,search_and_rescue_uav_ugv_team_004_exec_8,inprogress,84.6,36.83,18.41,0.0,null,null,null,null,null
search_and_rescue_uav_ugv_team_004,navigate_to_victim,2026-01-18T07:55:14.000Z,null,ugv_1,ugv,search_and_rescue_uav_ugv_team_004_exec_8,inprogress,83.8,46.03,23.01,0.0,null,null,null,null,null
search_and_rescue_uav_ugv_team_004,navigate_to_victim,2026-01-18T07:55:57.000Z,complete,ugv_1,ugv,search_and_rescue_uav_ugv_team_004_exec_8,done,83.0,55.24,27.62,0.0,null,null,null,null,null
search_and_rescue_uav_ugv_team_004,stabilize_area,2026-01-18T07:55:58.000Z,start,ugv_1,ugv,search_and_rescue_uav_ugv_team_004_exec_9,inprogress,83.0,55.24,27.62,0.0,null,null,null,null,null
search_and_rescue_uav_ugv_team_004,stabilize_area,2026-01-18T07:56:54.000Z,null,ugv_1,ugv,search_and_rescue_uav_ugv_team_004_exec_9,inprogress,82.0,55.24,27.62,0.0,null,null,null,null,null
search_and_rescue_uav_ugv_team_004,stabilize_area,2026-01-18T07:57:51.000Z,complete,ugv_1,ugv,search_and_rescue_uav_ugv_team_004_exec_9,done,81.1,55.24,27.62,0.0,null,null,null,null,null
search_and_rescue_uav_ugv_team_004,send_acknowledgment,2026-01-18T07:57:52.000Z,start,ugv_1,ugv,search_and_rescue_uav_ugv_team_004_exec_10,inprogress,81.1,55.24,27.62,0.0,msg_0a2747f42d,area stabilized and escort starting,send,ugv_1,uav_1
search_and_rescue_uav_ugv_team_004,send_acknowledgment,2026-01-18T07:57:58.000Z,complete,ugv_1,ugv,search_and_rescue_uav_ugv_team_004_exec_10,done,80.9,55.24,27.62,0.0,msg_0a2747f42d,area stabilized and escort starting,send,ugv_1,uav_1
search_and_rescue_uav_ugv_team_004,receive_acknowledgment,2026-01-18T07:58:03.000Z,start,uav_1,uav,search_and_rescue_uav_ugv_team_004_exec_11,inprogress,87.0,55.79,29.58,18.88,msg_0a2747f42d,area stabilized and escort starting,receive,ugv_1,uav_1
search_and_rescue_uav_ugv_team_004,receive_acknowledgment,2026-01-18T07:58:07.000Z,complete,uav_1,uav,search_and_rescue_uav_ugv_team_004_exec_11,done,86.9,55.79,29.58,18.88,msg_0a2747f42d,area stabilized and escort starting,receive,ugv_1,uav_1
search_and_rescue_uav_ugv_team_004,escort,2026-01-18T07:58:08.000Z,start,ugv_1,ugv,search_and_rescue_uav_ugv_team_004_exec_12,inprogress,80.9,55.24,27.62,0.0,null,null,null,null,null
search_and_rescue_uav_ugv_team_004,escort,2026-01-18T07:58:56.000Z,null,ugv_1,ugv,search_and_rescue_uav_ugv_team_004_exec_12,inprogress,79.8,43.93,23.21,0.0,null,null,null,null,null
search_and_rescue_uav_ugv_team_004,escort,2026-01-18T07:59:44.000Z,null,ugv_1,ugv,search_and_rescue_uav_ugv_team_004_exec_12,inprogress,78.7,32.62,18.81,0.0,null,null,null,null,null
search_and_rescue_uav_ugv_team_004,escort,2026-01-18T08:00:32.000Z,null,ugv_1,ugv,search_and_rescue_uav_ugv_team_004_exec_12,inprogress,77.7,21.31,14.4,0.0,null,null,null,null,null
search_and_rescue_uav_ugv_team_004,escort,2026-01-18T08:01:20.000Z,complete,ugv_1,ugv,search_and_rescue_uav_ugv_team_004_exec_12,done,76.6,10.0,10.0,0.0,null,null,null,null,null
search_and_rescue_uav_ugv_team_004,mission_close,2026-01-18T08:01:21.000Z,start,uav_1,uav,search_and_rescue_uav_ugv_team_004_exec_13,inprogress,86.9,55.79,29.58,18.88,null,null,null,null,null
search_and_rescue_uav_ugv_team_004,mission_close,2026-01-18T08:01:55.000Z,complete,uav_1,uav,search_and_rescue_uav_ugv_team_004_exec_13,done,86.4,55.79,29.58,18.88,null,null,null,null,null
search_and_rescue_uav_ugv_team_004,mission_close,2026-01-18T08:01:56.000Z,start,ugv_1,ugv,search_and_rescue_uav_ugv_team_004_exec_14,inprogress,76.6,10.0,10.0,0.0,null,null,null,null,null
search_and_rescue_uav_ugv_team_004,mission_close,2026-01-18T08:02:35.000Z,complete,ugv_1,ugv,search_and_rescue_uav_ugv_team_004_exec_14,done,76.1,10.0,10.0,0.0,null,null,null,null,null
search_and_rescue_uav_ugv_team_005,dispatch,2026-01-18T08:25:00.000Z,start,uav_1,uav,search_and_rescue_uav_ugv_team_005_exec_1,inprogress,91.9,0.0,0.0,0.0,null,null,null,null,null
search_and_rescue_uav_ugv_team_005,dispatch,2026-01-18T08:25:17.000Z,complete,uav_1,uav,search_and_rescue_uav_ugv_team_005_exec_1,done,91.7,0.0,0.0,0.0,null,null,null,null,null
search_and_rescue_uav_ugv_team_005,dispatch,2026-01-18T08:25:18.000Z,start,ugv_1,ugv,search_and_rescue_uav_ugv_team_005_exec_2,inprogress,82.1,0.0,0.0,0.0,null,null,null,null,null
search_and_rescue_uav_ugv_team_005,dispatch,2026-01-18T08:25:34.000Z,complete,ugv_1,ugv,search_and_rescue_uav_ugv_team_005_exec_2,done,82.0,0.0,0.0,0.0,null,null,null,null,null
search_and_rescue_uav_ugv_team_005,takeoff,2026-01-18T08:25:35.000Z,start,uav_1,uav,search_and_rescue_uav_ugv_team_005_exec_3,inprogress,91.7,0.0,0.0,0.0,null,null,null,null,null
search_and_rescue_uav_ugv_team_005,takeoff,2026-01-18T08:25:53.000Z,complete,uav_1,uav,search_and_rescue_uav_ugv_team_005_exec_3,done,91.2,0.0,0.0,5.0,null,null,null,null,null
search_and_rescue_uav_ugv_team_005,scan_sector,2026-01-18T08:25:54.000Z,start,uav_1,uav,search_and_rescue_uav_ugv_team_005_exec_4,inprogress,91.2,0.0,0.0,5.0,null,null,null,null,null
search_and_rescue_uav_ugv_team_005,scan_sector,2026-01-18T08:26:41.000Z,null,uav_1,uav,search_and_rescue_uav_ugv_team_005_exec_4,inprogress,89.8,7.11,3.55,7.77,null,null,null,null,null
search_and_rescue_uav_ugv_team_005,scan_sector,2026-01-18T08:27:28.000Z,null,uav_1,uav,search_and_rescue_uav_ugv_team_005_exec_4,inprogress,88.3,14.22,7.11,10.55,null,null,null,null,null
search_and_rescue_uav_ugv_team_005,scan_sector,2026-01-18T08:28:15.000Z,null,uav_1,uav,search_and_rescue_uav_ugv_team_005_exec_4,inprogress,86.8,21.33,10.66,13.32,null,null,null,null,null
search_and_rescue_uav_ugv_team_005,scan_sector,2026-01-18T08:29:02.000Z,null,uav_1,uav,search_and_rescue_uav_ugv_team_005_exec_4,inprogress,85.4,28.44,14.22,16.1,null,null,null,null,null
search_and_rescue_uav_ugv_team_005,scan_sector,2026-01-18T08:29:49.000Z,null,uav_1,uav,search_and_rescue_uav_ugv_team_005_exec_4,inprogress,83.9,35.55,17.77,18.87,null,null,null,null,null
search_and_rescue_uav_ugv_team_005,scan_sector,2026-01-18T08:30:41.000Z,complete,uav_1,uav,search_and_rescue_uav_ugv_team_005_exec_4,done,82.4,42.67,21.32,21.65,null,null,null,null,null
search_and_rescue_uav_ugv_team_005,detect_victim,2026-01-18T08:30:42.000Z,start,uav_1,uav,search_and_rescue_uav_ugv_team_005_exec_5,inprogress,82.4,42.67,21.32,21.65,null,null,null,null,null
search_and_rescue_uav_ugv_team_005,detect_victim,2026-01-18T08:30:58.000Z,complete,uav_1,uav,search_and_rescue_uav_ugv_team_005_exec_5,done,82.0,42.67,21.32,21.65,null,null,null,null,null
search_and_rescue_uav_ugv_team_005,send_coordinates,2026-01-18T08:30:59.000Z,start,uav_1,uav,search_and_rescue_uav_ugv_team_005_exec_6,inprogress,82.0,42.67,21.32,21.65,msg_9340ca08b2,victim coordinates and severity,send,uav_1,ugv_1
search_and_rescue_uav_ugv_team_005,send_coordinates,2026-01-18T08:31:07.000Z,complete,uav_1,uav,search_and_rescue_uav_ugv_team_005_exec_6,done,81.8,42.67,21.32,21.65,msg_9340ca08b2,victim coordinates and severity,send,uav_1,ugv_1
search_and_rescue_uav_ugv_team_005,receive_coordinates,2026-01-18T08:31:13.000Z,start,ugv_1,ugv,search_and_rescue_uav_ugv_team_005_exec_7,inprogress,82.0,0.0,0.0,0.0,msg_9340ca08b2,victim coordinates and severity,receive,uav_1,ugv_1
search_and_rescue_uav_ugv_team_005,receive_coordinates,2026-01-18T08:31:17.000Z,complete,ugv_1,ugv,search_and_rescue_uav_ugv_team_005_exec_7,done,81.9,0.0,0.0,0.0,msg_9340ca08b2,victim coordinates and severity,receive,uav_1,ugv_1
search_and_rescue_uav_ugv_team_005,navigate_to_victim,2026-01-18T08:31:18.000Z,start,ugv_1,ugv,search_and_rescue_uav_ugv_team_005_exec_8,inprogress,81.9,0.0,0.0,0.0,null,null,null,null,null
search_and_rescue_uav_ugv_team_005,navigate_to_victim,2026-01-18T08:32:04.000Z,null,ugv_1,ugv,search_and_rescue_uav_ugv_team_005_exec_8,inprogress,80.9,5.81,3.65,0.0,null,null,null,null,null
search_and_rescue_uav_ugv_team_005,navigate_to_victim,2026-01-18T08:32:50.000Z,null,ugv_1,ugv,search_and_rescue_uav_ugv_team_005_exec_8,inprogress,79.9,11.62,7.29,0.0,null,null,null,null,null
search_and_rescue_uav_ugv_team_005,navigate_to_victim,2026-01-18T08:33:36.000Z,null,ugv_1,ugv,search_and_rescue_uav_ugv_team_005_exec_8,inprogress,78.9,17.43,10.94,0.0,null,null,null,null,null
search_and_rescue_uav_ugv_team_005,navigate_to_victim,2026-01-18T08:34:22.000Z,null,ugv_1,ugv,search_and_rescue_uav_ugv_team_005_exec_8,inprogress,77.9,23.25,14.59,0.0,null,null,null,null,null
search_and_rescue_uav_ugv_team_005,navigate_to_victim,2026-01-18T08:35:08.000Z,null,ugv_1,ugv,search_and_rescue_uav_ugv_team_005_exec_8,inprogress,76.8,29.06,18.23,0.0,null,null,null,null,null
search_and_rescue_uav_ugv_team_005,navigate_to_victim,2026-01-18T08:35:54.000Z,null,ugv_1,ugv,search_and_rescue_uav_ugv_team_005_exec_8,inprogress,75.8,34.87,21.88,0.0,null,null,null,null,null
search_and_rescue_uav_ugv_team_005,navigate_to_victim,2026-01-18T08:36:41.000Z,complete,ugv_1,ugv,search_and_rescue_uav_ugv_team_005_exec_8,done,74.8,40.68,25.53,0.0,null,null,null,null,null
search_and_rescue_uav_ugv_team_005,stabilize_area,2026-01-18T08:36:42.000Z,start,ugv_1,ugv,search_and_rescue_uav_ugv_team_005_exec_9,inprogress,74.8,40.68,25.53,0.0,null,null,null,null,null
search_and_rescue_uav_ugv_team_005,stabilize_area,2026-01-18T08:37:28.000Z,null,ugv_1,ugv,search_and_rescue_uav_ugv_team_005_exec_9,inprogress,74.3,40.68,25.53,0.0,null,null,null,null,null
search_and_rescue_uav_ugv_team_005,stabilize_area,2026-01-18T08:38:14.000Z,null,ugv_1,ugv,search_and_rescue_uav_ugv_team_005_exec_9,inprogress,73.9,40.68,25.53,0.0,null,null,null,null,null
search_and_rescue_uav_ugv_team_005,stabilize_area,2026-01-18T08:39:00.000Z,complete,ugv_1,ugv,search_and_rescue_uav_ugv_team_005_exec_9,done,73.4,40.68,25.53,0.0,null,null,null,null,null
search_and_rescue_uav_ugv_team_005,send_acknowledgment,2026-01-18T08:39:01.000Z,start,ugv_1,ugv,search_and_rescue_uav_ugv_team_005_exec_10,inprogress,73.4,40.68,25.53,0.0,msg_1824fb3ad9,area stabilized and escort starting,send,ugv_1,uav_1
search_and_rescue_uav_ugv_team_005,send_acknowledgment,2026-01-18T08:39:09.000Z,complete,ugv_1,ugv,search_and_rescue_uav_ugv_team_005_exec_10,done,73.2,40.68,25.53,0.0,msg_1824fb3ad9,area stabilized and escort starting,send,ugv_1,uav_1
search_and_rescue_uav_ugv_team_005,receive_acknowledgment,2026-01-18T08:39:14.000Z,start,uav_1,uav,search_and_rescue_uav_ugv_team_005_exec_11,inprogress,81.8,42.67,21.32,21.65,msg_1824fb3ad9,area stabilized and escort starting,receive,ugv_1,uav_1
search_and_rescue_uav_ugv_team_005,receive_acknowledgment,2026-01-18T08:39:18.000Z,complete,uav_1,uav,search_and_rescue_uav_ugv_team_005_exec_11,done,81.7,42.67,21.32,21.65,msg_1824fb3ad9,area stabilized and escort starting,receive,ugv_1,uav_1
search_and_rescue_uav_ugv_team_005,escort,2026-01-18T08:39:19.000Z,start,ugv_1,ugv,search_and_rescue_uav_ugv_team_005_exec_12,inprogress,73.2,40.68,25.53,0.0,null,null,null,null,null
search_and_rescue_uav_ugv_team_005,escort,2026-01-18T08:40:20.000Z,null,ugv_1,ugv,search_and_rescue_uav_ugv_team_005_exec_12,inprogress,72.1,34.54,22.42,0.0,null,null,null,null,null
search_and_rescue_uav_ugv_team_005,escort,2026-01-18T08:41:21.000Z,null,ugv_1,ugv,search_and_rescue_uav_ugv_team_005_exec_12,inprogress,71.1,28.41,19.32,0.0,null,null,null,null,null
search_and_rescue_uav_ugv_team_005,escort,2026-01-18T08:42:22.000Z,null,ugv_1,ugv,search_and_rescue_uav_ugv_team_005_exec_12,inprogress,70.0,22.27,16.21,0.0,null,null,null,null,null
search_and_rescue_uav_ugv_team_005,escort,2026-01-18T08:43:23.000Z,null,ugv_1,ugv,search_and_rescue_uav_ugv_team_005_exec_12,inprogress,69.0,16.14,13.11,0.0,null,null,null,null,null
search_and_rescue_uav_ugv_team_005,escort,2026-01-18T08:44:28.000Z,complete,ugv_1,ugv,search_and_rescue_uav_ugv_team_005_exec_12,done,67.9,10.0,10.0,0.0,null,null,null,null,null
search_and_rescue_uav_ugv_team_005,mission_close,2026-01-18T08:44:29.000Z,start,uav_1,uav,search_and_rescue_uav_ugv_team_005_exec_13,inprogress,81.7,42.67,21.32,21.65,null,null,null,null,null
search_and_rescue_uav_ugv_team_005,mission_close,2026-01-18T08:44:58.000Z,complete,uav_1,uav,search_and_rescue_uav_ugv_team_005_exec_13,done,81.3,42.67,21.32,21.65,null,null,null,null,null
search_and_rescue_uav_ugv_team_005,mission_close,2026-01-18T08:44:59.000Z,start,ugv_1,ugv,search_and_rescue_uav_ugv_team_005_exec_14,inprogress,67.9,10.0,10.0,0.0,null,null,null,null,null
search_and_rescue_uav_ugv_team_005,mission_close,2026-01-18T08:45:28.000Z,complete,ugv_1,ugv,search_and_rescue_uav_ugv_team_005_exec_14,done,67.4,10.0,10.0,0.0,null,null,null,null,null
search_and_rescue_uav_ugv_team_006,dispatch,2026-01-18T09:05:00.000Z,start,uav_1,uav,search_and_rescue_uav_ugv_team_006_exec_1,inprogress,93.1,0.0,0.0,0.0,null,null,null,null,null
search_and_rescue_uav_ugv_team_006,dispatch,2026-01-18T09:05:16.000Z,complete,uav_1,uav,search_and_rescue_uav_ugv_team_006_exec_1,done,92.9,0.0,0.0,0.0,null,null,null,null,null
search_and_rescue_uav_ugv_team_006,dispatch,2026-01-18T09:05:17.000Z,start,ugv_1,ugv,search_and_rescue_uav_ugv_team_006_exec_2,inprogress,99.9,0.0,0.0,0.0,null,null,null,null,null
search_and_rescue_uav_ugv_team_006,dispatch,2026-01-18T09:05:43.000Z,complete,ugv_1,ugv,search_and_rescue_uav_ugv_team_006_exec_2,done,99.7,0.0,0.0,0.0,null,null,null,null,null
search_and_rescue_uav_ugv_team_006,takeoff,2026-01-18T09:05:44.000Z,start,uav_1,uav,search_and_rescue_uav_ugv_team_006_exec_3,inprogress,92.9,0.0,0.0,0.0,null,null,null,null,null
search_and_rescue_uav_ugv_team_006,takeoff,2026-01-18T09:06:02.000Z,complete,uav_1,uav,search_and_rescue_uav_ugv_team_006_exec_3,done,92.0,0.0,0.0,5.0,null,null,null,null,null
search_and_rescue_uav_ugv_team_006,scan_sector,2026-01-18T09:06:03.000Z,start,uav_1,uav,search_and_rescue_uav_ugv_team_006_exec_4,inprogress,92.0,0.0,0.0,5.0,null,null,null,null,null
search_and_rescue_uav_ugv_team_006,scan_sector,2026-01-18T09:07:06.000Z,null,uav_1,uav,search_and_rescue_uav_ugv_team_006_exec_4,inprogress,90.4,13.2,4.39,9.14,null,null,null,null,null
search_and_rescue_uav_ugv_team_006,scan_sector,2026-01-18T09:08:09.000Z,null,uav_1,uav,search_and_rescue_uav_ugv_team_006_exec_4,inprogress,88.8,26.4,8.79,13.29,null,null,null,null,null
search_and_rescue_uav_ugv_team_006,scan_sector,2026-01-18T09:09:12.000Z,null,uav_1,uav,search_and_rescue_uav_ugv_team_006_exec_4,inprogress,87.2,39.6,13.18,17.43,null,null,null,null,null
search_and_rescue_uav_ugv_team_006,scan_sector,2026-01-18T09:10:15.000Z,null,uav_1,uav,search_and_rescue_uav_ugv_team_006_exec_4,inprogress,85.6,52.81,17.58,21.57,null,null,null,null,null
search_and_rescue_uav_ugv_team_006,scan_sector,2026-01-18T09:11:21.000Z,complete,uav_1,uav,search_and_rescue_uav_ugv_team_006_exec_4,done,84.0,66.01,21.97,25.71,null,null,null,null,null
search_and_rescue_uav_ugv_team_006,detect_victim,2026-01-18T09:11:22.000Z,start,uav_1,uav,search_and_rescue_uav_ugv_team_006_exec_5,inprogress,84.0,66.01,21.97,25.71,null,null,null,null,null
search_and_rescue_uav_ugv_team_006,detect_victim,2026-01-18T09:11:44.000Z,complete,uav_1,uav,search_and_rescue_uav_ugv_team_006_exec_5,done,83.6,66.01,21.97,25.71,null,null,null,null,null
search_and_rescue_uav_ugv_team_006,send_coordinates,2026-01-18T09:11:45.000Z,start,uav_1,uav,search_and_rescue_uav_ugv_team_006_exec_6,inprogress,83.6,66.01,21.97,25.71,msg_892f5673f1,victim coordinates and severity,send,uav_1,ugv_1
search_and_rescue_uav_ugv_team_006,send_coordinates,2026-01-18T09:11:50.000Z,complete,uav_1,uav,search_and_rescue_uav_ugv_team_006_exec_6,done,83.4,66.01,21.97,25.71,msg_892f5673f1,victim coordinates and severity,send,uav_1,ugv_1
search_and_rescue_uav_ugv_team_006,receive_coordinates,2026-01-18T09:13:26.000Z,start,ugv_1,ugv,search_and_rescue_uav_ugv_team_006_exec_7,inprogress,99.7,0.0,0.0,0.0,msg_892f5673f1,victim coordinates and severity,receive,uav_1,ugv_1
search_and_rescue_uav_ugv_team_006,receive_coordinates,2026-01-18T09:13:30.000Z,complete,ugv_1,ugv,search_and_rescue_uav_ugv_team_006_exec_7,done,99.6,0.0,0.0,0.0,msg_892f5673f1,victim coordinates and severity,receive,uav_1,ugv_1
search_and_rescue_uav_ugv_team_006,navigate_to_victim,2026-01-18T09:13:31.000Z,start,ugv_1,ugv,search_and_rescue_uav_ugv_team_006_exec_8,inprogress,99.6,0.0,0.0,0.0,null,null,null,null,null
search_and_rescue_uav_ugv_team_006,navigate_to_victim,2026-01-18T09:14:27.000Z,null,ugv_1,ugv,search_and_rescue_uav_ugv_team_006_exec_8,inprogress,98.0,17.59,4.94,0.0,null,null,null,null,null
search_and_rescue_uav_ugv_team_006,navigate_to_victim,2026-01-18T09:15:23.000Z,null,ugv_1,ugv,search_and_rescue_uav_ugv_team_006_exec_8,inprogress,96.5,35.18,9.88,0.0,null,null,null,null,null
search_and_rescue_uav_ugv_team_006,navigate_to_victim,2026-01-18T09:16:19.000Z,null,ugv_1,ugv,search_and_rescue_uav_ugv_team_006_exec_8,inprogress,95.0,52.77,14.81,0.0,null,null,null,null,null
search_and_rescue_uav_ugv_team_006,navigate_to_victim,2026-01-18T09:17:16.000Z,complete,ugv_1,ugv,search_and_rescue_uav_ugv_team_006_exec_8,done,93.4,70.36,19.75,0.0,null,null,null,null,null
search_and_rescue_uav_ugv_team_006,stabilize_area,2026-01-18T09:17:17.000Z,start,ugv_1,ugv,search_and_rescue_uav_ugv_team_006_exec_9,inprogress,93.4,70.36,19.75,0.0,null,null,null,null,null
search_and_rescue_uav_ugv_team_006,stabilize_area,2026-01-18T09:17:51.000Z,null,ugv_1,ugv,search_and_rescue_uav_ugv_team_006_exec_9,inprogress,92.9,70.36,19.75,0.0,null,null,null,null,null
search_and_rescue_uav_ugv_team_006,stabilize_area,2026-01-18T09:18:25.000Z,null,ugv_1,ugv,search_and_rescue_uav_ugv_team_006_exec_9,inprogress,92.3,70.36,19.75,0.0,null,null,null,null,null
search_and_rescue_uav_ugv_team_006,stabilize_area,2026-01-18T09:18:59.000Z,null,ugv_1,ugv,search_and_rescue_uav_ugv_team_006_exec_9,inprogress,91.7,70.36,19.75,0.0,null,null,null,null,null
search_and_rescue_uav_ugv_team_006,stabilize_area,2026-01-18T09:19:34.000Z,complete,ugv_1,ugv,search_and_rescue_uav_ugv_team_006_exec_9,done,91.2,70.36,19.75,0.0,null,null,null,null,null
search_and_rescue_uav_ugv_team_006,send_acknowledgment,2026-01-18T09:19:35.000Z,start,ugv_1,ugv,search_and_rescue_uav_ugv_team_006_exec_10,inprogress,91.2,70.36,19.75,0.0,msg_6769b16cff,area stabilized and escort starting,send,ugv_1,uav_1
search_and_rescue_uav_ugv_team_006,send_acknowledgment,2026-01-18T09:19:39.000Z,complete,ugv_1,ugv,search_and_rescue_uav_ugv_team_006_exec_10,done,91.0,70.36,19.75,0.0,msg_6769b16cff,area stabilized and escort starting,send,ugv_1,uav_1
search_and_rescue_uav_ugv_team_006,receive_acknowledgment,2026-01-18T09:20:56.000Z,start,uav_1,uav,search_and_rescue_uav_ugv_team_006_exec_11,inprogress,83.4,66.01,21.97,25.71,msg_6769b16cff,area stabilized and escort starting,receive,ugv_1,uav_1
search_and_rescue_uav_ugv_team_006,receive_acknowledgment,2026-01-18T09:21:00.000Z,complete,uav_1,uav,search_and_rescue_uav_ugv_team_006_exec_11,done,83.3,66.01,21.97,25.71,msg_6769b16cff,area stabilized and escort starting,receive,ugv_1,uav_1
search_and_rescue_uav_ugv_team_006,escort,2026-01-18T09:21:01.000Z,start,ugv_1,ugv,search_and_rescue_uav_ugv_team_006_exec_12,inprogress,91.0,70.36,19.75,0.0,null,null,null,null,null
search_and_rescue_uav_ugv_team_006,escort,2026-01-18T09:22:11.000Z,null,ugv_1,ugv,search_and_rescue_uav_ugv_team_006_exec_12,inprogress,89.8,55.27,17.31,0.0,null,null,null,null,null
search_and_rescue_uav_ugv_team_006,escort,2026-01-18T09:23:21.000Z,null,ugv_1,ugv,search_and_rescue_uav_ugv_team_006_exec_12,inprogress,88.6,40.18,14.88,0.0,null,null,null,null,null
search_and_rescue_uav_ugv_team_006,escort,2026-01-18T09:24:31.000Z,null,ugv_1,ugv,search_and_rescue_uav_ugv_team_006_exec_12,inprogress,87.4,25.09,12.44,0.0,null,null,null,null,null
search_and_rescue_uav_ugv_team_006,escort,2026-01-18T09:25:41.000Z,complete,ugv_1,ugv,search_and_rescue_uav_ugv_team_006_exec_12,done,86.2,10.0,10.0,0.0,null,null,null,null,null
search_and_rescue_uav_ugv_team_006,mission_close,2026-01-18T09:25:42.000Z,start,uav_1,uav,search_and_rescue_uav_ugv_team_006_exec_13,inprogress,83.3,66.01,21.97,25.71,null,null,null,null,null
search_and_rescue_uav_ugv_team_006,mission_close,2026-01-18T09:26:21.000Z,complete,uav_1,uav,search_and_rescue_uav_ugv_team_006_exec_13,done,82.9,66.01,21.97,25.71,null,null,null,null,null
search_and_rescue_uav_ugv_team_006,mission_close,2026-01-18T09:26:22.000Z,start,ugv_1,ugv,search_and_rescue_uav_ugv_team_006_exec_14,inprogress,86.2,10.0,10.0,0.0,null,null,null,null,null
search_and_rescue_uav_ugv_team_006,mission_close,2026-01-18T09:26:43.000Z,complete,ugv_1,ugv,search_and_rescue_uav_ugv_team_006_exec_14,done,85.8,10.0,10.0,0.0,null,null,null,null,null
search_and_rescue_uav_ugv_team_007,dispatch,2026-01-18T09:45:00.000Z,start,uav_1,uav,search_and_rescue_uav_ugv_team_007_exec_1,inprogress,82.1,0.0,0.0,0.0,null,null,null,null,null
search_and_rescue_uav_ugv_team_007,dispatch,2026-01-18T09:45:25.000Z,complete,uav_1,uav,search_and_rescue_uav_ugv_team_007_exec_1,done,81.9,0.0,0.0,0.0,null,null,null,null,null
search_and_rescue_uav_ugv_team_007,dispatch,2026-01-18T09:45:26.000Z,start,ugv_1,ugv,search_and_rescue_uav_ugv_team_007_exec_2,inprogress,78.7,0.0,0.0,0.0,null,null,null,null,null
search_and_rescue_uav_ugv_team_007,dispatch,2026-01-18T09:45:49.000Z,complete,ugv_1,ugv,search_and_rescue_uav_ugv_team_007_exec_2,done,78.6,0.0,0.0,0.0,null,null,null,null,null
search_and_rescue_uav_ugv_team_007,takeoff,2026-01-18T09:45:50.000Z,start,uav_1,uav,search_and_rescue_uav_ugv_team_007_exec_3,inprogress,81.9,0.0,0.0,0.0,null,null,null,null,null
search_and_rescue_uav_ugv_team_007,takeoff,2026-01-18T09:46:16.000Z,complete,uav_1,uav,search_and_rescue_uav_ugv_team_007_exec_3,done,81.3,0.0,0.0,5.0,null,null,null,null,null
search_and_rescue_uav_ugv_team_007,scan_sector,2026-01-18T09:46:17.000Z,start,uav_1,uav,search_and_rescue_uav_ugv_team_007_exec_4,inprogress,81.3,0.0,0.0,5.0,null,null,null,null,null
search_and_rescue_uav_ugv_team_007,scan_sector,2026-01-18T09:47:01.000Z,null,uav_1,uav,search_and_rescue_uav_ugv_team_007_exec_4,inprogress,80.1,8.64,7.34,6.78,null,null,null,null,null
search_and_rescue_uav_ugv_team_007,scan_sector,2026-01-18T09:47:45.000Z,null,uav_1,uav,search_and_rescue_uav_ugv_team_007_exec_4,inprogress,78.8,17.28,14.68,8.56,null,null,null,null,null
search_and_rescue_uav_ugv_team_007,scan_sector,2026-01-18T09:48:29.000Z,null,uav_1,uav,search_and_rescue_uav_ugv_team_007_exec_4,inprogress,77.6,25.91,22.02,10.33,null,null,null,null,null
search_and_rescue_uav_ugv_team_007,scan_sector,2026-01-18T09:49:13.000Z,null,uav_1,uav,search_and_rescue_uav_ugv_team_007_exec_4,inprogress,76.3,34.55,29.36,12.11,null,null,null,null,null
search_and_rescue_uav_ugv_team_007,scan_sector,2026-01-18T09:49:57.000Z,null,uav_1,uav,search_and_rescue_uav_ugv_team_007_exec_4,inprogress,75.1,43.19,36.7,13.89,null,null,null,null,null
search_and_rescue_uav_ugv_team_007,scan_sector,2026-01-18T09:50:41.000Z,null,uav_1,uav,search_and_rescue_uav_ugv_team_007_exec_4,inprogress,73.8,51.83,44.04,15.67,null,null,null,null,null
search_and_rescue_uav_ugv_team_007,scan_sector,2026-01-18T09:51:25.000Z,null,uav_1,uav,search_and_rescue_uav_ugv_team_007_exec_4,inprogress,72.6,60.46,51.38,17.45,null,null,null,null,null
search_and_rescue_uav_ugv_team_007,scan_sector,2026-01-18T09:52:10.000Z,complete,uav_1,uav,search_and_rescue_uav_ugv_team_007_exec_4,done,71.3,69.1,58.72,19.23,null,null,null,null,null
search_and_rescue_uav_ugv_team_007,detect_victim,2026-01-18T09:52:11.000Z,start,uav_1,uav,search_and_rescue_uav_ugv_team_007_exec_5,inprogress,71.3,69.1,58.72,19.23,null,null,null,null,null
search_and_rescue_uav_ugv_team_007,detect_victim,2026-01-18T09:52:35.000Z,complete,uav_1,uav,search_and_rescue_uav_ugv_team_007_exec_5,done,71.0,69.1,58.72,19.23,null,null,null,null,null
search_and_rescue_uav_ugv_team_007,send_coordinates,2026-01-18T09:52:36.000Z,start,uav_1,uav,search_and_rescue_uav_ugv_team_007_exec_6,inprogress,71.0,69.1,58.72,19.23,msg_fa605910ff,victim coordinates and severity,send,uav_1,ugv_1
search_and_rescue_uav_ugv_team_007,send_coordinates,2026-01-18T09:52:44.000Z,complete,uav_1,uav,search_and_rescue_uav_ugv_team_007_exec_6,done,70.8,69.1,58.72,19.23,msg_fa605910ff,victim coordinates and severity,send,uav_1,ugv_1
search_and_rescue_uav_ugv_team_007,receive_coordinates,2026-01-18T09:52:50.000Z,start,ugv_1,ugv,search_and_rescue_uav_ugv_team_007_exec_7,inprogress,78.6,0.0,0.0,0.0,msg_fa605910ff,victim coordinates and severity,receive,uav_1,ugv_1
search_and_rescue_uav_ugv_team_007,receive_coordinates,2026-01-18T09:52:54.000Z,complete,ugv_1,ugv,search_and_rescue_uav_ugv_team_007_exec_7,done,78.5,0.0,0.0,0.0,msg_fa605910ff,victim coordinates and severity,receive,uav_1,ugv_1
search_and_rescue_uav_ugv_team_007,navigate_to_victim,2026-01-18T09:52:55.000Z,start,ugv_1,ugv,search_and_rescue_uav_ugv_team_007_exec_8,inprogress,78.5,0.0,0.0,0.0,null,null,null,null,null
search_and_rescue_uav_ugv_team_007,navigate_to_victim,2026-01-18T09:53:37.000Z,null,ugv_1,ugv,search_and_rescue_uav_ugv_team_007_exec_8,inprogress,77.4,10.01,7.88,0.0,null,null,null,null,null
search_and_rescue_uav_ugv_team_007,navigate_to_victim,2026-01-18T09:54:19.000Z,null,ugv_1,ugv,search_and_rescue_uav_ugv_team_007_exec_8,inprogress,76.2,20.02,15.76,0.0,null,null,null,null,null
search_and_rescue_uav_ugv_team_007,navigate_to_victim,2026-01-18T09:55:01.000Z,null,ugv_1,ugv,search_and_rescue_uav_ugv_team_007_exec_8,inprogress,75.1,30.03,23.64,0.0,null,null,null,null,null
search_and_rescue_uav_ugv_team_007,navigate_to_victim,2026-01-18T09:55:43.000Z,null,ugv_1,ugv,search_and_rescue_uav_ugv_team_007_exec_8,inprogress,74.0,40.05,31.52,0.0,null,null,null,null,null
search_and_rescue_uav_ugv_team_007,navigate_to_victim,2026-01-18T09:56:25.000Z,null,ugv_1,ugv,search_and_rescue_uav_ugv_team_007_exec_8,inprogress,72.8,50.06,39.39,0.0,null,null,null,null,null
search_and_rescue_uav_ugv_team_007,navigate_to_victim,2026-01-18T09:57:07.000Z,null,ugv_1,ugv,search_and_rescue_uav_ugv_team_007_exec_8,inprogress,71.7,60.07,47.27,0.0,null,null,null,null,null
search_and_rescue_uav_ugv_team_007,navigate_to_victim,2026-01-18T09:57:52.000Z,complete,ugv_1,ugv,search_and_rescue_uav_ugv_team_007_exec_8,done,70.5,70.08,55.15,0.0,null,null,null,null,null
search_and_rescue_uav_ugv_team_007,stabilize_area,2026-01-18T09:57:53.000Z,start,ugv_1,ugv,search_and_rescue_uav_ugv_team_007_exec_9,inprogress,70.5,70.08,55.15,0.0,null,null,null,null,null
search_and_rescue_uav_ugv_team_007,stabilize_area,2026-01-18T09:58:42.000Z,null,ugv_1,ugv,search_and_rescue_uav_ugv_team_007_exec_9,inprogress,70.1,70.08,55.15,0.0,null,null,null,null,null
search_and_rescue_uav_ugv_team_007,stabilize_area,2026-01-18T09:59:31.000Z,null,ugv_1,ugv,search_and_rescue_uav_ugv_team_007_exec_9,inprogress,69.7,70.08,55.15,0.0,null,null,null,null,null
search_and_rescue_uav_ugv_team_007,stabilize_area,2026-01-18T10:00:20.000Z,complete,ugv_1,ugv,search_and_rescue_uav_ugv_team_007_exec_9,done,69.2,70.08,55.15,0.0,null,null,null,null,null
search_and_rescue_uav_ugv_team_007,send_acknowledgment,2026-01-18T10:00:21.000Z,start,ugv_1,ugv,search_and_rescue_uav_ugv_team_007_exec_10,inprogress,69.2,70.08,55.15,0.0,msg_f030124edd,area stabilized and escort starting,send,ugv_1,uav_1
search_and_rescue_uav_ugv_team_007,send_acknowledgment,2026-01-18T10:00:29.000Z,complete,ugv_1,ugv,search_and_rescue_uav_ugv_team_007_exec_10,done,69.0,70.08,55.15,0.0,msg_f030124edd,area stabilized and escort starting,send,ugv_1,uav_1
search_and_rescue_uav_ugv_team_007,receive_acknowledgment,2026-01-18T10:00:34.000Z,start,uav_1,uav,search_and_rescue_uav_ugv_team_007_exec_11,inprogress,70.8,69.1,58.72,19.23,msg_f030124edd,area stabilized and escort starting,receive,ugv_1,uav_1
search_and_rescue_uav_ugv_team_007,receive_acknowledgment,2026-01-18T10:00:38.000Z,complete,uav_1,uav,search_and_rescue_uav_ugv_team_007_exec_11,done,70.7,69.1,58.72,19.23,msg_f030124edd,area stabilized and escort starting,receive,ugv_1,uav_1
search_and_rescue_uav_ugv_team_007,escort,2026-01-18T10:00:39.000Z,start,ugv_1,ugv,search_and_rescue_uav_ugv_team_007_exec_12,inprogress,69.0,70.08,55.15,0.0,null,null,null,null,null
search_and_rescue_uav_ugv_team_007,escort,2026-01-18T10:02:11.000Z,null,ugv_1,ugv,search_and_rescue_uav_ugv_team_007_exec_12,inprogress,68.0,50.05,40.1,0.0,null,null,null,null,null
search_and_rescue_uav_ugv_team_007,escort,2026-01-18T10:03:43.000Z,null,ugv_1,ugv,search_and_rescue_uav_ugv_team_007_exec_12,inprogress,67.0,30.03,25.05,0.0,null,null,null,null,null
search_and_rescue_uav_ugv_team_007,escort,2026-01-18T10:05:15.000Z,complete,ugv_1,ugv,search_and_rescue_uav_ugv_team_007_exec_12,done,66.0,10.0,10.0,0.0,null,null,null,null,null
search_and_rescue_uav_ugv_team_007,mission_close,2026-01-18T10:05:16.000Z,start,uav_1,uav,search_and_rescue_uav_ugv_team_007_exec_13,inprogress,70.7,69.1,58.72,19.23,null,null,null,null,null
search_and_rescue_uav_ugv_team_007,mission_close,2026-01-18T10:05:56.000Z,complete,uav_1,uav,search_and_rescue_uav_ugv_team_007_exec_13,done,70.3,69.1,58.72,19.23,null,null,null,null,null
search_and_rescue_uav_ugv_team_007,mission_close,2026-01-18T10:05:57.000Z,start,ugv_1,ugv,search_and_rescue_uav_ugv_team_007_exec_14,inprogress,66.0,10.0,10.0,0.0,null,null,null,null,null
search_and_rescue_uav_ugv_team_007,mission_close,2026-01-18T10:06:30.000Z,complete,ugv_1,ugv,search_and_rescue_uav_ugv_team_007_exec_14,done,65.8,10.0,10.0,0.0,null,null,null,null,null
search_and_rescue_uav_ugv_team_008,dispatch,2026-01-18T10:25:00.000Z,start,uav_1,uav,search_and_rescue_uav_ugv_team_008_exec_1,inprogress,84.9,0.0,0.0,0.0,null,null,null,null,null
search_and_rescue_uav_ugv_team_008,dispatch,2026-01-18T10:25:16.000Z,complete,uav_1,uav,search_and_rescue_uav_ugv_team_008_exec_1,done,84.8,0.0,0.0,0.0,null,null,null,null,null
search_and_rescue_uav_ugv_team_008,dispatch,2026-01-18T10:25:17.000Z,start,ugv_1,ugv,search_and_rescue_uav_ugv_team_008_exec_2,inprogress,89.2,0.0,0.0,0.0,null,null,null,null,null
search_and_rescue_uav_ugv_team_008,dispatch,2026-01-18T10:25:41.000Z,complete,ugv_1,ugv,search_and_rescue_uav_ugv_team_008_exec_2,done,89.0,0.0,0.0,0.0,null,null,null,null,null
search_and_rescue_uav_ugv_team_008,takeoff,2026-01-18T10:25:42.000Z,start,uav_1,uav,search_and_rescue_uav_ugv_team_008_exec_3,inprogress,84.8,0.0,0.0,0.0,null,null,null,null,null
search_and_rescue_uav_ugv_team_008,takeoff,2026-01-18T10:26:12.000Z,complete,uav_1,uav,search_and_rescue_uav_ugv_team_008_exec_3,done,84.4,0.0,0.0,5.0,null,null,null,null,null
search_and_rescue_uav_ugv_team_008,scan_sector,2026-01-18T10:26:13.000Z,start,uav_1,uav,search_and_rescue_uav_ugv_team_008_exec_4,inprogress,84.4,0.0,0.0,5.0,null,null,null,null,null
search_and_rescue_uav_ugv_team_008,scan_sector,2026-01-18T10:27:00.000Z,null,uav_1,uav,search_and_rescue_uav_ugv_team_008_exec_4,inprogress,83.5,7.88,7.09,7.16,null,null,null,null,null
search_and_rescue_uav_ugv_team_008,scan_sector,2026-01-18T10:27:47.000Z,null,uav_1,uav,search_and_rescue_uav_ugv_team_008_exec_4,inprogress,82.6,15.76,14.18,9.31,null,null,null,null,null
search_and_rescue_uav_ugv_team_008,scan_sector,2026-01-18T10:28:34.000Z,null,uav_1,uav,search_and_rescue_uav_ugv_team_008_exec_4,inprogress,81.7,23.64,21.27,11.47,null,null,null,null,null
search_and_rescue_uav_ugv_team_008,scan_sector,2026-01-18T10:29:21.000Z,null,uav_1,uav,search_and_rescue_uav_ugv_team_008_exec_4,inprogress,80.8,31.52,28.36,13.63,null,null,null,null,null
search_and_rescue_uav_ugv_team_008,scan_sector,2026-01-18T10:30:08.000Z,null,uav_1,uav,search_and_rescue_uav_ugv_team_008_exec_4,inprogress,79.9,39.41,35.46,15.78,null,null,null,null,null
search_and_rescue_uav_ugv_team_008,scan_sector,2026-01-18T10:30:55.000Z,null,uav_1,uav,search_and_rescue_uav_ugv_team_008_exec_4,inprogress,79.0,47.29,42.55,17.94,null,null,null,null,null
search_and_rescue_uav_ugv_team_008,scan_sector,2026-01-18T10:31:42.000Z,null,uav_1,uav,search_and_rescue_uav_ugv_team_008_exec_4,inprogress,78.1,55.17,49.64,20.1,null,null,null,null,null
search_and_rescue_uav_ugv_team_008,scan_sector,2026-01-18T10:32:36.000Z,complete,uav_1,uav,search_and_rescue_uav_ugv_team_008_exec_4,done,77.3,63.05,56.73,22.25,null,null,null,null,null
search_and_rescue_uav_ugv_team_008,detect_victim,2026-01-18T10:32:37.000Z,start,uav_1,uav,search_and_rescue_uav_ugv_team_008_exec_5,inprogress,77.3,63.05,56.73,22.25,null,null,null,null,null
search_and_rescue_uav_ugv_team_008,detect_victim,2026-01-18T10:32:52.000Z,complete,uav_1,uav,search_and_rescue_uav_ugv_team_008_exec_5,done,77.0,63.05,56.73,22.25,null,null,null,null,null
search_and_rescue_uav_ugv_team_008,send_coordinates,2026-01-18T10:32:53.000Z,start,uav_1,uav,search_and_rescue_uav_ugv_team_008_exec_6,inprogress,77.0,63.05,56.73,22.25,msg_5f76a453de,victim coordinates and severity,send,uav_1,ugv_1
search_and_rescue_uav_ugv_team_008,send_coordinates,2026-01-18T10:32:59.000Z,complete,uav_1,uav,search_and_rescue_uav_ugv_team_008_exec_6,done,76.8,63.05,56.73,22.25,msg_5f76a453de,victim coordinates and severity,send,uav_1,ugv_1
search_and_rescue_uav_ugv_team_008,receive_coordinates,2026-01-18T10:33:05.000Z,start,ugv_1,ugv,search_and_rescue_uav_ugv_team_008_exec_7,inprogress,89.0,0.0,0.0,0.0,msg_5f76a453de,victim coordinates and severity,receive,uav_1,ugv_1
search_and_rescue_uav_ugv_team_008,receive_coordinates,2026-01-18T10:33:09.000Z,complete,ugv_1,ugv,search_and_rescue_uav_ugv_team_008_exec_7,done,88.9,0.0,0.0,0.0,msg_5f76a453de,victim coordinates and severity,receive,uav_1,ugv_1
search_and_rescue_uav_ugv_team_008,navigate_to_victim,2026-01-18T10:33:10.000Z,start,ugv_1,ugv,search_and_rescue_uav_ugv_team_008_exec_8,inprogress,88.9,0.0,0.0,0.0,null,null,null,null,null
search_and_rescue_uav_ugv_team_008,navigate_to_victim,2026-01-18T10:34:29.000Z,null,ugv_1,ugv,search_and_rescue_uav_ugv_team_008_exec_8,inprogress,88.1,12.44,11.33,0.0,null,null,null,null,null
search_and_rescue_uav_ugv_team_008,navigate_to_victim,2026-01-18T10:35:48.000Z,null,ugv_1,ugv,search_and_rescue_uav_ugv_team_008_exec_8,inprogress,87.3,24.89,22.66,0.0,null,null,null,null,null
search_and_rescue_uav_ugv_team_008,navigate_to_victim,2026-01-18T10:37:07.000Z,null,ugv_1,ugv,search_and_rescue_uav_ugv_team_008_exec_8,inprogress,86.5,37.33,33.99,0.0,null,null,null,null,null
search_and_rescue_uav_ugv_team_008,navigate_to_victim,2026-01-18T10:38:26.000Z,null,ugv_1,ugv,search_and_rescue_uav_ugv_team_008_exec_8,inprogress,85.6,49.78,45.32,0.0,null,null,null,null,null
search_and_rescue_uav_ugv_team_008,navigate_to_victim,2026-01-18T10:39:46.000Z,complete,ugv_1,ugv,search_and_rescue_uav_ugv_team_008_exec_8,done,84.8,62.22,56.65,0.0,null,null,null,null,null
search_and_rescue_uav_ugv_team_008,stabilize_area,2026-01-18T10:39:47.000Z,start,ugv_1,ugv,search_and_rescue_uav_ugv_team_008_exec_9,inprogress,84.8,62.22,56.65,0.0,null,null,null,null,null
search_and_rescue_uav_ugv_team_008,stabilize_area,2026-01-18T10:40:46.000Z,null,ugv_1,ugv,search_and_rescue_uav_ugv_team_008_exec_9,inprogress,84.2,62.22,56.65,0.0,null,null,null,null,null
search_and_rescue_uav_ugv_team_008,stabilize_area,2026-01-18T10:41:45.000Z,null,ugv_1,ugv,search_and_rescue_uav_ugv_team_008_exec_9,inprogress,83.5,62.22,56.65,0.0,null,null,null,null,null
search_and_rescue_uav_ugv_team_008,stabilize_area,2026-01-18T10:42:44.000Z,complete,ugv_1,ugv,search_and_rescue_uav_ugv_team_008_exec_9,done,82.8,62.22,56.65,0.0,null,null,null,null,null
search_and_rescue_uav_ugv_team_008,send_acknowledgment,2026-01-18T10:42:45.000Z,start,ugv_1,ugv,search_and_rescue_uav_ugv_team_008_exec_10,inprogress,82.8,62.22,56.65,0.0,msg_181b03a0f5,area stabilized and escort starting,send,ugv_1,uav_1
search_and_rescue_uav_ugv_team_008,send_acknowledgment,2026-01-18T10:42:49.000Z,complete,ugv_1,ugv,search_and_rescue_uav_ugv_team_008_exec_10,done,82.6,62.22,56.65,0.0,msg_181b03a0f5,area stabilized and escort starting,send,ugv_1,uav_1
search_and_rescue_uav_ugv_team_008,receive_acknowledgment,2026-01-18T10:42:54.000Z,start,uav_1,uav,search_and_rescue_uav_ugv_team_008_exec_11,inprogress,76.8,63.05,56.73,22.25,msg_181b03a0f5,area stabilized and escort starting,receive,ugv_1,uav_1
search_and_rescue_uav_ugv_team_008,receive_acknowledgment,2026-01-18T10:42:58.000Z,complete,uav_1,uav,search_and_rescue_uav_ugv_team_008_exec_11,done,76.7,63.05,56.73,22.25,msg_181b03a0f5,area stabilized and escort starting,receive,ugv_1,uav_1
search_and_rescue_uav_ugv_team_008,escort,2026-01-18T10:42:59.000Z,start,ugv_1,ugv,search_and_rescue_uav_ugv_team_008_exec_12,inprogress,82.6,62.22,56.65,0.0,null,null,null,null,null
search_and_rescue_uav_ugv_team_008,escort,2026-01-18T10:43:44.000Z,null,ugv_1,ugv,search_and_rescue_uav_ugv_team_008_exec_12,inprogress,81.8,53.52,48.87,0.0,null,null,null,null,null
search_and_rescue_uav_ugv_team_008,escort,2026-01-18T10:44:29.000Z,null,ugv_1,ugv,search_and_rescue_uav_ugv_team_008_exec_12,inprogress,81.0,44.81,41.1,0.0,null,null,null,null,null
search_and_rescue_uav_ugv_team_008,escort,2026-01-18T10:45:14.000Z,null,ugv_1,ugv,search_and_rescue_uav_ugv_team_008_exec_12,inprogress,80.1,36.11,33.32,0.0,null,null,null,null,null
search_and_rescue_uav_ugv_team_008,escort,2026-01-18T10:45:59.000Z,null,ugv_1,ugv,search_and_rescue_uav_ugv_team_008_exec_12,inprogress,79.3,27.41,25.55,0.0,null,null,null,null,null
search_and_rescue_uav_ugv_team_008,escort,2026-01-18T10:46:44.000Z,null,ugv_1,ugv,search_and_rescue_uav_ugv_team_008_exec_12,inprogress,78.5,18.7,17.77,0.0,null,null,null,null,null
search_and_rescue_uav_ugv_team_008,escort,2026-01-18T10:47:31.000Z,complete,ugv_1,ugv,search_and_rescue_uav_ugv_team_008_exec_12,done,77.7,10.0,10.0,0.0,null,null,null,null,null
search_and_rescue_uav_ugv_team_008,mission_close,2026-01-18T10:47:32.000Z,start,uav_1,uav,search_and_rescue_uav_ugv_team_008_exec_13,inprogress,76.7,63.05,56.73,22.25,null,null,null,null,null
search_and_rescue_uav_ugv_team_008,mission_close,2026-01-18T10:48:00.000Z,complete,uav_1,uav,search_and_rescue_uav_ugv_team_008_exec_13,done,76.3,63.05,56.73,22.25,null,null,null,null,null
search_and_rescue_uav_ugv_team_008,mission_close,2026-01-18T10:48:01.000Z,start,ugv_1,ugv,search_and_rescue_uav_ugv_team_008_exec_14,inprogress,77.7,10.0,10.0,0.0,null,null,null,null,null
search_and_rescue_uav_ugv_team_008,mission_close,2026-01-18T10:48:36.000Z,complete,ugv_1,ugv,search_and_rescue_uav_ugv_team_008_exec_14,done,77.2,10.0,10.0,0.0,null,null,null,null,null
search_and_rescue_uav_ugv_team_009,dispatch,2026-01-18T11:05:00.000Z,start,uav_1,uav,search_and_rescue_uav_ugv_team_009_exec_1,inprogress,94.9,0.0,0.0,0.0,null,null,null,null,null
search_and_rescue_uav_ugv_team_009,dispatch,2026-01-18T11:05:12.000Z,complete,uav_1,uav,search_and_rescue_uav_ugv_team_009_exec_1,done,94.6,0.0,0.0,0.0,null,null,null,null,null
search_and_rescue_uav_ugv_team_009,dispatch,2026-01-18T11:05:13.000Z,start,ugv_1,ugv,search_and_rescue_uav_ugv_team_009_exec_2,inprogress,84.3,0.0,0.0,0.0,null,null,null,null,null
search_and_rescue_uav_ugv_team_009,dispatch,2026-01-18T11:05:30.000Z,complete,ugv_1,ugv,search_and_rescue_uav_ugv_team_009_exec_2,done,84.1,0.0,0.0,0.0,null,null,null,null,null
search_and_rescue_uav_ugv_team_009,takeoff,2026-01-18T11:05:31.000Z,start,uav_1,uav,search_and_rescue_uav_ugv_team_009_exec_3,inprogress,94.6,0.0,0.0,0.0,null,null,null,null,null
search_and_rescue_uav_ugv_team_009,takeoff,2026-01-18T11:05:50.000Z,complete,uav_1,uav,search_and_rescue_uav_ugv_team_009_exec_3,done,94.1,0.0,0.0,5.0,null,null,null,null,null
search_and_rescue_uav_ugv_team_009,scan_sector,2026-01-18T11:05:51.000Z,start,uav_1,uav,search_and_rescue_uav_ugv_team_009_exec_4,inprogress,94.1,0.0,0.0,5.0,null,null,null,null,null
search_and_rescue_uav_ugv_team_009,scan_sector,2026-01-18T11:06:35.000Z,null,uav_1,uav,search_and_rescue_uav_ugv_team_009_exec_4,inprogress,92.9,9.3,3.11,7.18,null,null,null,null,null
search_and_rescue_uav_ugv_team_009,scan_sector,2026-01-18T11:07:19.000Z,null,uav_1,uav,search_and_rescue_uav_ugv_team_009_exec_4,inprogress,91.7,18.61,6.22,9.37,null,null,null,null,null
search_and_rescue_uav_ugv_team_009,scan_sector,2026-01-18T11:08:03.000Z,null,uav_1,uav,search_and_rescue_uav_ugv_team_009_exec_4,inprogress,90.6,27.91,9.33,11.55,null,null,null,null,null
search_and_rescue_uav_ugv_team_009,scan_sector,2026-01-18T11:08:47.000Z,null,uav_1,uav,search_and_rescue_uav_ugv_team_009_exec_4,inprogress,89.4,37.22,12.44,13.74,null,null,null,null,null
search_and_rescue_uav_ugv_team_009,scan_sector,2026-01-18T11:09:31.000Z,null,uav_1,uav,search_and_rescue_uav_ugv_team_009_exec_4,inprogress,88.3,46.52,15.55,15.92,null,null,null,null,null
search_and_rescue_uav_ugv_team_009,scan_sector,2026-01-18T11:10:15.000Z,null,uav_1,uav,search_and_rescue_uav_ugv_team_009_exec_4,inprogress,87.1,55.83,18.66,18.1,null,null,null,null,null
search_and_rescue_uav_ugv_team_009,scan_sector,2026-01-18T11:11:00.000Z,complete,uav_1,uav,search_and_rescue_uav_ugv_team_009_exec_4,done,86.0,65.13,21.77,20.29,null,null,null,null,null
search_and_rescue_uav_ugv_team_009,detect_victim,2026-01-18T11:11:01.000Z,start,uav_1,uav,search_and_rescue_uav_ugv_team_009_exec_5,inprogress,86.0,65.13,21.77,20.29,null,null,null,null,null
search_and_rescue_uav_ugv_team_009,detect_victim,2026-01-18T11:11:27.000Z,complete,uav_1,uav,search_and_rescue_uav_ugv_team_009_exec_5,done,85.7,65.13,21.77,20.29,null,null,null,null,null
search_and_rescue_uav_ugv_team_009,send_coordinates,2026-01-18T11:11:28.000Z,start,uav_1,uav,search_and_rescue_uav_ugv_team_009_exec_6,inprogress,85.7,65.13,21.77,20.29,msg_538d73a32e,victim coordinates and severity,send,uav_1,ugv_1
search_and_rescue_uav_ugv_team_009,send_coordinates,2026-01-18T11:11:33.000Z,complete,uav_1,uav,search_and_rescue_uav_ugv_team_009_exec_6,done,85.5,65.13,21.77,20.29,msg_538d73a32e,victim coordinates and severity,send,uav_1,ugv_1
search_and_rescue_uav_ugv_team_009,receive_coordinates,2026-01-18T11:11:39.000Z,start,ugv_1,ugv,search_and_rescue_uav_ugv_team_009_exec_7,inprogress,84.1,0.0,0.0,0.0,msg_538d73a32e,victim coordinates and severity,receive,uav_1,ugv_1
search_and_rescue_uav_ugv_team_009,receive_coordinates,2026-01-18T11:11:43.000Z,complete,ugv_1,ugv,search_and_rescue_uav_ugv_team_009_exec_7,done,84.0,0.0,0.0,0.0,msg_538d73a32e,victim coordinates and severity,receive,uav_1,ugv_1
search_and_rescue_uav_ugv_team_009,navigate_to_victim,2026-01-18T11:11:44.000Z,start,ugv_1,ugv,search_and_rescue_uav_ugv_team_009_exec_8,inprogress,84.0,0.0,0.0,0.0,null,null,null,null,null
search_and_rescue_uav_ugv_team_009,navigate_to_victim,2026-01-18T11:12:24.000Z,null,ugv_1,ugv,search_and_rescue_uav_ugv_team_009_exec_8,inprogress,83.0,12.32,5.74,0.0,null,null,null,null,null
search_and_rescue_uav_ugv_team_009,navigate_to_victim,2026-01-18T11:13:04.000Z,null,ugv_1,ugv,search_and_rescue_uav_ugv_team_009_exec_8,inprogress,82.0,24.64,11.48,0.0,null,null,null,null,null
search_and_rescue_uav_ugv_team_009,navigate_to_victim,2026-01-18T11:13:44.000Z,null,ugv_1,ugv,search_and_rescue_uav_ugv_team_009_exec_8,inprogress,81.0,36.97,17.22,0.0,null,null,null,null,null
search_and_rescue_uav_ugv_team_009,navigate_to_victim,2026-01-18T11:14:24.000Z,null,ugv_1,ugv,search_and_rescue_uav_ugv_team_009_exec_8,inprogress,80.0,49.29,22.96,0.0,null,null,null,null,null
search_and_rescue_uav_ugv_team_009,navigate_to_victim,2026-01-18T11:15:04.000Z,complete,ugv_1,ugv,search_and_rescue_uav_ugv_team_009_exec_8,done,79.0,61.61,28.7,0.0,null,null,null,null,null
search_and_rescue_uav_ugv_team_009,reroute,2026-01-18T11:15:05.000Z,start,ugv_1,ugv,search_and_rescue_uav_ugv_team_009_exec_9,inprogress,79.0,61.61,28.7,0.0,null,null,null,null,null
search_and_rescue_uav_ugv_team_009,reroute,2026-01-18T11:15:28.000Z,null,ugv_1,ugv,search_and_rescue_uav_ugv_team_009_exec_9,inprogress,78.8,61.61,28.7,0.0,null,null,null,null,null
search_and_rescue_uav_ugv_team_009,reroute,2026-01-18T11:15:52.000Z,complete,ugv_1,ugv,search_and_rescue_uav_ugv_team_009_exec_9,done,78.7,61.61,28.7,0.0,null,null,null,null,null
search_and_rescue_uav_ugv_team_009,navigate_to_victim,2026-01-18T11:15:53.000Z,start,ugv_1,ugv,search_and_rescue_uav_ugv_team_009_exec_10,inprogress,78.7,61.61,28.7,0.0,null,null,null,null,null
search_and_rescue_uav_ugv_team_009,navigate_to_victim,2026-01-18T11:16:54.000Z,null,ugv_1,ugv,search_and_rescue_uav_ugv_team_009_exec_10,inprogress,77.4,62.64,27.71,0.0,null,null,null,null,null
search_and_rescue_uav_ugv_team_009,navigate_to_victim,2026-01-18T11:17:55.000Z,null,ugv_1,ugv,search_and_rescue_uav_ugv_team_009_exec_10,inprogress,76.2,63.67,26.72,0.0,null,null,null,null,null
search_and_rescue_uav_ugv_team_009,navigate_to_victim,2026-01-18T11:18:56.000Z,null,ugv_1,ugv,search_and_rescue_uav_ugv_team_009_exec_10,inprogress,75.0,64.69,25.73,0.0,null,null,null,null,null
search_and_rescue_uav_ugv_team_009,navigate_to_victim,2026-01-18T11:19:57.000Z,null,ugv_1,ugv,search_and_rescue_uav_ugv_team_009_exec_10,inprogress,73.8,65.72,24.74,0.0,null,null,null,null,null
search_and_rescue_uav_ugv_team_009,navigate_to_victim,2026-01-18T11:20:58.000Z,null,ugv_1,ugv,search_and_rescue_uav_ugv_team_009_exec_10,inprogress,72.6,66.75,23.75,0.0,null,null,null,null,null
search_and_rescue_uav_ugv_team_009,navigate_to_victim,2026-01-18T11:22:01.000Z,complete,ugv_1,ugv,search_and_rescue_uav_ugv_team_009_exec_10,done,71.4,67.78,22.76,0.0,null,null,null,null,null
search_and_rescue_uav_ugv_team_009,stabilize_area,2026-01-18T11:22:02.000Z,start,ugv_1,ugv,search_and_rescue_uav_ugv_team_009_exec_11,inprogress,71.4,67.78,22.76,0.0,null,null,null,null,null
search_and_rescue_uav_ugv_team_009,stabilize_area,2026-01-18T11:22:42.000Z,null,ugv_1,ugv,search_and_rescue_uav_ugv_team_009_exec_11,inprogress,70.3,67.78,22.76,0.0,null,null,null,null,null
search_and_rescue_uav_ugv_team_009,stabilize_area,2026-01-18T11:23:23.000Z,complete,ugv_1,ugv,search_and_rescue_uav_ugv_team_009_exec_11,done,69.3,67.78,22.76,0.0,null,null,null,null,null
search_and_rescue_uav_ugv_team_009,send_acknowledgment,2026-01-18T11:23:24.000Z,start,ugv_1,ugv,search_and_rescue_uav_ugv_team_009_exec_12,inprogress,69.3,67.78,22.76,0.0,msg_ccba1c736a,area stabilized and escort starting,send,ugv_1,uav_1
search_and_rescue_uav_ugv_team_009,send_acknowledgment,2026-01-18T11:23:30.000Z,complete,ugv_1,ugv,search_and_rescue_uav_ugv_team_009_exec_12,done,69.1,67.78,22.76,0.0,msg_ccba1c736a,area stabilized and escort starting,send,ugv_1,uav_1
search_and_rescue_uav_ugv_team_009,receive_acknowledgment,2026-01-18T11:23:35.000Z,start,uav_1,uav,search_and_rescue_uav_ugv_team_009_exec_13,inprogress,85.5,65.13,21.77,20.29,msg_ccba1c736a,area stabilized and escort starting,receive,ugv_1,uav_1
search_and_rescue_uav_ugv_team_009,receive_acknowledgment,2026-01-18T11:23:39.000Z,complete,uav_1,uav,search_and_rescue_uav_ugv_team_009_exec_13,done,85.4,65.13,21.77,20.29,msg_ccba1c736a,area stabilized and escort starting,receive,ugv_1,uav_1
search_and_rescue_uav_ugv_team_009,escort,2026-01-18T11:23:40.000Z,start,ugv_1,ugv,search_and_rescue_uav_ugv_team_009_exec_14,inprogress,69.1,67.78,22.76,0.0,null,null,null,null,null
search_and_rescue_uav_ugv_team_009,escort,2026-01-18T11:24:30.000Z,null,ugv_1,ugv,search_and_rescue_uav_ugv_team_009_exec_14,inprogress,68.4,58.15,20.64,0.0,null,null,null,null,null
search_and_rescue_uav_ugv_team_009,escort,2026-01-18T11:25:20.000Z,null,ugv_1,ugv,search_and_rescue_uav_ugv_team_009_exec_14,inprogress,67.7,48.52,18.51,0.0,null,null,null,null,null
search_and_rescue_uav_ugv_team_009,escort,2026-01-18T11:26:10.000Z,null,ugv_1,ugv,search_and_rescue_uav_ugv_team_009_exec_14,inprogress,67.0,38.89,16.38,0.0,null,null,null,null,null
search_and_rescue_uav_ugv_team_009,escort,2026-01-18T11:27:00.000Z,null,ugv_1,ugv,search_and_rescue_uav_ugv_team_009_exec_14,inprogress,66.3,29.26,14.25,0.0,null,null,null,null,null
search_and_rescue_uav_ugv_team_009,escort,2026-01-18T11:27:50.000Z,null,ugv_1,ugv,search_and_rescue_uav_ugv_team_009_exec_14,inprogress,65.6,19.63,12.13,0.0,null,null,null,null,null
search_and_rescue_uav_ugv_team_009,escort,2026-01-18T11:28:44.000Z,complete,ugv_1,ugv,search_and_rescue_uav_ugv_team_009_exec_14,done,64.9,10.0,10.0,0.0,null,null,null,null,null
search_and_rescue_uav_ugv_team_009,mission_close,2026-01-18T11:28:45.000Z,start,uav_1,uav,search_and_rescue_uav_ugv_team_009_exec_15,inprogress,85.4,65.13,21.77,20.29,null,null,null,null,null
search_and_rescue_uav_ugv_team_009,mission_close,2026-01-18T11:29:10.000Z,complete,uav_1,uav,search_and_rescue_uav_ugv_team_009_exec_15,done,85.2,65.13,21.77,20.29,null,null,null,null,null
search_and_rescue_uav_ugv_team_009,mission_close,2026-01-18T11:29:11.000Z,start,ugv_1,ugv,search_and_rescue_uav_ugv_team_009_exec_16,inprogress,64.9,10.0,10.0,0.0,null,null,null,null,null
search_and_rescue_uav_ugv_team_009,mission_close,2026-01-18T11:29:35.000Z,complete,ugv_1,ugv,search_and_rescue_uav_ugv_team_009_exec_16,done,64.6,10.0,10.0,0.0,null,null,null,null,null
search_and_rescue_uav_ugv_team_010,dispatch,2026-01-18T11:45:00.000Z,start,uav_1,uav,search_and_rescue_uav_ugv_team_010_exec_1,inprogress,95.3,0.0,0.0,0.0,null,null,null,null,null
search_and_rescue_uav_ugv_team_010,dispatch,2026-01-18T11:45:28.000Z,complete,uav_1,uav,search_and_rescue_uav_ugv_team_010_exec_1,done,95.0,0.0,0.0,0.0,null,null,null,null,null
search_and_rescue_uav_ugv_team_010,dispatch,2026-01-18T11:45:29.000Z,start,ugv_1,ugv,search_and_rescue_uav_ugv_team_010_exec_2,inprogress,94.9,0.0,0.0,0.0,null,null,null,null,null
search_and_rescue_uav_ugv_team_010,dispatch,2026-01-18T11:45:44.000Z,complete,ugv_1,ugv,search_and_rescue_uav_ugv_team_010_exec_2,done,94.7,0.0,0.0,0.0,null,null,null,null,null
search_and_rescue_uav_ugv_team_010,takeoff,2026-01-18T11:45:45.000Z,start,uav_1,uav,search_and_rescue_uav_ugv_team_010_exec_3,inprogress,95.0,0.0,0.0,0.0,null,null,null,null,null
search_and_rescue_uav_ugv_team_010,takeoff,2026-01-18T11:46:02.000Z,complete,uav_1,uav,search_and_rescue_uav_ugv_team_010_exec_3,done,94.5,0.0,0.0,5.0,null,null,null,null,null
search_and_rescue_uav_ugv_team_010,scan_sector,2026-01-18T11:46:03.000Z,start,uav_1,uav,search_and_rescue_uav_ugv_team_010_exec_4,inprogress,94.5,0.0,0.0,5.0,null,null,null,null,null
search_and_rescue_uav_ugv_team_010,scan_sector,2026-01-18T11:47:02.000Z,null,uav_1,uav,search_and_rescue_uav_ugv_team_010_exec_4,inprogress,93.6,5.04,2.27,7.55,null,null,null,null,null
search_and_rescue_uav_ugv_team_010,scan_sector,2026-01-18T11:48:01.000Z,null,uav_1,uav,search_and_rescue_uav_ugv_team_010_exec_4,inprogress,92.6,10.07,4.53,10.11,null,null,null,null,null
search_and_rescue_uav_ugv_team_010,scan_sector,2026-01-18T11:49:00.000Z,null,uav_1,uav,search_and_rescue_uav_ugv_team_010_exec_4,inprogress,91.7,15.11,6.8,12.66,null,null,null,null,null
search_and_rescue_uav_ugv_team_010,scan_sector,2026-01-18T11:49:59.000Z,null,uav_1,uav,search_and_rescue_uav_ugv_team_010_exec_4,inprogress,90.7,20.14,9.07,15.21,null,null,null,null,null
search_and_rescue_uav_ugv_team_010,scan_sector,2026-01-18T11:50:58.000Z,null,uav_1,uav,search_and_rescue_uav_ugv_team_010_exec_4,inprogress,89.8,25.18,11.33,17.77,null,null,null,null,null
search_and_rescue_uav_ugv_team_010,scan_sector,2026-01-18T11:51:57.000Z,null,uav_1,uav,search_and_rescue_uav_ugv_team_010_exec_4,inprogress,88.8,30.21,13.6,20.32,null,null,null,null,null
search_and_rescue_uav_ugv_team_010,scan_sector,2026-01-18T11:52:59.000Z,complete,uav_1,uav,search_and_rescue_uav_ugv_team_010_exec_4,done,87.8,35.25,15.87,22.87,null,null,null,null,null
search_and_rescue_uav_ugv_team_010,detect_victim,2026-01-18T11:53:00.000Z,start,uav_1,uav,search_and_rescue_uav_ugv_team_010_exec_5,inprogress,87.8,35.25,15.87,22.87,null,null,null,null,null
search_and_rescue_uav_ugv_team_010,detect_victim,2026-01-18T11:53:29.000Z,complete,uav_1,uav,search_and_rescue_uav_ugv_team_010_exec_5,done,87.3,35.25,15.87,22.87,null,null,null,null,null
search_and_rescue_uav_ugv_team_010,send_coordinates,2026-01-18T11:53:30.000Z,start,uav_1,uav,search_and_rescue_uav_ugv_team_010_exec_6,inprogress,87.3,35.25,15.87,22.87,msg_2ea8588937,victim coordinates and severity,send,uav_1,ugv_1
search_and_rescue_uav_ugv_team_010,send_coordinates,2026-01-18T11:53:34.000Z,complete,uav_1,uav,search_and_rescue_uav_ugv_team_010_exec_6,done,87.1,35.25,15.87,22.87,msg_2ea8588937,victim coordinates and severity,send,uav_1,ugv_1
search_and_rescue_uav_ugv_team_010,receive_coordinates,2026-01-18T11:53:40.000Z,start,ugv_1,ugv,search_and_rescue_uav_ugv_team_010_exec_7,inprogress,94.7,0.0,0.0,0.0,msg_2ea8588937,victim coordinates and severity,receive,uav_1,ugv_1
search_and_rescue_uav_ugv_team_010,receive_coordinates,2026-01-18T11:53:44.000Z,complete,ugv_1,ugv,search_and_rescue_uav_ugv_team_010_exec_7,done,94.6,0.0,0.0,0.0,msg_2ea8588937,victim coordinates and severity,receive,uav_1,ugv_1
search_and_rescue_uav_ugv_team_010,navigate_to_victim,2026-01-18T11:53:45.000Z,start,ugv_1,ugv,search_and_rescue_uav_ugv_team_010_exec_8,inprogress,94.6,0.0,0.0,0.0,null,null,null,null,null
search_and_rescue_uav_ugv_team_010,navigate_to_victim,2026-01-18T11:54:35.000Z,null,ugv_1,ugv,search_and_rescue_uav_ugv_team_010_exec_8,inprogress,93.2,7.54,2.41,0.0,null,null,null,null,null
search_and_rescue_uav_ugv_team_010,navigate_to_victim,2026-01-18T11:55:25.000Z,null,ugv_1,ugv,search_and_rescue_uav_ugv_team_010_exec_8,inprogress,91.9,15.08,4.82,0.0,null,null,null,null,null
search_and_rescue_uav_ugv_team_010,navigate_to_victim,2026-01-18T11:56:15.000Z,null,ugv_1,ugv,search_and_rescue_uav_ugv_team_010_exec_8,inprogress,90.5,22.62,7.23,0.0,null,null,null,null,null
search_and_rescue_uav_ugv_team_010,navigate_to_victim,2026-01-18T11:57:05.000Z,null,ugv_1,ugv,search_and_rescue_uav_ugv_team_010_exec_8,inprogress,89.2,30.16,9.64,0.0,null,null,null,null,null
search_and_rescue_uav_ugv_team_010,navigate_to_victim,2026-01-18T11:57:57.000Z,complete,ugv_1,ugv,search_and_rescue_uav_ugv_team_010_exec_8,done,87.8,37.69,12.05,0.0,null,null,null,null,null
search_and_rescue_uav_ugv_team_010,stabilize_area,2026-01-18T11:57:58.000Z,start,ugv_1,ugv,search_and_rescue_uav_ugv_team_010_exec_9,inprogress,87.8,37.69,12.05,0.0,null,null,null,null,null
search_and_rescue_uav_ugv_team_010,stabilize_area,2026-01-18T11:58:57.000Z,null,ugv_1,ugv,search_and_rescue_uav_ugv_team_010_exec_9,inprogress,87.1,37.69,12.05,0.0,null,null,null,null,null
search_and_rescue_uav_ugv_team_010,stabilize_area,2026-01-18T11:59:57.000Z,complete,ugv_1,ugv,search_and_rescue_uav_ugv_team_010_exec_9,done,86.3,37.69,12.05,0.0,null,null,null,null,null
search_and_rescue_uav_ugv_team_010,send_acknowledgment,2026-01-18T11:59:58.000Z,start,ugv_1,ugv,search_and_rescue_uav_ugv_team_010_exec_10,inprogress,86.3,37.69,12.05,0.0,msg_7a447f9257,area stabilized and escort starting,send,ugv_1,uav_1
search_and_rescue_uav_ugv_team_010,send_acknowledgment,2026-01-18T12:00:02.000Z,complete,ugv_1,ugv,search_and_rescue_uav_ugv_team_010_exec_10,done,86.1,37.69,12.05,0.0,msg_7a447f9257,area stabilized and escort starting,send,ugv_1,uav_1
search_and_rescue_uav_ugv_team_010,receive_acknowledgment,2026-01-18T12:00:07.000Z,start,uav_1,uav,search_and_rescue_uav_ugv_team_010_exec_11,inprogress,87.1,35.25,15.87,22.87,msg_7a447f9257,area stabilized and escort starting,receive,ugv_1,uav_1
search_and_rescue_uav_ugv_team_010,receive_acknowledgment,2026-01-18T12:00:11.000Z,complete,uav_1,uav,search_and_rescue_uav_ugv_team_010_exec_11,done,87.0,35.25,15.87,22.87,msg_7a447f9257,area stabilized and escort starting,receive,ugv_1,uav_1
search_and_rescue_uav_ugv_team_010,escort,2026-01-18T12:00:12.000Z,start,ugv_1,ugv,search_and_rescue_uav_ugv_team_010_exec_12,inprogress,86.1,37.69,12.05,0.0,null,null,null,null,null
search_and_rescue_uav_ugv_team_010,escort,2026-01-18T12:01:48.000Z,null,ugv_1,ugv,search_and_rescue_uav_ugv_team_010_exec_12,inprogress,85.0,28.46,11.37,0.0,null,null,null,null,null
search_and_rescue_uav_ugv_team_010,escort,2026-01-18T12:03:24.000Z,null,ugv_1,ugv,search_and_rescue_uav_ugv_team_010_exec_12,inprogress,83.9,19.23,10.68,0.0,null,null,null,null,null
search_and_rescue_uav_ugv_team_010,escort,2026-01-18T12:05:00.000Z,complete,ugv_1,ugv,search_and_rescue_uav_ugv_team_010_exec_12,done,82.8,10.0,10.0,0.0,null,null,null,null,null
search_and_rescue_uav_ugv_team_010,mission_close,2026-01-18T12:05:01.000Z,start,uav_1,uav,search_and_rescue_uav_ugv_team_010_exec_13,inprogress,87.0,35.25,15.87,22.87,null,null,null,null,null
search_and_rescue_uav_ugv_team_010,mission_close,2026-01-18T12:05:36.000Z,complete,uav_1,uav,search_and_rescue_uav_ugv_team_010_exec_13,done,86.6,35.25,15.87,22.87,null,null,null,null,null
search_and_rescue_uav_ugv_team_010,mission_close,2026-01-18T12:05:37.000Z,start,ugv_1,ugv,search_and_rescue_uav_ugv_team_010_exec_14,inprogress,82.8,10.0,10.0,0.0,null,null,null,null,null
search_and_rescue_uav_ugv_team_010,mission_close,2026-01-18T12:05:58.000Z,complete,ugv_1,ugv,search_and_rescue_uav_ugv_team_010_exec_14,done,82.6,10.0,10.0,0.0,null,null,null,null,null
search_and_rescue_uav_ugv_team_011,dispatch,2026-01-18T12:25:00.000Z,start,uav_1,uav,search_and_rescue_uav_ugv_team_011_exec_1,inprogress,72.9,0.0,0.0,0.0,null,null,null,null,null
search_and_rescue_uav_ugv_team_011,dispatch,2026-01-18T12:25:13.000Z,complete,uav_1,uav,search_and_rescue_uav_ugv_team_011_exec_1,done,72.7,0.0,0.0,0.0,null,null,null,null,null
search_and_rescue_uav_ugv_team_011,dispatch,2026-01-18T12:25:14.000Z,start,ugv_1,ugv,search_and_rescue_uav_ugv_team_011_exec_2,inprogress,91.5,0.0,0.0,0.0,null,null,null,null,null
search_and_rescue_uav_ugv_team_011,dispatch,2026-01-18T12:25:34.000Z,complete,ugv_1,ugv,search_and_rescue_uav_ugv_team_011_exec_2,done,91.4,0.0,0.0,0.0,null,null,null,null,null
search_and_rescue_uav_ugv_team_011,takeoff,2026-01-18T12:25:35.000Z,start,uav_1,uav,search_and_rescue_uav_ugv_team_011_exec_3,inprogress,72.7,0.0,0.0,0.0,null,null,null,null,null
search_and_rescue_uav_ugv_team_011,takeoff,2026-01-18T12:25:59.000Z,complete,uav_1,uav,search_and_rescue_uav_ugv_team_011_exec_3,done,71.9,0.0,0.0,5.0,null,null,null,null,null
search_and_rescue_uav_ugv_team_011,scan_sector,2026-01-18T12:26:00.000Z,start,uav_1,uav,search_and_rescue_uav_ugv_team_011_exec_4,inprogress,71.9,0.0,0.0,5.0,null,null,null,null,null
search_and_rescue_uav_ugv_team_011,scan_sector,2026-01-18T12:26:48.000Z,null,uav_1,uav,search_and_rescue_uav_ugv_team_011_exec_4,inprogress,70.8,10.03,9.02,9.31,null,null,null,null,null
search_and_rescue_uav_ugv_team_011,scan_sector,2026-01-18T12:27:36.000Z,null,uav_1,uav,search_and_rescue_uav_ugv_team_011_exec_4,inprogress,69.6,20.06,18.04,13.63,null,null,null,null,null
search_and_rescue_uav_ugv_team_011,scan_sector,2026-01-18T12:28:24.000Z,null,uav_1,uav,search_and_rescue_uav_ugv_team_011_exec_4,inprogress,68.5,30.09,27.06,17.94,null,null,null,null,null
search_and_rescue_uav_ugv_team_011,scan_sector,2026-01-18T12:29:12.000Z,null,uav_1,uav,search_and_rescue_uav_ugv_team_011_exec_4,inprogress,67.3,40.12,36.08,22.25,null,null,null,null,null
search_and_rescue_uav_ugv_team_011,scan_sector,2026-01-18T12:30:00.000Z,null,uav_1,uav,search_and_rescue_uav_ugv_team_011_exec_4,inprogress,66.2,50.15,45.1,26.57,null,null,null,null,null
search_and_rescue_uav_ugv_team_011,scan_sector,2026-01-18T12:30:52.000Z,complete,uav_1,uav,search_and_rescue_uav_ugv_team_011_exec_4,done,65.0,60.18,54.12,30.88,null,null,null,null,null
search_and_rescue_uav_ugv_team_011,detect_victim,2026-01-18T12:30:53.000Z,start,uav_1,uav,search_and_rescue_uav_ugv_team_011_exec_5,inprogress,65.0,60.18,54.12,30.88,null,null,null,null,null
search_and_rescue_uav_ugv_team_011,detect_victim,2026-01-18T12:31:19.000Z,complete,uav_1,uav,search_and_rescue_uav_ugv_team_011_exec_5,done,64.8,60.18,54.12,30.88,null,null,null,null,null
search_and_rescue_uav_ugv_team_011,send_coordinates,2026-01-18T12:31:20.000Z,start,uav_1,uav,search_and_rescue_uav_ugv_team_011_exec_6,inprogress,64.8,60.18,54.12,30.88,msg_ae651a8af1,victim coordinates and severity,send,uav_1,ugv_1
search_and_rescue_uav_ugv_team_011,send_coordinates,2026-01-18T12:31:26.000Z,complete,uav_1,uav,search_and_rescue_uav_ugv_team_011_exec_6,done,64.6,60.18,54.12,30.88,msg_ae651a8af1,victim coordinates and severity,send,uav_1,ugv_1
search_and_rescue_uav_ugv_team_011,receive_coordinates,2026-01-18T12:31:32.000Z,start,ugv_1,ugv,search_and_rescue_uav_ugv_team_011_exec_7,inprogress,91.4,0.0,0.0,0.0,msg_ae651a8af1,victim coordinates and severity,receive,uav_1,ugv_1
search_and_rescue_uav_ugv_team_011,receive_coordinates,2026-01-18T12:31:36.000Z,complete,ugv_1,ugv,search_and_rescue_uav_ugv_team_011_exec_7,done,91.3,0.0,0.0,0.0,msg_ae651a8af1,victim coordinates and severity,receive,uav_1,ugv_1
search_and_rescue_uav_ugv_team_011,navigate_to_victim,2026-01-18T12:31:37.000Z,start,ugv_1,ugv,search_and_rescue_uav_ugv_team_011_exec_8,inprogress,91.3,0.0,0.0,0.0,null,null,null,null,null
search_and_rescue_uav_ugv_team_011,navigate_to_victim,2026-01-18T12:32:58.000Z,null,ugv_1,ugv,search_and_rescue_uav_ugv_team_011_exec_8,inprogress,90.1,11.36,10.82,0.0,null,null,null,null,null
search_and_rescue_uav_ugv_team_011,navigate_to_victim,2026-01-18T12:34:19.000Z,null,ugv_1,ugv,search_and_rescue_uav_ugv_team_011_exec_8,inprogress,88.9,22.72,21.65,0.0,null,null,null,null,null
search_and_rescue_uav_ugv_team_011,navigate_to_victim,2026-01-18T12:35:40.000Z,null,ugv_1,ugv,search_and_rescue_uav_ugv_team_011_exec_8,inprogress,87.7,34.07,32.47,0.0,null,null,null,null,null
search_and_rescue_uav_ugv_team_011,navigate_to_victim,2026-01-18T12:37:01.000Z,null,ugv_1,ugv,search_and_rescue_uav_ugv_team_011_exec_8,inprogress,86.5,45.43,43.3,0.0,null,null,null,null,null
search_and_rescue_uav_ugv_team_011,navigate_to_victim,2026-01-18T12:38:23.000Z,complete,ugv_1,ugv,search_and_rescue_uav_ugv_team_011_exec_8,done,85.3,56.79,54.12,0.0,null,null,null,null,null
search_and_rescue_uav_ugv_team_011,stabilize_area,2026-01-18T12:38:24.000Z,start,ugv_1,ugv,search_and_rescue_uav_ugv_team_011_exec_9,inprogress,85.3,56.79,54.12,0.0,null,null,null,null,null
search_and_rescue_uav_ugv_team_011,stabilize_area,2026-01-18T12:39:08.000Z,null,ugv_1,ugv,search_and_rescue_uav_ugv_team_011_exec_9,inprogress,84.0,56.79,54.12,0.0,null,null,null,null,null
search_and_rescue_uav_ugv_team_011,stabilize_area,2026-01-18T12:39:52.000Z,complete,ugv_1,ugv,search_and_rescue_uav_ugv_team_011_exec_9,done,82.8,56.79,54.12,0.0,null,null,null,null,null
search_and_rescue_uav_ugv_team_011,send_acknowledgment,2026-01-18T12:39:53.000Z,start,ugv_1,ugv,search_and_rescue_uav_ugv_team_011_exec_10,inprogress,82.8,56.79,54.12,0.0,msg_38ed96b979,area stabilized and escort starting,send,ugv_1,uav_1
search_and_rescue_uav_ugv_team_011,send_acknowledgment,2026-01-18T12:39:57.000Z,complete,ugv_1,ugv,search_and_rescue_uav_ugv_team_011_exec_10,done,82.6,56.79,54.12,0.0,msg_38ed96b979,area stabilized and escort starting,send,ugv_1,uav_1
search_and_rescue_uav_ugv_team_011,receive_acknowledgment,2026-01-18T12:40:02.000Z,start,uav_1,uav,search_and_rescue_uav_ugv_team_011_exec_11,inprogress,64.6,60.18,54.12,30.88,msg_38ed96b979,area stabilized and escort starting,receive,ugv_1,uav_1
search_and_rescue_uav_ugv_team_011,receive_acknowledgment,2026-01-18T12:40:06.000Z,complete,uav_1,uav,search_and_rescue_uav_ugv_team_011_exec_11,done,64.5,60.18,54.12,30.88,msg_38ed96b979,area stabilized and escort starting,receive,ugv_1,uav_1
search_and_rescue_uav_ugv_team_011,escort,2026-01-18T12:40:07.000Z,start,ugv_1,ugv,search_and_rescue_uav_ugv_team_011_exec_12,inprogress,82.6,56.79,54.12,0.0,null,null,null,null,null
search_and_rescue_uav_ugv_team_011,escort,2026-01-18T12:41:25.000Z,null,ugv_1,ugv,search_and_rescue_uav_ugv_team_011_exec_12,inprogress,81.2,45.09,43.09,0.0,null,null,null,null,null
search_and_rescue_uav_ugv_team_011,escort,2026-01-18T12:42:43.000Z,null,ugv_1,ugv,search_and_rescue_uav_ugv_team_011_exec_12,inprogress,79.8,33.39,32.06,0.0,null,null,null,null,null
search_and_rescue_uav_ugv_team_011,escort,2026-01-18T12:44:01.000Z,null,ugv_1,ugv,search_and_rescue_uav_ugv_team_011_exec_12,inprogress,78.4,21.7,21.03,0.0,null,null,null,null,null
search_and_rescue_uav_ugv_team_011,escort,2026-01-18T12:45:22.000Z,complete,ugv_1,ugv,search_and_rescue_uav_ugv_team_011_exec_12,done,77.0,10.0,10.0,0.0,null,null,null,null,null
search_and_rescue_uav_ugv_team_011,mission_close,2026-01-18T12:45:23.000Z,start,uav_1,uav,search_and_rescue_uav_ugv_team_011_exec_13,inprogress,64.5,60.18,54.12,30.88,null,null,null,null,null
search_and_rescue_uav_ugv_team_011,mission_close,2026-01-18T12:45:52.000Z,complete,uav_1,uav,search_and_rescue_uav_ugv_team_011_exec_13,done,64.2,60.18,54.12,30.88,null,null,null,null,null
search_and_rescue_uav_ugv_team_011,mission_close,2026-01-18T12:45:53.000Z,start,ugv_1,ugv,search_and_rescue_uav_ugv_team_011_exec_14,inprogress,77.0,10.0,10.0,0.0,null,null,null,null,null
search_and_rescue_uav_ugv_team_011,mission_close,2026-01-18T12:46:30.000Z,complete,ugv_1,ugv,search_and_rescue_uav_ugv_team_011_exec_14,done,76.8,10.0,10.0,0.0,null,null,null,null,null
search_and_rescue_uav_ugv_team_012,dispatch,2026-01-18T13:05:00.000Z,start,uav_1,uav,search_and_rescue_uav_ugv_team_012_exec_1,inprogress,92.3,0.0,0.0,0.0,null,null,null,null,null
search_and_rescue_uav_ugv_team_012,dispatch,2026-01-18T13:05:28.000Z,complete,uav_1,uav,search_and_rescue_uav_ugv_team_012_exec_1,done,92.0,0.0,0.0,0.0,null,null,null,null,null
search_and_rescue_uav_ugv_team_012,dispatch,2026-01-18T13:05:29.000Z,start,ugv_1,ugv,search_and_rescue_uav_ugv_team_012_exec_2,inprogress,98.1,0.0,0.0,0.0,null,null,null,null,null
search_and_rescue_uav_ugv_team_012,dispatch,2026-01-18T13:05:56.000Z,complete,ugv_1,ugv,search_and_rescue_uav_ugv_team_012_exec_2,done,97.9,0.0,0.0,0.0,null,null,null,null,null
search_and_rescue_uav_ugv_team_012,takeoff,2026-01-18T13:05:57.000Z,start,uav_1,uav,search_and_rescue_uav_ugv_team_012_exec_3,inprogress,92.0,0.0,0.0,0.0,null,null,null,null,null
search_and_rescue_uav_ugv_team_012,takeoff,2026-01-18T13:06:30.000Z,complete,uav_1,uav,search_and_rescue_uav_ugv_team_012_exec_3,done,91.5,0.0,0.0,5.0,null,null,null,null,null
search_and_rescue_uav_ugv_team_012,scan_sector,2026-01-18T13:06:31.000Z,start,uav_1,uav,search_and_rescue_uav_ugv_team_012_exec_4,inprogress,91.5,0.0,0.0,5.0,null,null,null,null,null
search_and_rescue_uav_ugv_team_012,scan_sector,2026-01-18T13:07:13.000Z,null,uav_1,uav,search_and_rescue_uav_ugv_team_012_exec_4,inprogress,90.6,7.12,2.55,8.09,null,null,null,null,null
search_and_rescue_uav_ugv_team_012,scan_sector,2026-01-18T13:07:55.000Z,null,uav_1,uav,search_and_rescue_uav_ugv_team_012_exec_4,inprogress,89.8,14.24,5.09,11.17,null,null,null,null,null
search_and_rescue_uav_ugv_team_012,scan_sector,2026-01-18T13:08:37.000Z,null,uav_1,uav,search_and_rescue_uav_ugv_team_012_exec_4,inprogress,88.9,21.35,7.64,14.26,null,null,null,null,null
search_and_rescue_uav_ugv_team_012,scan_sector,2026-01-18T13:09:19.000Z,null,uav_1,uav,search_and_rescue_uav_ugv_team_012_exec_4,inprogress,88.0,28.47,10.18,17.34,null,null,null,null,null
search_and_rescue_uav_ugv_team_012,scan_sector,2026-01-18T13:10:01.000Z,null,uav_1,uav,search_and_rescue_uav_ugv_team_012_exec_4,inprogress,87.1,35.59,12.73,20.43,null,null,null,null,null
search_and_rescue_uav_ugv_team_012,scan_sector,2026-01-18T13:10:43.000Z,null,uav_1,uav,search_and_rescue_uav_ugv_team_012_exec_4,inprogress,86.2,42.71,15.27,23.51,null,null,null,null,null
search_and_rescue_uav_ugv_team_012,scan_sector,2026-01-18T13:11:25.000Z,null,uav_1,uav,search_and_rescue_uav_ugv_team_012_exec_4,inprogress,85.3,49.82,17.82,26.6,null,null,null,null,null
search_and_rescue_uav_ugv_team_012,scan_sector,2026-01-18T13:12:08.000Z,complete,uav_1,uav,search_and_rescue_uav_ugv_team_012_exec_4,done,84.5,56.94,20.37,29.69,null,null,null,null,null
search_and_rescue_uav_ugv_team_012,detect_victim,2026-01-18T13:12:09.000Z,start,uav_1,uav,search_and_rescue_uav_ugv_team_012_exec_5,inprogress,84.5,56.94,20.37,29.69,null,null,null,null,null
search_and_rescue_uav_ugv_team_012,detect_victim,2026-01-18T13:12:31.000Z,complete,uav_1,uav,search_and_rescue_uav_ugv_team_012_exec_5,done,84.1,56.94,20.37,29.69,null,null,null,null,null
search_and_rescue_uav_ugv_team_012,send_coordinates,2026-01-18T13:12:32.000Z,start,uav_1,uav,search_and_rescue_uav_ugv_team_012_exec_6,inprogress,84.1,56.94,20.37,29.69,msg_1a4643d33e,victim coordinates and severity,send,uav_1,ugv_1
search_and_rescue_uav_ugv_team_012,send_coordinates,2026-01-18T13:12:39.000Z,complete,uav_1,uav,search_and_rescue_uav_ugv_team_012_exec_6,done,83.9,56.94,20.37,29.69,msg_1a4643d33e,victim coordinates and severity,send,uav_1,ugv_1
search_and_rescue_uav_ugv_team_012,receive_coordinates,2026-01-18T13:12:45.000Z,start,ugv_1,ugv,search_and_rescue_uav_ugv_team_012_exec_7,inprogress,97.9,0.0,0.0,0.0,msg_1a4643d33e,victim coordinates and severity,receive,uav_1,ugv_1
search_and_rescue_uav_ugv_team_012,receive_coordinates,2026-01-18T13:12:49.000Z,complete,ugv_1,ugv,search_and_rescue_uav_ugv_team_012_exec_7,done,97.8,0.0,0.0,0.0,msg_1a4643d33e,victim coordinates and severity,receive,uav_1,ugv_1
search_and_rescue_uav_ugv_team_012,navigate_to_victim,2026-01-18T13:12:50.000Z,start,ugv_1,ugv,search_and_rescue_uav_ugv_team_012_exec_8,inprogress,97.8,0.0,0.0,0.0,null,null,null,null,null
search_and_rescue_uav_ugv_team_012,navigate_to_victim,2026-01-18T13:14:20.000Z,null,ugv_1,ugv,search_and_rescue_uav_ugv_team_012_exec_8,inprogress,96.8,14.89,5.6,0.0,null,null,null,null,null
search_and_rescue_uav_ugv_team_012,navigate_to_victim,2026-01-18T13:15:50.000Z,null,ugv_1,ugv,search_and_rescue_uav_ugv_team_012_exec_8,inprogress,95.7,29.78,11.21,0.0,null,null,null,null,null
search_and_rescue_uav_ugv_team_012,navigate_to_victim,2026-01-18T13:17:20.000Z,null,ugv_1,ugv,search_and_rescue_uav_ugv_team_012_exec_8,inprogress,94.6,44.67,16.81,0.0,null,null,null,null,null
search_and_rescue_uav_ugv_team_012,navigate_to_victim,2026-01-18T13:18:52.000Z,complete,ugv_1,ugv,search_and_rescue_uav_ugv_team_012_exec_8,done,93.5,59.56,22.41,0.0,null,null,null,null,null
search_and_rescue_uav_ugv_team_012,stabilize_area,2026-01-18T13:18:53.000Z,start,ugv_1,ugv,search_and_rescue_uav_ugv_team_012_exec_9,inprogress,93.5,59.56,22.41,0.0,null,null,null,null,null
search_and_rescue_uav_ugv_team_012,stabilize_area,2026-01-18T13:20:04.000Z,null,ugv_1,ugv,search_and_rescue_uav_ugv_team_012_exec_9,inprogress,92.6,59.56,22.41,0.0,null,null,null,null,null
search_and_rescue_uav_ugv_team_012,stabilize_area,2026-01-18T13:21:16.000Z,complete,ugv_1,ugv,search_and_rescue_uav_ugv_team_012_exec_9,done,91.7,59.56,22.41,0.0,null,null,null,null,null
search_and_rescue_uav_ugv_team_012,send_acknowledgment,2026-01-18T13:21:17.000Z,start,ugv_1,ugv,search_and_rescue_uav_ugv_team_012_exec_10,inprogress,91.7,59.56,22.41,0.0,msg_d2accdfc51,area stabilized and escort starting,send,ugv_1,uav_1
search_and_rescue_uav_ugv_team_012,send_acknowledgment,2026-01-18T13:21:24.000Z,complete,ugv_1,ugv,search_and_rescue_uav_ugv_team_012_exec_10,done,91.5,59.56,22.41,0.0,msg_d2accdfc51,area stabilized and escort starting,send,ugv_1,uav_1
search_and_rescue_uav_ugv_team_012,receive_acknowledgment,2026-01-18T13:21:29.000Z,start,uav_1,uav,search_and_rescue_uav_ugv_team_012_exec_11,inprogress,83.9,56.94,20.37,29.69,msg_d2accdfc51,area stabilized and escort starting,receive,ugv_1,uav_1
search_and_rescue_uav_ugv_team_012,receive_acknowledgment,2026-01-18T13:21:33.000Z,complete,uav_1,uav,search_and_rescue_uav_ugv_team_012_exec_11,done,83.8,56.94,20.37,29.69,msg_d2accdfc51,area stabilized and escort starting,receive,ugv_1,uav_1
search_and_rescue_uav_ugv_team_012,escort,2026-01-18T13:21:34.000Z,start,ugv_1,ugv,search_and_rescue_uav_ugv_team_012_exec_12,inprogress,91.5,59.56,22.41,0.0,null,null,null,null,null
search_and_rescue_uav_ugv_team_012,escort,2026-01-18T13:22:17.000Z,null,ugv_1,ugv,search_and_rescue_uav_ugv_team_012_exec_12,inprogress,90.9,51.3,20.34,0.0,null,null,null,null,null
search_and_rescue_uav_ugv_team_012,escort,2026-01-18T13:23:00.000Z,null,ugv_1,ugv,search_and_rescue_uav_ugv_team_012_exec_12,inprogress,90.2,43.04,18.28,0.0,null,null,null,null,null
search_and_rescue_uav_ugv_team_012,escort,2026-01-18T13:23:43.000Z,null,ugv_1,ugv,search_and_rescue_uav_ugv_team_012_exec_12,inprogress,89.6,34.78,16.21,0.0,null,null,null,null,null
search_and_rescue_uav_ugv_team_012,escort,2026-01-18T13:24:26.000Z,null,ugv_1,ugv,search_and_rescue_uav_ugv_team_012_exec_12,inprogress,89.0,26.52,14.14,0.0,null,null,null,null,null
search_and_rescue_uav_ugv_team_012,escort,2026-01-18T13:25:09.000Z,null,ugv_1,ugv,search_and_rescue_uav_ugv_team_012_exec_12,inprogress,88.3,18.26,12.07,0.0,null,null,null,null,null
search_and_rescue_uav_ugv_team_012,escort,2026-01-18T13:25:53.000Z,complete,ugv_1,ugv,search_and_rescue_uav_ugv_team_012_exec_12,done,87.7,10.0,10.0,0.0,null,null,null,null,null
search_and_rescue_uav_ugv_team_012,mission_close,2026-01-18T13:25:54.000Z,start,uav_1,uav,search_and_rescue_uav_ugv_team_012_exec_13,inprogress,83.8,56.94,20.37,29.69,null,null,null,null,null
search_and_rescue_uav_ugv_team_012,mission_close,2026-01-18T13:26:27.000Z,complete,uav_1,uav,search_and_rescue_uav_ugv_team_012_exec_13,done,83.5,56.94,20.37,29.69,null,null,null,null,null
search_and_rescue_uav_ugv_team_012,mission_close,2026-01-18T13:26:28.000Z,start,ugv_1,ugv,search_and_rescue_uav_ugv_team_012_exec_14,inprogress,87.7,10.0,10.0,0.0,null,null,null,null,null
search_and_rescue_uav_ugv_team_012,mission_close,2026-01-18T13:27:01.000Z,complete,ugv_1,ugv,search_and_rescue_uav_ugv_team_012_exec_14,done,87.4,10.0,10.0,0.0,null,null,null,null,null
search_and_rescue_uav_ugv_team_013,dispatch,2026-01-18T13:45:00.000Z,start,uav_1,uav,search_and_rescue_uav_ugv_team_013_exec_1,inprogress,73.9,0.0,0.0,0.0,null,null,null,null,null
search_and_rescue_uav_ugv_team_013,dispatch,2026-01-18T13:45:27.000Z,complete,uav_1,uav,search_and_rescue_uav_ugv_team_013_exec_1,done,73.7,0.0,0.0,0.0,null,null,null,null,null
search_and_rescue_uav_ugv_team_013,dispatch,2026-01-18T13:45:28.000Z,start,ugv_1,ugv,search_and_rescue_uav_ugv_team_013_exec_2,inprogress,96.0,0.0,0.0,0.0,null,null,null,null,null
search_and_rescue_uav_ugv_team_013,dispatch,2026-01-18T13:45:51.000Z,complete,ugv_1,ugv,search_and_rescue_uav_ugv_team_013_exec_2,done,95.9,0.0,0.0,0.0,null,null,null,null,null
search_and_rescue_uav_ugv_team_013,takeoff,2026-01-18T13:45:52.000Z,start,uav_1,uav,search_and_rescue_uav_ugv_team_013_exec_3,inprogress,73.7,0.0,0.0,0.0,null,null,null,null,null
search_and_rescue_uav_ugv_team_013,takeoff,2026-01-18T13:46:22.000Z,complete,uav_1,uav,search_and_rescue_uav_ugv_team_013_exec_3,done,72.9,0.0,0.0,5.0,null,null,null,null,null
search_and_rescue_uav_ugv_team_013,scan_sector,2026-01-18T13:46:23.000Z,start,uav_1,uav,search_and_rescue_uav_ugv_team_013_exec_4,inprogress,72.9,0.0,0.0,5.0,null,null,null,null,null
search_and_rescue_uav_ugv_team_013,scan_sector,2026-01-18T13:47:08.000Z,null,uav_1,uav,search_and_rescue_uav_ugv_team_013_exec_4,inprogress,71.5,7.64,6.86,8.75,null,null,null,null,null
search_and_rescue_uav_ugv_team_013,scan_sector,2026-01-18T13:47:53.000Z,null,uav_1,uav,search_and_rescue_uav_ugv_team_013_exec_4,inprogress,70.2,15.28,13.71,12.49,null,null,null,null,null
search_and_rescue_uav_ugv_team_013,scan_sector,2026-01-18T13:48:38.000Z,null,uav_1,uav,search_and_rescue_uav_ugv_team_013_exec_4,inprogress,68.9,22.93,20.57,16.24,null,null,null,null,null
search_and_rescue_uav_ugv_team_013,scan_sector,2026-01-18T13:49:23.000Z,null,uav_1,uav,search_and_rescue_uav_ugv_team_013_exec_4,inprogress,67.5,30.57,27.42,19.98,null,null,null,null,null
search_and_rescue_uav_ugv_team_013,scan_sector,2026-01-18T13:50:08.000Z,null,uav_1,uav,search_and_rescue_uav_ugv_team_013_exec_4,inprogress,66.2,38.21,34.28,23.73,null,null,null,null,null
search_and_rescue_uav_ugv_team_013,scan_sector,2026-01-18T13:50:53.000Z,complete,uav_1,uav,search_and_rescue_uav_ugv_team_013_exec_4,done,64.9,45.85,41.13,27.47,null,null,null,null,null
search_and_rescue_uav_ugv_team_013,detect_victim,2026-01-18T13:50:54.000Z,start,uav_1,uav,search_and_rescue_uav_ugv_team_013_exec_5,inprogress,64.9,45.85,41.13,27.47,null,null,null,null,null
search_and_rescue_uav_ugv_team_013,detect_victim,2026-01-18T13:51:27.000Z,complete,uav_1,uav,search_and_rescue_uav_ugv_team_013_exec_5,done,64.3,45.85,41.13,27.47,null,null,null,null,null
search_and_rescue_uav_ugv_team_013,send_coordinates,2026-01-18T13:51:28.000Z,start,uav_1,uav,search_and_rescue_uav_ugv_team_013_exec_6,inprogress,64.3,45.85,41.13,27.47,msg_36551196c0,victim coordinates and severity,send,uav_1,ugv_1
search_and_rescue_uav_ugv_team_013,send_coordinates,2026-01-18T13:51:33.000Z,complete,uav_1,uav,search_and_rescue_uav_ugv_team_013_exec_6,done,64.1,45.85,41.13,27.47,msg_36551196c0,victim coordinates and severity,send,uav_1,ugv_1
search_and_rescue_uav_ugv_team_013,receive_coordinates,2026-01-18T13:51:39.000Z,start,ugv_1,ugv,search_and_rescue_uav_ugv_team_013_exec_7,inprogress,95.9,0.0,0.0,0.0,msg_36551196c0,victim coordinates and severity,receive,uav_1,ugv_1
search_and_rescue_uav_ugv_team_013,receive_coordinates,2026-01-18T13:51:43.000Z,complete,ugv_1,ugv,search_and_rescue_uav_ugv_team_013_exec_7,done,95.8,0.0,0.0,0.0,msg_36551196c0,victim coordinates and severity,receive,uav_1,ugv_1
search_and_rescue_uav_ugv_team_013,navigate_to_victim,2026-01-18T13:51:44.000Z,start,ugv_1,ugv,search_and_rescue_uav_ugv_team_013_exec_8,inprogress,95.8,0.0,0.0,0.0,null,null,null,null,null
search_and_rescue_uav_ugv_team_013,navigate_to_victim,2026-01-18T13:52:26.000Z,null,ugv_1,ugv,search_and_rescue_uav_ugv_team_013_exec_8,inprogress,94.9,6.46,9.36,0.0,null,null,null,null,null
search_and_rescue_uav_ugv_team_013,navigate_to_victim,2026-01-18T13:53:08.000Z,null,ugv_1,ugv,search_and_rescue_uav_ugv_team_013_exec_8,inprogress,94.1,12.92,18.73,0.0,null,null,null,null,null
search_and_rescue_uav_ugv_team_013,navigate_to_victim,2026-01-18T13:53:50.000Z,null,ugv_1,ugv,search_and_rescue_uav_ugv_team_013_exec_8,inprogress,93.2,19.38,28.09,0.0,null,null,null,null,null
search_and_rescue_uav_ugv_team_013,navigate_to_victim,2026-01-18T13:54:32.000Z,null,ugv_1,ugv,search_and_rescue_uav_ugv_team_013_exec_8,inprogress,92.4,25.85,37.46,0.0,null,null,null,null,null
search_and_rescue_uav_ugv_team_013,navigate_to_victim,2026-01-18T13:55:18.000Z,complete,ugv_1,ugv,search_and_rescue_uav_ugv_team_013_exec_8,done,91.5,32.31,46.82,0.0,null,null,null,null,null
search_and_rescue_uav_ugv_team_013,reroute,2026-01-18T13:55:19.000Z,start,ugv_1,ugv,search_and_rescue_uav_ugv_team_013_exec_9,inprogress,91.5,32.31,46.82,0.0,null,null,null,null,null
search_and_rescue_uav_ugv_team_013,reroute,2026-01-18T13:55:52.000Z,null,ugv_1,ugv,search_and_rescue_uav_ugv_team_013_exec_9,inprogress,91.2,32.31,46.82,0.0,null,null,null,null,null
search_and_rescue_uav_ugv_team_013,reroute,2026-01-18T13:56:26.000Z,complete,ugv_1,ugv,search_and_rescue_uav_ugv_team_013_exec_9,done,90.8,32.31,46.82,0.0,null,null,null,null,null
search_and_rescue_uav_ugv_team_013,navigate_to_victim,2026-01-18T13:56:27.000Z,start,ugv_1,ugv,search_and_rescue_uav_ugv_team_013_exec_10,inprogress,90.8,32.31,46.82,0.0,null,null,null,null,null
search_and_rescue_uav_ugv_team_013,navigate_to_victim,2026-01-18T13:57:21.000Z,null,ugv_1,ugv,search_and_rescue_uav_ugv_team_013_exec_10,inprogress,90.0,34.01,46.14,0.0,null,null,null,null,null
search_and_rescue_uav_ugv_team_013,navigate_to_victim,2026-01-18T13:58:15.000Z,null,ugv_1,ugv,search_and_rescue_uav_ugv_team_013_exec_10,inprogress,89.2,35.72,45.47,0.0,null,null,null,null,null
search_and_rescue_uav_ugv_team_013,navigate_to_victim,2026-01-18T13:59:09.000Z,null,ugv_1,ugv,search_and_rescue_uav_ugv_team_013_exec_10,inprogress,88.5,37.42,44.79,0.0,null,null,null,null,null
search_and_rescue_uav_ugv_team_013,navigate_to_victim,2026-01-18T14:00:03.000Z,null,ugv_1,ugv,search_and_rescue_uav_ugv_team_013_exec_10,inprogress,87.7,39.13,44.11,0.0,null,null,null,null,null
search_and_rescue_uav_ugv_team_013,navigate_to_victim,2026-01-18T14:00:57.000Z,null,ugv_1,ugv,search_and_rescue_uav_ugv_team_013_exec_10,inprogress,86.9,40.83,43.44,0.0,null,null,null,null,null
search_and_rescue_uav_ugv_team_013,navigate_to_victim,2026-01-18T14:01:51.000Z,null,ugv_1,ugv,search_and_rescue_uav_ugv_team_013_exec_10,inprogress,86.1,42.54,42.76,0.0,null,null,null,null,null
search_and_rescue_uav_ugv_team_013,navigate_to_victim,2026-01-18T14:02:51.000Z,complete,ugv_1,ugv,search_and_rescue_uav_ugv_team_013_exec_10,done,85.4,44.24,42.08,0.0,null,null,null,null,null
search_and_rescue_uav_ugv_team_013,stabilize_area,2026-01-18T14:02:52.000Z,start,ugv_1,ugv,search_and_rescue_uav_ugv_team_013_exec_11,inprogress,85.4,44.24,42.08,0.0,null,null,null,null,null
search_and_rescue_uav_ugv_team_013,stabilize_area,2026-01-18T14:03:33.000Z,null,ugv_1,ugv,search_and_rescue_uav_ugv_team_013_exec_11,inprogress,84.7,44.24,42.08,0.0,null,null,null,null,null
search_and_rescue_uav_ugv_team_013,stabilize_area,2026-01-18T14:04:14.000Z,null,ugv_1,ugv,search_and_rescue_uav_ugv_team_013_exec_11,inprogress,84.0,44.24,42.08,0.0,null,null,null,null,null
search_and_rescue_uav_ugv_team_013,stabilize_area,2026-01-18T14:04:55.000Z,null,ugv_1,ugv,search_and_rescue_uav_ugv_team_013_exec_11,inprogress,83.3,44.24,42.08,0.0,null,null,null,null,null
search_and_rescue_uav_ugv_team_013,stabilize_area,2026-01-18T14:05:37.000Z,complete,ugv_1,ugv,search_and_rescue_uav_ugv_team_013_exec_11,done,82.6,44.24,42.08,0.0,null,null,null,null,null
search_and_rescue_uav_ugv_team_013,send_acknowledgment,2026-01-18T14:05:38.000Z,start,ugv_1,ugv,search_and_rescue_uav_ugv_team_013_exec_12,inprogress,82.6,44.24,42.08,0.0,msg_87b98ad438,area stabilized and escort starting,send,ugv_1,uav_1
search_and_rescue_uav_ugv_team_013,send_acknowledgment,2026-01-18T14:05:45.000Z,complete,ugv_1,ugv,search_and_rescue_uav_ugv_team_013_exec_12,done,82.4,44.24,42.08,0.0,msg_87b98ad438,area stabilized and escort starting,send,ugv_1,uav_1
search_and_rescue_uav_ugv_team_013,receive_acknowledgment,2026-01-18T14:05:50.000Z,start,uav_1,uav,search_and_rescue_uav_ugv_team_013_exec_13,inprogress,64.1,45.85,41.13,27.47,msg_87b98ad438,area stabilized and escort starting,receive,ugv_1,uav_1
search_and_rescue_uav_ugv_team_013,receive_acknowledgment,2026-01-18T14:05:54.000Z,complete,uav_1,uav,search_and_rescue_uav_ugv_team_013_exec_13,done,64.0,45.85,41.13,27.47,msg_87b98ad438,area stabilized and escort starting,receive,ugv_1,uav_1
search_and_rescue_uav_ugv_team_013,escort,2026-01-18T14:05:55.000Z,start,ugv_1,ugv,search_and_rescue_uav_ugv_team_013_exec_14,inprogress,82.4,44.24,42.08,0.0,null,null,null,null,null
search_and_rescue_uav_ugv_team_013,escort,2026-01-18T14:06:57.000Z,null,ugv_1,ugv,search_and_rescue_uav_ugv_team_013_exec_14,inprogress,81.7,37.39,35.67,0.0,null,null,null,null,null
search_and_rescue_uav_ugv_team_013,escort,2026-01-18T14:07:59.000Z,null,ugv_1,ugv,search_and_rescue_uav_ugv_team_013_exec_14,inprogress,81.0,30.54,29.25,0.0,null,null,null,null,null
search_and_rescue_uav_ugv_team_013,escort,2026-01-18T14:09:01.000Z,null,ugv_1,ugv,search_and_rescue_uav_ugv_team_013_exec_14,inprogress,80.3,23.7,22.83,0.0,null,null,null,null,null
search_and_rescue_uav_ugv_team_013,escort,2026-01-18T14:10:03.000Z,null,ugv_1,ugv,search_and_rescue_uav_ugv_team_013_exec_14,inprogress,79.6,16.85,16.42,0.0,null,null,null,null,null
search_and_rescue_uav_ugv_team_013,escort,2026-01-18T14:11:05.000Z,complete,ugv_1,ugv,search_and_rescue_uav_ugv_team_013_exec_14,done,78.9,10.0,10.0,0.0,null,null,null,null,null
search_and_rescue_uav_ugv_team_013,mission_close,2026-01-18T14:11:06.000Z,start,uav_1,uav,search_and_rescue_uav_ugv_team_013_exec_15,inprogress,64.0,45.85,41.13,27.47,null,null,null,null,null
search_and_rescue_uav_ugv_team_013,mission_close,2026-01-18T14:11:40.000Z,complete,uav_1,uav,search_and_rescue_uav_ugv_team_013_exec_15,done,63.8,45.85,41.13,27.47,null,null,null,null,null
search_and_rescue_uav_ugv_team_013,mission_close,2026-01-18T14:11:41.000Z,start,ugv_1,ugv,search_and_rescue_uav_ugv_team_013_exec_16,inprogress,78.9,10.0,10.0,0.0,null,null,null,null,null
search_and_rescue_uav_ugv_team_013,mission_close,2026-01-18T14:12:09.000Z,complete,ugv_1,ugv,search_and_rescue_uav_ugv_team_013_exec_16,done,78.6,10.0,10.0,0.0,null,null,null,null,null
search_and_rescue_uav_ugv_team_014,dispatch,2026-01-18T14:25:00.000Z,start,uav_1,uav,search_and_rescue_uav_ugv_team_014_exec_1,inprogress,78.5,0.0,0.0,0.0,null,null,null,null,null
search_and_rescue_uav_ugv_team_014,dispatch,2026-01-18T14:25:12.000Z,complete,uav_1,uav,search_and_rescue_uav_ugv_team_014_exec_1,done,78.3,0.0,0.0,0.0,null,null,null,null,null
search_and_rescue_uav_ugv_team_014,dispatch,2026-01-18T14:25:13.000Z,start,ugv_1,ugv,search_and_rescue_uav_ugv_team_014_exec_2,inprogress,98.6,0.0,0.0,0.0,null,null,null,null,null
search_and_rescue_uav_ugv_team_014,dispatch,2026-01-18T14:25:26.000Z,complete,ugv_1,ugv,search_and_rescue_uav_ugv_team_014_exec_2,done,98.3,0.0,0.0,0.0,null,null,null,null,null
search_and_rescue_uav_ugv_team_014,takeoff,2026-01-18T14:25:27.000Z,start,uav_1,uav,search_and_rescue_uav_ugv_team_014_exec_3,inprogress,78.3,0.0,0.0,0.0,null,null,null,null,null
search_and_rescue_uav_ugv_team_014,takeoff,2026-01-18T14:25:57.000Z,complete,uav_1,uav,search_and_rescue_uav_ugv_team_014_exec_3,done,77.5,0.0,0.0,5.0,null,null,null,null,null
search_and_rescue_uav_ugv_team_014,scan_sector,2026-01-18T14:25:58.000Z,start,uav_1,uav,search_and_rescue_uav_ugv_team_014_exec_4,inprogress,77.5,0.0,0.0,5.0,null,null,null,null,null
search_and_rescue_uav_ugv_team_014,scan_sector,2026-01-18T14:26:37.000Z,null,uav_1,uav,search_and_rescue_uav_ugv_team_014_exec_4,inprogress,76.2,9.84,4.88,8.22,null,null,null,null,null
search_and_rescue_uav_ugv_team_014,scan_sector,2026-01-18T14:27:16.000Z,null,uav_1,uav,search_and_rescue_uav_ugv_team_014_exec_4,inprogress,74.9,19.68,9.75,11.43,null,null,null,null,null
search_and_rescue_uav_ugv_team_014,scan_sector,2026-01-18T14:27:55.000Z,null,uav_1,uav,search_and_rescue_uav_ugv_team_014_exec_4,inprogress,73.6,29.52,14.63,14.65,null,null,null,null,null
search_and_rescue_uav_ugv_team_014,scan_sector,2026-01-18T14:28:34.000Z,null,uav_1,uav,search_and_rescue_uav_ugv_team_014_exec_4,inprogress,72.3,39.36,19.5,17.86,null,null,null,null,null
search_and_rescue_uav_ugv_team_014,scan_sector,2026-01-18T14:29:13.000Z,null,uav_1,uav,search_and_rescue_uav_ugv_team_014_exec_4,inprogress,71.0,49.2,24.38,21.08,null,null,null,null,null
search_and_rescue_uav_ugv_team_014,scan_sector,2026-01-18T14:29:52.000Z,null,uav_1,uav,search_and_rescue_uav_ugv_team_014_exec_4,inprogress,69.7,59.04,29.26,24.29,null,null,null,null,null
search_and_rescue_uav_ugv_team_014,scan_sector,2026-01-18T14:30:37.000Z,complete,uav_1,uav,search_and_rescue_uav_ugv_team_014_exec_4,done,68.4,68.88,34.13,27.51,null,null,null,null,null
search_and_rescue_uav_ugv_team_014,detect_victim,2026-01-18T14:30:38.000Z,start,uav_1,uav,search_and_rescue_uav_ugv_team_014_exec_5,inprogress,68.4,68.88,34.13,27.51,null,null,null,null,null
search_and_rescue_uav_ugv_team_014,detect_victim,2026-01-18T14:30:56.000Z,complete,uav_1,uav,search_and_rescue_uav_ugv_team_014_exec_5,done,67.9,68.88,34.13,27.51,null,null,null,null,null
search_and_rescue_uav_ugv_team_014,send_coordinates,2026-01-18T14:30:57.000Z,start,uav_1,uav,search_and_rescue_uav_ugv_team_014_exec_6,inprogress,67.9,68.88,34.13,27.51,msg_d50efad0dc,victim coordinates and severity,send,uav_1,ugv_1
search_and_rescue_uav_ugv_team_014,send_coordinates,2026-01-18T14:31:03.000Z,complete,uav_1,uav,search_and_rescue_uav_ugv_team_014_exec_6,done,67.7,68.88,34.13,27.51,msg_d50efad0dc,victim coordinates and severity,send,uav_1,ugv_1
search_and_rescue_uav_ugv_team_014,receive_coordinates,2026-01-18T14:31:09.000Z,start,ugv_1,ugv,search_and_rescue_uav_ugv_team_014_exec_7,inprogress,98.3,0.0,0.0,0.0,msg_d50efad0dc,victim coordinates and severity,receive,uav_1,ugv_1
search_and_rescue_uav_ugv_team_014,receive_coordinates,2026-01-18T14:31:13.000Z,complete,ugv_1,ugv,search_and_rescue_uav_ugv_team_014_exec_7,done,98.2,0.0,0.0,0.0,msg_d50efad0dc,victim coordinates and severity,receive,uav_1,ugv_1
search_and_rescue_uav_ugv_team_014,navigate_to_victim,2026-01-18T14:31:14.000Z,start,ugv_1,ugv,search_and_rescue_uav_ugv_team_014_exec_8,inprogress,98.2,0.0,0.0,0.0,null,null,null,null,null
search_and_rescue_uav_ugv_team_014,navigate_to_victim,2026-01-18T14:32:01.000Z,null,ugv_1,ugv,search_and_rescue_uav_ugv_team_014_exec_8,inprogress,97.0,11.75,5.67,0.0,null,null,null,null,null
search_and_rescue_uav_ugv_team_014,navigate_to_victim,2026-01-18T14:32:48.000Z,null,ugv_1,ugv,search_and_rescue_uav_ugv_team_014_exec_8,inprogress,95.8,23.5,11.34,0.0,null,null,null,null,null
search_and_rescue_uav_ugv_team_014,navigate_to_victim,2026-01-18T14:33:35.000Z,null,ugv_1,ugv,search_and_rescue_uav_ugv_team_014_exec_8,inprogress,94.6,35.25,17.02,0.0,null,null,null,null,null
search_and_rescue_uav_ugv_team_014,navigate_to_victim,2026-01-18T14:34:22.000Z,null,ugv_1,ugv,search_and_rescue_uav_ugv_team_014_exec_8,inprogress,93.4,47.0,22.69,0.0,null,null,null,null,null
search_and_rescue_uav_ugv_team_014,navigate_to_victim,2026-01-18T14:35:09.000Z,null,ugv_1,ugv,search_and_rescue_uav_ugv_team_014_exec_8,inprogress,92.2,58.75,28.36,0.0,null,null,null,null,null
search_and_rescue_uav_ugv_team_014,navigate_to_victim,2026-01-18T14:36:00.000Z,complete,ugv_1,ugv,search_and_rescue_uav_ugv_team_014_exec_8,done,91.0,70.5,34.03,0.0,null,null,null,null,null
search_and_rescue_uav_ugv_team_014,stabilize_area,2026-01-18T14:36:01.000Z,start,ugv_1,ugv,search_and_rescue_uav_ugv_team_014_exec_9,inprogress,91.0,70.5,34.03,0.0,null,null,null,null,null
search_and_rescue_uav_ugv_team_014,stabilize_area,2026-01-18T14:36:38.000Z,null,ugv_1,ugv,search_and_rescue_uav_ugv_team_014_exec_9,inprogress,90.6,70.5,34.03,0.0,null,null,null,null,null
search_and_rescue_uav_ugv_team_014,stabilize_area,2026-01-18T14:37:15.000Z,null,ugv_1,ugv,search_and_rescue_uav_ugv_team_014_exec_9,inprogress,90.3,70.5,34.03,0.0,null,null,null,null,null
search_and_rescue_uav_ugv_team_014,stabilize_area,2026-01-18T14:37:52.000Z,null,ugv_1,ugv,search_and_rescue_uav_ugv_team_014_exec_9,inprogress,90.0,70.5,34.03,0.0,null,null,null,null,null
search_and_rescue_uav_ugv_team_014,stabilize_area,2026-01-18T14:38:30.000Z,complete,ugv_1,ugv,search_and_rescue_uav_ugv_team_014_exec_9,done,89.7,70.5,34.03,0.0,null,null,null,null,null
search_and_rescue_uav_ugv_team_014,send_acknowledgment,2026-01-18T14:38:31.000Z,start,ugv_1,ugv,search_and_rescue_uav_ugv_team_014_exec_10,inprogress,89.7,70.5,34.03,0.0,msg_e0246c8cee,area stabilized and escort starting,send,ugv_1,uav_1
search_and_rescue_uav_ugv_team_014,send_acknowledgment,2026-01-18T14:38:35.000Z,complete,ugv_1,ugv,search_and_rescue_uav_ugv_team_014_exec_10,done,89.5,70.5,34.03,0.0,msg_e0246c8cee,area stabilized and escort starting,send,ugv_1,uav_1
search_and_rescue_uav_ugv_team_014,receive_acknowledgment,2026-01-18T14:38:40.000Z,start,uav_1,uav,search_and_rescue_uav_ugv_team_014_exec_11,inprogress,67.7,68.88,34.13,27.51,msg_e0246c8cee,area stabilized and escort starting,receive,ugv_1,uav_1
search_and_rescue_uav_ugv_team_014,receive_acknowledgment,2026-01-18T14:38:44.000Z,complete,uav_1,uav,search_and_rescue_uav_ugv_team_014_exec_11,done,67.6,68.88,34.13,27.51,msg_e0246c8cee,area stabilized and escort starting,receive,ugv_1,uav_1
search_and_rescue_uav_ugv_team_014,escort,2026-01-18T14:38:45.000Z,start,ugv_1,ugv,search_and_rescue_uav_ugv_team_014_exec_12,inprogress,89.5,70.5,34.03,0.0,null,null,null,null,null
search_and_rescue_uav_ugv_team_014,escort,2026-01-18T14:40:21.000Z,null,ugv_1,ugv,search_and_rescue_uav_ugv_team_014_exec_12,inprogress,88.1,50.34,26.02,0.0,null,null,null,null,null
search_and_rescue_uav_ugv_team_014,escort,2026-01-18T14:41:57.000Z,null,ugv_1,ugv,search_and_rescue_uav_ugv_team_014_exec_12,inprogress,86.6,30.17,18.01,0.0,null,null,null,null,null
search_and_rescue_uav_ugv_team_014,escort,2026-01-18T14:43:35.000Z,complete,ugv_1,ugv,search_and_rescue_uav_ugv_team_014_exec_12,done,85.2,10.0,10.0,0.0,null,null,null,null,null
search_and_rescue_uav_ugv_team_014,mission_close,2026-01-18T14:43:36.000Z,start,uav_1,uav,search_and_rescue_uav_ugv_team_014_exec_13,inprogress,67.6,68.88,34.13,27.51,null,null,null,null,null
search_and_rescue_uav_ugv_team_014,mission_close,2026-01-18T14:44:06.000Z,complete,uav_1,uav,search_and_rescue_uav_ugv_team_014_exec_13,done,67.2,68.88,34.13,27.51,null,null,null,null,null
search_and_rescue_uav_ugv_team_014,mission_close,2026-01-18T14:44:07.000Z,start,ugv_1,ugv,search_and_rescue_uav_ugv_team_014_exec_14,inprogress,85.2,10.0,10.0,0.0,null,null,null,null,null
search_and_rescue_uav_ugv_team_014,mission_close,2026-01-18T14:44:41.000Z,complete,ugv_1,ugv,search_and_rescue_uav_ugv_team_014_exec_14,done,84.8,10.0,10.0,0.0,null,null,null,null,null
search_and_rescue_uav_ugv_team_015,dispatch,2026-01-18T15:05:00.000Z,start,uav_1,uav,search_and_rescue_uav_ugv_team_015_exec_1,inprogress,72.9,0.0,0.0,0.0,null,null,null,null,null
search_and_rescue_uav_ugv_team_015,dispatch,2026-01-18T15:05:21.000Z,complete,uav_1,uav,search_and_rescue_uav_ugv_team_015_exec_1,done,72.6,0.0,0.0,0.0,null,null,null,null,null
search_and_rescue_uav_ugv_team_015,dispatch,2026-01-18T15:05:22.000Z,start,ugv_1,ugv,search_and_rescue_uav_ugv_team_015_exec_2,inprogress,88.9,0.0,0.0,0.0,null,null,null,null,null
search_and_rescue_uav_ugv_team_015,dispatch,2026-01-18T15:05:39.000Z,complete,ugv_1,ugv,search_and_rescue_uav_ugv_team_015_exec_2,done,88.7,0.0,0.0,0.0,null,null,null,null,null
search_and_rescue_uav_ugv_team_015,takeoff,2026-01-18T15:05:40.000Z,start,uav_1,uav,search_and_rescue_uav_ugv_team_015_exec_3,inprogress,72.6,0.0,0.0,0.0,null,null,null,null,null
search_and_rescue_uav_ugv_team_015,takeoff,2026-01-18T15:05:59.000Z,complete,uav_1,uav,search_and_rescue_uav_ugv_team_015_exec_3,done,72.1,0.0,0.0,5.0,null,null,null,null,null
search_and_rescue_uav_ugv_team_015,scan_sector,2026-01-18T15:06:00.000Z,start,uav_1,uav,search_and_rescue_uav_ugv_team_015_exec_4,inprogress,72.1,0.0,0.0,5.0,null,null,null,null,null
search_and_rescue_uav_ugv_team_015,scan_sector,2026-01-18T15:06:45.000Z,null,uav_1,uav,search_and_rescue_uav_ugv_team_015_exec_4,inprogress,71.0,5.7,6.65,7.62,null,null,null,null,null
search_and_rescue_uav_ugv_team_015,scan_sector,2026-01-18T15:07:30.000Z,null,uav_1,uav,search_and_rescue_uav_ugv_team_015_exec_4,inprogress,70.0,11.39,13.3,10.24,null,null,null,null,null
search_and_rescue_uav_ugv_team_015,scan_sector,2026-01-18T15:08:15.000Z,null,uav_1,uav,search_and_rescue_uav_ugv_team_015_exec_4,inprogress,68.9,17.09,19.95,12.86,null,null,null,null,null
search_and_rescue_uav_ugv_team_015,scan_sector,2026-01-18T15:09:00.000Z,null,uav_1,uav,search_and_rescue_uav_ugv_team_015_exec_4,inprogress,67.9,22.78,26.6,15.48,null,null,null,null,null
search_and_rescue_uav_ugv_team_015,scan_sector,2026-01-18T15:09:45.000Z,null,uav_1,uav,search_and_rescue_uav_ugv_team_015_exec_4,inprogress,66.8,28.48,33.25,18.1,null,null,null,null,null
search_and_rescue_uav_ugv_team_015,scan_sector,2026-01-18T15:10:30.000Z,null,uav_1,uav,search_and_rescue_uav_ugv_team_015_exec_4,inprogress,65.8,34.17,39.9,20.72,null,null,null,null,null
search_and_rescue_uav_ugv_team_015,scan_sector,2026-01-18T15:11:15.000Z,null,uav_1,uav,search_and_rescue_uav_ugv_team_015_exec_4,inprogress,64.7,39.87,46.55,23.34,null,null,null,null,null
search_and_rescue_uav_ugv_team_015,scan_sector,2026-01-18T15:12:05.000Z,complete,uav_1,uav,search_and_rescue_uav_ugv_team_015_exec_4,done,63.7,45.56,53.2,25.96,null,null,null,null,null
search_and_rescue_uav_ugv_team_015,detect_victim,2026-01-18T15:12:06.000Z,start,uav_1,uav,search_and_rescue_uav_ugv_team_015_exec_5,inprogress,63.7,45.56,53.2,25.96,null,null,null,null,null
search_and_rescue_uav_ugv_team_015,detect_victim,2026-01-18T15:12:26.000Z,complete,uav_1,uav,search_and_rescue_uav_ugv_team_015_exec_5,done,63.3,45.56,53.2,25.96,null,null,null,null,null
search_and_rescue_uav_ugv_team_015,send_coordinates,2026-01-18T15:12:27.000Z,start,uav_1,uav,search_and_rescue_uav_ugv_team_015_exec_6,inprogress,63.3,45.56,53.2,25.96,msg_a1bce33f0c,victim coordinates and severity,send,uav_1,ugv_1
search_and_rescue_uav_ugv_team_015,send_coordinates,2026-01-18T15:12:33.000Z,complete,uav_1,uav,search_and_rescue_uav_ugv_team_015_exec_6,done,63.1,45.56,53.2,25.96,msg_a1bce33f0c,victim coordinates and severity,send,uav_1,ugv_1
search_and_rescue_uav_ugv_team_015,receive_coordinates,2026-01-18T15:12:39.000Z,start,ugv_1,ugv,search_and_rescue_uav_ugv_team_015_exec_7,inprogress,88.7,0.0,0.0,0.0,msg_a1bce33f0c,victim coordinates and severity,receive,uav_1,ugv_1
search_and_rescue_uav_ugv_team_015,receive_coordinates,2026-01-18T15:12:43.000Z,complete,ugv_1,ugv,search_and_rescue_uav_ugv_team_015_exec_7,done,88.6,0.0,0.0,0.0,msg_a1bce33f0c,victim coordinates and severity,receive,uav_1,ugv_1
search_and_rescue_uav_ugv_team_015,navigate_to_victim,2026-01-18T15:12:44.000Z,start,ugv_1,ugv,search_and_rescue_uav_ugv_team_015_exec_8,inprogress,88.6,0.0,0.0,0.0,null,null,null,null,null
search_and_rescue_uav_ugv_team_015,navigate_to_victim,2026-01-18T15:13:42.000Z,null,ugv_1,ugv,search_and_rescue_uav_ugv_team_015_exec_8,inprogress,87.0,12.06,12.76,0.0,null,null,null,null,null
search_and_rescue_uav_ugv_team_015,navigate_to_victim,2026-01-18T15:14:40.000Z,null,ugv_1,ugv,search_and_rescue_uav_ugv_team_015_exec_8,inprogress,85.4,24.11,25.52,0.0,null,null,null,null,null
search_and_rescue_uav_ugv_team_015,navigate_to_victim,2026-01-18T15:15:38.000Z,null,ugv_1,ugv,search_and_rescue_uav_ugv_team_015_exec_8,inprogress,83.8,36.17,38.28,0.0,null,null,null,null,null
search_and_rescue_uav_ugv_team_015,navigate_to_victim,2026-01-18T15:16:39.000Z,complete,ugv_1,ugv,search_and_rescue_uav_ugv_team_015_exec_8,done,82.3,48.23,51.04,0.0,null,null,null,null,null
search_and_rescue_uav_ugv_team_015,stabilize_area,2026-01-18T15:16:40.000Z,start,ugv_1,ugv,search_and_rescue_uav_ugv_team_015_exec_9,inprogress,82.3,48.23,51.04,0.0,null,null,null,null,null
search_and_rescue_uav_ugv_team_015,stabilize_area,2026-01-18T15:17:12.000Z,null,ugv_1,ugv,search_and_rescue_uav_ugv_team_015_exec_9,inprogress,81.7,48.23,51.04,0.0,null,null,null,null,null
search_and_rescue_uav_ugv_team_015,stabilize_area,2026-01-18T15:17:44.000Z,null,ugv_1,ugv,search_and_rescue_uav_ugv_team_015_exec_9,inprogress,81.1,48.23,51.04,0.0,null,null,null,null,null
search_and_rescue_uav_ugv_team_015,stabilize_area,2026-01-18T15:18:16.000Z,complete,ugv_1,ugv,search_and_rescue_uav_ugv_team_015_exec_9,done,80.5,48.23,51.04,0.0,null,null,null,null,null
search_and_rescue_uav_ugv_team_015,send_acknowledgment,2026-01-18T15:18:17.000Z,start,ugv_1,ugv,search_and_rescue_uav_ugv_team_015_exec_10,inprogress,80.5,48.23,51.04,0.0,msg_0799a5c3a0,area stabilized and escort starting,send,ugv_1,uav_1
search_and_rescue_uav_ugv_team_015,send_acknowledgment,2026-01-18T15:18:25.000Z,complete,ugv_1,ugv,search_and_rescue_uav_ugv_team_015_exec_10,done,80.3,48.23,51.04,0.0,msg_0799a5c3a0,area stabilized and escort starting,send,ugv_1,uav_1
search_and_rescue_uav_ugv_team_015,receive_acknowledgment,2026-01-18T15:18:30.000Z,start,uav_1,uav,search_and_rescue_uav_ugv_team_015_exec_11,inprogress,63.1,45.56,53.2,25.96,msg_0799a5c3a0,area stabilized and escort starting,receive,ugv_1,uav_1
search_and_rescue_uav_ugv_team_015,receive_acknowledgment,2026-01-18T15:18:34.000Z,complete,uav_1,uav,search_and_rescue_uav_ugv_team_015_exec_11,done,63.0,45.56,53.2,25.96,msg_0799a5c3a0,area stabilized and escort starting,receive,ugv_1,uav_1
search_and_rescue_uav_ugv_team_015,escort,2026-01-18T15:18:35.000Z,start,ugv_1,ugv,search_and_rescue_uav_ugv_team_015_exec_12,inprogress,80.3,48.23,51.04,0.0,null,null,null,null,null
search_and_rescue_uav_ugv_team_015,escort,2026-01-18T15:19:12.000Z,null,ugv_1,ugv,search_and_rescue_uav_ugv_team_015_exec_12,inprogress,79.4,40.58,42.84,0.0,null,null,null,null,null
search_and_rescue_uav_ugv_team_015,escort,2026-01-18T15:19:49.000Z,null,ugv_1,ugv,search_and_rescue_uav_ugv_team_015_exec_12,inprogress,78.6,32.94,34.63,0.0,null,null,null,null,null
search_and_rescue_uav_ugv_team_015,escort,2026-01-18T15:20:26.000Z,null,ugv_1,ugv,search_and_rescue_uav_ugv_team_015_exec_12,inprogress,77.7,25.29,26.42,0.0,null,null,null,null,null
search_and_rescue_uav_ugv_team_015,escort,2026-01-18T15:21:03.000Z,null,ugv_1,ugv,search_and_rescue_uav_ugv_team_015_exec_12,inprogress,76.8,17.65,18.21,0.0,null,null,null,null,null
search_and_rescue_uav_ugv_team_015,escort,2026-01-18T15:21:41.000Z,complete,ugv_1,ugv,search_and_rescue_uav_ugv_team_015_exec_12,done,76.0,10.0,10.0,0.0,null,null,null,null,null
search_and_rescue_uav_ugv_team_015,mission_close,2026-01-18T15:21:42.000Z,start,uav_1,uav,search_and_rescue_uav_ugv_team_015_exec_13,inprogress,63.0,45.56,53.2,25.96,null,null,null,null,null
search_and_rescue_uav_ugv_team_015,mission_close,2026-01-18T15:22:15.000Z,complete,uav_1,uav,search_and_rescue_uav_ugv_team_015_exec_13,done,62.7,45.56,53.2,25.96,null,null,null,null,null
search_and_rescue_uav_ugv_team_015,mission_close,2026-01-18T15:22:16.000Z,start,ugv_1,ugv,search_and_rescue_uav_ugv_team_015_exec_14,inprogress,76.0,10.0,10.0,0.0,null,null,null,null,null
search_and_rescue_uav_ugv_team_015,mission_close,2026-01-18T15:22:47.000Z,complete,ugv_1,ugv,search_and_rescue_uav_ugv_team_015_exec_14,done,75.6,10.0,10.0,0.0,null,null,null,null,null
search_and_rescue_uav_ugv_team_016,dispatch,2026-01-18T15:45:00.000Z,start,uav_1,uav,search_and_rescue_uav_ugv_team_016_exec_1,inprogress,73.6,0.0,0.0,0.0,null,null,null,null,null
search_and_rescue_uav_ugv_team_016,dispatch,2026-01-18T15:45:19.000Z,complete,uav_1,uav,search_and_rescue_uav_ugv_team_016_exec_1,done,73.4,0.0,0.0,0.0,null,null,null,null,null
search_and_rescue_uav_ugv_team_016,dispatch,2026-01-18T15:45:20.000Z,start,ugv_1,ugv,search_and_rescue_uav_ugv_team_016_exec_2,inprogress,81.1,0.0,0.0,0.0,null,null,null,null,null
search_and_rescue_uav_ugv_team_016,dispatch,2026-01-18T15:45:34.000Z,complete,ugv_1,ugv,search_and_rescue_uav_ugv_team_016_exec_2,done,80.8,0.0,0.0,0.0,null,null,null,null,null
search_and_rescue_uav_ugv_team_016,takeoff,2026-01-18T15:45:35.000Z,start,uav_1,uav,search_and_rescue_uav_ugv_team_016_exec_3,inprogress,73.4,0.0,0.0,0.0,null,null,null,null,null
search_and_rescue_uav_ugv_team_016,takeoff,2026-01-18T15:45:52.000Z,complete,uav_1,uav,search_and_rescue_uav_ugv_team_016_exec_3,done,72.4,0.0,0.0,5.0,null,null,null,null,null
search_and_rescue_uav_ugv_team_016,scan_sector,2026-01-18T15:45:53.000Z,start,uav_1,uav,search_and_rescue_uav_ugv_team_016_exec_4,inprogress,72.4,0.0,0.0,5.0,null,null,null,null,null
search_and_rescue_uav_ugv_team_016,scan_sector,2026-01-18T15:46:24.000Z,null,uav_1,uav,search_and_rescue_uav_ugv_team_016_exec_4,inprogress,71.3,4.32,2.94,7.57,null,null,null,null,null
search_and_rescue_uav_ugv_team_016,scan_sector,2026-01-18T15:46:55.000Z,null,uav_1,uav,search_and_rescue_uav_ugv_team_016_exec_4,inprogress,70.1,8.64,5.87,10.13,null,null,null,null,null
search_and_rescue_uav_ugv_team_016,scan_sector,2026-01-18T15:47:26.000Z,null,uav_1,uav,search_and_rescue_uav_ugv_team_016_exec_4,inprogress,68.9,12.97,8.81,12.7,null,null,null,null,null
search_and_rescue_uav_ugv_team_016,scan_sector,2026-01-18T15:47:57.000Z,null,uav_1,uav,search_and_rescue_uav_ugv_team_016_exec_4,inprogress,67.8,17.29,11.74,15.27,null,null,null,null,null
search_and_rescue_uav_ugv_team_016,scan_sector,2026-01-18T15:48:28.000Z,null,uav_1,uav,search_and_rescue_uav_ugv_team_016_exec_4,inprogress,66.6,21.61,14.68,17.84,null,null,null,null,null
search_and_rescue_uav_ugv_team_016,scan_sector,2026-01-18T15:48:59.000Z,null,uav_1,uav,search_and_rescue_uav_ugv_team_016_exec_4,inprogress,65.5,25.93,17.62,20.4,null,null,null,null,null
search_and_rescue_uav_ugv_team_016,scan_sector,2026-01-18T15:49:30.000Z,null,uav_1,uav,search_and_rescue_uav_ugv_team_016_exec_4,inprogress,64.3,30.26,20.55,22.97,null,null,null,null,null
search_and_rescue_uav_ugv_team_016,scan_sector,2026-01-18T15:50:02.000Z,complete,uav_1,uav,search_and_rescue_uav_ugv_team_016_exec_4,done,63.1,34.58,23.49,25.54,null,null,null,null,null
search_and_rescue_uav_ugv_team_016,detect_victim,2026-01-18T15:50:03.000Z,start,uav_1,uav,search_and_rescue_uav_ugv_team_016_exec_5,inprogress,63.1,34.58,23.49,25.54,null,null,null,null,null
search_and_rescue_uav_ugv_team_016,detect_victim,2026-01-18T15:50:31.000Z,complete,uav_1,uav,search_and_rescue_uav_ugv_team_016_exec_5,done,62.7,34.58,23.49,25.54,null,null,null,null,null
search_and_rescue_uav_ugv_team_016,send_coordinates,2026-01-18T15:50:32.000Z,start,uav_1,uav,search_and_rescue_uav_ugv_team_016_exec_6,inprogress,62.7,34.58,23.49,25.54,msg_7766d0063b,victim coordinates and severity,send,uav_1,ugv_1
search_and_rescue_uav_ugv_team_016,send_coordinates,2026-01-18T15:50:38.000Z,complete,uav_1,uav,search_and_rescue_uav_ugv_team_016_exec_6,done,62.5,34.58,23.49,25.54,msg_7766d0063b,victim coordinates and severity,send,uav_1,ugv_1
search_and_rescue_uav_ugv_team_016,receive_coordinates,2026-01-18T15:50:44.000Z,start,ugv_1,ugv,search_and_rescue_uav_ugv_team_016_exec_7,inprogress,80.8,0.0,0.0,0.0,msg_7766d0063b,victim coordinates and severity,receive,uav_1,ugv_1
search_and_rescue_uav_ugv_team_016,receive_coordinates,2026-01-18T15:50:48.000Z,complete,ugv_1,ugv,search_and_rescue_uav_ugv_team_016_exec_7,done,80.7,0.0,0.0,0.0,msg_7766d0063b,victim coordinates and severity,receive,uav_1,ugv_1
search_and_rescue_uav_ugv_team_016,navigate_to_victim,2026-01-18T15:50:49.000Z,start,ugv_1,ugv,search_and_rescue_uav_ugv_team_016_exec_8,inprogress,80.7,0.0,0.0,0.0,null,null,null,null,null
search_and_rescue_uav_ugv_team_016,navigate_to_victim,2026-01-18T15:52:20.000Z,null,ugv_1,ugv,search_and_rescue_uav_ugv_team_016_exec_8,inprogress,78.9,8.34,5.6,0.0,null,null,null,null,null
search_and_rescue_uav_ugv_team_016,navigate_to_victim,2026-01-18T15:53:51.000Z,null,ugv_1,ugv,search_and_rescue_uav_ugv_team_016_exec_8,inprogress,77.1,16.68,11.2,0.0,null,null,null,null,null
search_and_rescue_uav_ugv_team_016,navigate_to_victim,2026-01-18T15:55:22.000Z,null,ugv_1,ugv,search_and_rescue_uav_ugv_team_016_exec_8,inprogress,75.3,25.02,16.79,0.0,null,null,null,null,null
search_and_rescue_uav_ugv_team_016,navigate_to_victim,2026-01-18T15:56:55.000Z,complete,ugv_1,ugv,search_and_rescue_uav_ugv_team_016_exec_8,done,73.5,33.36,22.39,0.0,null,null,null,null,null
search_and_rescue_uav_ugv_team_016,stabilize_area,2026-01-18T15:56:56.000Z,start,ugv_1,ugv,search_and_rescue_uav_ugv_team_016_exec_9,inprogress,73.5,33.36,22.39,0.0,null,null,null,null,null
search_and_rescue_uav_ugv_team_016,stabilize_area,2026-01-18T15:57:19.000Z,null,ugv_1,ugv,search_and_rescue_uav_ugv_team_016_exec_9,inprogress,72.9,33.36,22.39,0.0,null,null,null,null,null
search_and_rescue_uav_ugv_team_016,stabilize_area,2026-01-18T15:57:42.000Z,null,ugv_1,ugv,search_and_rescue_uav_ugv_team_016_exec_9,inprogress,72.4,33.36,22.39,0.0,null,null,null,null,null
search_and_rescue_uav_ugv_team_016,stabilize_area,2026-01-18T15:58:05.000Z,null,ugv_1,ugv,search_and_rescue_uav_ugv_team_016_exec_9,inprogress,71.8,33.36,22.39,0.0,null,null,null,null,null
search_and_rescue_uav_ugv_team_016,stabilize_area,2026-01-18T15:58:28.000Z,complete,ugv_1,ugv,search_and_rescue_uav_ugv_team_016_exec_9,done,71.2,33.36,22.39,0.0,null,null,null,null,null
search_and_rescue_uav_ugv_team_016,send_acknowledgment,2026-01-18T15:58:29.000Z,start,ugv_1,ugv,search_and_rescue_uav_ugv_team_016_exec_10,inprogress,71.2,33.36,22.39,0.0,msg_d9692d899a,area stabilized and escort starting,send,ugv_1,uav_1
search_and_rescue_uav_ugv_team_016,send_acknowledgment,2026-01-18T15:58:35.000Z,complete,ugv_1,ugv,search_and_rescue_uav_ugv_team_016_exec_10,done,71.0,33.36,22.39,0.0,msg_d9692d899a,area stabilized and escort starting,send,ugv_1,uav_1
search_and_rescue_uav_ugv_team_016,receive_acknowledgment,2026-01-18T15:58:40.000Z,start,uav_1,uav,search_and_rescue_uav_ugv_team_016_exec_11,inprogress,62.5,34.58,23.49,25.54,msg_d9692d899a,area stabilized and escort starting,receive,ugv_1,uav_1
search_and_rescue_uav_ugv_team_016,receive_acknowledgment,2026-01-18T15:58:44.000Z,complete,uav_1,uav,search_and_rescue_uav_ugv_team_016_exec_11,done,62.4,34.58,23.49,25.54,msg_d9692d899a,area stabilized and escort starting,receive,ugv_1,uav_1
search_and_rescue_uav_ugv_team_016,escort,2026-01-18T15:58:45.000Z,start,ugv_1,ugv,search_and_rescue_uav_ugv_team_016_exec_12,inprogress,71.0,33.36,22.39,0.0,null,null,null,null,null
search_and_rescue_uav_ugv_team_016,escort,2026-01-18T15:59:46.000Z,null,ugv_1,ugv,search_and_rescue_uav_ugv_team_016_exec_12,inprogress,70.3,28.68,19.91,0.0,null,null,null,null,null
search_and_rescue_uav_ugv_team_016,escort,2026-01-18T16:00:47.000Z,null,ugv_1,ugv,search_and_rescue_uav_ugv_team_016_exec_12,inprogress,69.6,24.01,17.44,0.0,null,null,null,null,null
search_and_rescue_uav_ugv_team_016,escort,2026-01-18T16:01:48.000Z,null,ugv_1,ugv,search_and_rescue_uav_ugv_team_016_exec_12,inprogress,68.9,19.34,14.96,0.0,null,null,null,null,null
search_and_rescue_uav_ugv_team_016,escort,2026-01-18T16:02:49.000Z,null,ugv_1,ugv,search_and_rescue_uav_ugv_team_016_exec_12,inprogress,68.1,14.67,12.48,0.0,null,null,null,null,null
search_and_rescue_uav_ugv_team_016,escort,2026-01-18T16:03:52.000Z,complete,ugv_1,ugv,search_and_rescue_uav_ugv_team_016_exec_12,done,67.4,10.0,10.0,0.0,null,null,null,null,null
search_and_rescue_uav_ugv_team_016,mission_close,2026-01-18T16:03:53.000Z,start,uav_1,uav,search_and_rescue_uav_ugv_team_016_exec_13,inprogress,62.4,34.58,23.49,25.54,null,null,null,null,null
search_and_rescue_uav_ugv_team_016,mission_close,2026-01-18T16:04:22.000Z,complete,uav_1,uav,search_and_rescue_uav_ugv_team_016_exec_13,done,62.1,34.58,23.49,25.54,null,null,null,null,null
search_and_rescue_uav_ugv_team_016,mission_close,2026-01-18T16:04:23.000Z,start,ugv_1,ugv,search_and_rescue_uav_ugv_team_016_exec_14,inprogress,67.4,10.0,10.0,0.0,null,null,null,null,null
search_and_rescue_uav_ugv_team_016,mission_close,2026-01-18T16:04:56.000Z,complete,ugv_1,ugv,search_and_rescue_uav_ugv_team_016_exec_14,done,67.2,10.0,10.0,0.0,null,null,null,null,null
search_and_rescue_uav_ugv_team_017,dispatch,2026-01-18T16:25:00.000Z,start,uav_1,uav,search_and_rescue_uav_ugv_team_017_exec_1,inprogress,89.8,0.0,0.0,0.0,null,null,null,null,null
search_and_rescue_uav_ugv_team_017,dispatch,2026-01-18T16:25:14.000Z,complete,uav_1,uav,search_and_rescue_uav_ugv_team_017_exec_1,done,89.5,0.0,0.0,0.0,null,null,null,null,null
search_and_rescue_uav_ugv_team_017,dispatch,2026-01-18T16:25:15.000Z,start,ugv_1,ugv,search_and_rescue_uav_ugv_team_017_exec_2,inprogress,99.4,0.0,0.0,0.0,null,null,null,null,null
search_and_rescue_uav_ugv_team_017,dispatch,2026-01-18T16:25:33.000Z,complete,ugv_1,ugv,search_and_rescue_uav_ugv_team_017_exec_2,done,99.2,0.0,0.0,0.0,null,null,null,null,null
search_and_rescue_uav_ugv_team_017,takeoff,2026-01-18T16:25:34.000Z,start,uav_1,uav,search_and_rescue_uav_ugv_team_017_exec_3,inprogress,89.5,0.0,0.0,0.0,null,null,null,null,null
search_and_rescue_uav_ugv_team_017,takeoff,2026-01-18T16:25:50.000Z,complete,uav_1,uav,search_and_rescue_uav_ugv_team_017_exec_3,done,88.9,0.0,0.0,5.0,null,null,null,null,null
search_and_rescue_uav_ugv_team_017,scan_sector,2026-01-18T16:25:51.000Z,start,uav_1,uav,search_and_rescue_uav_ugv_team_017_exec_4,inprogress,88.9,0.0,0.0,5.0,null,null,null,null,null
search_and_rescue_uav_ugv_team_017,scan_sector,2026-01-18T16:26:43.000Z,null,uav_1,uav,search_and_rescue_uav_ugv_team_017_exec_4,inprogress,87.2,10.59,11.05,9.35,null,null,null,null,null
search_and_rescue_uav_ugv_team_017,scan_sector,2026-01-18T16:27:35.000Z,null,uav_1,uav,search_and_rescue_uav_ugv_team_017_exec_4,inprogress,85.4,21.18,22.09,13.7,null,null,null,null,null
search_and_rescue_uav_ugv_team_017,scan_sector,2026-01-18T16:28:27.000Z,null,uav_1,uav,search_and_rescue_uav_ugv_team_017_exec_4,inprogress,83.6,31.76,33.14,18.05,null,null,null,null,null
search_and_rescue_uav_ugv_team_017,scan_sector,2026-01-18T16:29:19.000Z,null,uav_1,uav,search_and_rescue_uav_ugv_team_017_exec_4,inprogress,81.8,42.35,44.18,22.4,null,null,null,null,null
search_and_rescue_uav_ugv_team_017,scan_sector,2026-01-18T16:30:14.000Z,complete,uav_1,uav,search_and_rescue_uav_ugv_team_017_exec_4,done,80.0,52.94,55.23,26.74,null,null,null,null,null
search_and_rescue_uav_ugv_team_017,detect_victim,2026-01-18T16:30:15.000Z,start,uav_1,uav,search_and_rescue_uav_ugv_team_017_exec_5,inprogress,80.0,52.94,55.23,26.74,null,null,null,null,null
search_and_rescue_uav_ugv_team_017,detect_victim,2026-01-18T16:30:38.000Z,complete,uav_1,uav,search_and_rescue_uav_ugv_team_017_exec_5,done,79.8,52.94,55.23,26.74,null,null,null,null,null
search_and_rescue_uav_ugv_team_017,send_coordinates,2026-01-18T16:30:39.000Z,start,uav_1,uav,search_and_rescue_uav_ugv_team_017_exec_6,inprogress,79.8,52.94,55.23,26.74,msg_a2e527a93f,victim coordinates and severity,send,uav_1,ugv_1
search_and_rescue_uav_ugv_team_017,send_coordinates,2026-01-18T16:30:45.000Z,complete,uav_1,uav,search_and_rescue_uav_ugv_team_017_exec_6,done,79.6,52.94,55.23,26.74,msg_a2e527a93f,victim coordinates and severity,send,uav_1,ugv_1
search_and_rescue_uav_ugv_team_017,receive_coordinates,2026-01-18T16:30:51.000Z,start,ugv_1,ugv,search_and_rescue_uav_ugv_team_017_exec_7,inprogress,99.2,0.0,0.0,0.0,msg_a2e527a93f,victim coordinates and severity,receive,uav_1,ugv_1
search_and_rescue_uav_ugv_team_017,receive_coordinates,2026-01-18T16:30:55.000Z,complete,ugv_1,ugv,search_and_rescue_uav_ugv_team_017_exec_7,done,99.1,0.0,0.0,0.0,msg_a2e527a93f,victim coordinates and severity,receive,uav_1,ugv_1
search_and_rescue_uav_ugv_team_017,navigate_to_victim,2026-01-18T16:30:56.000Z,start,ugv_1,ugv,search_and_rescue_uav_ugv_team_017_exec_8,inprogress,99.1,0.0,0.0,0.0,null,null,null,null,null
search_and_rescue_uav_ugv_team_017,navigate_to_victim,2026-01-18T16:31:49.000Z,null,ugv_1,ugv,search_and_rescue_uav_ugv_team_017_exec_8,inprogress,98.2,10.84,14.78,0.0,null,null,null,null,null
search_and_rescue_uav_ugv_team_017,navigate_to_victim,2026-01-18T16:32:42.000Z,null,ugv_1,ugv,search_and_rescue_uav_ugv_team_017_exec_8,inprogress,97.3,21.67,29.55,0.0,null,null,null,null,null
search_and_rescue_uav_ugv_team_017,navigate_to_victim,2026-01-18T16:33:35.000Z,null,ugv_1,ugv,search_and_rescue_uav_ugv_team_017_exec_8,inprogress,96.4,32.51,44.33,0.0,null,null,null,null,null
search_and_rescue_uav_ugv_team_017,navigate_to_victim,2026-01-18T16:34:29.000Z,complete,ugv_1,ugv,search_and_rescue_uav_ugv_team_017_exec_8,done,95.5,43.34,59.11,0.0,null,null,null,null,null
search_and_rescue_uav_ugv_team_017,reroute,2026-01-18T16:34:30.000Z,start,ugv_1,ugv,search_and_rescue_uav_ugv_team_017_exec_9,inprogress,95.5,43.34,59.11,0.0,null,null,null,null,null
search_and_rescue_uav_ugv_team_017,reroute,2026-01-18T16:35:01.000Z,null,ugv_1,ugv,search_and_rescue_uav_ugv_team_017_exec_9,inprogress,95.1,43.34,59.11,0.0,null,null,null,null,null
search_and_rescue_uav_ugv_team_017,reroute,2026-01-18T16:35:32.000Z,complete,ugv_1,ugv,search_and_rescue_uav_ugv_team_017_exec_9,done,94.8,43.34,59.11,0.0,null,null,null,null,null
search_and_rescue_uav_ugv_team_017,navigate_to_victim,2026-01-18T16:35:33.000Z,start,ugv_1,ugv,search_and_rescue_uav_ugv_team_017_exec_10,inprogress,94.8,43.34,59.11,0.0,null,null,null,null,null
search_and_rescue_uav_ugv_team_017,navigate_to_victim,2026-01-18T16:36:45.000Z,null,ugv_1,ugv,search_and_rescue_uav_ugv_team_017_exec_10,inprogress,93.3,45.27,57.93,0.0,null,null,null,null,null
search_and_rescue_uav_ugv_team_017,navigate_to_victim,2026-01-18T16:37:57.000Z,null,ugv_1,ugv,search_and_rescue_uav_ugv_team_017_exec_10,inprogress,91.8,47.2,56.76,0.0,null,null,null,null,null
search_and_rescue_uav_ugv_team_017,navigate_to_victim,2026-01-18T16:39:09.000Z,null,ugv_1,ugv,search_and_rescue_uav_ugv_team_017_exec_10,inprogress,90.2,49.13,55.58,0.0,null,null,null,null,null
search_and_rescue_uav_ugv_team_017,navigate_to_victim,2026-01-18T16:40:21.000Z,null,ugv_1,ugv,search_and_rescue_uav_ugv_team_017_exec_10,inprogress,88.7,51.06,54.41,0.0,null,null,null,null,null
search_and_rescue_uav_ugv_team_017,navigate_to_victim,2026-01-18T16:41:33.000Z,complete,ugv_1,ugv,search_and_rescue_uav_ugv_team_017_exec_10,done,87.2,52.99,53.23,0.0,null,null,null,null,null
search_and_rescue_uav_ugv_team_017,stabilize_area,2026-01-18T16:41:34.000Z,start,ugv_1,ugv,search_and_rescue_uav_ugv_team_017_exec_11,inprogress,87.2,52.99,53.23,0.0,null,null,null,null,null
search_and_rescue_uav_ugv_team_017,stabilize_area,2026-01-18T16:42:14.000Z,null,ugv_1,ugv,search_and_rescue_uav_ugv_team_017_exec_11,inprogress,86.7,52.99,53.23,0.0,null,null,null,null,null
search_and_rescue_uav_ugv_team_017,stabilize_area,2026-01-18T16:42:54.000Z,null,ugv_1,ugv,search_and_rescue_uav_ugv_team_017_exec_11,inprogress,86.2,52.99,53.23,0.0,null,null,null,null,null
search_and_rescue_uav_ugv_team_017,stabilize_area,2026-01-18T16:43:34.000Z,null,ugv_1,ugv,search_and_rescue_uav_ugv_team_017_exec_11,inprogress,85.7,52.99,53.23,0.0,null,null,null,null,null
search_and_rescue_uav_ugv_team_017,stabilize_area,2026-01-18T16:44:14.000Z,complete,ugv_1,ugv,search_and_rescue_uav_ugv_team_017_exec_11,done,85.2,52.99,53.23,0.0,null,null,null,null,null
search_and_rescue_uav_ugv_team_017,send_acknowledgment,2026-01-18T16:44:15.000Z,start,ugv_1,ugv,search_and_rescue_uav_ugv_team_017_exec_12,inprogress,85.2,52.99,53.23,0.0,msg_767a27c8e8,area stabilized and escort starting,send,ugv_1,uav_1
search_and_rescue_uav_ugv_team_017,send_acknowledgment,2026-01-18T16:44:20.000Z,complete,ugv_1,ugv,search_and_rescue_uav_ugv_team_017_exec_12,done,85.0,52.99,53.23,0.0,msg_767a27c8e8,area stabilized and escort starting,send,ugv_1,uav_1
search_and_rescue_uav_ugv_team_017,receive_acknowledgment,2026-01-18T16:44:25.000Z,start,uav_1,uav,search_and_rescue_uav_ugv_team_017_exec_13,inprogress,79.6,52.94,55.23,26.74,msg_767a27c8e8,area stabilized and escort starting,receive,ugv_1,uav_1
search_and_rescue_uav_ugv_team_017,receive_acknowledgment,2026-01-18T16:44:29.000Z,complete,uav_1,uav,search_and_rescue_uav_ugv_team_017_exec_13,done,79.5,52.94,55.23,26.74,msg_767a27c8e8,area stabilized and escort starting,receive,ugv_1,uav_1
search_and_rescue_uav_ugv_team_017,escort,2026-01-18T16:44:30.000Z,start,ugv_1,ugv,search_and_rescue_uav_ugv_team_017_exec_14,inprogress,85.0,52.99,53.23,0.0,null,null,null,null,null
search_and_rescue_uav_ugv_team_017,escort,2026-01-18T16:45:46.000Z,null,ugv_1,ugv,search_and_rescue_uav_ugv_team_017_exec_14,inprogress,83.7,42.24,42.42,0.0,null,null,null,null,null
search_and_rescue_uav_ugv_team_017,escort,2026-01-18T16:47:02.000Z,null,ugv_1,ugv,search_and_rescue_uav_ugv_team_017_exec_14,inprogress,82.4,31.49,31.61,0.0,null,null,null,null,null
search_and_rescue_uav_ugv_team_017,escort,2026-01-18T16:48:18.000Z,null,ugv_1,ugv,search_and_rescue_uav_ugv_team_017_exec_14,inprogress,81.0,20.75,20.81,0.0,null,null,null,null,null
search_and_rescue_uav_ugv_team_017,escort,2026-01-18T16:49:37.000Z,complete,ugv_1,ugv,search_and_rescue_uav_ugv_team_017_exec_14,done,79.7,10.0,10.0,0.0,null,null,null,null,null
search_and_rescue_uav_ugv_team_017,mission_close,2026-01-18T16:49:38.000Z,start,uav_1,uav,search_and_rescue_uav_ugv_team_017_exec_15,inprogress,79.5,52.94,55.23,26.74,null,null,null,null,null
search_and_rescue_uav_ugv_team_017,mission_close,2026-01-18T16:50:12.000Z,complete,uav_1,uav,search_and_rescue_uav_ugv_team_017_exec_15,done,79.2,52.94,55.23,26.74,null,null,null,null,null
search_and_rescue_uav_ugv_team_017,mission_close,2026-01-18T16:50:13.000Z,start,ugv_1,ugv,search_and_rescue_uav_ugv_team_017_exec_16,inprogress,79.7,10.0,10.0,0.0,null,null,null,null,null
search_and_rescue_uav_ugv_team_017,mission_close,2026-01-18T16:50:53.000Z,complete,ugv_1,ugv,search_and_rescue_uav_ugv_team_017_exec_16,done,79.3,10.0,10.0,0.0,null,null,null,null,null
search_and_rescue_uav_ugv_team_018,dispatch,2026-01-18T17:05:00.000Z,start,uav_1,uav,search_and_rescue_uav_ugv_team_018_exec_1,inprogress,89.2,0.0,0.0,0.0,null,null,null,null,null
search_and_rescue_uav_ugv_team_018,dispatch,2026-01-18T17:05:25.000Z,complete,uav_1,uav,search_and_rescue_uav_ugv_team_018_exec_1,done,88.9,0.0,0.0,0.0,null,null,null,null,null
search_and_rescue_uav_ugv_team_018,dispatch,2026-01-18T17:05:26.000Z,start,ugv_1,ugv,search_and_rescue_uav_ugv_team_018_exec_2,inprogress,94.2,0.0,0.0,0.0,null,null,null,null,null
search_and_rescue_uav_ugv_team_018,dispatch,2026-01-18T17:05:39.000Z,complete,ugv_1,ugv,search_and_rescue_uav_ugv_team_018_exec_2,done,94.0,0.0,0.0,0.0,null,null,null,null,null
search_and_rescue_uav_ugv_team_018,takeoff,2026-01-18T17:05:40.000Z,start,uav_1,uav,search_and_rescue_uav_ugv_team_018_exec_3,inprogress,88.9,0.0,0.0,0.0,null,null,null,null,null
search_and_rescue_uav_ugv_team_018,takeoff,2026-01-18T17:06:06.000Z,complete,uav_1,uav,search_and_rescue_uav_ugv_team_018_exec_3,done,88.2,0.0,0.0,5.0,null,null,null,null,null
search_and_rescue_uav_ugv_team_018,scan_sector,2026-01-18T17:06:07.000Z,start,uav_1,uav,search_and_rescue_uav_ugv_team_018_exec_4,inprogress,88.2,0.0,0.0,5.0,null,null,null,null,null
search_and_rescue_uav_ugv_team_018,scan_sector,2026-01-18T17:06:50.000Z,null,uav_1,uav,search_and_rescue_uav_ugv_team_018_exec_4,inprogress,87.3,4.95,6.54,7.96,null,null,null,null,null
search_and_rescue_uav_ugv_team_018,scan_sector,2026-01-18T17:07:33.000Z,null,uav_1,uav,search_and_rescue_uav_ugv_team_018_exec_4,inprogress,86.3,9.9,13.08,10.93,null,null,null,null,null
search_and_rescue_uav_ugv_team_018,scan_sector,2026-01-18T17:08:16.000Z,null,uav_1,uav,search_and_rescue_uav_ugv_team_018_exec_4,inprogress,85.4,14.86,19.62,13.89,null,null,null,null,null
search_and_rescue_uav_ugv_team_018,scan_sector,2026-01-18T17:08:59.000Z,null,uav_1,uav,search_and_rescue_uav_ugv_team_018_exec_4,inprogress,84.4,19.81,26.16,16.86,null,null,null,null,null
search_and_rescue_uav_ugv_team_018,scan_sector,2026-01-18T17:09:42.000Z,null,uav_1,uav,search_and_rescue_uav_ugv_team_018_exec_4,inprogress,83.5,24.76,32.7,19.82,null,null,null,null,null
search_and_rescue_uav_ugv_team_018,scan_sector,2026-01-18T17:10:25.000Z,null,uav_1,uav,search_and_rescue_uav_ugv_team_018_exec_4,inprogress,82.5,29.71,39.24,22.79,null,null,null,null,null
search_and_rescue_uav_ugv_team_018,scan_sector,2026-01-18T17:11:08.000Z,null,uav_1,uav,search_and_rescue_uav_ugv_team_018_exec_4,inprogress,81.6,34.66,45.78,25.75,null,null,null,null,null
search_and_rescue_uav_ugv_team_018,scan_sector,2026-01-18T17:11:58.000Z,complete,uav_1,uav,search_and_rescue_uav_ugv_team_018_exec_4,done,80.6,39.61,52.32,28.72,null,null,null,null,null
search_and_rescue_uav_ugv_team_018,detect_victim,2026-01-18T17:11:59.000Z,start,uav_1,uav,search_and_rescue_uav_ugv_team_018_exec_5,inprogress,80.6,39.61,52.32,28.72,null,null,null,null,null
search_and_rescue_uav_ugv_team_018,detect_victim,2026-01-18T17:12:16.000Z,complete,uav_1,uav,search_and_rescue_uav_ugv_team_018_exec_5,done,80.2,39.61,52.32,28.72,null,null,null,null,null
search_and_rescue_uav_ugv_team_018,send_coordinates,2026-01-18T17:12:17.000Z,start,uav_1,uav,search_and_rescue_uav_ugv_team_018_exec_6,inprogress,80.2,39.61,52.32,28.72,msg_75e7bc9575,victim coordinates and severity,send,uav_1,ugv_1
search_and_rescue_uav_ugv_team_018,send_coordinates,2026-01-18T17:12:25.000Z,complete,uav_1,uav,search_and_rescue_uav_ugv_team_018_exec_6,done,80.0,39.61,52.32,28.72,msg_75e7bc9575,victim coordinates and severity,send,uav_1,ugv_1
search_and_rescue_uav_ugv_team_018,receive_coordinates,2026-01-18T17:12:31.000Z,start,ugv_1,ugv,search_and_rescue_uav_ugv_team_018_exec_7,inprogress,94.0,0.0,0.0,0.0,msg_75e7bc9575,victim coordinates and severity,receive,uav_1,ugv_1
search_and_rescue_uav_ugv_team_018,receive_coordinates,2026-01-18T17:12:35.000Z,complete,ugv_1,ugv,search_and_rescue_uav_ugv_team_018_exec_7,done,93.9,0.0,0.0,0.0,msg_75e7bc9575,victim coordinates and severity,receive,uav_1,ugv_1
search_and_rescue_uav_ugv_team_018,navigate_to_victim,2026-01-18T17:12:36.000Z,start,ugv_1,ugv,search_and_rescue_uav_ugv_team_018_exec_8,inprogress,93.9,0.0,0.0,0.0,null,null,null,null,null
search_and_rescue_uav_ugv_team_018,navigate_to_victim,2026-01-18T17:13:27.000Z,null,ugv_1,ugv,search_and_rescue_uav_ugv_team_018_exec_8,inprogress,93.1,7.4,9.94,0.0,null,null,null,null,null
search_and_rescue_uav_ugv_team_018,navigate_to_victim,2026-01-18T17:14:18.000Z,null,ugv_1,ugv,search_and_rescue_uav_ugv_team_018_exec_8,inprogress,92.3,14.79,19.88,0.0,null,null,null,null,null
search_and_rescue_uav_ugv_team_018,navigate_to_victim,2026-01-18T17:15:09.000Z,null,ugv_1,ugv,search_and_rescue_uav_ugv_team_018_exec_8,inprogress,91.5,22.19,29.82,0.0,null,null,null,null,null
search_and_rescue_uav_ugv_team_018,navigate_to_victim,2026-01-18T17:16:00.000Z,null,ugv_1,ugv,search_and_rescue_uav_ugv_team_018_exec_8,inprogress,90.6,29.58,39.77,0.0,null,null,null,null,null
search_and_rescue_uav_ugv_team_018,navigate_to_victim,2026-01-18T17:16:54.000Z,complete,ugv_1,ugv,search_and_rescue_uav_ugv_team_018_exec_8,done,89.8,36.98,49.71,0.0,null,null,null,null,null
search_and_rescue_uav_ugv_team_018,stabilize_area,2026-01-18T17:16:55.000Z,start,ugv_1,ugv,search_and_rescue_uav_ugv_team_018_exec_9,inprogress,89.8,36.98,49.71,0.0,null,null,null,null,null
search_and_rescue_uav_ugv_team_018,stabilize_area,2026-01-18T17:17:34.000Z,null,ugv_1,ugv,search_and_rescue_uav_ugv_team_018_exec_9,inprogress,89.2,36.98,49.71,0.0,null,null,null,null,null
search_and_rescue_uav_ugv_team_018,stabilize_area,2026-01-18T17:18:13.000Z,null,ugv_1,ugv,search_and_rescue_uav_ugv_team_018_exec_9,inprogress,88.5,36.98,49.71,0.0,null,null,null,null,null
search_and_rescue_uav_ugv_team_018,stabilize_area,2026-01-18T17:18:54.000Z,complete,ugv_1,ugv,search_and_rescue_uav_ugv_team_018_exec_9,done,87.8,36.98,49.71,0.0,null,null,null,null,null
search_and_rescue_uav_ugv_team_018,send_acknowledgment,2026-01-18T17:18:55.000Z,start,ugv_1,ugv,search_and_rescue_uav_ugv_team_018_exec_10,inprogress,87.8,36.98,49.71,0.0,msg_fa515112d0,area stabilized and escort starting,send,ugv_1,uav_1
search_and_rescue_uav_ugv_team_018,send_acknowledgment,2026-01-18T17:19:02.000Z,complete,ugv_1,ugv,search_and_rescue_uav_ugv_team_018_exec_10,done,87.6,36.98,49.71,0.0,msg_fa515112d0,area stabilized and escort starting,send,ugv_1,uav_1
search_and_rescue_uav_ugv_team_018,receive_acknowledgment,2026-01-18T17:19:07.000Z,start,uav_1,uav,search_and_rescue_uav_ugv_team_018_exec_11,inprogress,80.0,39.61,52.32,28.72,msg_fa515112d0,area stabilized and escort starting,receive,ugv_1,uav_1
search_and_rescue_uav_ugv_team_018,receive_acknowledgment,2026-01-18T17:19:11.000Z,complete,uav_1,uav,search_and_rescue_uav_ugv_team_018_exec_11,done,79.9,39.61,52.32,28.72,msg_fa515112d0,area stabilized and escort starting,receive,ugv_1,uav_1
search_and_rescue_uav_ugv_team_018,escort,2026-01-18T17:19:12.000Z,start,ugv_1,ugv,search_and_rescue_uav_ugv_team_018_exec_12,inprogress,87.6,36.98,49.71,0.0,null,null,null,null,null
search_and_rescue_uav_ugv_team_018,escort,2026-01-18T17:20:48.000Z,null,ugv_1,ugv,search_and_rescue_uav_ugv_team_018_exec_12,inprogress,86.4,27.98,36.47,0.0,null,null,null,null,null
search_and_rescue_uav_ugv_team_018,escort,2026-01-18T17:22:24.000Z,null,ugv_1,ugv,search_and_rescue_uav_ugv_team_018_exec_12,inprogress,85.2,18.99,23.24,0.0,null,null,null,null,null
search_and_rescue_uav_ugv_team_018,escort,2026-01-18T17:24:00.000Z,complete,ugv_1,ugv,search_and_rescue_uav_ugv_team_018_exec_12,done,83.9,10.0,10.0,0.0,null,null,null,null,null
search_and_rescue_uav_ugv_team_018,mission_close,2026-01-18T17:24:01.000Z,start,uav_1,uav,search_and_rescue_uav_ugv_team_018_exec_13,inprogress,79.9,39.61,52.32,28.72,null,null,null,null,null
search_and_rescue_uav_ugv_team_018,mission_close,2026-01-18T17:24:29.000Z,complete,uav_1,uav,search_and_rescue_uav_ugv_team_018_exec_13,done,79.7,39.61,52.32,28.72,null,null,null,null,null
search_and_rescue_uav_ugv_team_018,mission_close,2026-01-18T17:24:30.000Z,start,ugv_1,ugv,search_and_rescue_uav_ugv_team_018_exec_14,inprogress,83.9,10.0,10.0,0.0,null,null,null,null,null
search_and_rescue_uav_ugv_team_018,mission_close,2026-01-18T17:24:58.000Z,complete,ugv_1,ugv,search_and_rescue_uav_ugv_team_018_exec_14,done,83.5,10.0,10.0,0.0,null,null,null,null,null
search_and_rescue_uav_ugv_team_019,dispatch,2026-01-18T17:45:00.000Z,start,uav_1,uav,search_and_rescue_uav_ugv_team_019_exec_1,inprogress,79.8,0.0,0.0,0.0,null,null,null,null,null
search_and_rescue_uav_ugv_team_019,dispatch,2026-01-18T17:45:13.000Z,complete,uav_1,uav,search_and_rescue_uav_ugv_team_019_exec_1,done,79.5,0.0,0.0,0.0,null,null,null,null,null
search_and_rescue_uav_ugv_team_019,dispatch,2026-01-18T17:45:14.000Z,start,ugv_1,ugv,search_and_rescue_uav_ugv_team_019_exec_2,inprogress,88.8,0.0,0.0,0.0,null,null,null,null,null
search_and_rescue_uav_ugv_team_019,dispatch,2026-01-18T17:45:41.000Z,complete,ugv_1,ugv,search_and_rescue_uav_ugv_team_019_exec_2,done,88.5,0.0,0.0,0.0,null,null,null,null,null
search_and_rescue_uav_ugv_team_019,takeoff,2026-01-18T17:45:42.000Z,start,uav_1,uav,search_and_rescue_uav_ugv_team_019_exec_3,inprogress,79.5,0.0,0.0,0.0,null,null,null,null,null
search_and_rescue_uav_ugv_team_019,takeoff,2026-01-18T17:45:58.000Z,complete,uav_1,uav,search_and_rescue_uav_ugv_team_019_exec_3,done,78.6,0.0,0.0,5.0,null,null,null,null,null
search_and_rescue_uav_ugv_team_019,scan_sector,2026-01-18T17:45:59.000Z,start,uav_1,uav,search_and_rescue_uav_ugv_team_019_exec_4,inprogress,78.6,0.0,0.0,5.0,null,null,null,null,null
search_and_rescue_uav_ugv_team_019,scan_sector,2026-01-18T17:46:48.000Z,null,uav_1,uav,search_and_rescue_uav_ugv_team_019_exec_4,inprogress,77.2,4.77,6.44,8.59,null,null,null,null,null
search_and_rescue_uav_ugv_team_019,scan_sector,2026-01-18T17:47:37.000Z,null,uav_1,uav,search_and_rescue_uav_ugv_team_019_exec_4,inprogress,75.9,9.53,12.88,12.18,null,null,null,null,null
search_and_rescue_uav_ugv_team_019,scan_sector,2026-01-18T17:48:26.000Z,null,uav_1,uav,search_and_rescue_uav_ugv_team_019_exec_4,inprogress,74.6,14.3,19.32,15.77,null,null,null,null,null
search_and_rescue_uav_ugv_team_019,scan_sector,2026-01-18T17:49:15.000Z,null,uav_1,uav,search_and_rescue_uav_ugv_team_019_exec_4,inprogress,73.2,19.06,25.76,19.37,null,null,null,null,null
search_and_rescue_uav_ugv_team_019,scan_sector,2026-01-18T17:50:04.000Z,null,uav_1,uav,search_and_rescue_uav_ugv_team_019_exec_4,inprogress,71.9,23.83,32.2,22.96,null,null,null,null,null
search_and_rescue_uav_ugv_team_019,scan_sector,2026-01-18T17:50:53.000Z,null,uav_1,uav,search_and_rescue_uav_ugv_team_019_exec_4,inprogress,70.5,28.59,38.64,26.55,null,null,null,null,null
search_and_rescue_uav_ugv_team_019,scan_sector,2026-01-18T17:51:43.000Z,complete,uav_1,uav,search_and_rescue_uav_ugv_team_019_exec_4,done,69.2,33.36,45.08,30.14,null,null,null,null,null
search_and_rescue_uav_ugv_team_019,detect_victim,2026-01-18T17:51:44.000Z,start,uav_1,uav,search_and_rescue_uav_ugv_team_019_exec_5,inprogress,69.2,33.36,45.08,30.14,null,null,null,null,null
search_and_rescue_uav_ugv_team_019,detect_victim,2026-01-18T17:52:01.000Z,complete,uav_1,uav,search_and_rescue_uav_ugv_team_019_exec_5,done,68.9,33.36,45.08,30.14,null,null,null,null,null
search_and_rescue_uav_ugv_team_019,send_coordinates,2026-01-18T17:52:02.000Z,start,uav_1,uav,search_and_rescue_uav_ugv_team_019_exec_6,inprogress,68.9,33.36,45.08,30.14,msg_2561b075ce,victim coordinates and severity,send,uav_1,ugv_1
search_and_rescue_uav_ugv_team_019,send_coordinates,2026-01-18T17:52:10.000Z,complete,uav_1,uav,search_and_rescue_uav_ugv_team_019_exec_6,done,68.7,33.36,45.08,30.14,msg_2561b075ce,victim coordinates and severity,send,uav_1,ugv_1
search_and_rescue_uav_ugv_team_019,receive_coordinates,2026-01-18T17:52:16.000Z,start,ugv_1,ugv,search_and_rescue_uav_ugv_team_019_exec_7,inprogress,88.5,0.0,0.0,0.0,msg_2561b075ce,victim coordinates and severity,receive,uav_1,ugv_1
search_and_rescue_uav_ugv_team_019,receive_coordinates,2026-01-18T17:52:20.000Z,complete,ugv_1,ugv,search_and_rescue_uav_ugv_team_019_exec_7,done,88.4,0.0,0.0,0.0,msg_2561b075ce,victim coordinates and severity,receive,uav_1,ugv_1
search_and_rescue_uav_ugv_team_019,navigate_to_victim,2026-01-18T17:52:21.000Z,start,ugv_1,ugv,search_and_rescue_uav_ugv_team_019_exec_8,inprogress,88.4,0.0,0.0,0.0,null,null,null,null,null
search_and_rescue_uav_ugv_team_019,navigate_to_victim,2026-01-18T17:53:22.000Z,null,ugv_1,ugv,search_and_rescue_uav_ugv_team_019_exec_8,inprogress,87.4,6.28,7.55,0.0,null,null,null,null,null
search_and_rescue_uav_ugv_team_019,navigate_to_victim,2026-01-18T17:54:23.000Z,null,ugv_1,ugv,search_and_rescue_uav_ugv_team_019_exec_8,inprogress,86.4,12.56,15.1,0.0,null,null,null,null,null
search_and_rescue_uav_ugv_team_019,navigate_to_victim,2026-01-18T17:55:24.000Z,null,ugv_1,ugv,search_and_rescue_uav_ugv_team_019_exec_8,inprogress,85.4,18.84,22.65,0.0,null,null,null,null,null
search_and_rescue_uav_ugv_team_019,navigate_to_victim,2026-01-18T17:56:25.000Z,null,ugv_1,ugv,search_and_rescue_uav_ugv_team_019_exec_8,inprogress,84.4,25.12,30.2,0.0,null,null,null,null,null
search_and_rescue_uav_ugv_team_019,navigate_to_victim,2026-01-18T17:57:26.000Z,null,ugv_1,ugv,search_and_rescue_uav_ugv_team_019_exec_8,inprogress,83.4,31.41,37.75,0.0,null,null,null,null,null
search_and_rescue_uav_ugv_team_019,navigate_to_victim,2026-01-18T17:58:29.000Z,complete,ugv_1,ugv,search_and_rescue_uav_ugv_team_019_exec_8,done,82.4,37.69,45.3,0.0,null,null,null,null,null
search_and_rescue_uav_ugv_team_019,stabilize_area,2026-01-18T17:58:30.000Z,start,ugv_1,ugv,search_and_rescue_uav_ugv_team_019_exec_9,inprogress,82.4,37.69,45.3,0.0,null,null,null,null,null
search_and_rescue_uav_ugv_team_019,stabilize_area,2026-01-18T17:59:15.000Z,null,ugv_1,ugv,search_and_rescue_uav_ugv_team_019_exec_9,inprogress,81.3,37.69,45.3,0.0,null,null,null,null,null
search_and_rescue_uav_ugv_team_019,stabilize_area,2026-01-18T18:00:01.000Z,complete,ugv_1,ugv,search_and_rescue_uav_ugv_team_019_exec_9,done,80.3,37.69,45.3,0.0,null,null,null,null,null
search_and_rescue_uav_ugv_team_019,send_acknowledgment,2026-01-18T18:00:02.000Z,start,ugv_1,ugv,search_and_rescue_uav_ugv_team_019_exec_10,inprogress,80.3,37.69,45.3,0.0,msg_b8103f0ce6,area stabilized and escort starting,send,ugv_1,uav_1
search_and_rescue_uav_ugv_team_019,send_acknowledgment,2026-01-18T18:00:08.000Z,complete,ugv_1,ugv,search_and_rescue_uav_ugv_team_019_exec_10,done,80.1,37.69,45.3,0.0,msg_b8103f0ce6,area stabilized and escort starting,send,ugv_1,uav_1
search_and_rescue_uav_ugv_team_019,receive_acknowledgment,2026-01-18T18:00:13.000Z,start,uav_1,uav,search_and_rescue_uav_ugv_team_019_exec_11,inprogress,68.7,33.36,45.08,30.14,msg_b8103f0ce6,area stabilized and escort starting,receive,ugv_1,uav_1
search_and_rescue_uav_ugv_team_019,receive_acknowledgment,2026-01-18T18:00:17.000Z,complete,uav_1,uav,search_and_rescue_uav_ugv_team_019_exec_11,done,68.6,33.36,45.08,30.14,msg_b8103f0ce6,area stabilized and escort starting,receive,ugv_1,uav_1
search_and_rescue_uav_ugv_team_019,escort,2026-01-18T18:00:18.000Z,start,ugv_1,ugv,search_and_rescue_uav_ugv_team_019_exec_12,inprogress,80.1,37.69,45.3,0.0,null,null,null,null,null
search_and_rescue_uav_ugv_team_019,escort,2026-01-18T18:01:02.000Z,null,ugv_1,ugv,search_and_rescue_uav_ugv_team_019_exec_12,inprogress,79.1,33.07,39.42,0.0,null,null,null,null,null
search_and_rescue_uav_ugv_team_019,escort,2026-01-18T18:01:46.000Z,null,ugv_1,ugv,search_and_rescue_uav_ugv_team_019_exec_12,inprogress,78.1,28.46,33.53,0.0,null,null,null,null,null
search_and_rescue_uav_ugv_team_019,escort,2026-01-18T18:02:30.000Z,null,ugv_1,ugv,search_and_rescue_uav_ugv_team_019_exec_12,inprogress,77.2,23.84,27.65,0.0,null,null,null,null,null
search_and_rescue_uav_ugv_team_019,escort,2026-01-18T18:03:14.000Z,null,ugv_1,ugv,search_and_rescue_uav_ugv_team_019_exec_12,inprogress,76.2,19.23,21.77,0.0,null,null,null,null,null
search_and_rescue_uav_ugv_team_019,escort,2026-01-18T18:03:58.000Z,null,ugv_1,ugv,search_and_rescue_uav_ugv_team_019_exec_12,inprogress,75.2,14.61,15.88,0.0,null,null,null,null,null
search_and_rescue_uav_ugv_team_019,escort,2026-01-18T18:04:42.000Z,complete,ugv_1,ugv,search_and_rescue_uav_ugv_team_019_exec_12,done,74.2,10.0,10.0,0.0,null,null,null,null,null
search_and_rescue_uav_ugv_team_019,mission_close,2026-01-18T18:04:43.000Z,start,uav_1,uav,search_and_rescue_uav_ugv_team_019_exec_13,inprogress,68.6,33.36,45.08,30.14,null,null,null,null,null
search_and_rescue_uav_ugv_team_019,mission_close,2026-01-18T18:05:10.000Z,complete,uav_1,uav,search_and_rescue_uav_ugv_team_019_exec_13,done,68.1,33.36,45.08,30.14,null,null,null,null,null
search_and_rescue_uav_ugv_team_019,mission_close,2026-01-18T18:05:11.000Z,start,ugv_1,ugv,search_and_rescue_uav_ugv_team_019_exec_14,inprogress,74.2,10.0,10.0,0.0,null,null,null,null,null
search_and_rescue_uav_ugv_team_019,mission_close,2026-01-18T18:05:37.000Z,complete,ugv_1,ugv,search_and_rescue_uav_ugv_team_019_exec_14,done,74.0,10.0,10.0,0.0,null,null,null,null,null
search_and_rescue_uav_ugv_team_020,dispatch,2026-01-18T18:25:00.000Z,start,uav_1,uav,search_and_rescue_uav_ugv_team_020_exec_1,inprogress,76.9,0.0,0.0,0.0,null,null,null,null,null
search_and_rescue_uav_ugv_team_020,dispatch,2026-01-18T18:25:26.000Z,complete,uav_1,uav,search_and_rescue_uav_ugv_team_020_exec_1,done,76.7,0.0,0.0,0.0,null,null,null,null,null
search_and_rescue_uav_ugv_team_020,dispatch,2026-01-18T18:25:27.000Z,start,ugv_1,ugv,search_and_rescue_uav_ugv_team_020_exec_2,inprogress,99.2,0.0,0.0,0.0,null,null,null,null,null
search_and_rescue_uav_ugv_team_020,dispatch,2026-01-18T18:25:40.000Z,complete,ugv_1,ugv,search_and_rescue_uav_ugv_team_020_exec_2,done,99.1,0.0,0.0,0.0,null,null,null,null,null
search_and_rescue_uav_ugv_team_020,takeoff,2026-01-18T18:25:41.000Z,start,uav_1,uav,search_and_rescue_uav_ugv_team_020_exec_3,inprogress,76.7,0.0,0.0,0.0,null,null,null,null,null
search_and_rescue_uav_ugv_team_020,takeoff,2026-01-18T18:26:07.000Z,complete,uav_1,uav,search_and_rescue_uav_ugv_team_020_exec_3,done,75.9,0.0,0.0,5.0,null,null,null,null,null
search_and_rescue_uav_ugv_team_020,scan_sector,2026-01-18T18:26:08.000Z,start,uav_1,uav,search_and_rescue_uav_ugv_team_020_exec_4,inprogress,75.9,0.0,0.0,5.0,null,null,null,null,null
search_and_rescue_uav_ugv_team_020,scan_sector,2026-01-18T18:26:51.000Z,null,uav_1,uav,search_and_rescue_uav_ugv_team_020_exec_4,inprogress,74.4,4.93,6.04,7.81,null,null,null,null,null
search_and_rescue_uav_ugv_team_020,scan_sector,2026-01-18T18:27:34.000Z,null,uav_1,uav,search_and_rescue_uav_ugv_team_020_exec_4,inprogress,72.9,9.86,12.08,10.61,null,null,null,null,null
search_and_rescue_uav_ugv_team_020,scan_sector,2026-01-18T18:28:17.000Z,null,uav_1,uav,search_and_rescue_uav_ugv_team_020_exec_4,inprogress,71.4,14.79,18.12,13.42,null,null,null,null,null
search_and_rescue_uav_ugv_team_020,scan_sector,2026-01-18T18:29:00.000Z,null,uav_1,uav,search_and_rescue_uav_ugv_team_020_exec_4,inprogress,70.0,19.72,24.16,16.23,null,null,null,null,null
search_and_rescue_uav_ugv_team_020,scan_sector,2026-01-18T18:29:43.000Z,null,uav_1,uav,search_and_rescue_uav_ugv_team_020_exec_4,inprogress,68.5,24.66,30.21,19.03,null,null,null,null,null
search_and_rescue_uav_ugv_team_020,scan_sector,2026-01-18T18:30:26.000Z,null,uav_1,uav,search_and_rescue_uav_ugv_team_020_exec_4,inprogress,67.0,29.59,36.25,21.84,null,null,null,null,null
search_and_rescue_uav_ugv_team_020,scan_sector,2026-01-18T18:31:11.000Z,complete,uav_1,uav,search_and_rescue_uav_ugv_team_020_exec_4,done,65.5,34.52,42.29,24.65,null,null,null,null,null
search_and_rescue_uav_ugv_team_020,detect_victim,2026-01-18T18:31:12.000Z,start,uav_1,uav,search_and_rescue_uav_ugv_team_020_exec_5,inprogress,65.5,34.52,42.29,24.65,null,null,null,null,null
search_and_rescue_uav_ugv_team_020,detect_victim,2026-01-18T18:31:31.000Z,complete,uav_1,uav,search_and_rescue_uav_ugv_team_020_exec_5,done,65.2,34.52,42.29,24.65,null,null,null,null,null
search_and_rescue_uav_ugv_team_020,send_coordinates,2026-01-18T18:31:32.000Z,start,uav_1,uav,search_and_rescue_uav_ugv_team_020_exec_6,inprogress,65.2,34.52,42.29,24.65,msg_ea95b6109f,victim coordinates and severity,send,uav_1,ugv_1
search_and_rescue_uav_ugv_team_020,send_coordinates,2026-01-18T18:31:40.000Z,complete,uav_1,uav,search_and_rescue_uav_ugv_team_020_exec_6,done,65.0,34.52,42.29,24.65,msg_ea95b6109f,victim coordinates and severity,send,uav_1,ugv_1
search_and_rescue_uav_ugv_team_020,receive_coordinates,2026-01-18T18:31:46.000Z,start,ugv_1,ugv,search_and_rescue_uav_ugv_team_020_exec_7,inprogress,99.1,0.0,0.0,0.0,msg_ea95b6109f,victim coordinates and severity,receive,uav_1,ugv_1
search_and_rescue_uav_ugv_team_020,receive_coordinates,2026-01-18T18:31:50.000Z,complete,ugv_1,ugv,search_and_rescue_uav_ugv_team_020_exec_7,done,99.0,0.0,0.0,0.0,msg_ea95b6109f,victim coordinates and severity,receive,uav_1,ugv_1
search_and_rescue_uav_ugv_team_020,navigate_to_victim,2026-01-18T18:31:51.000Z,start,ugv_1,ugv,search_and_rescue_uav_ugv_team_020_exec_8,inprogress,99.0,0.0,0.0,0.0,null,null,null,null,null
search_and_rescue_uav_ugv_team_020,navigate_to_victim,2026-01-18T18:32:43.000Z,null,ugv_1,ugv,search_and_rescue_uav_ugv_team_020_exec_8,inprogress,98.2,3.85,9.8,0.0,null,null,null,null,null
search_and_rescue_uav_ugv_team_020,navigate_to_victim,2026-01-18T18:33:35.000Z,null,ugv_1,ugv,search_and_rescue_uav_ugv_team_020_exec_8,inprogress,97.5,7.71,19.6,0.0,null,null,null,null,null
search_and_rescue_uav_ugv_team_020,navigate_to_victim,2026-01-18T18:34:27.000Z,null,ugv_1,ugv,search_and_rescue_uav_ugv_team_020_exec_8,inprogress,96.8,11.56,29.41,0.0,null,null,null,null,null
search_and_rescue_uav_ugv_team_020,navigate_to_victim,2026-01-18T18:35:19.000Z,null,ugv_1,ugv,search_and_rescue_uav_ugv_team_020_exec_8,inprogress,96.1,15.42,39.21,0.0,null,null,null,null,null
search_and_rescue_uav_ugv_team_020,navigate_to_victim,2026-01-18T18:36:11.000Z,complete,ugv_1,ugv,search_and_rescue_uav_ugv_team_020_exec_8,done,95.4,19.27,49.01,0.0,null,null,null,null,null
search_and_rescue_uav_ugv_team_020,reroute,2026-01-18T18:36:12.000Z,start,ugv_1,ugv,search_and_rescue_uav_ugv_team_020_exec_9,inprogress,95.4,19.27,49.01,0.0,null,null,null,null,null
search_and_rescue_uav_ugv_team_020,reroute,2026-01-18T18:36:44.000Z,null,ugv_1,ugv,search_and_rescue_uav_ugv_team_020_exec_9,inprogress,95.1,19.27,49.01,0.0,null,null,null,null,null
search_and_rescue_uav_ugv_team_020,reroute,2026-01-18T18:37:17.000Z,complete,ugv_1,ugv,search_and_rescue_uav_ugv_team_020_exec_9,done,94.9,19.27,49.01,0.0,null,null,null,null,null
search_and_rescue_uav_ugv_team_020,navigate_to_victim,2026-01-18T18:37:18.000Z,start,ugv_1,ugv,search_and_rescue_uav_ugv_team_020_exec_10,inprogress,94.9,19.27,49.01,0.0,null,null,null,null,null
search_and_rescue_uav_ugv_team_020,navigate_to_victim,2026-01-18T18:38:24.000Z,null,ugv_1,ugv,search_and_rescue_uav_ugv_team_020_exec_10,inprogress,93.6,21.04,48.29,0.0,null,null,null,null,null
search_and_rescue_uav_ugv_team_020,navigate_to_victim,2026-01-18T18:39:30.000Z,null,ugv_1,ugv,search_and_rescue_uav_ugv_team_020_exec_10,inprogress,92.3,22.8,47.57,0.0,null,null,null,null,null
search_and_rescue_uav_ugv_team_020,navigate_to_victim,2026-01-18T18:40:36.000Z,null,ugv_1,ugv,search_and_rescue_uav_ugv_team_020_exec_10,inprogress,91.1,24.57,46.85,0.0,null,null,null,null,null
search_and_rescue_uav_ugv_team_020,navigate_to_victim,2026-01-18T18:41:42.000Z,null,ugv_1,ugv,search_and_rescue_uav_ugv_team_020_exec_10,inprogress,89.8,26.34,46.12,0.0,null,null,null,null,null
search_and_rescue_uav_ugv_team_020,navigate_to_victim,2026-01-18T18:42:48.000Z,null,ugv_1,ugv,search_and_rescue_uav_ugv_team_020_exec_10,inprogress,88.5,28.1,45.4,0.0,null,null,null,null,null
search_and_rescue_uav_ugv_team_020,navigate_to_victim,2026-01-18T18:43:57.000Z,complete,ugv_1,ugv,search_and_rescue_uav_ugv_team_020_exec_10,done,87.3,29.87,44.68,0.0,null,null,null,null,null
search_and_rescue_uav_ugv_team_020,stabilize_area,2026-01-18T18:43:58.000Z,start,ugv_1,ugv,search_and_rescue_uav_ugv_team_020_exec_11,inprogress,87.3,29.87,44.68,0.0,null,null,null,null,null
search_and_rescue_uav_ugv_team_020,stabilize_area,2026-01-18T18:45:21.000Z,null,ugv_1,ugv,search_and_rescue_uav_ugv_team_020_exec_11,inprogress,86.2,29.87,44.68,0.0,null,null,null,null,null
search_and_rescue_uav_ugv_team_020,stabilize_area,2026-01-18T18:46:45.000Z,complete,ugv_1,ugv,search_and_rescue_uav_ugv_team_020_exec_11,done,85.2,29.87,44.68,0.0,null,null,null,null,null
search_and_rescue_uav_ugv_team_020,send_acknowledgment,2026-01-18T18:46:46.000Z,start,ugv_1,ugv,search_and_rescue_uav_ugv_team_020_exec_12,inprogress,85.2,29.87,44.68,0.0,msg_3f21e5e353,area stabilized and escort starting,send,ugv_1,uav_1
search_and_rescue_uav_ugv_team_020,send_acknowledgment,2026-01-18T18:46:51.000Z,complete,ugv_1,ugv,search_and_rescue_uav_ugv_team_020_exec_12,done,85.0,29.87,44.68,0.0,msg_3f21e5e353,area stabilized and escort starting,send,ugv_1,uav_1
search_and_rescue_uav_ugv_team_020,receive_acknowledgment,2026-01-18T18:46:56.000Z,start,uav_1,uav,search_and_rescue_uav_ugv_team_020_exec_13,inprogress,65.0,34.52,42.29,24.65,msg_3f21e5e353,area stabilized and escort starting,receive,ugv_1,uav_1
search_and_rescue_uav_ugv_team_020,receive_acknowledgment,2026-01-18T18:47:00.000Z,complete,uav_1,uav,search_and_rescue_uav_ugv_team_020_exec_13,done,64.9,34.52,42.29,24.65,msg_3f21e5e353,area stabilized and escort starting,receive,ugv_1,uav_1
search_and_rescue_uav_ugv_team_020,escort,2026-01-18T18:47:01.000Z,start,ugv_1,ugv,search_and_rescue_uav_ugv_team_020_exec_14,inprogress,85.0,29.87,44.68,0.0,null,null,null,null,null
search_and_rescue_uav_ugv_team_020,escort,2026-01-18T18:47:49.000Z,null,ugv_1,ugv,search_and_rescue_uav_ugv_team_020_exec_14,inprogress,84.5,26.56,38.9,0.0,null,null,null,null,null
search_and_rescue_uav_ugv_team_020,escort,2026-01-18T18:48:37.000Z,null,ugv_1,ugv,search_and_rescue_uav_ugv_team_020_exec_14,inprogress,84.0,23.24,33.12,0.0,null,null,null,null,null
search_and_rescue_uav_ugv_team_020,escort,2026-01-18T18:49:25.000Z,null,ugv_1,ugv,search_and_rescue_uav_ugv_team_020_exec_14,inprogress,83.5,19.93,27.34,0.0,null,null,null,null,null
search_and_rescue_uav_ugv_team_020,escort,2026-01-18T18:50:13.000Z,null,ugv_1,ugv,search_and_rescue_uav_ugv_team_020_exec_14,inprogress,83.0,16.62,21.56,0.0,null,null,null,null,null
search_and_rescue_uav_ugv_team_020,escort,2026-01-18T18:51:01.000Z,null,ugv_1,ugv,search_and_rescue_uav_ugv_team_020_exec_14,inprogress,82.5,13.31,15.78,0.0,null,null,null,null,null
search_and_rescue_uav_ugv_team_020,escort,2026-01-18T18:51:54.000Z,complete,ugv_1,ugv,search_and_rescue_uav_ugv_team_020_exec_14,done,82.0,10.0,10.0,0.0,null,null,null,null,null
search_and_rescue_uav_ugv_team_020,mission_close,2026-01-18T18:51:55.000Z,start,uav_1,uav,search_and_rescue_uav_ugv_team_020_exec_15,inprogress,64.9,34.52,42.29,24.65,null,null,null,null,null
search_and_rescue_uav_ugv_team_020,mission_close,2026-01-18T18:52:27.000Z,complete,uav_1,uav,search_and_rescue_uav_ugv_team_020_exec_15,done,64.4,34.52,42.29,24.65,null,null,null,null,null
search_and_rescue_uav_ugv_team_020,mission_close,2026-01-18T18:52:28.000Z,start,ugv_1,ugv,search_and_rescue_uav_ugv_team_020_exec_16,inprogress,82.0,10.0,10.0,0.0,null,null,null,null,null
search_and_rescue_uav_ugv_team_020,mission_close,2026-01-18T18:52:56.000Z,complete,ugv_1,ugv,search_and_rescue_uav_ugv_team_020_exec_16,done,81.7,10.0,10.0,0.0,null,null,null,null,null
search_and_rescue_uav_ugv_team_021,dispatch,2026-01-18T19:05:00.000Z,start,uav_1,uav,search_and_rescue_uav_ugv_team_021_exec_1,inprogress,98.2,0.0,0.0,0.0,null,null,null,null,null
search_and_rescue_uav_ugv_team_021,dispatch,2026-01-18T19:05:21.000Z,complete,uav_1,uav,search_and_rescue_uav_ugv_team_021_exec_1,done,98.1,0.0,0.0,0.0,null,null,null,null,null
search_and_rescue_uav_ugv_team_021,dispatch,2026-01-18T19:05:22.000Z,start,ugv_1,ugv,search_and_rescue_uav_ugv_team_021_exec_2,inprogress,93.9,0.0,0.0,0.0,null,null,null,null,null
search_and_rescue_uav_ugv_team_021,dispatch,2026-01-18T19:05:39.000Z,complete,ugv_1,ugv,search_and_rescue_uav_ugv_team_021_exec_2,done,93.6,0.0,0.0,0.0,null,null,null,null,null
search_and_rescue_uav_ugv_team_021,takeoff,2026-01-18T19:05:40.000Z,start,uav_1,uav,search_and_rescue_uav_ugv_team_021_exec_3,inprogress,98.1,0.0,0.0,0.0,null,null,null,null,null
search_and_rescue_uav_ugv_team_021,takeoff,2026-01-18T19:06:15.000Z,complete,uav_1,uav,search_and_rescue_uav_ugv_team_021_exec_3,done,97.5,0.0,0.0,5.0,null,null,null,null,null
search_and_rescue_uav_ugv_team_021,scan_sector,2026-01-18T19:06:16.000Z,start,uav_1,uav,search_and_rescue_uav_ugv_team_021_exec_4,inprogress,97.5,0.0,0.0,5.0,null,null,null,null,null
search_and_rescue_uav_ugv_team_021,scan_sector,2026-01-18T19:07:18.000Z,null,uav_1,uav,search_and_rescue_uav_ugv_team_021_exec_4,inprogress,95.5,12.5,9.44,9.81,null,null,null,null,null
search_and_rescue_uav_ugv_team_021,scan_sector,2026-01-18T19:08:20.000Z,null,uav_1,uav,search_and_rescue_uav_ugv_team_021_exec_4,inprogress,93.4,25.0,18.89,14.62,null,null,null,null,null
search_and_rescue_uav_ugv_team_021,scan_sector,2026-01-18T19:09:22.000Z,null,uav_1,uav,search_and_rescue_uav_ugv_team_021_exec_4,inprogress,91.4,37.49,28.33,19.43,null,null,null,null,null
search_and_rescue_uav_ugv_team_021,scan_sector,2026-01-18T19:10:24.000Z,null,uav_1,uav,search_and_rescue_uav_ugv_team_021_exec_4,inprogress,89.4,49.99,37.78,24.24,null,null,null,null,null
search_and_rescue_uav_ugv_team_021,scan_sector,2026-01-18T19:11:26.000Z,complete,uav_1,uav,search_and_rescue_uav_ugv_team_021_exec_4,done,87.4,62.49,47.22,29.05,null,null,null,null,null
search_and_rescue_uav_ugv_team_021,detect_victim,2026-01-18T19:11:27.000Z,start,uav_1,uav,search_and_rescue_uav_ugv_team_021_exec_5,inprogress,87.4,62.49,47.22,29.05,null,null,null,null,null
search_and_rescue_uav_ugv_team_021,detect_victim,2026-01-18T19:11:57.000Z,complete,uav_1,uav,search_and_rescue_uav_ugv_team_021_exec_5,done,87.0,62.49,47.22,29.05,null,null,null,null,null
search_and_rescue_uav_ugv_team_021,send_coordinates,2026-01-18T19:11:58.000Z,start,uav_1,uav,search_and_rescue_uav_ugv_team_021_exec_6,inprogress,87.0,62.49,47.22,29.05,msg_5f6cc98962,victim coordinates and severity,send,uav_1,ugv_1
search_and_rescue_uav_ugv_team_021,send_coordinates,2026-01-18T19:12:02.000Z,complete,uav_1,uav,search_and_rescue_uav_ugv_team_021_exec_6,done,86.8,62.49,47.22,29.05,msg_5f6cc98962,victim coordinates and severity,send,uav_1,ugv_1
search_and_rescue_uav_ugv_team_021,receive_coordinates,2026-01-18T19:12:08.000Z,start,ugv_1,ugv,search_and_rescue_uav_ugv_team_021_exec_7,inprogress,93.6,0.0,0.0,0.0,msg_5f6cc98962,victim coordinates and severity,receive,uav_1,ugv_1
search_and_rescue_uav_ugv_team_021,receive_coordinates,2026-01-18T19:12:12.000Z,complete,ugv_1,ugv,search_and_rescue_uav_ugv_team_021_exec_7,done,93.5,0.0,0.0,0.0,msg_5f6cc98962,victim coordinates and severity,receive,uav_1,ugv_1
search_and_rescue_uav_ugv_team_021,navigate_to_victim,2026-01-18T19:12:13.000Z,start,ugv_1,ugv,search_and_rescue_uav_ugv_team_021_exec_8,inprogress,93.5,0.0,0.0,0.0,null,null,null,null,null
search_and_rescue_uav_ugv_team_021,navigate_to_victim,2026-01-18T19:13:40.000Z,null,ugv_1,ugv,search_and_rescue_uav_ugv_team_021_exec_8,inprogress,92.2,16.43,12.3,0.0,null,null,null,null,null
search_and_rescue_uav_ugv_team_021,navigate_to_victim,2026-01-18T19:15:07.000Z,null,ugv_1,ugv,search_and_rescue_uav_ugv_team_021_exec_8,inprogress,90.8,32.87,24.6,0.0,null,null,null,null,null
search_and_rescue_uav_ugv_team_021,navigate_to_victim,2026-01-18T19:16:34.000Z,null,ugv_1,ugv,search_and_rescue_uav_ugv_team_021_exec_8,inprogress,89.5,49.3,36.9,0.0,null,null,null,null,null
search_and_rescue_uav_ugv_team_021,navigate_to_victim,2026-01-18T19:18:02.000Z,complete,ugv_1,ugv,search_and_rescue_uav_ugv_team_021_exec_8,done,88.1,65.73,49.21,0.0,null,null,null,null,null
search_and_rescue_uav_ugv_team_021,stabilize_area,2026-01-18T19:18:03.000Z,start,ugv_1,ugv,search_and_rescue_uav_ugv_team_021_exec_9,inprogress,88.1,65.73,49.21,0.0,null,null,null,null,null
search_and_rescue_uav_ugv_team_021,stabilize_area,2026-01-18T19:18:42.000Z,null,ugv_1,ugv,search_and_rescue_uav_ugv_team_021_exec_9,inprogress,87.5,65.73,49.21,0.0,null,null,null,null,null
search_and_rescue_uav_ugv_team_021,stabilize_area,2026-01-18T19:19:21.000Z,null,ugv_1,ugv,search_and_rescue_uav_ugv_team_021_exec_9,inprogress,86.9,65.73,49.21,0.0,null,null,null,null,null
search_and_rescue_uav_ugv_team_021,stabilize_area,2026-01-18T19:20:00.000Z,null,ugv_1,ugv,search_and_rescue_uav_ugv_team_021_exec_9,inprogress,86.2,65.73,49.21,0.0,null,null,null,null,null
search_and_rescue_uav_ugv_team_021,stabilize_area,2026-01-18T19:20:40.000Z,complete,ugv_1,ugv,search_and_rescue_uav_ugv_team_021_exec_9,done,85.6,65.73,49.21,0.0,null,null,null,null,null
search_and_rescue_uav_ugv_team_021,send_acknowledgment,2026-01-18T19:20:41.000Z,start,ugv_1,ugv,search_and_rescue_uav_ugv_team_021_exec_10,inprogress,85.6,65.73,49.21,0.0,msg_10611fc5f1,area stabilized and escort starting,send,ugv_1,uav_1
search_and_rescue_uav_ugv_team_021,send_acknowledgment,2026-01-18T19:20:47.000Z,complete,ugv_1,ugv,search_and_rescue_uav_ugv_team_021_exec_10,done,85.4,65.73,49.21,0.0,msg_10611fc5f1,area stabilized and escort starting,send,ugv_1,uav_1
search_and_rescue_uav_ugv_team_021,receive_acknowledgment,2026-01-18T19:20:52.000Z,start,uav_1,uav,search_and_rescue_uav_ugv_team_021_exec_11,inprogress,86.8,62.49,47.22,29.05,msg_10611fc5f1,area stabilized and escort starting,receive,ugv_1,uav_1
search_and_rescue_uav_ugv_team_021,receive_acknowledgment,2026-01-18T19:20:56.000Z,complete,uav_1,uav,search_and_rescue_uav_ugv_team_021_exec_11,done,86.7,62.49,47.22,29.05,msg_10611fc5f1,area stabilized and escort starting,receive,ugv_1,uav_1
search_and_rescue_uav_ugv_team_021,escort,2026-01-18T19:20:57.000Z,start,ugv_1,ugv,search_and_rescue_uav_ugv_team_021_exec_12,inprogress,85.4,65.73,49.21,0.0,null,null,null,null,null
search_and_rescue_uav_ugv_team_021,escort,2026-01-18T19:22:35.000Z,null,ugv_1,ugv,search_and_rescue_uav_ugv_team_021_exec_12,inprogress,83.5,47.16,36.14,0.0,null,null,null,null,null
search_and_rescue_uav_ugv_team_021,escort,2026-01-18T19:24:13.000Z,null,ugv_1,ugv,search_and_rescue_uav_ugv_team_021_exec_12,inprogress,81.6,28.58,23.07,0.0,null,null,null,null,null
search_and_rescue_uav_ugv_team_021,escort,2026-01-18T19:25:53.000Z,complete,ugv_1,ugv,search_and_rescue_uav_ugv_team_021_exec_12,done,79.8,10.0,10.0,0.0,null,null,null,null,null
search_and_rescue_uav_ugv_team_021,mission_close,2026-01-18T19:25:54.000Z,start,uav_1,uav,search_and_rescue_uav_ugv_team_021_exec_13,inprogress,86.7,62.49,47.22,29.05,null,null,null,null,null
search_and_rescue_uav_ugv_team_021,mission_close,2026-01-18T19:26:34.000Z,complete,uav_1,uav,search_and_rescue_uav_ugv_team_021_exec_13,done,86.3,62.49,47.22,29.05,null,null,null,null,null
search_and_rescue_uav_ugv_team_021,mission_close,2026-01-18T19:26:35.000Z,start,ugv_1,ugv,search_and_rescue_uav_ugv_team_021_exec_14,inprogress,79.8,10.0,10.0,0.0,null,null,null,null,null
search_and_rescue_uav_ugv_team_021,mission_close,2026-01-18T19:27:15.000Z,complete,ugv_1,ugv,search_and_rescue_uav_ugv_team_021_exec_14,done,79.4,10.0,10.0,0.0,null,null,null,null,null
search_and_rescue_uav_ugv_team_022,dispatch,2026-01-18T19:45:00.000Z,start,uav_1,uav,search_and_rescue_uav_ugv_team_022_exec_1,inprogress,90.0,0.0,0.0,0.0,null,null,null,null,null
search_and_rescue_uav_ugv_team_022,dispatch,2026-01-18T19:45:18.000Z,complete,uav_1,uav,search_and_rescue_uav_ugv_team_022_exec_1,done,89.7,0.0,0.0,0.0,null,null,null,null,null
search_and_rescue_uav_ugv_team_022,dispatch,2026-01-18T19:45:19.000Z,start,ugv_1,ugv,search_and_rescue_uav_ugv_team_022_exec_2,inprogress,75.1,0.0,0.0,0.0,null,null,null,null,null
search_and_rescue_uav_ugv_team_022,dispatch,2026-01-18T19:45:41.000Z,complete,ugv_1,ugv,search_and_rescue_uav_ugv_team_022_exec_2,done,74.9,0.0,0.0,0.0,null,null,null,null,null
search_and_rescue_uav_ugv_team_022,takeoff,2026-01-18T19:45:42.000Z,start,uav_1,uav,search_and_rescue_uav_ugv_team_022_exec_3,inprogress,89.7,0.0,0.0,0.0,null,null,null,null,null
search_and_rescue_uav_ugv_team_022,takeoff,2026-01-18T19:46:00.000Z,complete,uav_1,uav,search_and_rescue_uav_ugv_team_022_exec_3,done,89.2,0.0,0.0,5.0,null,null,null,null,null
search_and_rescue_uav_ugv_team_022,scan_sector,2026-01-18T19:46:01.000Z,start,uav_1,uav,search_and_rescue_uav_ugv_team_022_exec_4,inprogress,89.2,0.0,0.0,5.0,null,null,null,null,null
search_and_rescue_uav_ugv_team_022,scan_sector,2026-01-18T19:46:35.000Z,null,uav_1,uav,search_and_rescue_uav_ugv_team_022_exec_4,inprogress,88.0,6.33,7.94,8.08,null,null,null,null,null
search_and_rescue_uav_ugv_team_022,scan_sector,2026-01-18T19:47:09.000Z,null,uav_1,uav,search_and_rescue_uav_ugv_team_022_exec_4,inprogress,86.7,12.66,15.87,11.16,null,null,null,null,null
search_and_rescue_uav_ugv_team_022,scan_sector,2026-01-18T19:47:43.000Z,null,uav_1,uav,search_and_rescue_uav_ugv_team_022_exec_4,inprogress,85.5,19.0,23.81,14.24,null,null,null,null,null
search_and_rescue_uav_ugv_team_022,scan_sector,2026-01-18T19:48:17.000Z,null,uav_1,uav,search_and_rescue_uav_ugv_team_022_exec_4,inprogress,84.2,25.33,31.74,17.31,null,null,null,null,null
search_and_rescue_uav_ugv_team_022,scan_sector,2026-01-18T19:48:51.000Z,null,uav_1,uav,search_and_rescue_uav_ugv_team_022_exec_4,inprogress,83.0,31.66,39.68,20.39,null,null,null,null,null
search_and_rescue_uav_ugv_team_022,scan_sector,2026-01-18T19:49:25.000Z,null,uav_1,uav,search_and_rescue_uav_ugv_team_022_exec_4,inprogress,81.8,37.99,47.61,23.47,null,null,null,null,null
search_and_rescue_uav_ugv_team_022,scan_sector,2026-01-18T19:49:59.000Z,null,uav_1,uav,search_and_rescue_uav_ugv_team_022_exec_4,inprogress,80.5,44.32,55.55,26.55,null,null,null,null,null
search_and_rescue_uav_ugv_team_022,scan_sector,2026-01-18T19:50:34.000Z,complete,uav_1,uav,search_and_rescue_uav_ugv_team_022_exec_4,done,79.3,50.65,63.48,29.63,null,null,null,null,null
search_and_rescue_uav_ugv_team_022,detect_victim,2026-01-18T19:50:35.000Z,start,uav_1,uav,search_and_rescue_uav_ugv_team_022_exec_5,inprogress,79.3,50.65,63.48,29.63,null,null,null,null,null
search_and_rescue_uav_ugv_team_022,detect_victim,2026-01-18T19:51:00.000Z,complete,uav_1,uav,search_and_rescue_uav_ugv_team_022_exec_5,done,78.9,50.65,63.48,29.63,null,null,null,null,null
search_and_rescue_uav_ugv_team_022,send_coordinates,2026-01-18T19:51:01.000Z,start,uav_1,uav,search_and_rescue_uav_ugv_team_022_exec_6,inprogress,78.9,50.65,63.48,29.63,msg_2d36ee2bda,victim coordinates and severity,send,uav_1,ugv_1
search_and_rescue_uav_ugv_team_022,send_coordinates,2026-01-18T19:51:07.000Z,complete,uav_1,uav,search_and_rescue_uav_ugv_team_022_exec_6,done,78.7,50.65,63.48,29.63,msg_2d36ee2bda,victim coordinates and severity,send,uav_1,ugv_1
search_and_rescue_uav_ugv_team_022,receive_coordinates,2026-01-18T19:51:13.000Z,start,ugv_1,ugv,search_and_rescue_uav_ugv_team_022_exec_7,inprogress,74.9,0.0,0.0,0.0,msg_2d36ee2bda,victim coordinates and severity,receive,uav_1,ugv_1
search_and_rescue_uav_ugv_team_022,receive_coordinates,2026-01-18T19:51:17.000Z,complete,ugv_1,ugv,search_and_rescue_uav_ugv_team_022_exec_7,done,74.8,0.0,0.0,0.0,msg_2d36ee2bda,victim coordinates and severity,receive,uav_1,ugv_1
search_and_rescue_uav_ugv_team_022,navigate_to_victim,2026-01-18T19:51:18.000Z,start,ugv_1,ugv,search_and_rescue_uav_ugv_team_022_exec_8,inprogress,74.8,0.0,0.0,0.0,null,null,null,null,null
search_and_rescue_uav_ugv_team_022,navigate_to_victim,2026-01-18T19:51:59.000Z,null,ugv_1,ugv,search_and_rescue_uav_ugv_team_022_exec_8,inprogress,74.0,9.15,13.11,0.0,null,null,null,null,null
search_and_rescue_uav_ugv_team_022,navigate_to_victim,2026-01-18T19:52:40.000Z,null,ugv_1,ugv,search_and_rescue_uav_ugv_team_022_exec_8,inprogress,73.3,18.3,26.22,0.0,null,null,null,null,null
search_and_rescue_uav_ugv_team_022,navigate_to_victim,2026-01-18T19:53:21.000Z,null,ugv_1,ugv,search_and_rescue_uav_ugv_team_022_exec_8,inprogress,72.6,27.45,39.34,0.0,null,null,null,null,null
search_and_rescue_uav_ugv_team_022,navigate_to_victim,2026-01-18T19:54:02.000Z,null,ugv_1,ugv,search_and_rescue_uav_ugv_team_022_exec_8,inprogress,71.9,36.6,52.45,0.0,null,null,null,null,null
search_and_rescue_uav_ugv_team_022,navigate_to_victim,2026-01-18T19:54:46.000Z,complete,ugv_1,ugv,search_and_rescue_uav_ugv_team_022_exec_8,done,71.2,45.75,65.56,0.0,null,null,null,null,null
search_and_rescue_uav_ugv_team_022,reroute,2026-01-18T19:54:47.000Z,start,ugv_1,ugv,search_and_rescue_uav_ugv_team_022_exec_9,inprogress,71.2,45.75,65.56,0.0,null,null,null,null,null
search_and_rescue_uav_ugv_team_022,reroute,2026-01-18T19:55:18.000Z,complete,ugv_1,ugv,search_and_rescue_uav_ugv_team_022_exec_9,done,70.4,45.75,65.56,0.0,null,null,null,null,null
search_and_rescue_uav_ugv_team_022,navigate_to_victim,2026-01-18T19:55:19.000Z,start,ugv_1,ugv,search_and_rescue_uav_ugv_team_022_exec_10,inprogress,70.4,45.75,65.56,0.0,null,null,null,null,null
search_and_rescue_uav_ugv_team_022,navigate_to_victim,2026-01-18T19:56:26.000Z,null,ugv_1,ugv,search_and_rescue_uav_ugv_team_022_exec_10,inprogress,69.3,47.33,64.54,0.0,null,null,null,null,null
search_and_rescue_uav_ugv_team_022,navigate_to_victim,2026-01-18T19:57:33.000Z,null,ugv_1,ugv,search_and_rescue_uav_ugv_team_022_exec_10,inprogress,68.3,48.91,63.52,0.0,null,null,null,null,null
search_and_rescue_uav_ugv_team_022,navigate_to_victim,2026-01-18T19:58:40.000Z,null,ugv_1,ugv,search_and_rescue_uav_ugv_team_022_exec_10,inprogress,67.3,50.49,62.51,0.0,null,null,null,null,null
search_and_rescue_uav_ugv_team_022,navigate_to_victim,2026-01-18T19:59:47.000Z,null,ugv_1,ugv,search_and_rescue_uav_ugv_team_022_exec_10,inprogress,66.3,52.07,61.49,0.0,null,null,null,null,null
search_and_rescue_uav_ugv_team_022,navigate_to_victim,2026-01-18T20:00:57.000Z,complete,ugv_1,ugv,search_and_rescue_uav_ugv_team_022_exec_10,done,65.3,53.65,60.47,0.0,null,null,null,null,null
search_and_rescue_uav_ugv_team_022,stabilize_area,2026-01-18T20:00:58.000Z,start,ugv_1,ugv,search_and_rescue_uav_ugv_team_022_exec_11,inprogress,65.3,53.65,60.47,0.0,null,null,null,null,null
search_and_rescue_uav_ugv_team_022,stabilize_area,2026-01-18T20:01:48.000Z,null,ugv_1,ugv,search_and_rescue_uav_ugv_team_022_exec_11,inprogress,64.4,53.65,60.47,0.0,null,null,null,null,null
search_and_rescue_uav_ugv_team_022,stabilize_area,2026-01-18T20:02:39.000Z,complete,ugv_1,ugv,search_and_rescue_uav_ugv_team_022_exec_11,done,63.5,53.65,60.47,0.0,null,null,null,null,null
search_and_rescue_uav_ugv_team_022,send_acknowledgment,2026-01-18T20:02:40.000Z,start,ugv_1,ugv,search_and_rescue_uav_ugv_team_022_exec_12,inprogress,63.5,53.65,60.47,0.0,msg_8ea4f927e5,area stabilized and escort starting,send,ugv_1,uav_1
search_and_rescue_uav_ugv_team_022,send_acknowledgment,2026-01-18T20:02:47.000Z,complete,ugv_1,ugv,search_and_rescue_uav_ugv_team_022_exec_12,done,63.3,53.65,60.47,0.0,msg_8ea4f927e5,area stabilized and escort starting,send,ugv_1,uav_1
search_and_rescue_uav_ugv_team_022,receive_acknowledgment,2026-01-18T20:02:52.000Z,start,uav_1,uav,search_and_rescue_uav_ugv_team_022_exec_13,inprogress,78.7,50.65,63.48,29.63,msg_8ea4f927e5,area stabilized and escort starting,receive,ugv_1,uav_1
search_and_rescue_uav_ugv_team_022,receive_acknowledgment,2026-01-18T20:02:56.000Z,complete,uav_1,uav,search_and_rescue_uav_ugv_team_022_exec_13,done,78.6,50.65,63.48,29.63,msg_8ea4f927e5,area stabilized and escort starting,receive,ugv_1,uav_1
search_and_rescue_uav_ugv_team_022,escort,2026-01-18T20:02:57.000Z,start,ugv_1,ugv,search_and_rescue_uav_ugv_team_022_exec_14,inprogress,63.3,53.65,60.47,0.0,null,null,null,null,null
search_and_rescue_uav_ugv_team_022,escort,2026-01-18T20:03:58.000Z,null,ugv_1,ugv,search_and_rescue_uav_ugv_team_022_exec_14,inprogress,62.4,42.74,47.85,0.0,null,null,null,null,null
search_and_rescue_uav_ugv_team_022,escort,2026-01-18T20:04:59.000Z,null,ugv_1,ugv,search_and_rescue_uav_ugv_team_022_exec_14,inprogress,61.6,31.82,35.23,0.0,null,null,null,null,null
search_and_rescue_uav_ugv_team_022,escort,2026-01-18T20:06:00.000Z,null,ugv_1,ugv,search_and_rescue_uav_ugv_team_022_exec_14,inprogress,60.8,20.91,22.62,0.0,null,null,null,null,null
search_and_rescue_uav_ugv_team_022,escort,2026-01-18T20:07:03.000Z,complete,ugv_1,ugv,search_and_rescue_uav_ugv_team_022_exec_14,done,60.0,10.0,10.0,0.0,null,null,null,null,null
search_and_rescue_uav_ugv_team_022,mission_close,2026-01-18T20:07:04.000Z,start,uav_1,uav,search_and_rescue_uav_ugv_team_022_exec_15,inprogress,78.6,50.65,63.48,29.63,null,null,null,null,null
search_and_rescue_uav_ugv_team_022,mission_close,2026-01-18T20:07:35.000Z,complete,uav_1,uav,search_and_rescue_uav_ugv_team_022_exec_15,done,78.3,50.65,63.48,29.63,null,null,null,null,null
search_and_rescue_uav_ugv_team_022,mission_close,2026-01-18T20:07:36.000Z,start,ugv_1,ugv,search_and_rescue_uav_ugv_team_022_exec_16,inprogress,60.0,10.0,10.0,0.0,null,null,null,null,null
search_and_rescue_uav_ugv_team_022,mission_close,2026-01-18T20:08:14.000Z,complete,ugv_1,ugv,search_and_rescue_uav_ugv_team_022_exec_16,done,59.7,10.0,10.0,0.0,null,null,null,null,null
search_and_rescue_uav_ugv_team_023,dispatch,2026-01-18T20:25:00.000Z,start,uav_1,uav,search_and_rescue_uav_ugv_team_023_exec_1,inprogress,92.1,0.0,0.0,0.0,null,null,null,null,null
search_and_rescue_uav_ugv_team_023,dispatch,2026-01-18T20:25:26.000Z,complete,uav_1,uav,search_and_rescue_uav_ugv_team_023_exec_1,done,91.9,0.0,0.0,0.0,null,null,null,null,null
search_and_rescue_uav_ugv_team_023,dispatch,2026-01-18T20:25:27.000Z,start,ugv_1,ugv,search_and_rescue_uav_ugv_team_023_exec_2,inprogress,85.9,0.0,0.0,0.0,null,null,null,null,null
search_and_rescue_uav_ugv_team_023,dispatch,2026-01-18T20:25:54.000Z,complete,ugv_1,ugv,search_and_rescue_uav_ugv_team_023_exec_2,done,85.8,0.0,0.0,0.0,null,null,null,null,null
search_and_rescue_uav_ugv_team_023,takeoff,2026-01-18T20:25:55.000Z,start,uav_1,uav,search_and_rescue_uav_ugv_team_023_exec_3,inprogress,91.9,0.0,0.0,0.0,null,null,null,null,null
search_and_rescue_uav_ugv_team_023,takeoff,2026-01-18T20:26:16.000Z,complete,uav_1,uav,search_and_rescue_uav_ugv_team_023_exec_3,done,91.3,0.0,0.0,5.0,null,null,null,null,null
search_and_rescue_uav_ugv_team_023,scan_sector,2026-01-18T20:26:17.000Z,start,uav_1,uav,search_and_rescue_uav_ugv_team_023_exec_4,inprogress,91.3,0.0,0.0,5.0,null,null,null,null,null
search_and_rescue_uav_ugv_team_023,scan_sector,2026-01-18T20:27:02.000Z,null,uav_1,uav,search_and_rescue_uav_ugv_team_023_exec_4,inprogress,90.5,8.06,6.76,7.13,null,null,null,null,null
search_and_rescue_uav_ugv_team_023,scan_sector,2026-01-18T20:27:47.000Z,null,uav_1,uav,search_and_rescue_uav_ugv_team_023_exec_4,inprogress,89.7,16.12,13.53,9.26,null,null,null,null,null
search_and_rescue_uav_ugv_team_023,scan_sector,2026-01-18T20:28:32.000Z,null,uav_1,uav,search_and_rescue_uav_ugv_team_023_exec_4,inprogress,88.8,24.18,20.29,11.39,null,null,null,null,null
search_and_rescue_uav_ugv_team_023,scan_sector,2026-01-18T20:29:17.000Z,null,uav_1,uav,search_and_rescue_uav_ugv_team_023_exec_4,inprogress,88.0,32.24,27.05,13.52,null,null,null,null,null
search_and_rescue_uav_ugv_team_023,scan_sector,2026-01-18T20:30:02.000Z,null,uav_1,uav,search_and_rescue_uav_ugv_team_023_exec_4,inprogress,87.2,40.3,33.82,15.64,null,null,null,null,null
search_and_rescue_uav_ugv_team_023,scan_sector,2026-01-18T20:30:47.000Z,null,uav_1,uav,search_and_rescue_uav_ugv_team_023_exec_4,inprogress,86.4,48.36,40.58,17.77,null,null,null,null,null
search_and_rescue_uav_ugv_team_023,scan_sector,2026-01-18T20:31:32.000Z,null,uav_1,uav,search_and_rescue_uav_ugv_team_023_exec_4,inprogress,85.5,56.42,47.34,19.9,null,null,null,null,null
search_and_rescue_uav_ugv_team_023,scan_sector,2026-01-18T20:32:23.000Z,complete,uav_1,uav,search_and_rescue_uav_ugv_team_023_exec_4,done,84.7,64.48,54.11,22.03,null,null,null,null,null
search_and_rescue_uav_ugv_team_023,detect_victim,2026-01-18T20:32:24.000Z,start,uav_1,uav,search_and_rescue_uav_ugv_team_023_exec_5,inprogress,84.7,64.48,54.11,22.03,null,null,null,null,null
search_and_rescue_uav_ugv_team_023,detect_victim,2026-01-18T20:32:45.000Z,complete,uav_1,uav,search_and_rescue_uav_ugv_team_023_exec_5,done,84.2,64.48,54.11,22.03,null,null,null,null,null
search_and_rescue_uav_ugv_team_023,send_coordinates,2026-01-18T20:32:46.000Z,start,uav_1,uav,search_and_rescue_uav_ugv_team_023_exec_6,inprogress,84.2,64.48,54.11,22.03,msg_362e38983d,victim coordinates and severity,send,uav_1,ugv_1
search_and_rescue_uav_ugv_team_023,send_coordinates,2026-01-18T20:32:53.000Z,complete,uav_1,uav,search_and_rescue_uav_ugv_team_023_exec_6,done,84.0,64.48,54.11,22.03,msg_362e38983d,victim coordinates and severity,send,uav_1,ugv_1
search_and_rescue_uav_ugv_team_023,receive_coordinates,2026-01-18T20:32:59.000Z,start,ugv_1,ugv,search_and_rescue_uav_ugv_team_023_exec_7,inprogress,85.8,0.0,0.0,0.0,msg_362e38983d,victim coordinates and severity,receive,uav_1,ugv_1
search_and_rescue_uav_ugv_team_023,receive_coordinates,2026-01-18T20:33:03.000Z,complete,ugv_1,ugv,search_and_rescue_uav_ugv_team_023_exec_7,done,85.7,0.0,0.0,0.0,msg_362e38983d,victim coordinates and severity,receive,uav_1,ugv_1
search_and_rescue_uav_ugv_team_023,navigate_to_victim,2026-01-18T20:33:04.000Z,start,ugv_1,ugv,search_and_rescue_uav_ugv_team_023_exec_8,inprogress,85.7,0.0,0.0,0.0,null,null,null,null,null
search_and_rescue_uav_ugv_team_023,navigate_to_victim,2026-01-18T20:34:01.000Z,null,ugv_1,ugv,search_and_rescue_uav_ugv_team_023_exec_8,inprogress,84.4,13.48,9.88,0.0,null,null,null,null,null
search_and_rescue_uav_ugv_team_023,navigate_to_victim,2026-01-18T20:34:58.000Z,null,ugv_1,ugv,search_and_rescue_uav_ugv_team_023_exec_8,inprogress,83.1,26.96,19.76,0.0,null,null,null,null,null
search_and_rescue_uav_ugv_team_023,navigate_to_victim,2026-01-18T20:35:55.000Z,null,ugv_1,ugv,search_and_rescue_uav_ugv_team_023_exec_8,inprogress,81.8,40.44,29.64,0.0,null,null,null,null,null
search_and_rescue_uav_ugv_team_023,navigate_to_victim,2026-01-18T20:36:52.000Z,null,ugv_1,ugv,search_and_rescue_uav_ugv_team_023_exec_8,inprogress,80.5,53.92,39.52,0.0,null,null,null,null,null
search_and_rescue_uav_ugv_team_023,navigate_to_victim,2026-01-18T20:37:51.000Z,complete,ugv_1,ugv,search_and_rescue_uav_ugv_team_023_exec_8,done,79.2,67.4,49.39,0.0,null,null,null,null,null
search_and_rescue_uav_ugv_team_023,stabilize_area,2026-01-18T20:37:52.000Z,start,ugv_1,ugv,search_and_rescue_uav_ugv_team_023_exec_9,inprogress,79.2,67.4,49.39,0.0,null,null,null,null,null
search_and_rescue_uav_ugv_team_023,stabilize_area,2026-01-18T20:38:29.000Z,null,ugv_1,ugv,search_and_rescue_uav_ugv_team_023_exec_9,inprogress,78.5,67.4,49.39,0.0,null,null,null,null,null
search_and_rescue_uav_ugv_team_023,stabilize_area,2026-01-18T20:39:06.000Z,null,ugv_1,ugv,search_and_rescue_uav_ugv_team_023_exec_9,inprogress,77.8,67.4,49.39,0.0,null,null,null,null,null
search_and_rescue_uav_ugv_team_023,stabilize_area,2026-01-18T20:39:43.000Z,complete,ugv_1,ugv,search_and_rescue_uav_ugv_team_023_exec_9,done,77.1,67.4,49.39,0.0,null,null,null,null,null
search_and_rescue_uav_ugv_team_023,send_acknowledgment,2026-01-18T20:39:44.000Z,start,ugv_1,ugv,search_and_rescue_uav_ugv_team_023_exec_10,inprogress,77.1,67.4,49.39,0.0,msg_ce83d2f167,area stabilized and escort starting,send,ugv_1,uav_1
search_and_rescue_uav_ugv_team_023,send_acknowledgment,2026-01-18T20:39:51.000Z,complete,ugv_1,ugv,search_and_rescue_uav_ugv_team_023_exec_10,done,76.9,67.4,49.39,0.0,msg_ce83d2f167,area stabilized and escort starting,send,ugv_1,uav_1
search_and_rescue_uav_ugv_team_023,receive_acknowledgment,2026-01-18T20:39:56.000Z,start,uav_1,uav,search_and_rescue_uav_ugv_team_023_exec_11,inprogress,84.0,64.48,54.11,22.03,msg_ce83d2f167,area stabilized and escort starting,receive,ugv_1,uav_1
search_and_rescue_uav_ugv_team_023,receive_acknowledgment,2026-01-18T20:40:00.000Z,complete,uav_1,uav,search_and_rescue_uav_ugv_team_023_exec_11,done,83.9,64.48,54.11,22.03,msg_ce83d2f167,area stabilized and escort starting,receive,ugv_1,uav_1
search_and_rescue_uav_ugv_team_023,escort,2026-01-18T20:40:01.000Z,start,ugv_1,ugv,search_and_rescue_uav_ugv_team_023_exec_12,inprogress,76.9,67.4,49.39,0.0,null,null,null,null,null
search_and_rescue_uav_ugv_team_023,escort,2026-01-18T20:41:08.000Z,null,ugv_1,ugv,search_and_rescue_uav_ugv_team_023_exec_12,inprogress,75.3,48.27,36.26,0.0,null,null,null,null,null
search_and_rescue_uav_ugv_team_023,escort,2026-01-18T20:42:15.000Z,null,ugv_1,ugv,search_and_rescue_uav_ugv_team_023_exec_12,inprogress,73.8,29.13,23.13,0.0,null,null,null,null,null
search_and_rescue_uav_ugv_team_023,escort,2026-01-18T20:43:22.000Z,complete,ugv_1,ugv,search_and_rescue_uav_ugv_team_023_exec_12,done,72.2,10.0,10.0,0.0,null,null,null,null,null
search_and_rescue_uav_ugv_team_023,mission_close,2026-01-18T20:43:23.000Z,start,uav_1,uav,search_and_rescue_uav_ugv_team_023_exec_13,inprogress,83.9,64.48,54.11,22.03,null,null,null,null,null
search_and_rescue_uav_ugv_team_023,mission_close,2026-01-18T20:43:53.000Z,complete,uav_1,uav,search_and_rescue_uav_ugv_team_023_exec_13,done,83.5,64.48,54.11,22.03,null,null,null,null,null
search_and_rescue_uav_ugv_team_023,mission_close,2026-01-18T20:43:54.000Z,start,ugv_1,ugv,search_and_rescue_uav_ugv_team_023_exec_14,inprogress,72.2,10.0,10.0,0.0,null,null,null,null,null
search_and_rescue_uav_ugv_team_023,mission_close,2026-01-18T20:44:26.000Z,complete,ugv_1,ugv,search_and_rescue_uav_ugv_team_023_exec_14,done,71.8,10.0,10.0,0.0,null,null,null,null,null
search_and_rescue_uav_ugv_team_024,dispatch,2026-01-18T21:05:00.000Z,start,uav_1,uav,search_and_rescue_uav_ugv_team_024_exec_1,inprogress,92.0,0.0,0.0,0.0,null,null,null,null,null
search_and_rescue_uav_ugv_team_024,dispatch,2026-01-18T21:05:20.000Z,complete,uav_1,uav,search_and_rescue_uav_ugv_team_024_exec_1,done,91.9,0.0,0.0,0.0,null,null,null,null,null
search_and_rescue_uav_ugv_team_024,dispatch,2026-01-18T21:05:21.000Z,start,ugv_1,ugv,search_and_rescue_uav_ugv_team_024_exec_2,inprogress,92.7,0.0,0.0,0.0,null,null,null,null,null
search_and_rescue_uav_ugv_team_024,dispatch,2026-01-18T21:05:34.000Z,complete,ugv_1,ugv,search_and_rescue_uav_ugv_team_024_exec_2,done,92.6,0.0,0.0,0.0,null,null,null,null,null
search_and_rescue_uav_ugv_team_024,takeoff,2026-01-18T21:05:35.000Z,start,uav_1,uav,search_and_rescue_uav_ugv_team_024_exec_3,inprogress,91.9,0.0,0.0,0.0,null,null,null,null,null
search_and_rescue_uav_ugv_team_024,takeoff,2026-01-18T21:05:57.000Z,complete,uav_1,uav,search_and_rescue_uav_ugv_team_024_exec_3,done,91.2,0.0,0.0,5.0,null,null,null,null,null
search_and_rescue_uav_ugv_team_024,scan_sector,2026-01-18T21:05:58.000Z,start,uav_1,uav,search_and_rescue_uav_ugv_team_024_exec_4,inprogress,91.2,0.0,0.0,5.0,null,null,null,null,null
search_and_rescue_uav_ugv_team_024,scan_sector,2026-01-18T21:07:16.000Z,null,uav_1,uav,search_and_rescue_uav_ugv_team_024_exec_4,inprogress,90.0,8.83,9.06,9.48,null,null,null,null,null
search_and_rescue_uav_ugv_team_024,scan_sector,2026-01-18T21:08:34.000Z,null,uav_1,uav,search_and_rescue_uav_ugv_team_024_exec_4,inprogress,88.8,17.67,18.13,13.96,null,null,null,null,null
search_and_rescue_uav_ugv_team_024,scan_sector,2026-01-18T21:09:52.000Z,null,uav_1,uav,search_and_rescue_uav_ugv_team_024_exec_4,inprogress,87.6,26.5,27.19,18.43,null,null,null,null,null
search_and_rescue_uav_ugv_team_024,scan_sector,2026-01-18T21:11:10.000Z,null,uav_1,uav,search_and_rescue_uav_ugv_team_024_exec_4,inprogress,86.4,35.34,36.25,22.91,null,null,null,null,null
search_and_rescue_uav_ugv_team_024,scan_sector,2026-01-18T21:12:31.000Z,complete,uav_1,uav,search_and_rescue_uav_ugv_team_024_exec_4,done,85.1,44.17,45.32,27.39,null,null,null,null,null
search_and_rescue_uav_ugv_team_024,detect_victim,2026-01-18T21:12:32.000Z,start,uav_1,uav,search_and_rescue_uav_ugv_team_024_exec_5,inprogress,85.1,44.17,45.32,27.39,null,null,null,null,null
search_and_rescue_uav_ugv_team_024,detect_victim,2026-01-18T21:13:03.000Z,complete,uav_1,uav,search_and_rescue_uav_ugv_team_024_exec_5,done,84.7,44.17,45.32,27.39,null,null,null,null,null
search_and_rescue_uav_ugv_team_024,send_coordinates,2026-01-18T21:13:04.000Z,start,uav_1,uav,search_and_rescue_uav_ugv_team_024_exec_6,inprogress,84.7,44.17,45.32,27.39,msg_8e7e5d600f,victim coordinates and severity,send,uav_1,ugv_1
search_and_rescue_uav_ugv_team_024,send_coordinates,2026-01-18T21:13:12.000Z,complete,uav_1,uav,search_and_rescue_uav_ugv_team_024_exec_6,done,84.5,44.17,45.32,27.39,msg_8e7e5d600f,victim coordinates and severity,send,uav_1,ugv_1
search_and_rescue_uav_ugv_team_024,receive_coordinates,2026-01-18T21:13:18.000Z,start,ugv_1,ugv,search_and_rescue_uav_ugv_team_024_exec_7,inprogress,92.6,0.0,0.0,0.0,msg_8e7e5d600f,victim coordinates and severity,receive,uav_1,ugv_1
search_and_rescue_uav_ugv_team_024,receive_coordinates,2026-01-18T21:13:22.000Z,complete,ugv_1,ugv,search_and_rescue_uav_ugv_team_024_exec_7,done,92.5,0.0,0.0,0.0,msg_8e7e5d600f,victim coordinates and severity,receive,uav_1,ugv_1
search_and_rescue_uav_ugv_team_024,navigate_to_victim,2026-01-18T21:13:23.000Z,start,ugv_1,ugv,search_and_rescue_uav_ugv_team_024_exec_8,inprogress,92.5,0.0,0.0,0.0,null,null,null,null,null
search_and_rescue_uav_ugv_team_024,navigate_to_victim,2026-01-18T21:14:00.000Z,null,ugv_1,ugv,search_and_rescue_uav_ugv_team_024_exec_8,inprogress,91.4,5.65,6.02,0.0,null,null,null,null,null
search_and_rescue_uav_ugv_team_024,navigate_to_victim,2026-01-18T21:14:37.000Z,null,ugv_1,ugv,search_and_rescue_uav_ugv_team_024_exec_8,inprogress,90.3,11.31,12.03,0.0,null,null,null,null,null
search_and_rescue_uav_ugv_team_024,navigate_to_victim,2026-01-18T21:15:14.000Z,null,ugv_1,ugv,search_and_rescue_uav_ugv_team_024_exec_8,inprogress,89.2,16.96,18.05,0.0,null,null,null,null,null
search_and_rescue_uav_ugv_team_024,navigate_to_victim,2026-01-18T21:15:51.000Z,null,ugv_1,ugv,search_and_rescue_uav_ugv_team_024_exec_8,inprogress,88.1,22.62,24.06,0.0,null,null,null,null,null
search_and_rescue_uav_ugv_team_024,navigate_to_victim,2026-01-18T21:16:28.000Z,null,ugv_1,ugv,search_and_rescue_uav_ugv_team_024_exec_8,inprogress,87.0,28.27,30.08,0.0,null,null,null,null,null
search_and_rescue_uav_ugv_team_024,navigate_to_victim,2026-01-18T21:17:05.000Z,null,ugv_1,ugv,search_and_rescue_uav_ugv_team_024_exec_8,inprogress,85.9,33.93,36.1,0.0,null,null,null,null,null
search_and_rescue_uav_ugv_team_024,navigate_to_victim,2026-01-18T21:17:46.000Z,complete,ugv_1,ugv,search_and_rescue_uav_ugv_team_024_exec_8,done,84.8,39.58,42.11,0.0,null,null,null,null,null
search_and_rescue_uav_ugv_team_024,stabilize_area,2026-01-18T21:17:47.000Z,start,ugv_1,ugv,search_and_rescue_uav_ugv_team_024_exec_9,inprogress,84.8,39.58,42.11,0.0,null,null,null,null,null
search_and_rescue_uav_ugv_team_024,stabilize_area,2026-01-18T21:18:56.000Z,null,ugv_1,ugv,search_and_rescue_uav_ugv_team_024_exec_9,inprogress,84.1,39.58,42.11,0.0,null,null,null,null,null
search_and_rescue_uav_ugv_team_024,stabilize_area,2026-01-18T21:20:06.000Z,complete,ugv_1,ugv,search_and_rescue_uav_ugv_team_024_exec_9,done,83.4,39.58,42.11,0.0,null,null,null,null,null
search_and_rescue_uav_ugv_team_024,send_acknowledgment,2026-01-18T21:20:07.000Z,start,ugv_1,ugv,search_and_rescue_uav_ugv_team_024_exec_10,inprogress,83.4,39.58,42.11,0.0,msg_3cace45446,area stabilized and escort starting,send,ugv_1,uav_1
search_and_rescue_uav_ugv_team_024,send_acknowledgment,2026-01-18T21:20:15.000Z,complete,ugv_1,ugv,search_and_rescue_uav_ugv_team_024_exec_10,done,83.2,39.58,42.11,0.0,msg_3cace45446,area stabilized and escort starting,send,ugv_1,uav_1
search_and_rescue_uav_ugv_team_024,receive_acknowledgment,2026-01-18T21:20:20.000Z,start,uav_1,uav,search_and_rescue_uav_ugv_team_024_exec_11,inprogress,84.5,44.17,45.32,27.39,msg_3cace45446,area stabilized and escort starting,receive,ugv_1,uav_1
search_and_rescue_uav_ugv_team_024,receive_acknowledgment,2026-01-18T21:20:24.000Z,complete,uav_1,uav,search_and_rescue_uav_ugv_team_024_exec_11,done,84.4,44.17,45.32,27.39,msg_3cace45446,area stabilized and escort starting,receive,ugv_1,uav_1
search_and_rescue_uav_ugv_team_024,escort,2026-01-18T21:20:25.000Z,start,ugv_1,ugv,search_and_rescue_uav_ugv_team_024_exec_12,inprogress,83.2,39.58,42.11,0.0,null,null,null,null,null
search_and_rescue_uav_ugv_team_024,escort,2026-01-18T21:21:37.000Z,null,ugv_1,ugv,search_and_rescue_uav_ugv_team_024_exec_12,inprogress,82.3,32.19,34.08,0.0,null,null,null,null,null
search_and_rescue_uav_ugv_team_024,escort,2026-01-18T21:22:49.000Z,null,ugv_1,ugv,search_and_rescue_uav_ugv_team_024_exec_12,inprogress,81.3,24.79,26.06,0.0,null,null,null,null,null
search_and_rescue_uav_ugv_team_024,escort,2026-01-18T21:24:01.000Z,null,ugv_1,ugv,search_and_rescue_uav_ugv_team_024_exec_12,inprogress,80.3,17.4,18.03,0.0,null,null,null,null,null
search_and_rescue_uav_ugv_team_024,escort,2026-01-18T21:25:15.000Z,complete,ugv_1,ugv,search_and_rescue_uav_ugv_team_024_exec_12,done,79.3,10.0,10.0,0.0,null,null,null,null,null
search_and_rescue_uav_ugv_team_024,mission_close,2026-01-18T21:25:16.000Z,start,uav_1,uav,search_and_rescue_uav_ugv_team_024_exec_13,inprogress,84.4,44.17,45.32,27.39,null,null,null,null,null
search_and_rescue_uav_ugv_team_024,mission_close,2026-01-18T21:25:46.000Z,complete,uav_1,uav,search_and_rescue_uav_ugv_team_024_exec_13,done,84.2,44.17,45.32,27.39,null,null,null,null,null
search_and_rescue_uav_ugv_team_024,mission_close,2026-01-18T21:25:47.000Z,start,ugv_1,ugv,search_and_rescue_uav_ugv_team_024_exec_14,inprogress,79.3,10.0,10.0,0.0,null,null,null,null,null
search_and_rescue_uav_ugv_team_024,mission_close,2026-01-18T21:26:11.000Z,complete,ugv_1,ugv,search_and_rescue_uav_ugv_team_024_exec_14,done,79.0,10.0,10.0,0.0,null,null,null,null,null
search_and_rescue_uav_ugv_team_025,dispatch,2026-01-18T21:45:00.000Z,start,uav_1,uav,search_and_rescue_uav_ugv_team_025_exec_1,inprogress,99.3,0.0,0.0,0.0,null,null,null,null,null
search_and_rescue_uav_ugv_team_025,dispatch,2026-01-18T21:45:23.000Z,complete,uav_1,uav,search_and_rescue_uav_ugv_team_025_exec_1,done,99.0,0.0,0.0,0.0,null,null,null,null,null
search_and_rescue_uav_ugv_team_025,dispatch,2026-01-18T21:45:24.000Z,start,ugv_1,ugv,search_and_rescue_uav_ugv_team_025_exec_2,inprogress,82.0,0.0,0.0,0.0,null,null,null,null,null
search_and_rescue_uav_ugv_team_025,dispatch,2026-01-18T21:45:45.000Z,complete,ugv_1,ugv,search_and_rescue_uav_ugv_team_025_exec_2,done,81.7,0.0,0.0,0.0,null,null,null,null,null
search_and_rescue_uav_ugv_team_025,takeoff,2026-01-18T21:45:46.000Z,start,uav_1,uav,search_and_rescue_uav_ugv_team_025_exec_3,inprogress,99.0,0.0,0.0,0.0,null,null,null,null,null
search_and_rescue_uav_ugv_team_025,takeoff,2026-01-18T21:46:09.000Z,complete,uav_1,uav,search_and_rescue_uav_ugv_team_025_exec_3,done,98.2,0.0,0.0,5.0,null,null,null,null,null
search_and_rescue_uav_ugv_team_025,scan_sector,2026-01-18T21:46:10.000Z,start,uav_1,uav,search_and_rescue_uav_ugv_team_025_exec_4,inprogress,98.2,0.0,0.0,5.0,null,null,null,null,null
search_and_rescue_uav_ugv_team_025,scan_sector,2026-01-18T21:46:50.000Z,null,uav_1,uav,search_and_rescue_uav_ugv_team_025_exec_4,inprogress,96.8,8.64,4.03,7.48,null,null,null,null,null
search_and_rescue_uav_ugv_team_025,scan_sector,2026-01-18T21:47:30.000Z,null,uav_1,uav,search_and_rescue_uav_ugv_team_025_exec_4,inprogress,95.4,17.28,8.05,9.97,null,null,null,null,null
search_and_rescue_uav_ugv_team_025,scan_sector,2026-01-18T21:48:10.000Z,null,uav_1,uav,search_and_rescue_uav_ugv_team_025_exec_4,inprogress,94.1,25.91,12.08,12.45,null,null,null,null,null
search_and_rescue_uav_ugv_team_025,scan_sector,2026-01-18T21:48:50.000Z,null,uav_1,uav,search_and_rescue_uav_ugv_team_025_exec_4,inprogress,92.7,34.55,16.11,14.93,null,null,null,null,null
search_and_rescue_uav_ugv_team_025,scan_sector,2026-01-18T21:49:30.000Z,null,uav_1,uav,search_and_rescue_uav_ugv_team_025_exec_4,inprogress,91.3,43.19,20.13,17.42,null,null,null,null,null
search_and_rescue_uav_ugv_team_025,scan_sector,2026-01-18T21:50:10.000Z,null,uav_1,uav,search_and_rescue_uav_ugv_team_025_exec_4,inprogress,89.9,51.83,24.16,19.9,null,null,null,null,null
search_and_rescue_uav_ugv_team_025,scan_sector,2026-01-18T21:50:52.000Z,complete,uav_1,uav,search_and_rescue_uav_ugv_team_025_exec_4,done,88.5,60.46,28.19,22.38,null,null,null,null,null
search_and_rescue_uav_ugv_team_025,detect_victim,2026-01-18T21:50:53.000Z,start,uav_1,uav,search_and_rescue_uav_ugv_team_025_exec_5,inprogress,88.5,60.46,28.19,22.38,null,null,null,null,null
search_and_rescue_uav_ugv_team_025,detect_victim,2026-01-18T21:51:23.000Z,complete,uav_1,uav,search_and_rescue_uav_ugv_team_025_exec_5,done,88.0,60.46,28.19,22.38,null,null,null,null,null
search_and_rescue_uav_ugv_team_025,send_coordinates,2026-01-18T21:51:24.000Z,start,uav_1,uav,search_and_rescue_uav_ugv_team_025_exec_6,inprogress,88.0,60.46,28.19,22.38,msg_5efa671e13,victim coordinates and severity,send,uav_1,ugv_1
search_and_rescue_uav_ugv_team_025,send_coordinates,2026-01-18T21:51:28.000Z,complete,uav_1,uav,search_and_rescue_uav_ugv_team_025_exec_6,done,87.8,60.46,28.19,22.38,msg_5efa671e13,victim coordinates and severity,send,uav_1,ugv_1
search_and_rescue_uav_ugv_team_025,receive_coordinates,2026-01-18T21:51:34.000Z,start,ugv_1,ugv,search_and_rescue_uav_ugv_team_025_exec_7,inprogress,81.7,0.0,0.0,0.0,msg_5efa671e13,victim coordinates and severity,receive,uav_1,ugv_1
search_and_rescue_uav_ugv_team_025,receive_coordinates,2026-01-18T21:51:38.000Z,complete,ugv_1,ugv,search_and_rescue_uav_ugv_team_025_exec_7,done,81.6,0.0,0.0,0.0,msg_5efa671e13,victim coordinates and severity,receive,uav_1,ugv_1
search_and_rescue_uav_ugv_team_025,navigate_to_victim,2026-01-18T21:51:39.000Z,start,ugv_1,ugv,search_and_rescue_uav_ugv_team_025_exec_8,inprogress,81.6,0.0,0.0,0.0,null,null,null,null,null
search_and_rescue_uav_ugv_team_025,navigate_to_victim,2026-01-18T21:52:45.000Z,null,ugv_1,ugv,search_and_rescue_uav_ugv_team_025_exec_8,inprogress,80.2,14.34,5.93,0.0,null,null,null,null,null
search_and_rescue_uav_ugv_team_025,navigate_to_victim,2026-01-18T21:53:51.000Z,null,ugv_1,ugv,search_and_rescue_uav_ugv_team_025_exec_8,inprogress,78.7,28.68,11.87,0.0,null,null,null,null,null
search_and_rescue_uav_ugv_team_025,navigate_to_victim,2026-01-18T21:54:57.000Z,null,ugv_1,ugv,search_and_rescue_uav_ugv_team_025_exec_8,inprogress,77.2,43.01,17.8,0.0,null,null,null,null,null
search_and_rescue_uav_ugv_team_025,navigate_to_victim,2026-01-18T21:56:05.000Z,complete,ugv_1,ugv,search_and_rescue_uav_ugv_team_025_exec_8,done,75.8,57.35,23.73,0.0,null,null,null,null,null
search_and_rescue_uav_ugv_team_025,stabilize_area,2026-01-18T21:56:06.000Z,start,ugv_1,ugv,search_and_rescue_uav_ugv_team_025_exec_9,inprogress,75.8,57.35,23.73,0.0,null,null,null,null,null
search_and_rescue_uav_ugv_team_025,stabilize_area,2026-01-18T21:56:31.000Z,null,ugv_1,ugv,search_and_rescue_uav_ugv_team_025_exec_9,inprogress,75.3,57.35,23.73,0.0,null,null,null,null,null
search_and_rescue_uav_ugv_team_025,stabilize_area,2026-01-18T21:56:56.000Z,null,ugv_1,ugv,search_and_rescue_uav_ugv_team_025_exec_9,inprogress,74.8,57.35,23.73,0.0,null,null,null,null,null
search_and_rescue_uav_ugv_team_025,stabilize_area,2026-01-18T21:57:21.000Z,null,ugv_1,ugv,search_and_rescue_uav_ugv_team_025_exec_9,inprogress,74.3,57.35,23.73,0.0,null,null,null,null,null
search_and_rescue_uav_ugv_team_025,stabilize_area,2026-01-18T21:57:46.000Z,complete,ugv_1,ugv,search_and_rescue_uav_ugv_team_025_exec_9,done,73.8,57.35,23.73,0.0,null,null,null,null,null
search_and_rescue_uav_ugv_team_025,send_acknowledgment,2026-01-18T21:57:47.000Z,start,ugv_1,ugv,search_and_rescue_uav_ugv_team_025_exec_10,inprogress,73.8,57.35,23.73,0.0,msg_14b215d45b,area stabilized and escort starting,send,ugv_1,uav_1
search_and_rescue_uav_ugv_team_025,send_acknowledgment,2026-01-18T21:57:51.000Z,complete,ugv_1,ugv,search_and_rescue_uav_ugv_team_025_exec_10,done,73.6,57.35,23.73,0.0,msg_14b215d45b,area stabilized and escort starting,send,ugv_1,uav_1
search_and_rescue_uav_ugv_team_025,receive_acknowledgment,2026-01-18T21:57:56.000Z,start,uav_1,uav,search_and_rescue_uav_ugv_team_025_exec_11,inprogress,87.8,60.46,28.19,22.38,msg_14b215d45b,area stabilized and escort starting,receive,ugv_1,uav_1
search_and_rescue_uav_ugv_team_025,receive_acknowledgment,2026-01-18T21:58:00.000Z,complete,uav_1,uav,search_and_rescue_uav_ugv_team_025_exec_11,done,87.7,60.46,28.19,22.38,msg_14b215d45b,area stabilized and escort starting,receive,ugv_1,uav_1
search_and_rescue_uav_ugv_team_025,escort,2026-01-18T21:58:01.000Z,start,ugv_1,ugv,search_and_rescue_uav_ugv_team_025_exec_12,inprogress,73.6,57.35,23.73,0.0,null,null,null,null,null
search_and_rescue_uav_ugv_team_025,escort,2026-01-18T21:59:43.000Z,null,ugv_1,ugv,search_and_rescue_uav_ugv_team_025_exec_12,inprogress,72.1,41.57,19.16,0.0,null,null,null,null,null
search_and_rescue_uav_ugv_team_025,escort,2026-01-18T22:01:25.000Z,null,ugv_1,ugv,search_and_rescue_uav_ugv_team_025_exec_12,inprogress,70.6,25.78,14.58,0.0,null,null,null,null,null
search_and_rescue_uav_ugv_team_025,escort,2026-01-18T22:03:07.000Z,complete,ugv_1,ugv,search_and_rescue_uav_ugv_team_025_exec_12,done,69.1,10.0,10.0,0.0,null,null,null,null,null
search_and_rescue_uav_ugv_team_025,mission_close,2026-01-18T22:03:08.000Z,start,uav_1,uav,search_and_rescue_uav_ugv_team_025_exec_13,inprogress,87.7,60.46,28.19,22.38,null,null,null,null,null
search_and_rescue_uav_ugv_team_025,mission_close,2026-01-18T22:03:45.000Z,complete,uav_1,uav,search_and_rescue_uav_ugv_team_025_exec_13,done,87.4,60.46,28.19,22.38,null,null,null,null,null
search_and_rescue_uav_ugv_team_025,mission_close,2026-01-18T22:03:46.000Z,start,ugv_1,ugv,search_and_rescue_uav_ugv_team_025_exec_14,inprogress,69.1,10.0,10.0,0.0,null,null,null,null,null
search_and_rescue_uav_ugv_team_025,mission_close,2026-01-18T22:04:21.000Z,complete,ugv_1,ugv,search_and_rescue_uav_ugv_team_025_exec_14,done,68.8,10.0,10.0,0.0,null,null,null,null,null
search_and_rescue_uav_ugv_team_026,dispatch,2026-01-18T22:25:00.000Z,start,uav_1,uav,search_and_rescue_uav_ugv_team_026_exec_1,inprogress,92.2,0.0,0.0,0.0,null,null,null,null,null
search_and_rescue_uav_ugv_team_026,dispatch,2026-01-18T22:25:23.000Z,complete,uav_1,uav,search_and_rescue_uav_ugv_team_026_exec_1,done,92.0,0.0,0.0,0.0,null,null,null,null,null
search_and_rescue_uav_ugv_team_026,dispatch,2026-01-18T22:25:24.000Z,start,ugv_1,ugv,search_and_rescue_uav_ugv_team_026_exec_2,inprogress,78.7,0.0,0.0,0.0,null,null,null,null,null
search_and_rescue_uav_ugv_team_026,dispatch,2026-01-18T22:25:45.000Z,complete,ugv_1,ugv,search_and_rescue_uav_ugv_team_026_exec_2,done,78.6,0.0,0.0,0.0,null,null,null,null,null
search_and_rescue_uav_ugv_team_026,takeoff,2026-01-18T22:25:46.000Z,start,uav_1,uav,search_and_rescue_uav_ugv_team_026_exec_3,inprogress,92.0,0.0,0.0,0.0,null,null,null,null,null
search_and_rescue_uav_ugv_team_026,takeoff,2026-01-18T22:26:06.000Z,complete,uav_1,uav,search_and_rescue_uav_ugv_team_026_exec_3,done,91.2,0.0,0.0,5.0,null,null,null,null,null
search_and_rescue_uav_ugv_team_026,scan_sector,2026-01-18T22:26:07.000Z,start,uav_1,uav,search_and_rescue_uav_ugv_team_026_exec_4,inprogress,91.2,0.0,0.0,5.0,null,null,null,null,null
search_and_rescue_uav_ugv_team_026,scan_sector,2026-01-18T22:27:05.000Z,null,uav_1,uav,search_and_rescue_uav_ugv_team_026_exec_4,inprogress,89.5,12.58,8.63,9.46,null,null,null,null,null
search_and_rescue_uav_ugv_team_026,scan_sector,2026-01-18T22:28:03.000Z,null,uav_1,uav,search_and_rescue_uav_ugv_team_026_exec_4,inprogress,87.7,25.16,17.26,13.91,null,null,null,null,null
search_and_rescue_uav_ugv_team_026,scan_sector,2026-01-18T22:29:01.000Z,null,uav_1,uav,search_and_rescue_uav_ugv_team_026_exec_4,inprogress,86.0,37.74,25.9,18.37,null,null,null,null,null
search_and_rescue_uav_ugv_team_026,scan_sector,2026-01-18T22:29:59.000Z,null,uav_1,uav,search_and_rescue_uav_ugv_team_026_exec_4,inprogress,84.3,50.32,34.53,22.83,null,null,null,null,null
search_and_rescue_uav_ugv_team_026,scan_sector,2026-01-18T22:31:01.000Z,complete,uav_1,uav,search_and_rescue_uav_ugv_team_026_exec_4,done,82.6,62.9,43.16,27.28,null,null,null,null,null
search_and_rescue_uav_ugv_team_026,detect_victim,2026-01-18T22:31:02.000Z,start,uav_1,uav,search_and_rescue_uav_ugv_team_026_exec_5,inprogress,82.6,62.9,43.16,27.28,null,null,null,null,null
search_and_rescue_uav_ugv_team_026,detect_victim,2026-01-18T22:31:35.000Z,complete,uav_1,uav,search_and_rescue_uav_ugv_team_026_exec_5,done,82.3,62.9,43.16,27.28,null,null,null,null,null
search_and_rescue_uav_ugv_team_026,send_coordinates,2026-01-18T22:31:36.000Z,start,uav_1,uav,search_and_rescue_uav_ugv_team_026_exec_6,inprogress,82.3,62.9,43.16,27.28,msg_c31ee9ae5c,victim coordinates and severity,send,uav_1,ugv_1
search_and_rescue_uav_ugv_team_026,send_coordinates,2026-01-18T22:31:42.000Z,complete,uav_1,uav,search_and_rescue_uav_ugv_team_026_exec_6,done,82.1,62.9,43.16,27.28,msg_c31ee9ae5c,victim coordinates and severity,send,uav_1,ugv_1
search_and_rescue_uav_ugv_team_026,receive_coordinates,2026-01-18T22:31:48.000Z,start,ugv_1,ugv,search_and_rescue_uav_ugv_team_026_exec_7,inprogress,78.6,0.0,0.0,0.0,msg_c31ee9ae5c,victim coordinates and severity,receive,uav_1,ugv_1
search_and_rescue_uav_ugv_team_026,receive_coordinates,2026-01-18T22:31:52.000Z,complete,ugv_1,ugv,search_and_rescue_uav_ugv_team_026_exec_7,done,78.5,0.0,0.0,0.0,msg_c31ee9ae5c,victim coordinates and severity,receive,uav_1,ugv_1
search_and_rescue_uav_ugv_team_026,mission_abort,2026-01-18T22:31:53.000Z,start,ugv_1,ugv,search_and_rescue_uav_ugv_team_026_exec_8,inprogress,78.5,0.0,0.0,0.0,null,null,null,null,null
search_and_rescue_uav_ugv_team_026,mission_abort,2026-01-18T22:32:34.000Z,complete,ugv_1,ugv,search_and_rescue_uav_ugv_team_026_exec_8,done,78.2,0.0,0.0,0.0,null,null,null,null,null
search_and_rescue_uav_ugv_team_026,mission_close,2026-01-18T22:32:35.000Z,start,uav_1,uav,search_and_rescue_uav_ugv_team_026_exec_9,inprogress,82.1,62.9,43.16,27.28,null,null,null,null,null
search_and_rescue_uav_ugv_team_026,mission_close,2026-01-18T22:33:01.000Z,complete,uav_1,uav,search_and_rescue_uav_ugv_team_026_exec_9,done,81.8,62.9,43.16,27.28,null,null,null,null,null
search_and_rescue_uav_ugv_team_027,dispatch,2026-01-18T23:05:00.000Z,start,uav_1,uav,search_and_rescue_uav_ugv_team_027_exec_1,inprogress,98.6,0.0,0.0,0.0,null,null,null,null,null
search_and_rescue_uav_ugv_team_027,dispatch,2026-01-18T23:05:16.000Z,complete,uav_1,uav,search_and_rescue_uav_ugv_team_027_exec_1,done,98.5,0.0,0.0,0.0,null,null,null,null,null
search_and_rescue_uav_ugv_team_027,dispatch,2026-01-18T23:05:17.000Z,start,ugv_1,ugv,search_and_rescue_uav_ugv_team_027_exec_2,inprogress,95.9,0.0,0.0,0.0,null,null,null,null,null
search_and_rescue_uav_ugv_team_027,dispatch,2026-01-18T23:05:43.000Z,complete,ugv_1,ugv,search_and_rescue_uav_ugv_team_027_exec_2,done,95.7,0.0,0.0,0.0,null,null,null,null,null
search_and_rescue_uav_ugv_team_027,takeoff,2026-01-18T23:05:44.000Z,start,uav_1,uav,search_and_rescue_uav_ugv_team_027_exec_3,inprogress,98.5,0.0,0.0,0.0,null,null,null,null,null
search_and_rescue_uav_ugv_team_027,takeoff,2026-01-18T23:06:14.000Z,complete,uav_1,uav,search_and_rescue_uav_ugv_team_027_exec_3,done,97.9,0.0,0.0,5.0,null,null,null,null,null
search_and_rescue_uav_ugv_team_027,scan_sector,2026-01-18T23:06:15.000Z,start,uav_1,uav,search_and_rescue_uav_ugv_team_027_exec_4,inprogress,97.9,0.0,0.0,5.0,null,null,null,null,null
search_and_rescue_uav_ugv_team_027,scan_sector,2026-01-18T23:06:46.000Z,null,uav_1,uav,search_and_rescue_uav_ugv_team_027_exec_4,inprogress,96.9,8.53,5.59,6.64,null,null,null,null,null
search_and_rescue_uav_ugv_team_027,scan_sector,2026-01-18T23:07:17.000Z,null,uav_1,uav,search_and_rescue_uav_ugv_team_027_exec_4,inprogress,95.9,17.05,11.18,8.27,null,null,null,null,null
search_and_rescue_uav_ugv_team_027,scan_sector,2026-01-18T23:07:48.000Z,null,uav_1,uav,search_and_rescue_uav_ugv_team_027_exec_4,inprogress,95.0,25.58,16.77,9.91,null,null,null,null,null
search_and_rescue_uav_ugv_team_027,scan_sector,2026-01-18T23:08:19.000Z,null,uav_1,uav,search_and_rescue_uav_ugv_team_027_exec_4,inprogress,94.0,34.1,22.36,11.54,null,null,null,null,null
search_and_rescue_uav_ugv_team_027,scan_sector,2026-01-18T23:08:50.000Z,null,uav_1,uav,search_and_rescue_uav_ugv_team_027_exec_4,inprogress,93.1,42.63,27.94,13.18,null,null,null,null,null
search_and_rescue_uav_ugv_team_027,scan_sector,2026-01-18T23:09:21.000Z,null,uav_1,uav,search_and_rescue_uav_ugv_team_027_exec_4,inprogress,92.1,51.16,33.53,14.81,null,null,null,null,null
search_and_rescue_uav_ugv_team_027,scan_sector,2026-01-18T23:09:52.000Z,null,uav_1,uav,search_and_rescue_uav_ugv_team_027_exec_4,inprogress,91.2,59.68,39.12,16.45,null,null,null,null,null
search_and_rescue_uav_ugv_team_027,scan_sector,2026-01-18T23:10:26.000Z,complete,uav_1,uav,search_and_rescue_uav_ugv_team_027_exec_4,done,90.2,68.21,44.71,18.08,null,null,null,null,null
search_and_rescue_uav_ugv_team_027,detect_victim,2026-01-18T23:10:27.000Z,start,uav_1,uav,search_and_rescue_uav_ugv_team_027_exec_5,inprogress,90.2,68.21,44.71,18.08,null,null,null,null,null
search_and_rescue_uav_ugv_team_027,detect_victim,2026-01-18T23:11:00.000Z,complete,uav_1,uav,search_and_rescue_uav_ugv_team_027_exec_5,done,90.0,68.21,44.71,18.08,null,null,null,null,null
search_and_rescue_uav_ugv_team_027,send_coordinates,2026-01-18T23:11:01.000Z,start,uav_1,uav,search_and_rescue_uav_ugv_team_027_exec_6,inprogress,90.0,68.21,44.71,18.08,msg_3549fdaf58,victim coordinates and severity,send,uav_1,ugv_1
search_and_rescue_uav_ugv_team_027,send_coordinates,2026-01-18T23:11:05.000Z,complete,uav_1,uav,search_and_rescue_uav_ugv_team_027_exec_6,done,89.8,68.21,44.71,18.08,msg_3549fdaf58,victim coordinates and severity,send,uav_1,ugv_1
search_and_rescue_uav_ugv_team_027,receive_coordinates,2026-01-18T23:11:11.000Z,start,ugv_1,ugv,search_and_rescue_uav_ugv_team_027_exec_7,inprogress,95.7,0.0,0.0,0.0,msg_3549fdaf58,victim coordinates and severity,receive,uav_1,ugv_1
search_and_rescue_uav_ugv_team_027,receive_coordinates,2026-01-18T23:11:15.000Z,complete,ugv_1,ugv,search_and_rescue_uav_ugv_team_027_exec_7,done,95.6,0.0,0.0,0.0,msg_3549fdaf58,victim coordinates and severity,receive,uav_1,ugv_1
search_and_rescue_uav_ugv_team_027,navigate_to_victim,2026-01-18T23:11:16.000Z,start,ugv_1,ugv,search_and_rescue_uav_ugv_team_027_exec_8,inprogress,95.6,0.0,0.0,0.0,null,null,null,null,null
search_and_rescue_uav_ugv_team_027,navigate_to_victim,2026-01-18T23:11:50.000Z,null,ugv_1,ugv,search_and_rescue_uav_ugv_team_027_exec_8,inprogress,94.8,9.81,6.53,0.0,null,null,null,null,null
search_and_rescue_uav_ugv_team_027,navigate_to_victim,2026-01-18T23:12:24.000Z,null,ugv_1,ugv,search_and_rescue_uav_ugv_team_027_exec_8,inprogress,94.1,19.62,13.07,0.0,null,null,null,null,null
search_and_rescue_uav_ugv_team_027,navigate_to_victim,2026-01-18T23:12:58.000Z,null,ugv_1,ugv,search_and_rescue_uav_ugv_team_027_exec_8,inprogress,93.4,29.43,19.6,0.0,null,null,null,null,null
search_and_rescue_uav_ugv_team_027,navigate_to_victim,2026-01-18T23:13:32.000Z,null,ugv_1,ugv,search_and_rescue_uav_ugv_team_027_exec_8,inprogress,92.7,39.25,26.13,0.0,null,null,null,null,null
search_and_rescue_uav_ugv_team_027,navigate_to_victim,2026-01-18T23:14:06.000Z,null,ugv_1,ugv,search_and_rescue_uav_ugv_team_027_exec_8,inprogress,92.0,49.06,32.67,0.0,null,null,null,null,null
search_and_rescue_uav_ugv_team_027,navigate_to_victim,2026-01-18T23:14:40.000Z,null,ugv_1,ugv,search_and_rescue_uav_ugv_team_027_exec_8,inprogress,91.3,58.87,39.2,0.0,null,null,null,null,null
search_and_rescue_uav_ugv_team_027,navigate_to_victim,2026-01-18T23:15:19.000Z,complete,ugv_1,ugv,search_and_rescue_uav_ugv_team_027_exec_8,done,90.5,68.68,45.73,0.0,null,null,null,null,null
search_and_rescue_uav_ugv_team_027,stabilize_area,2026-01-18T23:15:20.000Z,start,ugv_1,ugv,search_and_rescue_uav_ugv_team_027_exec_9,inprogress,90.5,68.68,45.73,0.0,null,null,null,null,null
search_and_rescue_uav_ugv_team_027,stabilize_area,2026-01-18T23:15:56.000Z,null,ugv_1,ugv,search_and_rescue_uav_ugv_team_027_exec_9,inprogress,90.1,68.68,45.73,0.0,null,null,null,null,null
search_and_rescue_uav_ugv_team_027,stabilize_area,2026-01-18T23:16:32.000Z,null,ugv_1,ugv,search_and_rescue_uav_ugv_team_027_exec_9,inprogress,89.6,68.68,45.73,0.0,null,null,null,null,null
search_and_rescue_uav_ugv_team_027,stabilize_area,2026-01-18T23:17:10.000Z,complete,ugv_1,ugv,search_and_rescue_uav_ugv_team_027_exec_9,done,89.2,68.68,45.73,0.0,null,null,null,null,null
search_and_rescue_uav_ugv_team_027,send_acknowledgment,2026-01-18T23:17:11.000Z,start,ugv_1,ugv,search_and_rescue_uav_ugv_team_027_exec_10,inprogress,89.2,68.68,45.73,0.0,msg_d24ace0845,area stabilized and escort starting,send,ugv_1,uav_1
search_and_rescue_uav_ugv_team_027,send_acknowledgment,2026-01-18T23:17:16.000Z,complete,ugv_1,ugv,search_and_rescue_uav_ugv_team_027_exec_10,done,89.0,68.68,45.73,0.0,msg_d24ace0845,area stabilized and escort starting,send,ugv_1,uav_1
search_and_rescue_uav_ugv_team_027,receive_acknowledgment,2026-01-18T23:17:21.000Z,start,uav_1,uav,search_and_rescue_uav_ugv_team_027_exec_11,inprogress,89.8,68.21,44.71,18.08,msg_d24ace0845,area stabilized and escort starting,receive,ugv_1,uav_1
search_and_rescue_uav_ugv_team_027,receive_acknowledgment,2026-01-18T23:17:25.000Z,complete,uav_1,uav,search_and_rescue_uav_ugv_team_027_exec_11,done,89.7,68.21,44.71,18.08,msg_d24ace0845,area stabilized and escort starting,receive,ugv_1,uav_1
search_and_rescue_uav_ugv_team_027,escort,2026-01-18T23:17:26.000Z,start,ugv_1,ugv,search_and_rescue_uav_ugv_team_027_exec_12,inprogress,89.0,68.68,45.73,0.0,null,null,null,null,null
search_and_rescue_uav_ugv_team_027,escort,2026-01-18T23:18:02.000Z,null,ugv_1,ugv,search_and_rescue_uav_ugv_team_027_exec_12,inprogress,88.0,58.9,39.78,0.0,null,null,null,null,null
search_and_rescue_uav_ugv_team_027,escort,2026-01-18T23:18:38.000Z,null,ugv_1,ugv,search_and_rescue_uav_ugv_team_027_exec_12,inprogress,87.1,49.12,33.82,0.0,null,null,null,null,null
search_and_rescue_uav_ugv_team_027,escort,2026-01-18T23:19:14.000Z,null,ugv_1,ugv,search_and_rescue_uav_ugv_team_027_exec_12,inprogress,86.1,39.34,27.87,0.0,null,null,null,null,null
search_and_rescue_uav_ugv_team_027,escort,2026-01-18T23:19:50.000Z,null,ugv_1,ugv,search_and_rescue_uav_ugv_team_027_exec_12,inprogress,85.2,29.56,21.91,0.0,null,null,null,null,null
search_and_rescue_uav_ugv_team_027,escort,2026-01-18T23:20:26.000Z,null,ugv_1,ugv,search_and_rescue_uav_ugv_team_027_exec_12,inprogress,84.2,19.78,15.96,0.0,null,null,null,null,null
search_and_rescue_uav_ugv_team_027,escort,2026-01-18T23:21:07.000Z,complete,ugv_1,ugv,search_and_rescue_uav_ugv_team_027_exec_12,done,83.3,10.0,10.0,0.0,null,null,null,null,null
search_and_rescue_uav_ugv_team_027,mission_close,2026-01-18T23:21:08.000Z,start,uav_1,uav,search_and_rescue_uav_ugv_team_027_exec_13,inprogress,89.7,68.21,44.71,18.08,null,null,null,null,null
search_and_rescue_uav_ugv_team_027,mission_close,2026-01-18T23:21:37.000Z,complete,uav_1,uav,search_and_rescue_uav_ugv_team_027_exec_13,done,89.3,68.21,44.71,18.08,null,null,null,null,null
search_and_rescue_uav_ugv_team_027,mission_close,2026-01-18T23:21:38.000Z,start,ugv_1,ugv,search_and_rescue_uav_ugv_team_027_exec_14,inprogress,83.3,10.0,10.0,0.0,null,null,null,null,null
search_and_rescue_uav_ugv_team_027,mission_close,2026-01-18T23:22:18.000Z,complete,ugv_1,ugv,search_and_rescue_uav_ugv_team_027_exec_14,done,83.0,10.0,10.0,0.0,null,null,null,null,null
search_and_rescue_uav_ugv_team_028,dispatch,2026-01-18T23:45:00.000Z,start,uav_1,uav,search_and_rescue_uav_ugv_team_028_exec_1,inprogress,80.4,0.0,0.0,0.0,null,null,null,null,null
search_and_rescue_uav_ugv_team_028,dispatch,2026-01-18T23:45:21.000Z,complete,uav_1,uav,search_and_rescue_uav_ugv_team_028_exec_1,done,80.1,0.0,0.0,0.0,null,null,null,null,null
search_and_rescue_uav_ugv_team_028,dispatch,2026-01-18T23:45:22.000Z,start,ugv_1,ugv,search_and_rescue_uav_ugv_team_028_exec_2,inprogress,95.0,0.0,0.0,0.0,null,null,null,null,null
search_and_rescue_uav_ugv_team_028,dispatch,2026-01-18T23:45:38.000Z,complete,ugv_1,ugv,search_and_rescue_uav_ugv_team_028_exec_2,done,94.9,0.0,0.0,0.0,null,null,null,null,null
search_and_rescue_uav_ugv_team_028,takeoff,2026-01-18T23:45:39.000Z,start,uav_1,uav,search_and_rescue_uav_ugv_team_028_exec_3,inprogress,80.1,0.0,0.0,0.0,null,null,null,null,null
search_and_rescue_uav_ugv_team_028,takeoff,2026-01-18T23:45:57.000Z,complete,uav_1,uav,search_and_rescue_uav_ugv_team_028_exec_3,done,79.2,0.0,0.0,5.0,null,null,null,null,null
search_and_rescue_uav_ugv_team_028,scan_sector,2026-01-18T23:45:58.000Z,start,uav_1,uav,search_and_rescue_uav_ugv_team_028_exec_4,inprogress,79.2,0.0,0.0,5.0,null,null,null,null,null
search_and_rescue_uav_ugv_team_028,scan_sector,2026-01-18T23:46:49.000Z,null,uav_1,uav,search_and_rescue_uav_ugv_team_028_exec_4,inprogress,77.9,7.22,5.64,8.63,null,null,null,null,null
search_and_rescue_uav_ugv_team_028,scan_sector,2026-01-18T23:47:40.000Z,null,uav_1,uav,search_and_rescue_uav_ugv_team_028_exec_4,inprogress,76.7,14.43,11.28,12.26,null,null,null,null,null
search_and_rescue_uav_ugv_team_028,scan_sector,2026-01-18T23:48:31.000Z,null,uav_1,uav,search_and_rescue_uav_ugv_team_028_exec_4,inprogress,75.4,21.65,16.92,15.88,null,null,null,null,null
search_and_rescue_uav_ugv_team_028,scan_sector,2026-01-18T23:49:22.000Z,null,uav_1,uav,search_and_rescue_uav_ugv_team_028_exec_4,inprogress,74.1,28.86,22.56,19.51,null,null,null,null,null
search_and_rescue_uav_ugv_team_028,scan_sector,2026-01-18T23:50:13.000Z,null,uav_1,uav,search_and_rescue_uav_ugv_team_028_exec_4,inprogress,72.9,36.08,28.2,23.14,null,null,null,null,null
search_and_rescue_uav_ugv_team_028,scan_sector,2026-01-18T23:51:04.000Z,null,uav_1,uav,search_and_rescue_uav_ugv_team_028_exec_4,inprogress,71.6,43.29,33.84,26.77,null,null,null,null,null
search_and_rescue_uav_ugv_team_028,scan_sector,2026-01-18T23:51:59.000Z,complete,uav_1,uav,search_and_rescue_uav_ugv_team_028_exec_4,done,70.4,50.51,39.48,30.4,null,null,null,null,null
search_and_rescue_uav_ugv_team_028,detect_victim,2026-01-18T23:52:00.000Z,start,uav_1,uav,search_and_rescue_uav_ugv_team_028_exec_5,inprogress,70.4,50.51,39.48,30.4,null,null,null,null,null
search_and_rescue_uav_ugv_team_028,detect_victim,2026-01-18T23:52:28.000Z,complete,uav_1,uav,search_and_rescue_uav_ugv_team_028_exec_5,done,70.1,50.51,39.48,30.4,null,null,null,null,null
search_and_rescue_uav_ugv_team_028,send_coordinates,2026-01-18T23:52:29.000Z,start,uav_1,uav,search_and_rescue_uav_ugv_team_028_exec_6,inprogress,70.1,50.51,39.48,30.4,msg_527d154779,victim coordinates and severity,send,uav_1,ugv_1
search_and_rescue_uav_ugv_team_028,send_coordinates,2026-01-18T23:52:33.000Z,complete,uav_1,uav,search_and_rescue_uav_ugv_team_028_exec_6,done,69.9,50.51,39.48,30.4,msg_527d154779,victim coordinates and severity,send,uav_1,ugv_1
search_and_rescue_uav_ugv_team_028,receive_coordinates,2026-01-18T23:52:39.000Z,start,ugv_1,ugv,search_and_rescue_uav_ugv_team_028_exec_7,inprogress,94.9,0.0,0.0,0.0,msg_527d154779,victim coordinates and severity,receive,uav_1,ugv_1
search_and_rescue_uav_ugv_team_028,receive_coordinates,2026-01-18T23:52:43.000Z,complete,ugv_1,ugv,search_and_rescue_uav_ugv_team_028_exec_7,done,94.8,0.0,0.0,0.0,msg_527d154779,victim coordinates and severity,receive,uav_1,ugv_1
search_and_rescue_uav_ugv_team_028,navigate_to_victim,2026-01-18T23:52:44.000Z,start,ugv_1,ugv,search_and_rescue_uav_ugv_team_028_exec_8,inprogress,94.8,0.0,0.0,0.0,null,null,null,null,null
search_and_rescue_uav_ugv_team_028,navigate_to_victim,2026-01-18T23:53:33.000Z,null,ugv_1,ugv,search_and_rescue_uav_ugv_team_028_exec_8,inprogress,94.1,7.53,8.65,0.0,null,null,null,null,null
search_and_rescue_uav_ugv_team_028,navigate_to_victim,2026-01-18T23:54:22.000Z,null,ugv_1,ugv,search_and_rescue_uav_ugv_team_028_exec_8,inprogress,93.4,15.07,17.3,0.0,null,null,null,null,null
search_and_rescue_uav_ugv_team_028,navigate_to_victim,2026-01-18T23:55:11.000Z,null,ugv_1,ugv,search_and_rescue_uav_ugv_team_028_exec_8,inprogress,92.7,22.6,25.95,0.0,null,null,null,null,null
search_and_rescue_uav_ugv_team_028,navigate_to_victim,2026-01-18T23:56:00.000Z,null,ugv_1,ugv,search_and_rescue_uav_ugv_team_028_exec_8,inprogress,92.0,30.13,34.6,0.0,null,null,null,null,null
search_and_rescue_uav_ugv_team_028,navigate_to_victim,2026-01-18T23:56:51.000Z,complete,ugv_1,ugv,search_and_rescue_uav_ugv_team_028_exec_8,done,91.4,37.67,43.24,0.0,null,null,null,null,null
search_and_rescue_uav_ugv_team_028,reroute,2026-01-18T23:56:52.000Z,start,ugv_1,ugv,search_and_rescue_uav_ugv_team_028_exec_9,inprogress,91.4,37.67,43.24,0.0,null,null,null,null,null
search_and_rescue_uav_ugv_team_028,reroute,2026-01-18T23:57:53.000Z,complete,ugv_1,ugv,search_and_rescue_uav_ugv_team_028_exec_9,done,90.9,37.67,43.24,0.0,null,null,null,null,null
search_and_rescue_uav_ugv_team_028,navigate_to_victim,2026-01-18T23:57:54.000Z,start,ugv_1,ugv,search_and_rescue_uav_ugv_team_028_exec_10,inprogress,90.9,37.67,43.24,0.0,null,null,null,null,null
search_and_rescue_uav_ugv_team_028,navigate_to_victim,2026-01-18T23:59:16.000Z,null,ugv_1,ugv,search_and_rescue_uav_ugv_team_028_exec_10,inprogress,89.0,39.73,41.91,0.0,null,null,null,null,null
search_and_rescue_uav_ugv_team_028,navigate_to_victim,2026-01-19T00:00:38.000Z,null,ugv_1,ugv,search_and_rescue_uav_ugv_team_028_exec_10,inprogress,87.1,41.79,40.57,0.0,null,null,null,null,null
search_and_rescue_uav_ugv_team_028,navigate_to_victim,2026-01-19T00:02:00.000Z,null,ugv_1,ugv,search_and_rescue_uav_ugv_team_028_exec_10,inprogress,85.2,43.85,39.23,0.0,null,null,null,null,null
search_and_rescue_uav_ugv_team_028,navigate_to_victim,2026-01-19T00:03:25.000Z,complete,ugv_1,ugv,search_and_rescue_uav_ugv_team_028_exec_10,done,83.3,45.91,37.9,0.0,null,null,null,null,null
search_and_rescue_uav_ugv_team_028,stabilize_area,2026-01-19T00:03:26.000Z,start,ugv_1,ugv,search_and_rescue_uav_ugv_team_028_exec_11,inprogress,83.3,45.91,37.9,0.0,null,null,null,null,null
search_and_rescue_uav_ugv_team_028,stabilize_area,2026-01-19T00:04:13.000Z,null,ugv_1,ugv,search_and_rescue_uav_ugv_team_028_exec_11,inprogress,82.8,45.91,37.9,0.0,null,null,null,null,null
search_and_rescue_uav_ugv_team_028,stabilize_area,2026-01-19T00:05:00.000Z,null,ugv_1,ugv,search_and_rescue_uav_ugv_team_028_exec_11,inprogress,82.3,45.91,37.9,0.0,null,null,null,null,null
search_and_rescue_uav_ugv_team_028,stabilize_area,2026-01-19T00:05:47.000Z,complete,ugv_1,ugv,search_and_rescue_uav_ugv_team_028_exec_11,done,81.8,45.91,37.9,0.0,null,null,null,null,null
search_and_rescue_uav_ugv_team_028,send_acknowledgment,2026-01-19T00:05:48.000Z,start,ugv_1,ugv,search_and_rescue_uav_ugv_team_028_exec_12,inprogress,81.8,45.91,37.9,0.0,msg_4972b725a2,area stabilized and escort starting,send,ugv_1,uav_1
search_and_rescue_uav_ugv_team_028,send_acknowledgment,2026-01-19T00:05:53.000Z,complete,ugv_1,ugv,search_and_rescue_uav_ugv_team_028_exec_12,done,81.6,45.91,37.9,0.0,msg_4972b725a2,area stabilized and escort starting,send,ugv_1,uav_1
search_and_rescue_uav_ugv_team_028,receive_acknowledgment,2026-01-19T00:05:58.000Z,start,uav_1,uav,search_and_rescue_uav_ugv_team_028_exec_13,inprogress,69.9,50.51,39.48,30.4,msg_4972b725a2,area stabilized and escort starting,receive,ugv_1,uav_1
search_and_rescue_uav_ugv_team_028,receive_acknowledgment,2026-01-19T00:06:02.000Z,complete,uav_1,uav,search_and_rescue_uav_ugv_team_028_exec_13,done,69.8,50.51,39.48,30.4,msg_4972b725a2,area stabilized and escort starting,receive,ugv_1,uav_1
search_and_rescue_uav_ugv_team_028,escort,2026-01-19T00:06:03.000Z,start,ugv_1,ugv,search_and_rescue_uav_ugv_team_028_exec_14,inprogress,81.6,45.91,37.9,0.0,null,null,null,null,null
search_and_rescue_uav_ugv_team_028,escort,2026-01-19T00:07:07.000Z,null,ugv_1,ugv,search_and_rescue_uav_ugv_team_028_exec_14,inprogress,80.4,36.93,30.92,0.0,null,null,null,null,null
search_and_rescue_uav_ugv_team_028,escort,2026-01-19T00:08:11.000Z,null,ugv_1,ugv,search_and_rescue_uav_ugv_team_028_exec_14,inprogress,79.2,27.96,23.95,0.0,null,null,null,null,null
search_and_rescue_uav_ugv_team_028,escort,2026-01-19T00:09:15.000Z,null,ugv_1,ugv,search_and_rescue_uav_ugv_team_028_exec_14,inprogress,78.0,18.98,16.97,0.0,null,null,null,null,null
search_and_rescue_uav_ugv_team_028,escort,2026-01-19T00:10:19.000Z,complete,ugv_1,ugv,search_and_rescue_uav_ugv_team_028_exec_14,done,76.8,10.0,10.0,0.0,null,null,null,null,null
search_and_rescue_uav_ugv_team_028,mission_close,2026-01-19T00:10:20.000Z,start,uav_1,uav,search_and_rescue_uav_ugv_team_028_exec_15,inprogress,69.8,50.51,39.48,30.4,null,null,null,null,null
search_and_rescue_uav_ugv_team_028,mission_close,2026-01-19T00:10:49.000Z,complete,uav_1,uav,search_and_rescue_uav_ugv_team_028_exec_15,done,69.5,50.51,39.48,30.4,null,null,null,null,null
search_and_rescue_uav_ugv_team_028,mission_close,2026-01-19T00:10:50.000Z,start,ugv_1,ugv,search_and_rescue_uav_ugv_team_028_exec_16,inprogress,76.8,10.0,10.0,0.0,null,null,null,null,null
search_and_rescue_uav_ugv_team_028,mission_close,2026-01-19T00:11:27.000Z,complete,ugv_1,ugv,search_and_rescue_uav_ugv_team_028_exec_16,done,76.6,10.0,10.0,0.0,null,null,null,null,null
search_and_rescue_uav_ugv_team_029,dispatch,2026-01-19T00:25:00.000Z,start,uav_1,uav,search_and_rescue_uav_ugv_team_029_exec_1,inprogress,73.3,0.0,0.0,0.0,null,null,null,null,null
search_and_rescue_uav_ugv_team_029,dispatch,2026-01-19T00:25:25.000Z,complete,uav_1,uav,search_and_rescue_uav_ugv_team_029_exec_1,done,73.1,0.0,0.0,0.0,null,null,null,null,null
search_and_rescue_uav_ugv_team_029,dispatch,2026-01-19T00:25:26.000Z,start,ugv_1,ugv,search_and_rescue_uav_ugv_team_029_exec_2,inprogress,77.7,0.0,0.0,0.0,null,null,null,null,null
search_and_rescue_uav_ugv_team_029,dispatch,2026-01-19T00:25:52.000Z,complete,ugv_1,ugv,search_and_rescue_uav_ugv_team_029_exec_2,done,77.5,0.0,0.0,0.0,null,null,null,null,null
search_and_rescue_uav_ugv_team_029,takeoff,2026-01-19T00:25:53.000Z,start,uav_1,uav,search_and_rescue_uav_ugv_team_029_exec_3,inprogress,73.1,0.0,0.0,0.0,null,null,null,null,null
search_and_rescue_uav_ugv_team_029,takeoff,2026-01-19T00:26:26.000Z,complete,uav_1,uav,search_and_rescue_uav_ugv_team_029_exec_3,done,72.2,0.0,0.0,5.0,null,null,null,null,null
search_and_rescue_uav_ugv_team_029,scan_sector,2026-01-19T00:26:27.000Z,start,uav_1,uav,search_and_rescue_uav_ugv_team_029_exec_4,inprogress,72.2,0.0,0.0,5.0,null,null,null,null,null
search_and_rescue_uav_ugv_team_029,scan_sector,2026-01-19T00:27:15.000Z,null,uav_1,uav,search_and_rescue_uav_ugv_team_029_exec_4,inprogress,70.3,8.84,8.86,9.75,null,null,null,null,null
search_and_rescue_uav_ugv_team_029,scan_sector,2026-01-19T00:28:03.000Z,null,uav_1,uav,search_and_rescue_uav_ugv_team_029_exec_4,inprogress,68.3,17.69,17.71,14.5,null,null,null,null,null
search_and_rescue_uav_ugv_team_029,scan_sector,2026-01-19T00:28:51.000Z,null,uav_1,uav,search_and_rescue_uav_ugv_team_029_exec_4,inprogress,66.4,26.53,26.57,19.26,null,null,null,null,null
search_and_rescue_uav_ugv_team_029,scan_sector,2026-01-19T00:29:39.000Z,null,uav_1,uav,search_and_rescue_uav_ugv_team_029_exec_4,inprogress,64.4,35.37,35.42,24.01,null,null,null,null,null
search_and_rescue_uav_ugv_team_029,scan_sector,2026-01-19T00:30:31.000Z,complete,uav_1,uav,search_and_rescue_uav_ugv_team_029_exec_4,done,62.5,44.22,44.28,28.76,null,null,null,null,null
search_and_rescue_uav_ugv_team_029,detect_victim,2026-01-19T00:30:32.000Z,start,uav_1,uav,search_and_rescue_uav_ugv_team_029_exec_5,inprogress,62.5,44.22,44.28,28.76,null,null,null,null,null
search_and_rescue_uav_ugv_team_029,detect_victim,2026-01-19T00:31:01.000Z,complete,uav_1,uav,search_and_rescue_uav_ugv_team_029_exec_5,done,62.2,44.22,44.28,28.76,null,null,null,null,null
search_and_rescue_uav_ugv_team_029,send_coordinates,2026-01-19T00:31:02.000Z,start,uav_1,uav,search_and_rescue_uav_ugv_team_029_exec_6,inprogress,62.2,44.22,44.28,28.76,msg_2d470c8d5e,victim coordinates and severity,send,uav_1,ugv_1
search_and_rescue_uav_ugv_team_029,send_coordinates,2026-01-19T00:31:08.000Z,complete,uav_1,uav,search_and_rescue_uav_ugv_team_029_exec_6,done,62.0,44.22,44.28,28.76,msg_2d470c8d5e,victim coordinates and severity,send,uav_1,ugv_1
search_and_rescue_uav_ugv_team_029,receive_coordinates,2026-01-19T00:31:14.000Z,start,ugv_1,ugv,search_and_rescue_uav_ugv_team_029_exec_7,inprogress,77.5,0.0,0.0,0.0,msg_2d470c8d5e,victim coordinates and severity,receive,uav_1,ugv_1
search_and_rescue_uav_ugv_team_029,receive_coordinates,2026-01-19T00:31:18.000Z,complete,ugv_1,ugv,search_and_rescue_uav_ugv_team_029_exec_7,done,77.4,0.0,0.0,0.0,msg_2d470c8d5e,victim coordinates and severity,receive,uav_1,ugv_1
search_and_rescue_uav_ugv_team_029,navigate_to_victim,2026-01-19T00:31:19.000Z,start,ugv_1,ugv,search_and_rescue_uav_ugv_team_029_exec_8,inprogress,77.4,0.0,0.0,0.0,null,null,null,null,null
search_and_rescue_uav_ugv_team_029,navigate_to_victim,2026-01-19T00:32:07.000Z,null,ugv_1,ugv,search_and_rescue_uav_ugv_team_029_exec_8,inprogress,76.0,8.01,13.3,0.0,null,null,null,null,null
search_and_rescue_uav_ugv_team_029,navigate_to_victim,2026-01-19T00:32:55.000Z,null,ugv_1,ugv,search_and_rescue_uav_ugv_team_029_exec_8,inprogress,74.7,16.03,26.61,0.0,null,null,null,null,null
search_and_rescue_uav_ugv_team_029,navigate_to_victim,2026-01-19T00:33:43.000Z,null,ugv_1,ugv,search_and_rescue_uav_ugv_team_029_exec_8,inprogress,73.3,24.04,39.91,0.0,null,null,null,null,null
search_and_rescue_uav_ugv_team_029,navigate_to_victim,2026-01-19T00:34:32.000Z,complete,ugv_1,ugv,search_and_rescue_uav_ugv_team_029_exec_8,done,71.9,32.06,53.22,0.0,null,null,null,null,null
search_and_rescue_uav_ugv_team_029,reroute,2026-01-19T00:34:33.000Z,start,ugv_1,ugv,search_and_rescue_uav_ugv_team_029_exec_9,inprogress,71.9,32.06,53.22,0.0,null,null,null,null,null
search_and_rescue_uav_ugv_team_029,reroute,2026-01-19T00:35:14.000Z,complete,ugv_1,ugv,search_and_rescue_uav_ugv_team_029_exec_9,done,71.5,32.06,53.22,0.0,null,null,null,null,null
search_and_rescue_uav_ugv_team_029,navigate_to_victim,2026-01-19T00:35:15.000Z,start,ugv_1,ugv,search_and_rescue_uav_ugv_team_029_exec_10,inprogress,71.5,32.06,53.22,0.0,null,null,null,null,null
search_and_rescue_uav_ugv_team_029,navigate_to_victim,2026-01-19T00:36:23.000Z,null,ugv_1,ugv,search_and_rescue_uav_ugv_team_029_exec_10,inprogress,70.3,33.77,52.1,0.0,null,null,null,null,null
search_and_rescue_uav_ugv_team_029,navigate_to_victim,2026-01-19T00:37:31.000Z,null,ugv_1,ugv,search_and_rescue_uav_ugv_team_029_exec_10,inprogress,69.0,35.49,50.99,0.0,null,null,null,null,null
search_and_rescue_uav_ugv_team_029,navigate_to_victim,2026-01-19T00:38:39.000Z,null,ugv_1,ugv,search_and_rescue_uav_ugv_team_029_exec_10,inprogress,67.8,37.21,49.87,0.0,null,null,null,null,null
search_and_rescue_uav_ugv_team_029,navigate_to_victim,2026-01-19T00:39:47.000Z,null,ugv_1,ugv,search_and_rescue_uav_ugv_team_029_exec_10,inprogress,66.5,38.92,48.75,0.0,null,null,null,null,null
search_and_rescue_uav_ugv_team_029,navigate_to_victim,2026-01-19T00:40:55.000Z,null,ugv_1,ugv,search_and_rescue_uav_ugv_team_029_exec_10,inprogress,65.3,40.64,47.64,0.0,null,null,null,null,null
search_and_rescue_uav_ugv_team_029,navigate_to_victim,2026-01-19T00:42:06.000Z,complete,ugv_1,ugv,search_and_rescue_uav_ugv_team_029_exec_10,done,64.0,42.36,46.52,0.0,null,null,null,null,null
search_and_rescue_uav_ugv_team_029,stabilize_area,2026-01-19T00:42:07.000Z,start,ugv_1,ugv,search_and_rescue_uav_ugv_team_029_exec_11,inprogress,64.0,42.36,46.52,0.0,null,null,null,null,null
search_and_rescue_uav_ugv_team_029,stabilize_area,2026-01-19T00:42:38.000Z,null,ugv_1,ugv,search_and_rescue_uav_ugv_team_029_exec_11,inprogress,63.4,42.36,46.52,0.0,null,null,null,null,null
search_and_rescue_uav_ugv_team_029,stabilize_area,2026-01-19T00:43:09.000Z,null,ugv_1,ugv,search_and_rescue_uav_ugv_team_029_exec_11,inprogress,62.7,42.36,46.52,0.0,null,null,null,null,null
search_and_rescue_uav_ugv_team_029,stabilize_area,2026-01-19T00:43:40.000Z,complete,ugv_1,ugv,search_and_rescue_uav_ugv_team_029_exec_11,done,62.0,42.36,46.52,0.0,null,null,null,null,null
search_and_rescue_uav_ugv_team_029,send_acknowledgment,2026-01-19T00:43:41.000Z,start,ugv_1,ugv,search_and_rescue_uav_ugv_team_029_exec_12,inprogress,62.0,42.36,46.52,0.0,msg_2f9310d046,area stabilized and escort starting,send,ugv_1,uav_1
search_and_rescue_uav_ugv_team_029,send_acknowledgment,2026-01-19T00:43:45.000Z,complete,ugv_1,ugv,search_and_rescue_uav_ugv_team_029_exec_12,done,61.8,42.36,46.52,0.0,msg_2f9310d046,area stabilized and escort starting,send,ugv_1,uav_1
search_and_rescue_uav_ugv_team_029,receive_acknowledgment,2026-01-19T00:43:50.000Z,start,uav_1,uav,search_and_rescue_uav_ugv_team_029_exec_13,inprogress,62.0,44.22,44.28,28.76,msg_2f9310d046,area stabilized and escort starting,receive,ugv_1,uav_1
search_and_rescue_uav_ugv_team_029,receive_acknowledgment,2026-01-19T00:43:54.000Z,complete,uav_1,uav,search_and_rescue_uav_ugv_team_029_exec_13,done,61.9,44.22,44.28,28.76,msg_2f9310d046,area stabilized and escort starting,receive,ugv_1,uav_1
search_and_rescue_uav_ugv_team_029,escort,2026-01-19T00:43:55.000Z,start,ugv_1,ugv,search_and_rescue_uav_ugv_team_029_exec_14,inprogress,61.8,42.36,46.52,0.0,null,null,null,null,null
search_and_rescue_uav_ugv_team_029,escort,2026-01-19T00:45:28.000Z,null,ugv_1,ugv,search_and_rescue_uav_ugv_team_029_exec_14,inprogress,60.8,31.57,34.35,0.0,null,null,null,null,null
search_and_rescue_uav_ugv_team_029,escort,2026-01-19T00:47:01.000Z,null,ugv_1,ugv,search_and_rescue_uav_ugv_team_029_exec_14,inprogress,59.8,20.79,22.17,0.0,null,null,null,null,null
search_and_rescue_uav_ugv_team_029,escort,2026-01-19T00:48:36.000Z,complete,ugv_1,ugv,search_and_rescue_uav_ugv_team_029_exec_14,done,58.7,10.0,10.0,0.0,null,null,null,null,null
search_and_rescue_uav_ugv_team_029,mission_close,2026-01-19T00:48:37.000Z,start,uav_1,uav,search_and_rescue_uav_ugv_team_029_exec_15,inprogress,61.9,44.22,44.28,28.76,null,null,null,null,null
search_and_rescue_uav_ugv_team_029,mission_close,2026-01-19T00:49:17.000Z,complete,uav_1,uav,search_and_rescue_uav_ugv_team_029_exec_15,done,61.6,44.22,44.28,28.76,null,null,null,null,null
search_and_rescue_uav_ugv_team_029,mission_close,2026-01-19T00:49:18.000Z,start,ugv_1,ugv,search_and_rescue_uav_ugv_team_029_exec_16,inprogress,58.7,10.0,10.0,0.0,null,null,null,null,null
search_and_rescue_uav_ugv_team_029,mission_close,2026-01-19T00:49:50.000Z,complete,ugv_1,ugv,search_and_rescue_uav_ugv_team_029_exec_16,done,58.3,10.0,10.0,0.0,null,null,null,null,null
search_and_rescue_uav_ugv_team_030,dispatch,2026-01-19T01:05:00.000Z,start,uav_1,uav,search_and_rescue_uav_ugv_team_030_exec_1,inprogress,99.0,0.0,0.0,0.0,null,null,null,null,null
search_and_rescue_uav_ugv_team_030,dispatch,2026-01-19T01:05:27.000Z,complete,uav_1,uav,search_and_rescue_uav_ugv_team_030_exec_1,done,98.9,0.0,0.0,0.0,null,null,null,null,null
search_and_rescue_uav_ugv_team_030,dispatch,2026-01-19T01:05:28.000Z,start,ugv_1,ugv,search_and_rescue_uav_ugv_team_030_exec_2,inprogress,90.0,0.0,0.0,0.0,null,null,null,null,null
search_and_rescue_uav_ugv_team_030,dispatch,2026-01-19T01:05:51.000Z,complete,ugv_1,ugv,search_and_rescue_uav_ugv_team_030_exec_2,done,89.8,0.0,0.0,0.0,null,null,null,null,null
search_and_rescue_uav_ugv_team_030,takeoff,2026-01-19T01:05:52.000Z,start,uav_1,uav,search_and_rescue_uav_ugv_team_030_exec_3,inprogress,98.9,0.0,0.0,0.0,null,null,null,null,null
search_and_rescue_uav_ugv_team_030,takeoff,2026-01-19T01:06:19.000Z,complete,uav_1,uav,search_and_rescue_uav_ugv_team_030_exec_3,done,98.0,0.0,0.0,5.0,null,null,null,null,null
search_and_rescue_uav_ugv_team_030,scan_sector,2026-01-19T01:06:20.000Z,start,uav_1,uav,search_and_rescue_uav_ugv_team_030_exec_4,inprogress,98.0,0.0,0.0,5.0,null,null,null,null,null
search_and_rescue_uav_ugv_team_030,scan_sector,2026-01-19T01:07:00.000Z,null,uav_1,uav,search_and_rescue_uav_ugv_team_030_exec_4,inprogress,96.3,5.58,3.63,7.61,null,null,null,null,null
search_and_rescue_uav_ugv_team_030,scan_sector,2026-01-19T01:07:40.000Z,null,uav_1,uav,search_and_rescue_uav_ugv_team_030_exec_4,inprogress,94.6,11.17,7.25,10.22,null,null,null,null,null
search_and_rescue_uav_ugv_team_030,scan_sector,2026-01-19T01:08:20.000Z,null,uav_1,uav,search_and_rescue_uav_ugv_team_030_exec_4,inprogress,92.9,16.75,10.88,12.84,null,null,null,null,null
search_and_rescue_uav_ugv_team_030,scan_sector,2026-01-19T01:09:00.000Z,null,uav_1,uav,search_and_rescue_uav_ugv_team_030_exec_4,inprogress,91.1,22.34,14.5,15.45,null,null,null,null,null
search_and_rescue_uav_ugv_team_030,scan_sector,2026-01-19T01:09:40.000Z,null,uav_1,uav,search_and_rescue_uav_ugv_team_030_exec_4,inprogress,89.4,27.92,18.13,18.06,null,null,null,null,null
search_and_rescue_uav_ugv_team_030,scan_sector,2026-01-19T01:10:24.000Z,complete,uav_1,uav,search_and_rescue_uav_ugv_team_030_exec_4,done,87.7,33.51,21.76,20.67,null,null,null,null,null
search_and_rescue_uav_ugv_team_030,detect_victim,2026-01-19T01:10:25.000Z,start,uav_1,uav,search_and_rescue_uav_ugv_team_030_exec_5,inprogress,87.7,33.51,21.76,20.67,null,null,null,null,null
search_and_rescue_uav_ugv_team_030,detect_victim,2026-01-19T01:10:46.000Z,complete,uav_1,uav,search_and_rescue_uav_ugv_team_030_exec_5,done,87.3,33.51,21.76,20.67,null,null,null,null,null
search_and_rescue_uav_ugv_team_030,send_coordinates,2026-01-19T01:10:47.000Z,start,uav_1,uav,search_and_rescue_uav_ugv_team_030_exec_6,inprogress,87.3,33.51,21.76,20.67,msg_c462c01698,victim coordinates and severity,send,uav_1,ugv_1
search_and_rescue_uav_ugv_team_030,send_coordinates,2026-01-19T01:10:55.000Z,complete,uav_1,uav,search_and_rescue_uav_ugv_team_030_exec_6,done,87.1,33.51,21.76,20.67,msg_c462c01698,victim coordinates and severity,send,uav_1,ugv_1
search_and_rescue_uav_ugv_team_030,receive_coordinates,2026-01-19T01:11:01.000Z,start,ugv_1,ugv,search_and_rescue_uav_ugv_team_030_exec_7,inprogress,89.8,0.0,0.0,0.0,msg_c462c01698,victim coordinates and severity,receive,uav_1,ugv_1
search_and_rescue_uav_ugv_team_030,receive_coordinates,2026-01-19T01:11:05.000Z,complete,ugv_1,ugv,search_and_rescue_uav_ugv_team_030_exec_7,done,89.7,0.0,0.0,0.0,msg_c462c01698,victim coordinates and severity,receive,uav_1,ugv_1
search_and_rescue_uav_ugv_team_030,navigate_to_victim,2026-01-19T01:11:06.000Z,start,ugv_1,ugv,search_and_rescue_uav_ugv_team_030_exec_8,inprogress,89.7,0.0,0.0,0.0,null,null,null,null,null
search_and_rescue_uav_ugv_team_030,navigate_to_victim,2026-01-19T01:12:13.000Z,null,ugv_1,ugv,search_and_rescue_uav_ugv_team_030_exec_8,inprogress,88.5,6.08,3.95,0.0,null,null,null,null,null
search_and_rescue_uav_ugv_team_030,navigate_to_victim,2026-01-19T01:13:20.000Z,null,ugv_1,ugv,search_and_rescue_uav_ugv_team_030_exec_8,inprogress,87.4,12.17,7.91,0.0,null,null,null,null,null
search_and_rescue_uav_ugv_team_030,navigate_to_victim,2026-01-19T01:14:27.000Z,null,ugv_1,ugv,search_and_rescue_uav_ugv_team_030_exec_8,inprogress,86.2,18.25,11.86,0.0,null,null,null,null,null
search_and_rescue_uav_ugv_team_030,navigate_to_victim,2026-01-19T01:15:34.000Z,null,ugv_1,ugv,search_and_rescue_uav_ugv_team_030_exec_8,inprogress,85.0,24.33,15.81,0.0,null,null,null,null,null
search_and_rescue_uav_ugv_team_030,navigate_to_victim,2026-01-19T01:16:44.000Z,complete,ugv_1,ugv,search_and_rescue_uav_ugv_team_030_exec_8,done,83.8,30.41,19.76,0.0,null,null,null,null,null
search_and_rescue_uav_ugv_team_030,stabilize_area,2026-01-19T01:16:45.000Z,start,ugv_1,ugv,search_and_rescue_uav_ugv_team_030_exec_9,inprogress,83.8,30.41,19.76,0.0,null,null,null,null,null
search_and_rescue_uav_ugv_team_030,stabilize_area,2026-01-19T01:17:26.000Z,null,ugv_1,ugv,search_and_rescue_uav_ugv_team_030_exec_9,inprogress,83.1,30.41,19.76,0.0,null,null,null,null,null
search_and_rescue_uav_ugv_team_030,stabilize_area,2026-01-19T01:18:07.000Z,complete,ugv_1,ugv,search_and_rescue_uav_ugv_team_030_exec_9,done,82.3,30.41,19.76,0.0,null,null,null,null,null
search_and_rescue_uav_ugv_team_030,send_acknowledgment,2026-01-19T01:18:08.000Z,start,ugv_1,ugv,search_and_rescue_uav_ugv_team_030_exec_10,inprogress,82.3,30.41,19.76,0.0,msg_12888d76fd,area stabilized and escort starting,send,ugv_1,uav_1
search_and_rescue_uav_ugv_team_030,send_acknowledgment,2026-01-19T01:18:13.000Z,complete,ugv_1,ugv,search_and_rescue_uav_ugv_team_030_exec_10,done,82.1,30.41,19.76,0.0,msg_12888d76fd,area stabilized and escort starting,send,ugv_1,uav_1
search_and_rescue_uav_ugv_team_030,receive_acknowledgment,2026-01-19T01:18:18.000Z,start,uav_1,uav,search_and_rescue_uav_ugv_team_030_exec_11,inprogress,87.1,33.51,21.76,20.67,msg_12888d76fd,area stabilized and escort starting,receive,ugv_1,uav_1
search_and_rescue_uav_ugv_team_030,receive_acknowledgment,2026-01-19T01:18:22.000Z,complete,uav_1,uav,search_and_rescue_uav_ugv_team_030_exec_11,done,87.0,33.51,21.76,20.67,msg_12888d76fd,area stabilized and escort starting,receive,ugv_1,uav_1
search_and_rescue_uav_ugv_team_030,escort,2026-01-19T01:18:23.000Z,start,ugv_1,ugv,search_and_rescue_uav_ugv_team_030_exec_12,inprogress,82.1,30.41,19.76,0.0,null,null,null,null,null
search_and_rescue_uav_ugv_team_030,escort,2026-01-19T01:19:11.000Z,null,ugv_1,ugv,search_and_rescue_uav_ugv_team_030_exec_12,inprogress,81.4,27.01,18.14,0.0,null,null,null,null,null
search_and_rescue_uav_ugv_team_030,escort,2026-01-19T01:19:59.000Z,null,ugv_1,ugv,search_and_rescue_uav_ugv_team_030_exec_12,inprogress,80.6,23.61,16.51,0.0,null,null,null,null,null
search_and_rescue_uav_ugv_team_030,escort,2026-01-19T01:20:47.000Z,null,ugv_1,ugv,search_and_rescue_uav_ugv_team_030_exec_12,inprogress,79.8,20.21,14.88,0.0,null,null,null,null,null
search_and_rescue_uav_ugv_team_030,escort,2026-01-19T01:21:35.000Z,null,ugv_1,ugv,search_and_rescue_uav_ugv_team_030_exec_12,inprogress,79.0,16.8,13.25,0.0,null,null,null,null,null
search_and_rescue_uav_ugv_team_030,escort,2026-01-19T01:22:23.000Z,null,ugv_1,ugv,search_and_rescue_uav_ugv_team_030_exec_12,inprogress,78.3,13.4,11.63,0.0,null,null,null,null,null
search_and_rescue_uav_ugv_team_030,escort,2026-01-19T01:23:16.000Z,complete,ugv_1,ugv,search_and_rescue_uav_ugv_team_030_exec_12,done,77.5,10.0,10.0,0.0,null,null,null,null,null
search_and_rescue_uav_ugv_team_030,mission_close,2026-01-19T01:23:17.000Z,start,uav_1,uav,search_and_rescue_uav_ugv_team_030_exec_13,inprogress,87.0,33.51,21.76,20.67,null,null,null,null,null
search_and_rescue_uav_ugv_team_030,mission_close,2026-01-19T01:23:51.000Z,complete,uav_1,uav,search_and_rescue_uav_ugv_team_030_exec_13,done,86.6,33.51,21.76,20.67,null,null,null,null,null
search_and_rescue_uav_ugv_team_030,mission_close,2026-01-19T01:23:52.000Z,start,ugv_1,ugv,search_and_rescue_uav_ugv_team_030_exec_14,inprogress,77.5,10.0,10.0,0.0,null,null,null,null,null
search_and_rescue_uav_ugv_team_030,mission_close,2026-01-19T01:24:18.000Z,complete,ugv_1,ugv,search_and_rescue_uav_ugv_team_030_exec_14,done,77.2,10.0,10.0,0.0,null,null,null,null,null
search_and_rescue_uav_ugv_team_031,dispatch,2026-01-19T01:45:00.000Z,start,uav_1,uav,search_and_rescue_uav_ugv_team_031_exec_1,inprogress,95.2,0.0,0.0,0.0,null,null,null,null,null
search_and_rescue_uav_ugv_team_031,dispatch,2026-01-19T01:45:22.000Z,complete,uav_1,uav,search_and_rescue_uav_ugv_team_031_exec_1,done,95.1,0.0,0.0,0.0,null,null,null,null,null
search_and_rescue_uav_ugv_team_031,dispatch,2026-01-19T01:45:23.000Z,start,ugv_1,ugv,search_and_rescue_uav_ugv_team_031_exec_2,inprogress,84.8,0.0,0.0,0.0,null,null,null,null,null
search_and_rescue_uav_ugv_team_031,dispatch,2026-01-19T01:45:48.000Z,complete,ugv_1,ugv,search_and_rescue_uav_ugv_team_031_exec_2,done,84.5,0.0,0.0,0.0,null,null,null,null,null
search_and_rescue_uav_ugv_team_031,takeoff,2026-01-19T01:45:49.000Z,start,uav_1,uav,search_and_rescue_uav_ugv_team_031_exec_3,inprogress,95.1,0.0,0.0,0.0,null,null,null,null,null
search_and_rescue_uav_ugv_team_031,takeoff,2026-01-19T01:46:19.000Z,complete,uav_1,uav,search_and_rescue_uav_ugv_team_031_exec_3,done,94.3,0.0,0.0,5.0,null,null,null,null,null
search_and_rescue_uav_ugv_team_031,scan_sector,2026-01-19T01:46:20.000Z,start,uav_1,uav,search_and_rescue_uav_ugv_team_031_exec_4,inprogress,94.3,0.0,0.0,5.0,null,null,null,null,null
search_and_rescue_uav_ugv_team_031,scan_sector,2026-01-19T01:47:05.000Z,null,uav_1,uav,search_and_rescue_uav_ugv_team_031_exec_4,inprogress,93.2,6.73,5.34,7.13,null,null,null,null,null
search_and_rescue_uav_ugv_team_031,scan_sector,2026-01-19T01:47:50.000Z,null,uav_1,uav,search_and_rescue_uav_ugv_team_031_exec_4,inprogress,92.2,13.46,10.68,9.27,null,null,null,null,null
search_and_rescue_uav_ugv_team_031,scan_sector,2026-01-19T01:48:35.000Z,null,uav_1,uav,search_and_rescue_uav_ugv_team_031_exec_4,inprogress,91.1,20.19,16.02,11.4,null,null,null,null,null
search_and_rescue_uav_ugv_team_031,scan_sector,2026-01-19T01:49:20.000Z,null,uav_1,uav,search_and_rescue_uav_ugv_team_031_exec_4,inprogress,90.1,26.92,21.36,13.54,null,null,null,null,null
search_and_rescue_uav_ugv_team_031,scan_sector,2026-01-19T01:50:05.000Z,null,uav_1,uav,search_and_rescue_uav_ugv_team_031_exec_4,inprogress,89.0,33.65,26.7,15.67,null,null,null,null,null
search_and_rescue_uav_ugv_team_031,scan_sector,2026-01-19T01:50:50.000Z,null,uav_1,uav,search_and_rescue_uav_ugv_team_031_exec_4,inprogress,88.0,40.38,32.04,17.8,null,null,null,null,null
search_and_rescue_uav_ugv_team_031,scan_sector,2026-01-19T01:51:35.000Z,null,uav_1,uav,search_and_rescue_uav_ugv_team_031_exec_4,inprogress,86.9,47.1,37.38,19.94,null,null,null,null,null
search_and_rescue_uav_ugv_team_031,scan_sector,2026-01-19T01:52:24.000Z,complete,uav_1,uav,search_and_rescue_uav_ugv_team_031_exec_4,done,85.9,53.83,42.72,22.07,null,null,null,null,null
search_and_rescue_uav_ugv_team_031,detect_victim,2026-01-19T01:52:25.000Z,start,uav_1,uav,search_and_rescue_uav_ugv_team_031_exec_5,inprogress,85.9,53.83,42.72,22.07,null,null,null,null,null
search_and_rescue_uav_ugv_team_031,detect_victim,2026-01-19T01:52:58.000Z,complete,uav_1,uav,search_and_rescue_uav_ugv_team_031_exec_5,done,85.4,53.83,42.72,22.07,null,null,null,null,null
search_and_rescue_uav_ugv_team_031,send_coordinates,2026-01-19T01:52:59.000Z,start,uav_1,uav,search_and_rescue_uav_ugv_team_031_exec_6,inprogress,85.4,53.83,42.72,22.07,msg_c3447a29fa,victim coordinates and severity,send,uav_1,ugv_1
search_and_rescue_uav_ugv_team_031,send_coordinates,2026-01-19T01:53:03.000Z,complete,uav_1,uav,search_and_rescue_uav_ugv_team_031_exec_6,done,85.2,53.83,42.72,22.07,msg_c3447a29fa,victim coordinates and severity,send,uav_1,ugv_1
search_and_rescue_uav_ugv_team_031,receive_coordinates,2026-01-19T01:53:09.000Z,start,ugv_1,ugv,search_and_rescue_uav_ugv_team_031_exec_7,inprogress,84.5,0.0,0.0,0.0,msg_c3447a29fa,victim coordinates and severity,receive,uav_1,ugv_1
search_and_rescue_uav_ugv_team_031,receive_coordinates,2026-01-19T01:53:13.000Z,complete,ugv_1,ugv,search_and_rescue_uav_ugv_team_031_exec_7,done,84.4,0.0,0.0,0.0,msg_c3447a29fa,victim coordinates and severity,receive,uav_1,ugv_1
search_and_rescue_uav_ugv_team_031,navigate_to_victim,2026-01-19T01:53:14.000Z,start,ugv_1,ugv,search_and_rescue_uav_ugv_team_031_exec_8,inprogress,84.4,0.0,0.0,0.0,null,null,null,null,null
search_and_rescue_uav_ugv_team_031,navigate_to_victim,2026-01-19T01:54:29.000Z,null,ugv_1,ugv,search_and_rescue_uav_ugv_team_031_exec_8,inprogress,83.1,13.53,10.48,0.0,null,null,null,null,null
search_and_rescue_uav_ugv_team_031,navigate_to_victim,2026-01-19T01:55:44.000Z,null,ugv_1,ugv,search_and_rescue_uav_ugv_team_031_exec_8,inprogress,81.9,27.06,20.97,0.0,null,null,null,null,null
search_and_rescue_uav_ugv_team_031,navigate_to_victim,2026-01-19T01:56:59.000Z,null,ugv_1,ugv,search_and_rescue_uav_ugv_team_031_exec_8,inprogress,80.6,40.59,31.45,0.0,null,null,null,null,null
search_and_rescue_uav_ugv_team_031,navigate_to_victim,2026-01-19T01:58:14.000Z,complete,ugv_1,ugv,search_and_rescue_uav_ugv_team_031_exec_8,done,79.3,54.12,41.94,0.0,null,null,null,null,null
search_and_rescue_uav_ugv_team_031,stabilize_area,2026-01-19T01:58:15.000Z,start,ugv_1,ugv,search_and_rescue_uav_ugv_team_031_exec_9,inprogress,79.3,54.12,41.94,0.0,null,null,null,null,null
search_and_rescue_uav_ugv_team_031,stabilize_area,2026-01-19T01:59:09.000Z,null,ugv_1,ugv,search_and_rescue_uav_ugv_team_031_exec_9,inprogress,78.5,54.12,41.94,0.0,null,null,null,null,null
search_and_rescue_uav_ugv_team_031,stabilize_area,2026-01-19T02:00:03.000Z,null,ugv_1,ugv,search_and_rescue_uav_ugv_team_031_exec_9,inprogress,77.6,54.12,41.94,0.0,null,null,null,null,null
search_and_rescue_uav_ugv_team_031,stabilize_area,2026-01-19T02:00:57.000Z,complete,ugv_1,ugv,search_and_rescue_uav_ugv_team_031_exec_9,done,76.7,54.12,41.94,0.0,null,null,null,null,null
search_and_rescue_uav_ugv_team_031,send_acknowledgment,2026-01-19T02:00:58.000Z,start,ugv_1,ugv,search_and_rescue_uav_ugv_team_031_exec_10,inprogress,76.7,54.12,41.94,0.0,msg_56fded3c6d,area stabilized and escort starting,send,ugv_1,uav_1
search_and_rescue_uav_ugv_team_031,send_acknowledgment,2026-01-19T02:01:02.000Z,complete,ugv_1,ugv,search_and_rescue_uav_ugv_team_031_exec_10,done,76.5,54.12,41.94,0.0,msg_56fded3c6d,area stabilized and escort starting,send,ugv_1,uav_1
search_and_rescue_uav_ugv_team_031,receive_acknowledgment,2026-01-19T02:01:07.000Z,start,uav_1,uav,search_and_rescue_uav_ugv_team_031_exec_11,inprogress,85.2,53.83,42.72,22.07,msg_56fded3c6d,area stabilized and escort starting,receive,ugv_1,uav_1
search_and_rescue_uav_ugv_team_031,receive_acknowledgment,2026-01-19T02:01:11.000Z,complete,uav_1,uav,search_and_rescue_uav_ugv_team_031_exec_11,done,85.1,53.83,42.72,22.07,msg_56fded3c6d,area stabilized and escort starting,receive,ugv_1,uav_1
search_and_rescue_uav_ugv_team_031,escort,2026-01-19T02:01:12.000Z,start,ugv_1,ugv,search_and_rescue_uav_ugv_team_031_exec_12,inprogress,76.5,54.12,41.94,0.0,null,null,null,null,null
search_and_rescue_uav_ugv_team_031,escort,2026-01-19T02:02:13.000Z,null,ugv_1,ugv,search_and_rescue_uav_ugv_team_031_exec_12,inprogress,75.6,45.29,35.55,0.0,null,null,null,null,null
search_and_rescue_uav_ugv_team_031,escort,2026-01-19T02:03:14.000Z,null,ugv_1,ugv,search_and_rescue_uav_ugv_team_031_exec_12,inprogress,74.7,36.47,29.16,0.0,null,null,null,null,null
search_and_rescue_uav_ugv_team_031,escort,2026-01-19T02:04:15.000Z,null,ugv_1,ugv,search_and_rescue_uav_ugv_team_031_exec_12,inprogress,73.8,27.65,22.77,0.0,null,null,null,null,null
search_and_rescue_uav_ugv_team_031,escort,2026-01-19T02:05:16.000Z,null,ugv_1,ugv,search_and_rescue_uav_ugv_team_031_exec_12,inprogress,72.8,18.82,16.39,0.0,null,null,null,null,null
search_and_rescue_uav_ugv_team_031,escort,2026-01-19T02:06:18.000Z,complete,ugv_1,ugv,search_and_rescue_uav_ugv_team_031_exec_12,done,71.9,10.0,10.0,0.0,null,null,null,null,null
search_and_rescue_uav_ugv_team_031,mission_close,2026-01-19T02:06:19.000Z,start,uav_1,uav,search_and_rescue_uav_ugv_team_031_exec_13,inprogress,85.1,53.83,42.72,22.07,null,null,null,null,null
search_and_rescue_uav_ugv_team_031,mission_close,2026-01-19T02:06:52.000Z,complete,uav_1,uav,search_and_rescue_uav_ugv_team_031_exec_13,done,84.9,53.83,42.72,22.07,null,null,null,null,null
search_and_rescue_uav_ugv_team_031,mission_close,2026-01-19T02:06:53.000Z,start,ugv_1,ugv,search_and_rescue_uav_ugv_team_031_exec_14,inprogress,71.9,10.0,10.0,0.0,null,null,null,null,null
search_and_rescue_uav_ugv_team_031,mission_close,2026-01-19T02:07:22.000Z,complete,ugv_1,ugv,search_and_rescue_uav_ugv_team_031_exec_14,done,71.5,10.0,10.0,0.0,null,null,null,null,null
search_and_rescue_uav_ugv_team_032,dispatch,2026-01-19T02:25:00.000Z,start,uav_1,uav,search_and_rescue_uav_ugv_team_032_exec_1,inprogress,85.1,0.0,0.0,0.0,null,null,null,null,null
search_and_rescue_uav_ugv_team_032,dispatch,2026-01-19T02:25:28.000Z,complete,uav_1,uav,search_and_rescue_uav_ugv_team_032_exec_1,done,85.0,0.0,0.0,0.0,null,null,null,null,null
search_and_rescue_uav_ugv_team_032,dispatch,2026-01-19T02:25:29.000Z,start,ugv_1,ugv,search_and_rescue_uav_ugv_team_032_exec_2,inprogress,86.0,0.0,0.0,0.0,null,null,null,null,null
search_and_rescue_uav_ugv_team_032,dispatch,2026-01-19T02:25:51.000Z,complete,ugv_1,ugv,search_and_rescue_uav_ugv_team_032_exec_2,done,85.7,0.0,0.0,0.0,null,null,null,null,null
search_and_rescue_uav_ugv_team_032,takeoff,2026-01-19T02:25:52.000Z,start,uav_1,uav,search_and_rescue_uav_ugv_team_032_exec_3,inprogress,85.0,0.0,0.0,0.0,null,null,null,null,null
search_and_rescue_uav_ugv_team_032,takeoff,2026-01-19T02:26:21.000Z,complete,uav_1,uav,search_and_rescue_uav_ugv_team_032_exec_3,done,84.5,0.0,0.0,5.0,null,null,null,null,null
search_and_rescue_uav_ugv_team_032,scan_sector,2026-01-19T02:26:22.000Z,start,uav_1,uav,search_and_rescue_uav_ugv_team_032_exec_4,inprogress,84.5,0.0,0.0,5.0,null,null,null,null,null
search_and_rescue_uav_ugv_team_032,scan_sector,2026-01-19T02:27:20.000Z,null,uav_1,uav,search_and_rescue_uav_ugv_team_032_exec_4,inprogress,83.1,5.96,7.22,8.78,null,null,null,null,null
search_and_rescue_uav_ugv_team_032,scan_sector,2026-01-19T02:28:18.000Z,null,uav_1,uav,search_and_rescue_uav_ugv_team_032_exec_4,inprogress,81.7,11.92,14.45,12.55,null,null,null,null,null
search_and_rescue_uav_ugv_team_032,scan_sector,2026-01-19T02:29:16.000Z,null,uav_1,uav,search_and_rescue_uav_ugv_team_032_exec_4,inprogress,80.2,17.89,21.67,16.33,null,null,null,null,null
search_and_rescue_uav_ugv_team_032,scan_sector,2026-01-19T02:30:14.000Z,null,uav_1,uav,search_and_rescue_uav_ugv_team_032_exec_4,inprogress,78.8,23.85,28.9,20.11,null,null,null,null,null
search_and_rescue_uav_ugv_team_032,scan_sector,2026-01-19T02:31:12.000Z,null,uav_1,uav,search_and_rescue_uav_ugv_team_032_exec_4,inprogress,77.4,29.81,36.12,23.88,null,null,null,null,null
search_and_rescue_uav_ugv_team_032,scan_sector,2026-01-19T02:32:10.000Z,null,uav_1,uav,search_and_rescue_uav_ugv_team_032_exec_4,inprogress,76.0,35.77,43.35,27.66,null,null,null,null,null
search_and_rescue_uav_ugv_team_032,scan_sector,2026-01-19T02:33:14.000Z,complete,uav_1,uav,search_and_rescue_uav_ugv_team_032_exec_4,done,74.5,41.74,50.57,31.44,null,null,null,null,null
search_and_rescue_uav_ugv_team_032,detect_victim,2026-01-19T02:33:15.000Z,start,uav_1,uav,search_and_rescue_uav_ugv_team_032_exec_5,inprogress,74.5,41.74,50.57,31.44,null,null,null,null,null
search_and_rescue_uav_ugv_team_032,detect_victim,2026-01-19T02:33:35.000Z,complete,uav_1,uav,search_and_rescue_uav_ugv_team_032_exec_5,done,74.1,41.74,50.57,31.44,null,null,null,null,null
search_and_rescue_uav_ugv_team_032,send_coordinates,2026-01-19T02:33:36.000Z,start,uav_1,uav,search_and_rescue_uav_ugv_team_032_exec_6,inprogress,74.1,41.74,50.57,31.44,msg_602c27bd60,victim coordinates and severity,send,uav_1,ugv_1
search_and_rescue_uav_ugv_team_032,send_coordinates,2026-01-19T02:33:41.000Z,complete,uav_1,uav,search_and_rescue_uav_ugv_team_032_exec_6,done,73.9,41.74,50.57,31.44,msg_602c27bd60,victim coordinates and severity,send,uav_1,ugv_1
search_and_rescue_uav_ugv_team_032,receive_coordinates,2026-01-19T02:33:47.000Z,start,ugv_1,ugv,search_and_rescue_uav_ugv_team_032_exec_7,inprogress,85.7,0.0,0.0,0.0,msg_602c27bd60,victim coordinates and severity,receive,uav_1,ugv_1
search_and_rescue_uav_ugv_team_032,receive_coordinates,2026-01-19T02:33:51.000Z,complete,ugv_1,ugv,search_and_rescue_uav_ugv_team_032_exec_7,done,85.6,0.0,0.0,0.0,msg_602c27bd60,victim coordinates and severity,receive,uav_1,ugv_1
search_and_rescue_uav_ugv_team_032,navigate_to_victim,2026-01-19T02:33:52.000Z,start,ugv_1,ugv,search_and_rescue_uav_ugv_team_032_exec_8,inprogress,85.6,0.0,0.0,0.0,null,null,null,null,null
search_and_rescue_uav_ugv_team_032,navigate_to_victim,2026-01-19T02:34:38.000Z,null,ugv_1,ugv,search_and_rescue_uav_ugv_team_032_exec_8,inprogress,84.8,5.47,7.21,0.0,null,null,null,null,null
search_and_rescue_uav_ugv_team_032,navigate_to_victim,2026-01-19T02:35:24.000Z,null,ugv_1,ugv,search_and_rescue_uav_ugv_team_032_exec_8,inprogress,84.1,10.94,14.43,0.0,null,null,null,null,null
search_and_rescue_uav_ugv_team_032,navigate_to_victim,2026-01-19T02:36:10.000Z,null,ugv_1,ugv,search_and_rescue_uav_ugv_team_032_exec_8,inprogress,83.3,16.41,21.64,0.0,null,null,null,null,null
search_and_rescue_uav_ugv_team_032,navigate_to_victim,2026-01-19T02:36:56.000Z,null,ugv_1,ugv,search_and_rescue_uav_ugv_team_032_exec_8,inprogress,82.6,21.89,28.85,0.0,null,null,null,null,null
search_and_rescue_uav_ugv_team_032,navigate_to_victim,2026-01-19T02:37:42.000Z,null,ugv_1,ugv,search_and_rescue_uav_ugv_team_032_exec_8,inprogress,81.8,27.36,36.07,0.0,null,null,null,null,null
search_and_rescue_uav_ugv_team_032,navigate_to_victim,2026-01-19T02:38:28.000Z,null,ugv_1,ugv,search_and_rescue_uav_ugv_team_032_exec_8,inprogress,81.1,32.83,43.28,0.0,null,null,null,null,null
search_and_rescue_uav_ugv_team_032,navigate_to_victim,2026-01-19T02:39:18.000Z,complete,ugv_1,ugv,search_and_rescue_uav_ugv_team_032_exec_8,done,80.4,38.3,50.49,0.0,null,null,null,null,null
search_and_rescue_uav_ugv_team_032,stabilize_area,2026-01-19T02:39:19.000Z,start,ugv_1,ugv,search_and_rescue_uav_ugv_team_032_exec_9,inprogress,80.4,38.3,50.49,0.0,null,null,null,null,null
search_and_rescue_uav_ugv_team_032,stabilize_area,2026-01-19T02:39:45.000Z,null,ugv_1,ugv,search_and_rescue_uav_ugv_team_032_exec_9,inprogress,80.0,38.3,50.49,0.0,null,null,null,null,null
search_and_rescue_uav_ugv_team_032,stabilize_area,2026-01-19T02:40:11.000Z,null,ugv_1,ugv,search_and_rescue_uav_ugv_team_032_exec_9,inprogress,79.7,38.3,50.49,0.0,null,null,null,null,null
search_and_rescue_uav_ugv_team_032,stabilize_area,2026-01-19T02:40:37.000Z,null,ugv_1,ugv,search_and_rescue_uav_ugv_team_032_exec_9,inprogress,79.4,38.3,50.49,0.0,null,null,null,null,null
search_and_rescue_uav_ugv_team_032,stabilize_area,2026-01-19T02:41:05.000Z,complete,ugv_1,ugv,search_and_rescue_uav_ugv_team_032_exec_9,done,79.1,38.3,50.49,0.0,null,null,null,null,null
search_and_rescue_uav_ugv_team_032,send_acknowledgment,2026-01-19T02:41:06.000Z,start,ugv_1,ugv,search_and_rescue_uav_ugv_team_032_exec_10,inprogress,79.1,38.3,50.49,0.0,msg_11a405de69,area stabilized and escort starting,send,ugv_1,uav_1
search_and_rescue_uav_ugv_team_032,send_acknowledgment,2026-01-19T02:41:10.000Z,complete,ugv_1,ugv,search_and_rescue_uav_ugv_team_032_exec_10,done,78.9,38.3,50.49,0.0,msg_11a405de69,area stabilized and escort starting,send,ugv_1,uav_1
search_and_rescue_uav_ugv_team_032,receive_acknowledgment,2026-01-19T02:41:15.000Z,start,uav_1,uav,search_and_rescue_uav_ugv_team_032_exec_11,inprogress,73.9,41.74,50.57,31.44,msg_11a405de69,area stabilized and escort starting,receive,ugv_1,uav_1
search_and_rescue_uav_ugv_team_032,receive_acknowledgment,2026-01-19T02:41:19.000Z,complete,uav_1,uav,search_and_rescue_uav_ugv_team_032_exec_11,done,73.8,41.74,50.57,31.44,msg_11a405de69,area stabilized and escort starting,receive,ugv_1,uav_1
search_and_rescue_uav_ugv_team_032,escort,2026-01-19T02:41:20.000Z,start,ugv_1,ugv,search_and_rescue_uav_ugv_team_032_exec_12,inprogress,78.9,38.3,50.49,0.0,null,null,null,null,null
search_and_rescue_uav_ugv_team_032,escort,2026-01-19T02:42:14.000Z,null,ugv_1,ugv,search_and_rescue_uav_ugv_team_032_exec_12,inprogress,78.0,32.64,42.39,0.0,null,null,null,null,null
search_and_rescue_uav_ugv_team_032,escort,2026-01-19T02:43:08.000Z,null,ugv_1,ugv,search_and_rescue_uav_ugv_team_032_exec_12,inprogress,77.2,26.98,34.29,0.0,null,null,null,null,null
search_and_rescue_uav_ugv_team_032,escort,2026-01-19T02:44:02.000Z,null,ugv_1,ugv,search_and_rescue_uav_ugv_team_032_exec_12,inprogress,76.3,21.32,26.2,0.0,null,null,null,null,null
search_and_rescue_uav_ugv_team_032,escort,2026-01-19T02:44:56.000Z,null,ugv_1,ugv,search_and_rescue_uav_ugv_team_032_exec_12,inprogress,75.5,15.66,18.1,0.0,null,null,null,null,null
search_and_rescue_uav_ugv_team_032,escort,2026-01-19T02:45:51.000Z,complete,ugv_1,ugv,search_and_rescue_uav_ugv_team_032_exec_12,done,74.6,10.0,10.0,0.0,null,null,null,null,null
search_and_rescue_uav_ugv_team_032,mission_close,2026-01-19T02:45:52.000Z,start,uav_1,uav,search_and_rescue_uav_ugv_team_032_exec_13,inprogress,73.8,41.74,50.57,31.44,null,null,null,null,null
search_and_rescue_uav_ugv_team_032,mission_close,2026-01-19T02:46:17.000Z,complete,uav_1,uav,search_and_rescue_uav_ugv_team_032_exec_13,done,73.5,41.74,50.57,31.44,null,null,null,null,null
search_and_rescue_uav_ugv_team_032,mission_close,2026-01-19T02:46:18.000Z,start,ugv_1,ugv,search_and_rescue_uav_ugv_team_032_exec_14,inprogress,74.6,10.0,10.0,0.0,null,null,null,null,null
search_and_rescue_uav_ugv_team_032,mission_close,2026-01-19T02:46:54.000Z,complete,ugv_1,ugv,search_and_rescue_uav_ugv_team_032_exec_14,done,74.4,10.0,10.0,0.0,null,null,null,null,null
search_and_rescue_uav_ugv_team_033,dispatch,2026-01-19T03:05:00.000Z,start,uav_1,uav,search_and_rescue_uav_ugv_team_033_exec_1,inprogress,73.8,0.0,0.0,0.0,null,null,null,null,null
search_and_rescue_uav_ugv_team_033,dispatch,2026-01-19T03:05:19.000Z,complete,uav_1,uav,search_and_rescue_uav_ugv_team_033_exec_1,done,73.7,0.0,0.0,0.0,null,null,null,null,null
search_and_rescue_uav_ugv_team_033,dispatch,2026-01-19T03:05:20.000Z,start,ugv_1,ugv,search_and_rescue_uav_ugv_team_033_exec_2,inprogress,85.8,0.0,0.0,0.0,null,null,null,null,null
search_and_rescue_uav_ugv_team_033,dispatch,2026-01-19T03:05:39.000Z,complete,ugv_1,ugv,search_and_rescue_uav_ugv_team_033_exec_2,done,85.6,0.0,0.0,0.0,null,null,null,null,null
search_and_rescue_uav_ugv_team_033,takeoff,2026-01-19T03:05:40.000Z,start,uav_1,uav,search_and_rescue_uav_ugv_team_033_exec_3,inprogress,73.7,0.0,0.0,0.0,null,null,null,null,null
search_and_rescue_uav_ugv_team_033,takeoff,2026-01-19T03:06:05.000Z,complete,uav_1,uav,search_and_rescue_uav_ugv_team_033_exec_3,done,72.8,0.0,0.0,5.0,null,null,null,null,null
search_and_rescue_uav_ugv_team_033,scan_sector,2026-01-19T03:06:06.000Z,start,uav_1,uav,search_and_rescue_uav_ugv_team_033_exec_4,inprogress,72.8,0.0,0.0,5.0,null,null,null,null,null
search_and_rescue_uav_ugv_team_033,scan_sector,2026-01-19T03:07:01.000Z,null,uav_1,uav,search_and_rescue_uav_ugv_team_033_exec_4,inprogress,70.9,12.15,10.7,9.16,null,null,null,null,null
search_and_rescue_uav_ugv_team_033,scan_sector,2026-01-19T03:07:56.000Z,null,uav_1,uav,search_and_rescue_uav_ugv_team_033_exec_4,inprogress,69.0,24.31,21.4,13.32,null,null,null,null,null
search_and_rescue_uav_ugv_team_033,scan_sector,2026-01-19T03:08:51.000Z,null,uav_1,uav,search_and_rescue_uav_ugv_team_033_exec_4,inprogress,67.1,36.46,32.1,17.48,null,null,null,null,null
search_and_rescue_uav_ugv_team_033,scan_sector,2026-01-19T03:09:46.000Z,null,uav_1,uav,search_and_rescue_uav_ugv_team_033_exec_4,inprogress,65.2,48.62,42.8,21.64,null,null,null,null,null
search_and_rescue_uav_ugv_team_033,scan_sector,2026-01-19T03:10:44.000Z,complete,uav_1,uav,search_and_rescue_uav_ugv_team_033_exec_4,done,63.3,60.77,53.5,25.8,null,null,null,null,null
search_and_rescue_uav_ugv_team_033,detect_victim,2026-01-19T03:10:45.000Z,start,uav_1,uav,search_and_rescue_uav_ugv_team_033_exec_5,inprogress,63.3,60.77,53.5,25.8,null,null,null,null,null
search_and_rescue_uav_ugv_team_033,detect_victim,2026-01-19T03:11:14.000Z,complete,uav_1,uav,search_and_rescue_uav_ugv_team_033_exec_5,done,62.7,60.77,53.5,25.8,null,null,null,null,null
search_and_rescue_uav_ugv_team_033,send_coordinates,2026-01-19T03:11:15.000Z,start,uav_1,uav,search_and_rescue_uav_ugv_team_033_exec_6,inprogress,62.7,60.77,53.5,25.8,msg_6fcfed3eef,victim coordinates and severity,send,uav_1,ugv_1
search_and_rescue_uav_ugv_team_033,send_coordinates,2026-01-19T03:11:23.000Z,complete,uav_1,uav,search_and_rescue_uav_ugv_team_033_exec_6,done,62.5,60.77,53.5,25.8,msg_6fcfed3eef,victim coordinates and severity,send,uav_1,ugv_1
search_and_rescue_uav_ugv_team_033,receive_coordinates,2026-01-19T03:11:29.000Z,start,ugv_1,ugv,search_and_rescue_uav_ugv_team_033_exec_7,inprogress,85.6,0.0,0.0,0.0,msg_6fcfed3eef,victim coordinates and severity,receive,uav_1,ugv_1
search_and_rescue_uav_ugv_team_033,receive_coordinates,2026-01-19T03:11:33.000Z,complete,ugv_1,ugv,search_and_rescue_uav_ugv_team_033_exec_7,done,85.5,0.0,0.0,0.0,msg_6fcfed3eef,victim coordinates and severity,receive,uav_1,ugv_1
search_and_rescue_uav_ugv_team_033,navigate_to_victim,2026-01-19T03:11:34.000Z,start,ugv_1,ugv,search_and_rescue_uav_ugv_team_033_exec_8,inprogress,85.5,0.0,0.0,0.0,null,null,null,null,null
search_and_rescue_uav_ugv_team_033,navigate_to_victim,2026-01-19T03:13:04.000Z,null,ugv_1,ugv,search_and_rescue_uav_ugv_team_033_exec_8,inprogress,84.0,15.9,14.49,0.0,null,null,null,null,null
search_and_rescue_uav_ugv_team_033,navigate_to_victim,2026-01-19T03:14:34.000Z,null,ugv_1,ugv,search_and_rescue_uav_ugv_team_033_exec_8,inprogress,82.5,31.8,28.99,0.0,null,null,null,null,null
search_and_rescue_uav_ugv_team_033,navigate_to_victim,2026-01-19T03:16:04.000Z,null,ugv_1,ugv,search_and_rescue_uav_ugv_team_033_exec_8,inprogress,80.9,47.7,43.48,0.0,null,null,null,null,null
search_and_rescue_uav_ugv_team_033,navigate_to_victim,2026-01-19T03:17:37.000Z,complete,ugv_1,ugv,search_and_rescue_uav_ugv_team_033_exec_8,done,79.4,63.6,57.98,0.0,null,null,null,null,null
search_and_rescue_uav_ugv_team_033,stabilize_area,2026-01-19T03:17:38.000Z,start,ugv_1,ugv,search_and_rescue_uav_ugv_team_033_exec_9,inprogress,79.4,63.6,57.98,0.0,null,null,null,null,null
search_and_rescue_uav_ugv_team_033,stabilize_area,2026-01-19T03:18:03.000Z,null,ugv_1,ugv,search_and_rescue_uav_ugv_team_033_exec_9,inprogress,79.1,63.6,57.98,0.0,null,null,null,null,null
search_and_rescue_uav_ugv_team_033,stabilize_area,2026-01-19T03:18:28.000Z,null,ugv_1,ugv,search_and_rescue_uav_ugv_team_033_exec_9,inprogress,78.7,63.6,57.98,0.0,null,null,null,null,null
search_and_rescue_uav_ugv_team_033,stabilize_area,2026-01-19T03:18:53.000Z,null,ugv_1,ugv,search_and_rescue_uav_ugv_team_033_exec_9,inprogress,78.4,63.6,57.98,0.0,null,null,null,null,null
search_and_rescue_uav_ugv_team_033,stabilize_area,2026-01-19T03:19:19.000Z,complete,ugv_1,ugv,search_and_rescue_uav_ugv_team_033_exec_9,done,78.1,63.6,57.98,0.0,null,null,null,null,null
search_and_rescue_uav_ugv_team_033,send_acknowledgment,2026-01-19T03:19:20.000Z,start,ugv_1,ugv,search_and_rescue_uav_ugv_team_033_exec_10,inprogress,78.1,63.6,57.98,0.0,msg_8ccd7bf465,area stabilized and escort starting,send,ugv_1,uav_1
search_and_rescue_uav_ugv_team_033,send_acknowledgment,2026-01-19T03:19:25.000Z,complete,ugv_1,ugv,search_and_rescue_uav_ugv_team_033_exec_10,done,77.9,63.6,57.98,0.0,msg_8ccd7bf465,area stabilized and escort starting,send,ugv_1,uav_1
search_and_rescue_uav_ugv_team_033,receive_acknowledgment,2026-01-19T03:19:30.000Z,start,uav_1,uav,search_and_rescue_uav_ugv_team_033_exec_11,inprogress,62.5,60.77,53.5,25.8,msg_8ccd7bf465,area stabilized and escort starting,receive,ugv_1,uav_1
search_and_rescue_uav_ugv_team_033,receive_acknowledgment,2026-01-19T03:19:34.000Z,complete,uav_1,uav,search_and_rescue_uav_ugv_team_033_exec_11,done,62.4,60.77,53.5,25.8,msg_8ccd7bf465,area stabilized and escort starting,receive,ugv_1,uav_1
search_and_rescue_uav_ugv_team_033,escort,2026-01-19T03:19:35.000Z,start,ugv_1,ugv,search_and_rescue_uav_ugv_team_033_exec_12,inprogress,77.9,63.6,57.98,0.0,null,null,null,null,null
search_and_rescue_uav_ugv_team_033,escort,2026-01-19T03:20:43.000Z,null,ugv_1,ugv,search_and_rescue_uav_ugv_team_033_exec_12,inprogress,76.5,50.2,45.98,0.0,null,null,null,null,null
search_and_rescue_uav_ugv_team_033,escort,2026-01-19T03:21:51.000Z,null,ugv_1,ugv,search_and_rescue_uav_ugv_team_033_exec_12,inprogress,75.1,36.8,33.99,0.0,null,null,null,null,null
search_and_rescue_uav_ugv_team_033,escort,2026-01-19T03:22:59.000Z,null,ugv_1,ugv,search_and_rescue_uav_ugv_team_033_exec_12,inprogress,73.7,23.4,21.99,0.0,null,null,null,null,null
search_and_rescue_uav_ugv_team_033,escort,2026-01-19T03:24:07.000Z,complete,ugv_1,ugv,search_and_rescue_uav_ugv_team_033_exec_12,done,72.3,10.0,10.0,0.0,null,null,null,null,null
search_and_rescue_uav_ugv_team_033,mission_close,2026-01-19T03:24:08.000Z,start,uav_1,uav,search_and_rescue_uav_ugv_team_033_exec_13,inprogress,62.4,60.77,53.5,25.8,null,null,null,null,null
search_and_rescue_uav_ugv_team_033,mission_close,2026-01-19T03:24:42.000Z,complete,uav_1,uav,search_and_rescue_uav_ugv_team_033_exec_13,done,62.0,60.77,53.5,25.8,null,null,null,null,null
search_and_rescue_uav_ugv_team_033,mission_close,2026-01-19T03:24:43.000Z,start,ugv_1,ugv,search_and_rescue_uav_ugv_team_033_exec_14,inprogress,72.3,10.0,10.0,0.0,null,null,null,null,null
search_and_rescue_uav_ugv_team_033,mission_close,2026-01-19T03:25:18.000Z,complete,ugv_1,ugv,search_and_rescue_uav_ugv_team_033_exec_14,done,71.9,10.0,10.0,0.0,null,null,null,null,null
search_and_rescue_uav_ugv_team_034,dispatch,2026-01-19T03:45:00.000Z,start,uav_1,uav,search_and_rescue_uav_ugv_team_034_exec_1,inprogress,74.8,0.0,0.0,0.0,null,null,null,null,null
search_and_rescue_uav_ugv_team_034,dispatch,2026-01-19T03:45:22.000Z,complete,uav_1,uav,search_and_rescue_uav_ugv_team_034_exec_1,done,74.5,0.0,0.0,0.0,null,null,null,null,null
search_and_rescue_uav_ugv_team_034,dispatch,2026-01-19T03:45:23.000Z,start,ugv_1,ugv,search_and_rescue_uav_ugv_team_034_exec_2,inprogress,91.2,0.0,0.0,0.0,null,null,null,null,null
search_and_rescue_uav_ugv_team_034,dispatch,2026-01-19T03:45:38.000Z,complete,ugv_1,ugv,search_and_rescue_uav_ugv_team_034_exec_2,done,90.9,0.0,0.0,0.0,null,null,null,null,null
search_and_rescue_uav_ugv_team_034,takeoff,2026-01-19T03:45:39.000Z,start,uav_1,uav,search_and_rescue_uav_ugv_team_034_exec_3,inprogress,74.5,0.0,0.0,0.0,null,null,null,null,null
search_and_rescue_uav_ugv_team_034,takeoff,2026-01-19T03:46:08.000Z,complete,uav_1,uav,search_and_rescue_uav_ugv_team_034_exec_3,done,73.5,0.0,0.0,5.0,null,null,null,null,null
search_and_rescue_uav_ugv_team_034,scan_sector,2026-01-19T03:46:09.000Z,start,uav_1,uav,search_and_rescue_uav_ugv_team_034_exec_4,inprogress,73.5,0.0,0.0,5.0,null,null,null,null,null
search_and_rescue_uav_ugv_team_034,scan_sector,2026-01-19T03:47:00.000Z,null,uav_1,uav,search_and_rescue_uav_ugv_team_034_exec_4,inprogress,72.5,8.68,2.19,8.53,null,null,null,null,null
search_and_rescue_uav_ugv_team_034,scan_sector,2026-01-19T03:47:51.000Z,null,uav_1,uav,search_and_rescue_uav_ugv_team_034_exec_4,inprogress,71.4,17.36,4.38,12.05,null,null,null,null,null
search_and_rescue_uav_ugv_team_034,scan_sector,2026-01-19T03:48:42.000Z,null,uav_1,uav,search_and_rescue_uav_ugv_team_034_exec_4,inprogress,70.3,26.04,6.57,15.58,null,null,null,null,null
search_and_rescue_uav_ugv_team_034,scan_sector,2026-01-19T03:49:33.000Z,null,uav_1,uav,search_and_rescue_uav_ugv_team_034_exec_4,inprogress,69.3,34.73,8.76,19.11,null,null,null,null,null
search_and_rescue_uav_ugv_team_034,scan_sector,2026-01-19T03:50:24.000Z,null,uav_1,uav,search_and_rescue_uav_ugv_team_034_exec_4,inprogress,68.2,43.41,10.95,22.63,null,null,null,null,null
search_and_rescue_uav_ugv_team_034,scan_sector,2026-01-19T03:51:15.000Z,null,uav_1,uav,search_and_rescue_uav_ugv_team_034_exec_4,inprogress,67.2,52.09,13.14,26.16,null,null,null,null,null
search_and_rescue_uav_ugv_team_034,scan_sector,2026-01-19T03:52:10.000Z,complete,uav_1,uav,search_and_rescue_uav_ugv_team_034_exec_4,done,66.1,60.77,15.33,29.69,null,null,null,null,null
search_and_rescue_uav_ugv_team_034,detect_victim,2026-01-19T03:52:11.000Z,start,uav_1,uav,search_and_rescue_uav_ugv_team_034_exec_5,inprogress,66.1,60.77,15.33,29.69,null,null,null,null,null
search_and_rescue_uav_ugv_team_034,detect_victim,2026-01-19T03:52:31.000Z,complete,uav_1,uav,search_and_rescue_uav_ugv_team_034_exec_5,done,65.9,60.77,15.33,29.69,null,null,null,null,null
search_and_rescue_uav_ugv_team_034,send_coordinates,2026-01-19T03:52:32.000Z,start,uav_1,uav,search_and_rescue_uav_ugv_team_034_exec_6,inprogress,65.9,60.77,15.33,29.69,msg_1523602de4,victim coordinates and severity,send,uav_1,ugv_1
search_and_rescue_uav_ugv_team_034,send_coordinates,2026-01-19T03:52:37.000Z,complete,uav_1,uav,search_and_rescue_uav_ugv_team_034_exec_6,done,65.7,60.77,15.33,29.69,msg_1523602de4,victim coordinates and severity,send,uav_1,ugv_1
search_and_rescue_uav_ugv_team_034,receive_coordinates,2026-01-19T03:52:43.000Z,start,ugv_1,ugv,search_and_rescue_uav_ugv_team_034_exec_7,inprogress,90.9,0.0,0.0,0.0,msg_1523602de4,victim coordinates and severity,receive,uav_1,ugv_1
search_and_rescue_uav_ugv_team_034,receive_coordinates,2026-01-19T03:52:47.000Z,complete,ugv_1,ugv,search_and_rescue_uav_ugv_team_034_exec_7,done,90.8,0.0,0.0,0.0,msg_1523602de4,victim coordinates and severity,receive,uav_1,ugv_1
search_and_rescue_uav_ugv_team_034,navigate_to_victim,2026-01-19T03:52:48.000Z,start,ugv_1,ugv,search_and_rescue_uav_ugv_team_034_exec_8,inprogress,90.8,0.0,0.0,0.0,null,null,null,null,null
search_and_rescue_uav_ugv_team_034,navigate_to_victim,2026-01-19T03:53:43.000Z,null,ugv_1,ugv,search_and_rescue_uav_ugv_team_034_exec_8,inprogress,89.4,12.66,3.13,0.0,null,null,null,null,null
search_and_rescue_uav_ugv_team_034,navigate_to_victim,2026-01-19T03:54:38.000Z,null,ugv_1,ugv,search_and_rescue_uav_ugv_team_034_exec_8,inprogress,87.9,25.32,6.25,0.0,null,null,null,null,null
search_and_rescue_uav_ugv_team_034,navigate_to_victim,2026-01-19T03:55:33.000Z,null,ugv_1,ugv,search_and_rescue_uav_ugv_team_034_exec_8,inprogress,86.5,37.98,9.38,0.0,null,null,null,null,null
search_and_rescue_uav_ugv_team_034,navigate_to_victim,2026-01-19T03:56:28.000Z,null,ugv_1,ugv,search_and_rescue_uav_ugv_team_034_exec_8,inprogress,85.0,50.64,12.5,0.0,null,null,null,null,null
search_and_rescue_uav_ugv_team_034,navigate_to_victim,2026-01-19T03:57:26.000Z,complete,ugv_1,ugv,search_and_rescue_uav_ugv_team_034_exec_8,done,83.6,63.3,15.63,0.0,null,null,null,null,null
search_and_rescue_uav_ugv_team_034,stabilize_area,2026-01-19T03:57:27.000Z,start,ugv_1,ugv,search_and_rescue_uav_ugv_team_034_exec_9,inprogress,83.6,63.3,15.63,0.0,null,null,null,null,null
search_and_rescue_uav_ugv_team_034,stabilize_area,2026-01-19T03:58:11.000Z,null,ugv_1,ugv,search_and_rescue_uav_ugv_team_034_exec_9,inprogress,82.7,63.3,15.63,0.0,null,null,null,null,null
search_and_rescue_uav_ugv_team_034,stabilize_area,2026-01-19T03:58:55.000Z,null,ugv_1,ugv,search_and_rescue_uav_ugv_team_034_exec_9,inprogress,81.8,63.3,15.63,0.0,null,null,null,null,null
search_and_rescue_uav_ugv_team_034,stabilize_area,2026-01-19T03:59:39.000Z,complete,ugv_1,ugv,search_and_rescue_uav_ugv_team_034_exec_9,done,81.0,63.3,15.63,0.0,null,null,null,null,null
search_and_rescue_uav_ugv_team_034,send_acknowledgment,2026-01-19T03:59:40.000Z,start,ugv_1,ugv,search_and_rescue_uav_ugv_team_034_exec_10,inprogress,81.0,63.3,15.63,0.0,msg_73d5ec39e5,area stabilized and escort starting,send,ugv_1,uav_1
search_and_rescue_uav_ugv_team_034,send_acknowledgment,2026-01-19T03:59:48.000Z,complete,ugv_1,ugv,search_and_rescue_uav_ugv_team_034_exec_10,done,80.8,63.3,15.63,0.0,msg_73d5ec39e5,area stabilized and escort starting,send,ugv_1,uav_1
search_and_rescue_uav_ugv_team_034,receive_acknowledgment,2026-01-19T03:59:53.000Z,start,uav_1,uav,search_and_rescue_uav_ugv_team_034_exec_11,inprogress,65.7,60.77,15.33,29.69,msg_73d5ec39e5,area stabilized and escort starting,receive,ugv_1,uav_1
search_and_rescue_uav_ugv_team_034,receive_acknowledgment,2026-01-19T03:59:57.000Z,complete,uav_1,uav,search_and_rescue_uav_ugv_team_034_exec_11,done,65.6,60.77,15.33,29.69,msg_73d5ec39e5,area stabilized and escort starting,receive,ugv_1,uav_1
search_and_rescue_uav_ugv_team_034,escort,2026-01-19T03:59:58.000Z,start,ugv_1,ugv,search_and_rescue_uav_ugv_team_034_exec_12,inprogress,80.8,63.3,15.63,0.0,null,null,null,null,null
search_and_rescue_uav_ugv_team_034,escort,2026-01-19T04:01:28.000Z,null,ugv_1,ugv,search_and_rescue_uav_ugv_team_034_exec_12,inprogress,79.2,45.53,13.75,0.0,null,null,null,null,null
search_and_rescue_uav_ugv_team_034,escort,2026-01-19T04:02:58.000Z,null,ugv_1,ugv,search_and_rescue_uav_ugv_team_034_exec_12,inprogress,77.7,27.77,11.88,0.0,null,null,null,null,null
search_and_rescue_uav_ugv_team_034,escort,2026-01-19T04:04:30.000Z,complete,ugv_1,ugv,search_and_rescue_uav_ugv_team_034_exec_12,done,76.2,10.0,10.0,0.0,null,null,null,null,null
search_and_rescue_uav_ugv_team_034,mission_close,2026-01-19T04:04:31.000Z,start,uav_1,uav,search_and_rescue_uav_ugv_team_034_exec_13,inprogress,65.6,60.77,15.33,29.69,null,null,null,null,null
search_and_rescue_uav_ugv_team_034,mission_close,2026-01-19T04:04:51.000Z,complete,uav_1,uav,search_and_rescue_uav_ugv_team_034_exec_13,done,65.2,60.77,15.33,29.69,null,null,null,null,null
search_and_rescue_uav_ugv_team_034,mission_close,2026-01-19T04:04:52.000Z,start,ugv_1,ugv,search_and_rescue_uav_ugv_team_034_exec_14,inprogress,76.2,10.0,10.0,0.0,null,null,null,null,null
search_and_rescue_uav_ugv_team_034,mission_close,2026-01-19T04:05:28.000Z,complete,ugv_1,ugv,search_and_rescue_uav_ugv_team_034_exec_14,done,75.7,10.0,10.0,0.0,null,null,null,null,null
search_and_rescue_uav_ugv_team_035,dispatch,2026-01-19T04:25:00.000Z,start,uav_1,uav,search_and_rescue_uav_ugv_team_035_exec_1,inprogress,74.4,0.0,0.0,0.0,null,null,null,null,null
search_and_rescue_uav_ugv_team_035,dispatch,2026-01-19T04:25:17.000Z,complete,uav_1,uav,search_and_rescue_uav_ugv_team_035_exec_1,done,74.2,0.0,0.0,0.0,null,null,null,null,null
search_and_rescue_uav_ugv_team_035,dispatch,2026-01-19T04:25:18.000Z,start,ugv_1,ugv,search_and_rescue_uav_ugv_team_035_exec_2,inprogress,82.9,0.0,0.0,0.0,null,null,null,null,null
search_and_rescue_uav_ugv_team_035,dispatch,2026-01-19T04:25:42.000Z,complete,ugv_1,ugv,search_and_rescue_uav_ugv_team_035_exec_2,done,82.6,0.0,0.0,0.0,null,null,null,null,null
search_and_rescue_uav_ugv_team_035,takeoff,2026-01-19T04:25:43.000Z,start,uav_1,uav,search_and_rescue_uav_ugv_team_035_exec_3,inprogress,74.2,0.0,0.0,0.0,null,null,null,null,null
search_and_rescue_uav_ugv_team_035,takeoff,2026-01-19T04:26:18.000Z,complete,uav_1,uav,search_and_rescue_uav_ugv_team_035_exec_3,done,73.7,0.0,0.0,5.0,null,null,null,null,null
search_and_rescue_uav_ugv_team_035,scan_sector,2026-01-19T04:26:19.000Z,start,uav_1,uav,search_and_rescue_uav_ugv_team_035_exec_4,inprogress,73.7,0.0,0.0,5.0,null,null,null,null,null
search_and_rescue_uav_ugv_team_035,scan_sector,2026-01-19T04:27:17.000Z,null,uav_1,uav,search_and_rescue_uav_ugv_team_035_exec_4,inprogress,72.5,7.57,9.13,8.82,null,null,null,null,null
search_and_rescue_uav_ugv_team_035,scan_sector,2026-01-19T04:28:15.000Z,null,uav_1,uav,search_and_rescue_uav_ugv_team_035_exec_4,inprogress,71.4,15.14,18.25,12.63,null,null,null,null,null
search_and_rescue_uav_ugv_team_035,scan_sector,2026-01-19T04:29:13.000Z,null,uav_1,uav,search_and_rescue_uav_ugv_team_035_exec_4,inprogress,70.2,22.71,27.38,16.45,null,null,null,null,null
search_and_rescue_uav_ugv_team_035,scan_sector,2026-01-19T04:30:11.000Z,null,uav_1,uav,search_and_rescue_uav_ugv_team_035_exec_4,inprogress,69.1,30.28,36.51,20.27,null,null,null,null,null
search_and_rescue_uav_ugv_team_035,scan_sector,2026-01-19T04:31:09.000Z,null,uav_1,uav,search_and_rescue_uav_ugv_team_035_exec_4,inprogress,67.9,37.84,45.63,24.09,null,null,null,null,null
search_and_rescue_uav_ugv_team_035,scan_sector,2026-01-19T04:32:07.000Z,null,uav_1,uav,search_and_rescue_uav_ugv_team_035_exec_4,inprogress,66.8,45.41,54.76,27.9,null,null,null,null,null
search_and_rescue_uav_ugv_team_035,scan_sector,2026-01-19T04:33:08.000Z,complete,uav_1,uav,search_and_rescue_uav_ugv_team_035_exec_4,done,65.6,52.98,63.89,31.72,null,null,null,null,null
search_and_rescue_uav_ugv_team_035,detect_victim,2026-01-19T04:33:09.000Z,start,uav_1,uav,search_and_rescue_uav_ugv_team_035_exec_5,inprogress,65.6,52.98,63.89,31.72,null,null,null,null,null
search_and_rescue_uav_ugv_team_035,detect_victim,2026-01-19T04:33:41.000Z,complete,uav_1,uav,search_and_rescue_uav_ugv_team_035_exec_5,done,65.1,52.98,63.89,31.72,null,null,null,null,null
search_and_rescue_uav_ugv_team_035,send_coordinates,2026-01-19T04:33:42.000Z,start,uav_1,uav,search_and_rescue_uav_ugv_team_035_exec_6,inprogress,65.1,52.98,63.89,31.72,msg_58af8835ed,victim coordinates and severity,send,uav_1,ugv_1
search_and_rescue_uav_ugv_team_035,send_coordinates,2026-01-19T04:33:50.000Z,complete,uav_1,uav,search_and_rescue_uav_ugv_team_035_exec_6,done,64.9,52.98,63.89,31.72,msg_58af8835ed,victim coordinates and severity,send,uav_1,ugv_1
search_and_rescue_uav_ugv_team_035,receive_coordinates,2026-01-19T04:33:56.000Z,start,ugv_1,ugv,search_and_rescue_uav_ugv_team_035_exec_7,inprogress,82.6,0.0,0.0,0.0,msg_58af8835ed,victim coordinates and severity,receive,uav_1,ugv_1
search_and_rescue_uav_ugv_team_035,receive_coordinates,2026-01-19T04:34:00.000Z,complete,ugv_1,ugv,search_and_rescue_uav_ugv_team_035_exec_7,done,82.5,0.0,0.0,0.0,msg_58af8835ed,victim coordinates and severity,receive,uav_1,ugv_1
search_and_rescue_uav_ugv_team_035,navigate_to_victim,2026-01-19T04:34:01.000Z,start,ugv_1,ugv,search_and_rescue_uav_ugv_team_035_exec_8,inprogress,82.5,0.0,0.0,0.0,null,null,null,null,null
search_and_rescue_uav_ugv_team_035,navigate_to_victim,2026-01-19T04:34:47.000Z,null,ugv_1,ugv,search_and_rescue_uav_ugv_team_035_exec_8,inprogress,81.6,7.73,8.62,0.0,null,null,null,null,null
search_and_rescue_uav_ugv_team_035,navigate_to_victim,2026-01-19T04:35:33.000Z,null,ugv_1,ugv,search_and_rescue_uav_ugv_team_035_exec_8,inprogress,80.6,15.45,17.24,0.0,null,null,null,null,null
search_and_rescue_uav_ugv_team_035,navigate_to_victim,2026-01-19T04:36:19.000Z,null,ugv_1,ugv,search_and_rescue_uav_ugv_team_035_exec_8,inprogress,79.7,23.18,25.87,0.0,null,null,null,null,null
search_and_rescue_uav_ugv_team_035,navigate_to_victim,2026-01-19T04:37:05.000Z,null,ugv_1,ugv,search_and_rescue_uav_ugv_team_035_exec_8,inprogress,78.8,30.91,34.49,0.0,null,null,null,null,null
search_and_rescue_uav_ugv_team_035,navigate_to_victim,2026-01-19T04:37:51.000Z,null,ugv_1,ugv,search_and_rescue_uav_ugv_team_035_exec_8,inprogress,77.8,38.63,43.11,0.0,null,null,null,null,null
search_and_rescue_uav_ugv_team_035,navigate_to_victim,2026-01-19T04:38:37.000Z,null,ugv_1,ugv,search_and_rescue_uav_ugv_team_035_exec_8,inprogress,76.9,46.36,51.73,0.0,null,null,null,null,null
search_and_rescue_uav_ugv_team_035,navigate_to_victim,2026-01-19T04:39:24.000Z,complete,ugv_1,ugv,search_and_rescue_uav_ugv_team_035_exec_8,done,75.9,54.09,60.36,0.0,null,null,null,null,null
search_and_rescue_uav_ugv_team_035,stabilize_area,2026-01-19T04:39:25.000Z,start,ugv_1,ugv,search_and_rescue_uav_ugv_team_035_exec_9,inprogress,75.9,54.09,60.36,0.0,null,null,null,null,null
search_and_rescue_uav_ugv_team_035,stabilize_area,2026-01-19T04:40:02.000Z,null,ugv_1,ugv,search_and_rescue_uav_ugv_team_035_exec_9,inprogress,75.3,54.09,60.36,0.0,null,null,null,null,null
search_and_rescue_uav_ugv_team_035,stabilize_area,2026-01-19T04:40:39.000Z,null,ugv_1,ugv,search_and_rescue_uav_ugv_team_035_exec_9,inprogress,74.7,54.09,60.36,0.0,null,null,null,null,null
search_and_rescue_uav_ugv_team_035,stabilize_area,2026-01-19T04:41:16.000Z,null,ugv_1,ugv,search_and_rescue_uav_ugv_team_035_exec_9,inprogress,74.1,54.09,60.36,0.0,null,null,null,null,null
search_and_rescue_uav_ugv_team_035,stabilize_area,2026-01-19T04:41:54.000Z,complete,ugv_1,ugv,search_and_rescue_uav_ugv_team_035_exec_9,done,73.5,54.09,60.36,0.0,null,null,null,null,null
search_and_rescue_uav_ugv_team_035,send_acknowledgment,2026-01-19T04:41:55.000Z,start,ugv_1,ugv,search_and_rescue_uav_ugv_team_035_exec_10,inprogress,73.5,54.09,60.36,0.0,msg_72020b641e,area stabilized and escort starting,send,ugv_1,uav_1
search_and_rescue_uav_ugv_team_035,send_acknowledgment,2026-01-19T04:42:02.000Z,complete,ugv_1,ugv,search_and_rescue_uav_ugv_team_035_exec_10,done,73.3,54.09,60.36,0.0,msg_72020b641e,area stabilized and escort starting,send,ugv_1,uav_1
search_and_rescue_uav_ugv_team_035,receive_acknowledgment,2026-01-19T04:42:07.000Z,start,uav_1,uav,search_and_rescue_uav_ugv_team_035_exec_11,inprogress,64.9,52.98,63.89,31.72,msg_72020b641e,area stabilized and escort starting,receive,ugv_1,uav_1
search_and_rescue_uav_ugv_team_035,receive_acknowledgment,2026-01-19T04:42:11.000Z,complete,uav_1,uav,search_and_rescue_uav_ugv_team_035_exec_11,done,64.8,52.98,63.89,31.72,msg_72020b641e,area stabilized and escort starting,receive,ugv_1,uav_1
search_and_rescue_uav_ugv_team_035,escort,2026-01-19T04:42:12.000Z,start,ugv_1,ugv,search_and_rescue_uav_ugv_team_035_exec_12,inprogress,73.3,54.09,60.36,0.0,null,null,null,null,null
search_and_rescue_uav_ugv_team_035,escort,2026-01-19T04:42:56.000Z,null,ugv_1,ugv,search_and_rescue_uav_ugv_team_035_exec_12,inprogress,72.3,46.74,51.96,0.0,null,null,null,null,null
search_and_rescue_uav_ugv_team_035,escort,2026-01-19T04:43:40.000Z,null,ugv_1,ugv,search_and_rescue_uav_ugv_team_035_exec_12,inprogress,71.4,39.39,43.57,0.0,null,null,null,null,null
search_and_rescue_uav_ugv_team_035,escort,2026-01-19T04:44:24.000Z,null,ugv_1,ugv,search_and_rescue_uav_ugv_team_035_exec_12,inprogress,70.4,32.04,35.18,0.0,null,null,null,null,null
search_and_rescue_uav_ugv_team_035,escort,2026-01-19T04:45:08.000Z,null,ugv_1,ugv,search_and_rescue_uav_ugv_team_035_exec_12,inprogress,69.5,24.7,26.79,0.0,null,null,null,null,null
search_and_rescue_uav_ugv_team_035,escort,2026-01-19T04:45:52.000Z,null,ugv_1,ugv,search_and_rescue_uav_ugv_team_035_exec_12,inprogress,68.5,17.35,18.39,0.0,null,null,null,null,null
search_and_rescue_uav_ugv_team_035,escort,2026-01-19T04:46:40.000Z,complete,ugv_1,ugv,search_and_rescue_uav_ugv_team_035_exec_12,done,67.6,10.0,10.0,0.0,null,null,null,null,null
search_and_rescue_uav_ugv_team_035,mission_close,2026-01-19T04:46:41.000Z,start,uav_1,uav,search_and_rescue_uav_ugv_team_035_exec_13,inprogress,64.8,52.98,63.89,31.72,null,null,null,null,null
search_and_rescue_uav_ugv_team_035,mission_close,2026-01-19T04:47:10.000Z,complete,uav_1,uav,search_and_rescue_uav_ugv_team_035_exec_13,done,64.5,52.98,63.89,31.72,null,null,null,null,null
search_and_rescue_uav_ugv_team_035,mission_close,2026-01-19T04:47:11.000Z,start,ugv_1,ugv,search_and_rescue_uav_ugv_team_035_exec_14,inprogress,67.6,10.0,10.0,0.0,null,null,null,null,null
search_and_rescue_uav_ugv_team_035,mission_close,2026-01-19T04:47:48.000Z,complete,ugv_1,ugv,search_and_rescue_uav_ugv_team_035_exec_14,done,67.3,10.0,10.0,0.0,null,null,null,null,null
search_and_rescue_uav_ugv_team_036,dispatch,2026-01-19T05:05:00.000Z,start,uav_1,uav,search_and_rescue_uav_ugv_team_036_exec_1,inprogress,92.3,0.0,0.0,0.0,null,null,null,null,null
search_and_rescue_uav_ugv_team_036,dispatch,2026-01-19T05:05:16.000Z,complete,uav_1,uav,search_and_rescue_uav_ugv_team_036_exec_1,done,92.1,0.0,0.0,0.0,null,null,null,null,null
search_and_rescue_uav_ugv_team_036,dispatch,2026-01-19T05:05:17.000Z,start,ugv_1,ugv,search_and_rescue_uav_ugv_team_036_exec_2,inprogress,93.5,0.0,0.0,0.0,null,null,null,null,null
search_and_rescue_uav_ugv_team_036,dispatch,2026-01-19T05:05:38.000Z,complete,ugv_1,ugv,search_and_rescue_uav_ugv_team_036_exec_2,done,93.4,0.0,0.0,0.0,null,null,null,null,null
search_and_rescue_uav_ugv_team_036,takeoff,2026-01-19T05:05:39.000Z,start,uav_1,uav,search_and_rescue_uav_ugv_team_036_exec_3,inprogress,92.1,0.0,0.0,0.0,null,null,null,null,null
search_and_rescue_uav_ugv_team_036,takeoff,2026-01-19T05:06:10.000Z,complete,uav_1,uav,search_and_rescue_uav_ugv_team_036_exec_3,done,91.4,0.0,0.0,5.0,null,null,null,null,null
search_and_rescue_uav_ugv_team_036,scan_sector,2026-01-19T05:06:11.000Z,start,uav_1,uav,search_and_rescue_uav_ugv_team_036_exec_4,inprogress,91.4,0.0,0.0,5.0,null,null,null,null,null
search_and_rescue_uav_ugv_team_036,scan_sector,2026-01-19T05:06:46.000Z,null,uav_1,uav,search_and_rescue_uav_ugv_team_036_exec_4,inprogress,90.3,7.26,7.55,7.18,null,null,null,null,null
search_and_rescue_uav_ugv_team_036,scan_sector,2026-01-19T05:07:21.000Z,null,uav_1,uav,search_and_rescue_uav_ugv_team_036_exec_4,inprogress,89.3,14.53,15.1,9.35,null,null,null,null,null
search_and_rescue_uav_ugv_team_036,scan_sector,2026-01-19T05:07:56.000Z,null,uav_1,uav,search_and_rescue_uav_ugv_team_036_exec_4,inprogress,88.3,21.79,22.65,11.53,null,null,null,null,null
search_and_rescue_uav_ugv_team_036,scan_sector,2026-01-19T05:08:31.000Z,null,uav_1,uav,search_and_rescue_uav_ugv_team_036_exec_4,inprogress,87.2,29.06,30.2,13.71,null,null,null,null,null
search_and_rescue_uav_ugv_team_036,scan_sector,2026-01-19T05:09:06.000Z,null,uav_1,uav,search_and_rescue_uav_ugv_team_036_exec_4,inprogress,86.2,36.32,37.75,15.89,null,null,null,null,null
search_and_rescue_uav_ugv_team_036,scan_sector,2026-01-19T05:09:41.000Z,null,uav_1,uav,search_and_rescue_uav_ugv_team_036_exec_4,inprogress,85.2,43.59,45.3,18.06,null,null,null,null,null
search_and_rescue_uav_ugv_team_036,scan_sector,2026-01-19T05:10:18.000Z,complete,uav_1,uav,search_and_rescue_uav_ugv_team_036_exec_4,done,84.2,50.85,52.85,20.24,null,null,null,null,null
search_and_rescue_uav_ugv_team_036,detect_victim,2026-01-19T05:10:19.000Z,start,uav_1,uav,search_and_rescue_uav_ugv_team_036_exec_5,inprogress,84.2,50.85,52.85,20.24,null,null,null,null,null
search_and_rescue_uav_ugv_team_036,detect_victim,2026-01-19T05:10:43.000Z,complete,uav_1,uav,search_and_rescue_uav_ugv_team_036_exec_5,done,83.7,50.85,52.85,20.24,null,null,null,null,null
search_and_rescue_uav_ugv_team_036,send_coordinates,2026-01-19T05:10:44.000Z,start,uav_1,uav,search_and_rescue_uav_ugv_team_036_exec_6,inprogress,83.7,50.85,52.85,20.24,msg_a9e58e73da,victim coordinates and severity,send,uav_1,ugv_1
search_and_rescue_uav_ugv_team_036,send_coordinates,2026-01-19T05:10:52.000Z,complete,uav_1,uav,search_and_rescue_uav_ugv_team_036_exec_6,done,83.5,50.85,52.85,20.24,msg_a9e58e73da,victim coordinates and severity,send,uav_1,ugv_1
search_and_rescue_uav_ugv_team_036,receive_coordinates,2026-01-19T05:12:00.000Z,start,ugv_1,ugv,search_and_rescue_uav_ugv_team_036_exec_7,inprogress,93.4,0.0,0.0,0.0,msg_a9e58e73da,victim coordinates and severity,receive,uav_1,ugv_1
search_and_rescue_uav_ugv_team_036,receive_coordinates,2026-01-19T05:12:04.000Z,complete,ugv_1,ugv,search_and_rescue_uav_ugv_team_036_exec_7,done,93.3,0.0,0.0,0.0,msg_a9e58e73da,victim coordinates and severity,receive,uav_1,ugv_1
search_and_rescue_uav_ugv_team_036,navigate_to_victim,2026-01-19T05:12:05.000Z,start,ugv_1,ugv,search_and_rescue_uav_ugv_team_036_exec_8,inprogress,93.3,0.0,0.0,0.0,null,null,null,null,null
search_and_rescue_uav_ugv_team_036,navigate_to_victim,2026-01-19T05:12:51.000Z,null,ugv_1,ugv,search_and_rescue_uav_ugv_team_036_exec_8,inprogress,92.7,7.1,12.42,0.0,null,null,null,null,null
search_and_rescue_uav_ugv_team_036,navigate_to_victim,2026-01-19T05:13:37.000Z,null,ugv_1,ugv,search_and_rescue_uav_ugv_team_036_exec_8,inprogress,92.1,14.2,24.84,0.0,null,null,null,null,null
search_and_rescue_uav_ugv_team_036,navigate_to_victim,2026-01-19T05:14:23.000Z,null,ugv_1,ugv,search_and_rescue_uav_ugv_team_036_exec_8,inprogress,91.5,21.3,37.27,0.0,null,null,null,null,null
search_and_rescue_uav_ugv_team_036,navigate_to_victim,2026-01-19T05:15:09.000Z,null,ugv_1,ugv,search_and_rescue_uav_ugv_team_036_exec_8,inprogress,90.8,28.4,49.69,0.0,null,null,null,null,null
search_and_rescue_uav_ugv_team_036,navigate_to_victim,2026-01-19T05:15:58.000Z,complete,ugv_1,ugv,search_and_rescue_uav_ugv_team_036_exec_8,done,90.2,35.5,62.11,0.0,null,null,null,null,null
search_and_rescue_uav_ugv_team_036,reroute,2026-01-19T05:15:59.000Z,start,ugv_1,ugv,search_and_rescue_uav_ugv_team_036_exec_9,inprogress,90.2,35.5,62.11,0.0,null,null,null,null,null
search_and_rescue_uav_ugv_team_036,reroute,2026-01-19T05:16:50.000Z,complete,ugv_1,ugv,search_and_rescue_uav_ugv_team_036_exec_9,done,89.5,35.5,62.11,0.0,null,null,null,null,null
search_and_rescue_uav_ugv_team_036,navigate_to_victim,2026-01-19T05:16:51.000Z,start,ugv_1,ugv,search_and_rescue_uav_ugv_team_036_exec_10,inprogress,89.5,35.5,62.11,0.0,null,null,null,null,null
search_and_rescue_uav_ugv_team_036,navigate_to_victim,2026-01-19T05:18:04.000Z,null,ugv_1,ugv,search_and_rescue_uav_ugv_team_036_exec_10,inprogress,88.4,37.82,60.77,0.0,null,null,null,null,null
search_and_rescue_uav_ugv_team_036,navigate_to_victim,2026-01-19T05:19:17.000Z,null,ugv_1,ugv,search_and_rescue_uav_ugv_team_036_exec_10,inprogress,87.3,40.14,59.43,0.0,null,null,null,null,null
search_and_rescue_uav_ugv_team_036,navigate_to_victim,2026-01-19T05:20:30.000Z,null,ugv_1,ugv,search_and_rescue_uav_ugv_team_036_exec_10,inprogress,86.2,42.46,58.09,0.0,null,null,null,null,null
search_and_rescue_uav_ugv_team_036,navigate_to_victim,2026-01-19T05:21:43.000Z,null,ugv_1,ugv,search_and_rescue_uav_ugv_team_036_exec_10,inprogress,85.1,44.77,56.76,0.0,null,null,null,null,null
search_and_rescue_uav_ugv_team_036,navigate_to_victim,2026-01-19T05:22:59.000Z,complete,ugv_1,ugv,search_and_rescue_uav_ugv_team_036_exec_10,done,84.1,47.09,55.42,0.0,null,null,null,null,null
search_and_rescue_uav_ugv_team_036,stabilize_area,2026-01-19T05:23:00.000Z,start,ugv_1,ugv,search_and_rescue_uav_ugv_team_036_exec_11,inprogress,84.1,47.09,55.42,0.0,null,null,null,null,null
search_and_rescue_uav_ugv_team_036,stabilize_area,2026-01-19T05:23:29.000Z,null,ugv_1,ugv,search_and_rescue_uav_ugv_team_036_exec_11,inprogress,83.4,47.09,55.42,0.0,null,null,null,null,null
search_and_rescue_uav_ugv_team_036,stabilize_area,2026-01-19T05:23:58.000Z,null,ugv_1,ugv,search_and_rescue_uav_ugv_team_036_exec_11,inprogress,82.8,47.09,55.42,0.0,null,null,null,null,null
search_and_rescue_uav_ugv_team_036,stabilize_area,2026-01-19T05:24:27.000Z,null,ugv_1,ugv,search_and_rescue_uav_ugv_team_036_exec_11,inprogress,82.2,47.09,55.42,0.0,null,null,null,null,null
search_and_rescue_uav_ugv_team_036,stabilize_area,2026-01-19T05:24:56.000Z,complete,ugv_1,ugv,search_and_rescue_uav_ugv_team_036_exec_11,done,81.6,47.09,55.42,0.0,null,null,null,null,null
search_and_rescue_uav_ugv_team_036,send_acknowledgment,2026-01-19T05:24:57.000Z,start,ugv_1,ugv,search_and_rescue_uav_ugv_team_036_exec_12,inprogress,81.6,47.09,55.42,0.0,msg_54629a1eed,area stabilized and escort starting,send,ugv_1,uav_1
search_and_rescue_uav_ugv_team_036,send_acknowledgment,2026-01-19T05:25:05.000Z,complete,ugv_1,ugv,search_and_rescue_uav_ugv_team_036_exec_12,done,81.4,47.09,55.42,0.0,msg_54629a1eed,area stabilized and escort starting,send,ugv_1,uav_1
search_and_rescue_uav_ugv_team_036,receive_acknowledgment,2026-01-19T05:26:33.000Z,start,uav_1,uav,search_and_rescue_uav_ugv_team_036_exec_13,inprogress,83.5,50.85,52.85,20.24,msg_54629a1eed,area stabilized and escort starting,receive,ugv_1,uav_1
search_and_rescue_uav_ugv_team_036,receive_acknowledgment,2026-01-19T05:26:37.000Z,complete,uav_1,uav,search_and_rescue_uav_ugv_team_036_exec_13,done,83.4,50.85,52.85,20.24,msg_54629a1eed,area stabilized and escort starting,receive,ugv_1,uav_1
search_and_rescue_uav_ugv_team_036,escort,2026-01-19T05:26:38.000Z,start,ugv_1,ugv,search_and_rescue_uav_ugv_team_036_exec_14,inprogress,81.4,47.09,55.42,0.0,null,null,null,null,null
search_and_rescue_uav_ugv_team_036,escort,2026-01-19T05:27:13.000Z,null,ugv_1,ugv,search_and_rescue_uav_ugv_team_036_exec_14,inprogress,80.6,40.91,47.85,0.0,null,null,null,null,null
search_and_rescue_uav_ugv_team_036,escort,2026-01-19T05:27:48.000Z,null,ugv_1,ugv,search_and_rescue_uav_ugv_team_036_exec_14,inprogress,79.8,34.73,40.28,0.0,null,null,null,null,null
search_and_rescue_uav_ugv_team_036,escort,2026-01-19T05:28:23.000Z,null,ugv_1,ugv,search_and_rescue_uav_ugv_team_036_exec_14,inprogress,79.0,28.55,32.71,0.0,null,null,null,null,null
search_and_rescue_uav_ugv_team_036,escort,2026-01-19T05:28:58.000Z,null,ugv_1,ugv,search_and_rescue_uav_ugv_team_036_exec_14,inprogress,78.2,22.36,25.14,0.0,null,null,null,null,null
search_and_rescue_uav_ugv_team_036,escort,2026-01-19T05:29:33.000Z,null,ugv_1,ugv,search_and_rescue_uav_ugv_team_036_exec_14,inprogress,77.4,16.18,17.57,0.0,null,null,null,null,null
search_and_rescue_uav_ugv_team_036,escort,2026-01-19T05:30:13.000Z,complete,ugv_1,ugv,search_and_rescue_uav_ugv_team_036_exec_14,done,76.6,10.0,10.0,0.0,null,null,null,null,null
search_and_rescue_uav_ugv_team_036,mission_close,2026-01-19T05:30:14.000Z,start,uav_1,uav,search_and_rescue_uav_ugv_team_036_exec_15,inprogress,83.4,50.85,52.85,20.24,null,null,null,null,null
search_and_rescue_uav_ugv_team_036,mission_close,2026-01-19T05:30:41.000Z,complete,uav_1,uav,search_and_rescue_uav_ugv_team_036_exec_15,done,83.1,50.85,52.85,20.24,null,null,null,null,null
search_and_rescue_uav_ugv_team_036,mission_close,2026-01-19T05:30:42.000Z,start,ugv_1,ugv,search_and_rescue_uav_ugv_team_036_exec_16,inprogress,76.6,10.0,10.0,0.0,null,null,null,null,null
search_and_rescue_uav_ugv_team_036,mission_close,2026-01-19T05:31:18.000Z,complete,ugv_1,ugv,search_and_rescue_uav_ugv_team_036_exec_16,done,76.2,10.0,10.0,0.0,null,null,null,null,null
search_and_rescue_uav_ugv_team_037,dispatch,2026-01-19T05:45:00.000Z,start,uav_1,uav,search_and_rescue_uav_ugv_team_037_exec_1,inprogress,95.0,0.0,0.0,0.0,null,null,null,null,null
search_and_rescue_uav_ugv_team_037,dispatch,2026-01-19T05:45:15.000Z,complete,uav_1,uav,search_and_rescue_uav_ugv_team_037_exec_1,done,94.9,0.0,0.0,0.0,null,null,null,null,null
search_and_rescue_uav_ugv_team_037,dispatch,2026-01-19T05:45:16.000Z,start,ugv_1,ugv,search_and_rescue_uav_ugv_team_037_exec_2,inprogress,84.0,0.0,0.0,0.0,null,null,null,null,null
search_and_rescue_uav_ugv_team_037,dispatch,2026-01-19T05:45:41.000Z,complete,ugv_1,ugv,search_and_rescue_uav_ugv_team_037_exec_2,done,83.8,0.0,0.0,0.0,null,null,null,null,null
search_and_rescue_uav_ugv_team_037,takeoff,2026-01-19T05:45:42.000Z,start,uav_1,uav,search_and_rescue_uav_ugv_team_037_exec_3,inprogress,94.9,0.0,0.0,0.0,null,null,null,null,null
search_and_rescue_uav_ugv_team_037,takeoff,2026-01-19T05:45:59.000Z,complete,uav_1,uav,search_and_rescue_uav_ugv_team_037_exec_3,done,94.5,0.0,0.0,5.0,null,null,null,null,null
search_and_rescue_uav_ugv_team_037,scan_sector,2026-01-19T05:46:00.000Z,start,uav_1,uav,search_and_rescue_uav_ugv_team_037_exec_4,inprogress,94.5,0.0,0.0,5.0,null,null,null,null,null
search_and_rescue_uav_ugv_team_037,scan_sector,2026-01-19T05:46:37.000Z,null,uav_1,uav,search_and_rescue_uav_ugv_team_037_exec_4,inprogress,93.1,6.71,3.07,7.29,null,null,null,null,null
search_and_rescue_uav_ugv_team_037,scan_sector,2026-01-19T05:47:14.000Z,null,uav_1,uav,search_and_rescue_uav_ugv_team_037_exec_4,inprogress,91.8,13.43,6.14,9.57,null,null,null,null,null
search_and_rescue_uav_ugv_team_037,scan_sector,2026-01-19T05:47:51.000Z,null,uav_1,uav,search_and_rescue_uav_ugv_team_037_exec_4,inprogress,90.4,20.14,9.22,11.86,null,null,null,null,null
search_and_rescue_uav_ugv_team_037,scan_sector,2026-01-19T05:48:28.000Z,null,uav_1,uav,search_and_rescue_uav_ugv_team_037_exec_4,inprogress,89.1,26.85,12.29,14.15,null,null,null,null,null
search_and_rescue_uav_ugv_team_037,scan_sector,2026-01-19T05:49:05.000Z,null,uav_1,uav,search_and_rescue_uav_ugv_team_037_exec_4,inprogress,87.8,33.57,15.36,16.43,null,null,null,null,null
search_and_rescue_uav_ugv_team_037,scan_sector,2026-01-19T05:49:42.000Z,null,uav_1,uav,search_and_rescue_uav_ugv_team_037_exec_4,inprogress,86.4,40.28,18.43,18.72,null,null,null,null,null
search_and_rescue_uav_ugv_team_037,scan_sector,2026-01-19T05:50:19.000Z,complete,uav_1,uav,search_and_rescue_uav_ugv_team_037_exec_4,done,85.1,47.0,21.5,21.01,null,null,null,null,null
search_and_rescue_uav_ugv_team_037,detect_victim,2026-01-19T05:50:20.000Z,start,uav_1,uav,search_and_rescue_uav_ugv_team_037_exec_5,inprogress,85.1,47.0,21.5,21.01,null,null,null,null,null
search_and_rescue_uav_ugv_team_037,detect_victim,2026-01-19T05:50:47.000Z,complete,uav_1,uav,search_and_rescue_uav_ugv_team_037_exec_5,done,84.6,47.0,21.5,21.01,null,null,null,null,null
search_and_rescue_uav_ugv_team_037,send_coordinates,2026-01-19T05:50:48.000Z,start,uav_1,uav,search_and_rescue_uav_ugv_team_037_exec_6,inprogress,84.6,47.0,21.5,21.01,msg_c58194b893,victim coordinates and severity,send,uav_1,ugv_1
search_and_rescue_uav_ugv_team_037,send_coordinates,2026-01-19T05:50:55.000Z,complete,uav_1,uav,search_and_rescue_uav_ugv_team_037_exec_6,done,84.4,47.0,21.5,21.01,msg_c58194b893,victim coordinates and severity,send,uav_1,ugv_1
search_and_rescue_uav_ugv_team_037,receive_coordinates,2026-01-19T05:51:01.000Z,start,ugv_1,ugv,search_and_rescue_uav_ugv_team_037_exec_7,inprogress,83.8,0.0,0.0,0.0,msg_c58194b893,victim coordinates and severity,receive,uav_1,ugv_1
search_and_rescue_uav_ugv_team_037,receive_coordinates,2026-01-19T05:51:05.000Z,complete,ugv_1,ugv,search_and_rescue_uav_ugv_team_037_exec_7,done,83.7,0.0,0.0,0.0,msg_c58194b893,victim coordinates and severity,receive,uav_1,ugv_1
search_and_rescue_uav_ugv_team_037,navigate_to_victim,2026-01-19T05:51:06.000Z,start,ugv_1,ugv,search_and_rescue_uav_ugv_team_037_exec_8,inprogress,83.7,0.0,0.0,0.0,null,null,null,null,null
search_and_rescue_uav_ugv_team_037,navigate_to_victim,2026-01-19T05:51:55.000Z,null,ugv_1,ugv,search_and_rescue_uav_ugv_team_037_exec_8,inprogress,82.6,7.42,3.34,0.0,null,null,null,null,null
search_and_rescue_uav_ugv_team_037,navigate_to_victim,2026-01-19T05:52:44.000Z,null,ugv_1,ugv,search_and_rescue_uav_ugv_team_037_exec_8,inprogress,81.6,14.85,6.68,0.0,null,null,null,null,null
search_and_rescue_uav_ugv_team_037,navigate_to_victim,2026-01-19T05:53:33.000Z,null,ugv_1,ugv,search_and_rescue_uav_ugv_team_037_exec_8,inprogress,80.5,22.27,10.03,0.0,null,null,null,null,null
search_and_rescue_uav_ugv_team_037,navigate_to_victim,2026-01-19T05:54:22.000Z,null,ugv_1,ugv,search_and_rescue_uav_ugv_team_037_exec_8,inprogress,79.5,29.69,13.37,0.0,null,null,null,null,null
search_and_rescue_uav_ugv_team_037,navigate_to_victim,2026-01-19T05:55:11.000Z,null,ugv_1,ugv,search_and_rescue_uav_ugv_team_037_exec_8,inprogress,78.5,37.11,16.71,0.0,null,null,null,null,null
search_and_rescue_uav_ugv_team_037,navigate_to_victim,2026-01-19T05:56:00.000Z,null,ugv_1,ugv,search_and_rescue_uav_ugv_team_037_exec_8,inprogress,77.4,44.54,20.05,0.0,null,null,null,null,null
search_and_rescue_uav_ugv_team_037,navigate_to_victim,2026-01-19T05:56:51.000Z,complete,ugv_1,ugv,search_and_rescue_uav_ugv_team_037_exec_8,done,76.4,51.96,23.39,0.0,null,null,null,null,null
search_and_rescue_uav_ugv_team_037,stabilize_area,2026-01-19T05:56:52.000Z,start,ugv_1,ugv,search_and_rescue_uav_ugv_team_037_exec_9,inprogress,76.4,51.96,23.39,0.0,null,null,null,null,null
search_and_rescue_uav_ugv_team_037,stabilize_area,2026-01-19T05:57:16.000Z,null,ugv_1,ugv,search_and_rescue_uav_ugv_team_037_exec_9,inprogress,76.0,51.96,23.39,0.0,null,null,null,null,null
search_and_rescue_uav_ugv_team_037,stabilize_area,2026-01-19T05:57:40.000Z,null,ugv_1,ugv,search_and_rescue_uav_ugv_team_037_exec_9,inprogress,75.7,51.96,23.39,0.0,null,null,null,null,null
search_and_rescue_uav_ugv_team_037,stabilize_area,2026-01-19T05:58:04.000Z,null,ugv_1,ugv,search_and_rescue_uav_ugv_team_037_exec_9,inprogress,75.3,51.96,23.39,0.0,null,null,null,null,null
search_and_rescue_uav_ugv_team_037,stabilize_area,2026-01-19T05:58:30.000Z,complete,ugv_1,ugv,search_and_rescue_uav_ugv_team_037_exec_9,done,75.0,51.96,23.39,0.0,null,null,null,null,null
search_and_rescue_uav_ugv_team_037,send_acknowledgment,2026-01-19T05:58:31.000Z,start,ugv_1,ugv,search_and_rescue_uav_ugv_team_037_exec_10,inprogress,75.0,51.96,23.39,0.0,msg_a4033af07c,area stabilized and escort starting,send,ugv_1,uav_1
search_and_rescue_uav_ugv_team_037,send_acknowledgment,2026-01-19T05:58:38.000Z,complete,ugv_1,ugv,search_and_rescue_uav_ugv_team_037_exec_10,done,74.8,51.96,23.39,0.0,msg_a4033af07c,area stabilized and escort starting,send,ugv_1,uav_1
search_and_rescue_uav_ugv_team_037,receive_acknowledgment,2026-01-19T05:58:43.000Z,start,uav_1,uav,search_and_rescue_uav_ugv_team_037_exec_11,inprogress,84.4,47.0,21.5,21.01,msg_a4033af07c,area stabilized and escort starting,receive,ugv_1,uav_1
search_and_rescue_uav_ugv_team_037,receive_acknowledgment,2026-01-19T05:58:47.000Z,complete,uav_1,uav,search_and_rescue_uav_ugv_team_037_exec_11,done,84.3,47.0,21.5,21.01,msg_a4033af07c,area stabilized and escort starting,receive,ugv_1,uav_1
search_and_rescue_uav_ugv_team_037,escort,2026-01-19T05:58:48.000Z,start,ugv_1,ugv,search_and_rescue_uav_ugv_team_037_exec_12,inprogress,74.8,51.96,23.39,0.0,null,null,null,null,null
search_and_rescue_uav_ugv_team_037,escort,2026-01-19T05:59:59.000Z,null,ugv_1,ugv,search_and_rescue_uav_ugv_team_037_exec_12,inprogress,73.0,37.97,18.93,0.0,null,null,null,null,null
search_and_rescue_uav_ugv_team_037,escort,2026-01-19T06:01:10.000Z,null,ugv_1,ugv,search_and_rescue_uav_ugv_team_037_exec_12,inprogress,71.1,23.99,14.46,0.0,null,null,null,null,null
search_and_rescue_uav_ugv_team_037,escort,2026-01-19T06:02:21.000Z,complete,ugv_1,ugv,search_and_rescue_uav_ugv_team_037_exec_12,done,69.3,10.0,10.0,0.0,null,null,null,null,null
search_and_rescue_uav_ugv_team_037,mission_close,2026-01-19T06:02:22.000Z,start,uav_1,uav,search_and_rescue_uav_ugv_team_037_exec_13,inprogress,84.3,47.0,21.5,21.01,null,null,null,null,null
search_and_rescue_uav_ugv_team_037,mission_close,2026-01-19T06:02:56.000Z,complete,uav_1,uav,search_and_rescue_uav_ugv_team_037_exec_13,done,84.0,47.0,21.5,21.01,null,null,null,null,null
search_and_rescue_uav_ugv_team_037,mission_close,2026-01-19T06:02:57.000Z,start,ugv_1,ugv,search_and_rescue_uav_ugv_team_037_exec_14,inprogress,69.3,10.0,10.0,0.0,null,null,null,null,null
search_and_rescue_uav_ugv_team_037,mission_close,2026-01-19T06:03:22.000Z,complete,ugv_1,ugv,search_and_rescue_uav_ugv_team_037_exec_14,done,68.9,10.0,10.0,0.0,null,null,null,null,null
search_and_rescue_uav_ugv_team_038,dispatch,2026-01-19T06:25:00.000Z,start,uav_1,uav,search_and_rescue_uav_ugv_team_038_exec_1,inprogress,82.3,0.0,0.0,0.0,null,null,null,null,null
search_and_rescue_uav_ugv_team_038,dispatch,2026-01-19T06:25:25.000Z,complete,uav_1,uav,search_and_rescue_uav_ugv_team_038_exec_1,done,82.2,0.0,0.0,0.0,null,null,null,null,null
search_and_rescue_uav_ugv_team_038,dispatch,2026-01-19T06:25:26.000Z,start,ugv_1,ugv,search_and_rescue_uav_ugv_team_038_exec_2,inprogress,98.8,0.0,0.0,0.0,null,null,null,null,null
search_and_rescue_uav_ugv_team_038,dispatch,2026-01-19T06:25:49.000Z,complete,ugv_1,ugv,search_and_rescue_uav_ugv_team_038_exec_2,done,98.6,0.0,0.0,0.0,null,null,null,null,null
search_and_rescue_uav_ugv_team_038,takeoff,2026-01-19T06:25:50.000Z,start,uav_1,uav,search_and_rescue_uav_ugv_team_038_exec_3,inprogress,82.2,0.0,0.0,0.0,null,null,null,null,null
search_and_rescue_uav_ugv_team_038,takeoff,2026-01-19T06:26:06.000Z,complete,uav_1,uav,search_and_rescue_uav_ugv_team_038_exec_3,done,81.5,0.0,0.0,5.0,null,null,null,null,null
search_and_rescue_uav_ugv_team_038,scan_sector,2026-01-19T06:26:07.000Z,start,uav_1,uav,search_and_rescue_uav_ugv_team_038_exec_4,inprogress,81.5,0.0,0.0,5.0,null,null,null,null,null
search_and_rescue_uav_ugv_team_038,scan_sector,2026-01-19T06:26:46.000Z,null,uav_1,uav,search_and_rescue_uav_ugv_team_038_exec_4,inprogress,80.7,4.34,3.78,7.28,null,null,null,null,null
search_and_rescue_uav_ugv_team_038,scan_sector,2026-01-19T06:27:25.000Z,null,uav_1,uav,search_and_rescue_uav_ugv_team_038_exec_4,inprogress,80.0,8.68,7.56,9.56,null,null,null,null,null
search_and_rescue_uav_ugv_team_038,scan_sector,2026-01-19T06:28:04.000Z,null,uav_1,uav,search_and_rescue_uav_ugv_team_038_exec_4,inprogress,79.2,13.02,11.34,11.84,null,null,null,null,null
search_and_rescue_uav_ugv_team_038,scan_sector,2026-01-19T06:28:43.000Z,null,uav_1,uav,search_and_rescue_uav_ugv_team_038_exec_4,inprogress,78.4,17.35,15.12,14.12,null,null,null,null,null
search_and_rescue_uav_ugv_team_038,scan_sector,2026-01-19T06:29:22.000Z,null,uav_1,uav,search_and_rescue_uav_ugv_team_038_exec_4,inprogress,77.7,21.69,18.9,16.4,null,null,null,null,null
search_and_rescue_uav_ugv_team_038,scan_sector,2026-01-19T06:30:01.000Z,null,uav_1,uav,search_and_rescue_uav_ugv_team_038_exec_4,inprogress,76.9,26.03,22.68,18.68,null,null,null,null,null
search_and_rescue_uav_ugv_team_038,scan_sector,2026-01-19T06:30:40.000Z,null,uav_1,uav,search_and_rescue_uav_ugv_team_038_exec_4,inprogress,76.1,30.37,26.47,20.96,null,null,null,null,null
search_and_rescue_uav_ugv_team_038,scan_sector,2026-01-19T06:31:22.000Z,complete,uav_1,uav,search_and_rescue_uav_ugv_team_038_exec_4,done,75.4,34.71,30.25,23.24,null,null,null,null,null
search_and_rescue_uav_ugv_team_038,detect_victim,2026-01-19T06:31:23.000Z,start,uav_1,uav,search_and_rescue_uav_ugv_team_038_exec_5,inprogress,75.4,34.71,30.25,23.24,null,null,null,null,null
search_and_rescue_uav_ugv_team_038,detect_victim,2026-01-19T06:31:42.000Z,complete,uav_1,uav,search_and_rescue_uav_ugv_team_038_exec_5,done,75.1,34.71,30.25,23.24,null,null,null,null,null
search_and_rescue_uav_ugv_team_038,send_coordinates,2026-01-19T06:31:43.000Z,start,uav_1,uav,search_and_rescue_uav_ugv_team_038_exec_6,inprogress,75.1,34.71,30.25,23.24,msg_e87e468d52,victim coordinates and severity,send,uav_1,ugv_1
search_and_rescue_uav_ugv_team_038,send_coordinates,2026-01-19T06:31:48.000Z,complete,uav_1,uav,search_and_rescue_uav_ugv_team_038_exec_6,done,74.9,34.71,30.25,23.24,msg_e87e468d52,victim coordinates and severity,send,uav_1,ugv_1
search_and_rescue_uav_ugv_team_038,receive_coordinates,2026-01-19T06:32:45.000Z,start,ugv_1,ugv,search_and_rescue_uav_ugv_team_038_exec_7,inprogress,98.6,0.0,0.0,0.0,msg_e87e468d52,victim coordinates and severity,receive,uav_1,ugv_1
search_and_rescue_uav_ugv_team_038,receive_coordinates,2026-01-19T06:32:49.000Z,complete,ugv_1,ugv,search_and_rescue_uav_ugv_team_038_exec_7,done,98.5,0.0,0.0,0.0,msg_e87e468d52,victim coordinates and severity,receive,uav_1,ugv_1
search_and_rescue_uav_ugv_team_038,navigate_to_victim,2026-01-19T06:32:50.000Z,start,ugv_1,ugv,search_and_rescue_uav_ugv_team_038_exec_8,inprogress,98.5,0.0,0.0,0.0,null,null,null,null,null
search_and_rescue_uav_ugv_team_038,navigate_to_victim,2026-01-19T06:33:31.000Z,null,ugv_1,ugv,search_and_rescue_uav_ugv_team_038_exec_8,inprogress,97.8,6.32,5.02,0.0,null,null,null,null,null
search_and_rescue_uav_ugv_team_038,navigate_to_victim,2026-01-19T06:34:12.000Z,null,ugv_1,ugv,search_and_rescue_uav_ugv_team_038_exec_8,inprogress,97.1,12.63,10.04,0.0,null,null,null,null,null
search_and_rescue_uav_ugv_team_038,navigate_to_victim,2026-01-19T06:34:53.000Z,null,ugv_1,ugv,search_and_rescue_uav_ugv_team_038_exec_8,inprogress,96.3,18.95,15.07,0.0,null,null,null,null,null
search_and_rescue_uav_ugv_team_038,navigate_to_victim,2026-01-19T06:35:34.000Z,null,ugv_1,ugv,search_and_rescue_uav_ugv_team_038_exec_8,inprogress,95.6,25.27,20.09,0.0,null,null,null,null,null
search_and_rescue_uav_ugv_team_038,navigate_to_victim,2026-01-19T06:36:15.000Z,null,ugv_1,ugv,search_and_rescue_uav_ugv_team_038_exec_8,inprogress,94.9,31.58,25.11,0.0,null,null,null,null,null
search_and_rescue_uav_ugv_team_038,navigate_to_victim,2026-01-19T06:37:01.000Z,complete,ugv_1,ugv,search_and_rescue_uav_ugv_team_038_exec_8,done,94.2,37.9,30.13,0.0,null,null,null,null,null
search_and_rescue_uav_ugv_team_038,stabilize_area,2026-01-19T06:37:02.000Z,start,ugv_1,ugv,search_and_rescue_uav_ugv_team_038_exec_9,inprogress,94.2,37.9,30.13,0.0,null,null,null,null,null
search_and_rescue_uav_ugv_team_038,stabilize_area,2026-01-19T06:37:30.000Z,null,ugv_1,ugv,search_and_rescue_uav_ugv_team_038_exec_9,inprogress,93.6,37.9,30.13,0.0,null,null,null,null,null
search_and_rescue_uav_ugv_team_038,stabilize_area,2026-01-19T06:37:58.000Z,null,ugv_1,ugv,search_and_rescue_uav_ugv_team_038_exec_9,inprogress,92.9,37.9,30.13,0.0,null,null,null,null,null
search_and_rescue_uav_ugv_team_038,stabilize_area,2026-01-19T06:38:27.000Z,complete,ugv_1,ugv,search_and_rescue_uav_ugv_team_038_exec_9,done,92.2,37.9,30.13,0.0,null,null,null,null,null
search_and_rescue_uav_ugv_team_038,send_acknowledgment,2026-01-19T06:38:28.000Z,start,ugv_1,ugv,search_and_rescue_uav_ugv_team_038_exec_10,inprogress,92.2,37.9,30.13,0.0,msg_38c41c039a,area stabilized and escort starting,send,ugv_1,uav_1
search_and_rescue_uav_ugv_team_038,send_acknowledgment,2026-01-19T06:38:34.000Z,complete,ugv_1,ugv,search_and_rescue_uav_ugv_team_038_exec_10,done,92.0,37.9,30.13,0.0,msg_38c41c039a,area stabilized and escort starting,send,ugv_1,uav_1
search_and_rescue_uav_ugv_team_038,receive_acknowledgment,2026-01-19T06:39:55.000Z,start,uav_1,uav,search_and_rescue_uav_ugv_team_038_exec_11,inprogress,74.9,34.71,30.25,23.24,msg_38c41c039a,area stabilized and escort starting,receive,ugv_1,uav_1
search_and_rescue_uav_ugv_team_038,receive_acknowledgment,2026-01-19T06:39:59.000Z,complete,uav_1,uav,search_and_rescue_uav_ugv_team_038_exec_11,done,74.8,34.71,30.25,23.24,msg_38c41c039a,area stabilized and escort starting,receive,ugv_1,uav_1
search_and_rescue_uav_ugv_team_038,escort,2026-01-19T06:40:00.000Z,start,ugv_1,ugv,search_and_rescue_uav_ugv_team_038_exec_12,inprogress,92.0,37.9,30.13,0.0,null,null,null,null,null
search_and_rescue_uav_ugv_team_038,escort,2026-01-19T06:40:59.000Z,null,ugv_1,ugv,search_and_rescue_uav_ugv_team_038_exec_12,inprogress,90.9,32.32,26.11,0.0,null,null,null,null,null
search_and_rescue_uav_ugv_team_038,escort,2026-01-19T06:41:58.000Z,null,ugv_1,ugv,search_and_rescue_uav_ugv_team_038_exec_12,inprogress,89.7,26.74,22.08,0.0,null,null,null,null,null
search_and_rescue_uav_ugv_team_038,escort,2026-01-19T06:42:57.000Z,null,ugv_1,ugv,search_and_rescue_uav_ugv_team_038_exec_12,inprogress,88.6,21.16,18.05,0.0,null,null,null,null,null
search_and_rescue_uav_ugv_team_038,escort,2026-01-19T06:43:56.000Z,null,ugv_1,ugv,search_and_rescue_uav_ugv_team_038_exec_12,inprogress,87.5,15.58,14.03,0.0,null,null,null,null,null
search_and_rescue_uav_ugv_team_038,escort,2026-01-19T06:44:55.000Z,complete,ugv_1,ugv,search_and_rescue_uav_ugv_team_038_exec_12,done,86.3,10.0,10.0,0.0,null,null,null,null,null
search_and_rescue_uav_ugv_team_038,mission_close,2026-01-19T06:44:56.000Z,start,uav_1,uav,search_and_rescue_uav_ugv_team_038_exec_13,inprogress,74.8,34.71,30.25,23.24,null,null,null,null,null
search_and_rescue_uav_ugv_team_038,mission_close,2026-01-19T06:45:31.000Z,complete,uav_1,uav,search_and_rescue_uav_ugv_team_038_exec_13,done,74.4,34.71,30.25,23.24,null,null,null,null,null
search_and_rescue_uav_ugv_team_038,mission_close,2026-01-19T06:45:32.000Z,start,ugv_1,ugv,search_and_rescue_uav_ugv_team_038_exec_14,inprogress,86.3,10.0,10.0,0.0,null,null,null,null,null
search_and_rescue_uav_ugv_team_038,mission_close,2026-01-19T06:46:11.000Z,complete,ugv_1,ugv,search_and_rescue_uav_ugv_team_038_exec_14,done,86.1,10.0,10.0,0.0,null,null,null,null,null
search_and_rescue_uav_ugv_team_039,dispatch,2026-01-19T07:05:00.000Z,start,uav_1,uav,search_and_rescue_uav_ugv_team_039_exec_1,inprogress,75.9,0.0,0.0,0.0,null,null,null,null,null
search_and_rescue_uav_ugv_team_039,dispatch,2026-01-19T07:05:26.000Z,complete,uav_1,uav,search_and_rescue_uav_ugv_team_039_exec_1,done,75.6,0.0,0.0,0.0,null,null,null,null,null
search_and_rescue_uav_ugv_team_039,dispatch,2026-01-19T07:05:27.000Z,start,ugv_1,ugv,search_and_rescue_uav_ugv_team_039_exec_2,inprogress,90.9,0.0,0.0,0.0,null,null,null,null,null
search_and_rescue_uav_ugv_team_039,dispatch,2026-01-19T07:05:43.000Z,complete,ugv_1,ugv,search_and_rescue_uav_ugv_team_039_exec_2,done,90.6,0.0,0.0,0.0,null,null,null,null,null
search_and_rescue_uav_ugv_team_039,takeoff,2026-01-19T07:05:44.000Z,start,uav_1,uav,search_and_rescue_uav_ugv_team_039_exec_3,inprogress,75.6,0.0,0.0,0.0,null,null,null,null,null
search_and_rescue_uav_ugv_team_039,takeoff,2026-01-19T07:06:09.000Z,complete,uav_1,uav,search_and_rescue_uav_ugv_team_039_exec_3,done,75.2,0.0,0.0,5.0,null,null,null,null,null
search_and_rescue_uav_ugv_team_039,scan_sector,2026-01-19T07:06:10.000Z,start,uav_1,uav,search_and_rescue_uav_ugv_team_039_exec_4,inprogress,75.2,0.0,0.0,5.0,null,null,null,null,null
search_and_rescue_uav_ugv_team_039,scan_sector,2026-01-19T07:06:58.000Z,null,uav_1,uav,search_and_rescue_uav_ugv_team_039_exec_4,inprogress,73.9,7.86,6.6,7.63,null,null,null,null,null
search_and_rescue_uav_ugv_team_039,scan_sector,2026-01-19T07:07:46.000Z,null,uav_1,uav,search_and_rescue_uav_ugv_team_039_exec_4,inprogress,72.7,15.71,13.19,10.26,null,null,null,null,null
search_and_rescue_uav_ugv_team_039,scan_sector,2026-01-19T07:08:34.000Z,null,uav_1,uav,search_and_rescue_uav_ugv_team_039_exec_4,inprogress,71.5,23.57,19.79,12.89,null,null,null,null,null
search_and_rescue_uav_ugv_team_039,scan_sector,2026-01-19T07:09:22.000Z,null,uav_1,uav,search_and_rescue_uav_ugv_team_039_exec_4,inprogress,70.2,31.42,26.39,15.53,null,null,null,null,null
search_and_rescue_uav_ugv_team_039,scan_sector,2026-01-19T07:10:10.000Z,null,uav_1,uav,search_and_rescue_uav_ugv_team_039_exec_4,inprogress,69.0,39.28,32.99,18.16,null,null,null,null,null
search_and_rescue_uav_ugv_team_039,scan_sector,2026-01-19T07:10:58.000Z,null,uav_1,uav,search_and_rescue_uav_ugv_team_039_exec_4,inprogress,67.7,47.13,39.58,20.79,null,null,null,null,null
search_and_rescue_uav_ugv_team_039,scan_sector,2026-01-19T07:11:51.000Z,complete,uav_1,uav,search_and_rescue_uav_ugv_team_039_exec_4,done,66.5,54.99,46.18,23.42,null,null,null,null,null
search_and_rescue_uav_ugv_team_039,detect_victim,2026-01-19T07:11:52.000Z,start,uav_1,uav,search_and_rescue_uav_ugv_team_039_exec_5,inprogress,66.5,54.99,46.18,23.42,null,null,null,null,null
search_and_rescue_uav_ugv_team_039,detect_victim,2026-01-19T07:12:21.000Z,complete,uav_1,uav,search_and_rescue_uav_ugv_team_039_exec_5,done,66.0,54.99,46.18,23.42,null,null,null,null,null
search_and_rescue_uav_ugv_team_039,send_coordinates,2026-01-19T07:12:22.000Z,start,uav_1,uav,search_and_rescue_uav_ugv_team_039_exec_6,inprogress,66.0,54.99,46.18,23.42,msg_2cc59e2797,victim coordinates and severity,send,uav_1,ugv_1
search_and_rescue_uav_ugv_team_039,send_coordinates,2026-01-19T07:12:28.000Z,complete,uav_1,uav,search_and_rescue_uav_ugv_team_039_exec_6,done,65.8,54.99,46.18,23.42,msg_2cc59e2797,victim coordinates and severity,send,uav_1,ugv_1
search_and_rescue_uav_ugv_team_039,receive_coordinates,2026-01-19T07:12:34.000Z,start,ugv_1,ugv,search_and_rescue_uav_ugv_team_039_exec_7,inprogress,90.6,0.0,0.0,0.0,msg_2cc59e2797,victim coordinates and severity,receive,uav_1,ugv_1
search_and_rescue_uav_ugv_team_039,receive_coordinates,2026-01-19T07:12:38.000Z,complete,ugv_1,ugv,search_and_rescue_uav_ugv_team_039_exec_7,done,90.5,0.0,0.0,0.0,msg_2cc59e2797,victim coordinates and severity,receive,uav_1,ugv_1
search_and_rescue_uav_ugv_team_039,navigate_to_victim,2026-01-19T07:12:39.000Z,start,ugv_1,ugv,search_and_rescue_uav_ugv_team_039_exec_8,inprogress,90.5,0.0,0.0,0.0,null,null,null,null,null
search_and_rescue_uav_ugv_team_039,navigate_to_victim,2026-01-19T07:14:09.000Z,null,ugv_1,ugv,search_and_rescue_uav_ugv_team_039_exec_8,inprogress,89.3,13.9,10.6,0.0,null,null,null,null,null
search_and_rescue_uav_ugv_team_039,navigate_to_victim,2026-01-19T07:15:39.000Z,null,ugv_1,ugv,search_and_rescue_uav_ugv_team_039_exec_8,inprogress,88.2,27.8,21.21,0.0,null,null,null,null,null
search_and_rescue_uav_ugv_team_039,navigate_to_victim,2026-01-19T07:17:09.000Z,null,ugv_1,ugv,search_and_rescue_uav_ugv_team_039_exec_8,inprogress,87.0,41.7,31.81,0.0,null,null,null,null,null
search_and_rescue_uav_ugv_team_039,navigate_to_victim,2026-01-19T07:18:42.000Z,complete,ugv_1,ugv,search_and_rescue_uav_ugv_team_039_exec_8,done,85.8,55.6,42.42,0.0,null,null,null,null,null
search_and_rescue_uav_ugv_team_039,stabilize_area,2026-01-19T07:18:43.000Z,start,ugv_1,ugv,search_and_rescue_uav_ugv_team_039_exec_9,inprogress,85.8,55.6,42.42,0.0,null,null,null,null,null
search_and_rescue_uav_ugv_team_039,stabilize_area,2026-01-19T07:19:22.000Z,null,ugv_1,ugv,search_and_rescue_uav_ugv_team_039_exec_9,inprogress,85.2,55.6,42.42,0.0,null,null,null,null,null
search_and_rescue_uav_ugv_team_039,stabilize_area,2026-01-19T07:20:01.000Z,null,ugv_1,ugv,search_and_rescue_uav_ugv_team_039_exec_9,inprogress,84.7,55.6,42.42,0.0,null,null,null,null,null
search_and_rescue_uav_ugv_team_039,stabilize_area,2026-01-19T07:20:40.000Z,null,ugv_1,ugv,search_and_rescue_uav_ugv_team_039_exec_9,inprogress,84.2,55.6,42.42,0.0,null,null,null,null,null
search_and_rescue_uav_ugv_team_039,stabilize_area,2026-01-19T07:21:22.000Z,complete,ugv_1,ugv,search_and_rescue_uav_ugv_team_039_exec_9,done,83.6,55.6,42.42,0.0,null,null,null,null,null
search_and_rescue_uav_ugv_team_039,send_acknowledgment,2026-01-19T07:21:23.000Z,start,ugv_1,ugv,search_and_rescue_uav_ugv_team_039_exec_10,inprogress,83.6,55.6,42.42,0.0,msg_4f29c68482,area stabilized and escort starting,send,ugv_1,uav_1
search_and_rescue_uav_ugv_team_039,send_acknowledgment,2026-01-19T07:21:27.000Z,complete,ugv_1,ugv,search_and_rescue_uav_ugv_team_039_exec_10,done,83.4,55.6,42.42,0.0,msg_4f29c68482,area stabilized and escort starting,send,ugv_1,uav_1
search_and_rescue_uav_ugv_team_039,receive_acknowledgment,2026-01-19T07:21:32.000Z,start,uav_1,uav,search_and_rescue_uav_ugv_team_039_exec_11,inprogress,65.8,54.99,46.18,23.42,msg_4f29c68482,area stabilized and escort starting,receive,ugv_1,uav_1
search_and_rescue_uav_ugv_team_039,receive_acknowledgment,2026-01-19T07:21:36.000Z,complete,uav_1,uav,search_and_rescue_uav_ugv_team_039_exec_11,done,65.7,54.99,46.18,23.42,msg_4f29c68482,area stabilized and escort starting,receive,ugv_1,uav_1
search_and_rescue_uav_ugv_team_039,escort,2026-01-19T07:21:37.000Z,start,ugv_1,ugv,search_and_rescue_uav_ugv_team_039_exec_12,inprogress,83.4,55.6,42.42,0.0,null,null,null,null,null
search_and_rescue_uav_ugv_team_039,escort,2026-01-19T07:22:55.000Z,null,ugv_1,ugv,search_and_rescue_uav_ugv_team_039_exec_12,inprogress,82.0,44.2,34.31,0.0,null,null,null,null,null
search_and_rescue_uav_ugv_team_039,escort,2026-01-19T07:24:13.000Z,null,ugv_1,ugv,search_and_rescue_uav_ugv_team_039_exec_12,inprogress,80.6,32.8,26.21,0.0,null,null,null,null,null
search_and_rescue_uav_ugv_team_039,escort,2026-01-19T07:25:31.000Z,null,ugv_1,ugv,search_and_rescue_uav_ugv_team_039_exec_12,inprogress,79.2,21.4,18.1,0.0,null,null,null,null,null
search_and_rescue_uav_ugv_team_039,escort,2026-01-19T07:26:50.000Z,complete,ugv_1,ugv,search_and_rescue_uav_ugv_team_039_exec_12,done,77.8,10.0,10.0,0.0,null,null,null,null,null
search_and_rescue_uav_ugv_team_039,mission_close,2026-01-19T07:26:51.000Z,start,uav_1,uav,search_and_rescue_uav_ugv_team_039_exec_13,inprogress,65.7,54.99,46.18,23.42,null,null,null,null,null
search_and_rescue_uav_ugv_team_039,mission_close,2026-01-19T07:27:27.000Z,complete,uav_1,uav,search_and_rescue_uav_ugv_team_039_exec_13,done,65.2,54.99,46.18,23.42,null,null,null,null,null
search_and_rescue_uav_ugv_team_039,mission_close,2026-01-19T07:27:28.000Z,start,ugv_1,ugv,search_and_rescue_uav_ugv_team_039_exec_14,inprogress,77.8,10.0,10.0,0.0,null,null,null,null,null
search_and_rescue_uav_ugv_team_039,mission_close,2026-01-19T07:27:51.000Z,complete,ugv_1,ugv,search_and_rescue_uav_ugv_team_039_exec_14,done,77.4,10.0,10.0,0.0,null,null,null,null,null
search_and_rescue_uav_ugv_team_040,dispatch,2026-01-19T07:45:00.000Z,start,uav_1,uav,search_and_rescue_uav_ugv_team_040_exec_1,inprogress,86.9,0.0,0.0,0.0,null,null,null,null,null
search_and_rescue_uav_ugv_team_040,dispatch,2026-01-19T07:45:20.000Z,complete,uav_1,uav,search_and_rescue_uav_ugv_team_040_exec_1,done,86.6,0.0,0.0,0.0,null,null,null,null,null
search_and_rescue_uav_ugv_team_040,dispatch,2026-01-19T07:45:21.000Z,start,ugv_1,ugv,search_and_rescue_uav_ugv_team_040_exec_2,inprogress,99.1,0.0,0.0,0.0,null,null,null,null,null
search_and_rescue_uav_ugv_team_040,dispatch,2026-01-19T07:45:40.000Z,complete,ugv_1,ugv,search_and_rescue_uav_ugv_team_040_exec_2,done,98.8,0.0,0.0,0.0,null,null,null,null,null
search_and_rescue_uav_ugv_team_040,takeoff,2026-01-19T07:45:41.000Z,start,uav_1,uav,search_and_rescue_uav_ugv_team_040_exec_3,inprogress,86.6,0.0,0.0,0.0,null,null,null,null,null
search_and_rescue_uav_ugv_team_040,takeoff,2026-01-19T07:46:14.000Z,complete,uav_1,uav,search_and_rescue_uav_ugv_team_040_exec_3,done,86.0,0.0,0.0,5.0,null,null,null,null,null
search_and_rescue_uav_ugv_team_040,scan_sector,2026-01-19T07:46:15.000Z,start,uav_1,uav,search_and_rescue_uav_ugv_team_040_exec_4,inprogress,86.0,0.0,0.0,5.0,null,null,null,null,null
search_and_rescue_uav_ugv_team_040,scan_sector,2026-01-19T07:46:46.000Z,null,uav_1,uav,search_and_rescue_uav_ugv_team_040_exec_4,inprogress,84.7,7.78,5.67,7.33,null,null,null,null,null
search_and_rescue_uav_ugv_team_040,scan_sector,2026-01-19T07:47:17.000Z,null,uav_1,uav,search_and_rescue_uav_ugv_team_040_exec_4,inprogress,83.4,15.57,11.34,9.66,null,null,null,null,null
search_and_rescue_uav_ugv_team_040,scan_sector,2026-01-19T07:47:48.000Z,null,uav_1,uav,search_and_rescue_uav_ugv_team_040_exec_4,inprogress,82.1,23.35,17.0,11.98,null,null,null,null,null
search_and_rescue_uav_ugv_team_040,scan_sector,2026-01-19T07:48:19.000Z,null,uav_1,uav,search_and_rescue_uav_ugv_team_040_exec_4,inprogress,80.8,31.14,22.67,14.31,null,null,null,null,null
search_and_rescue_uav_ugv_team_040,scan_sector,2026-01-19T07:48:50.000Z,null,uav_1,uav,search_and_rescue_uav_ugv_team_040_exec_4,inprogress,79.5,38.92,28.34,16.64,null,null,null,null,null
search_and_rescue_uav_ugv_team_040,scan_sector,2026-01-19T07:49:21.000Z,null,uav_1,uav,search_and_rescue_uav_ugv_team_040_exec_4,inprogress,78.2,46.71,34.01,18.97,null,null,null,null,null
search_and_rescue_uav_ugv_team_040,scan_sector,2026-01-19T07:49:52.000Z,null,uav_1,uav,search_and_rescue_uav_ugv_team_040_exec_4,inprogress,76.9,54.49,39.67,21.3,null,null,null,null,null
search_and_rescue_uav_ugv_team_040,scan_sector,2026-01-19T07:50:26.000Z,complete,uav_1,uav,search_and_rescue_uav_ugv_team_040_exec_4,done,75.7,62.28,45.34,23.63,null,null,null,null,null
search_and_rescue_uav_ugv_team_040,detect_victim,2026-01-19T07:50:27.000Z,start,uav_1,uav,search_and_rescue_uav_ugv_team_040_exec_5,inprogress,75.7,62.28,45.34,23.63,null,null,null,null,null
search_and_rescue_uav_ugv_team_040,detect_victim,2026-01-19T07:50:42.000Z,complete,uav_1,uav,search_and_rescue_uav_ugv_team_040_exec_5,done,75.3,62.28,45.34,23.63,null,null,null,null,null
search_and_rescue_uav_ugv_team_040,send_coordinates,2026-01-19T07:50:43.000Z,start,uav_1,uav,search_and_rescue_uav_ugv_team_040_exec_6,inprogress,75.3,62.28,45.34,23.63,msg_ae5b7e4b00,victim coordinates and severity,send,uav_1,ugv_1
search_and_rescue_uav_ugv_team_040,send_coordinates,2026-01-19T07:50:47.000Z,complete,uav_1,uav,search_and_rescue_uav_ugv_team_040_exec_6,done,75.1,62.28,45.34,23.63,msg_ae5b7e4b00,victim coordinates and severity,send,uav_1,ugv_1
search_and_rescue_uav_ugv_team_040,receive_coordinates,2026-01-19T07:51:40.000Z,start,ugv_1,ugv,search_and_rescue_uav_ugv_team_040_exec_7,inprogress,98.8,0.0,0.0,0.0,msg_ae5b7e4b00,victim coordinates and severity,receive,uav_1,ugv_1
search_and_rescue_uav_ugv_team_040,receive_coordinates,2026-01-19T07:51:44.000Z,complete,ugv_1,ugv,search_and_rescue_uav_ugv_team_040_exec_7,done,98.7,0.0,0.0,0.0,msg_ae5b7e4b00,victim coordinates and severity,receive,uav_1,ugv_1
search_and_rescue_uav_ugv_team_040,navigate_to_victim,2026-01-19T07:51:45.000Z,start,ugv_1,ugv,search_and_rescue_uav_ugv_team_040_exec_8,inprogress,98.7,0.0,0.0,0.0,null,null,null,null,null
search_and_rescue_uav_ugv_team_040,navigate_to_victim,2026-01-19T07:52:43.000Z,null,ugv_1,ugv,search_and_rescue_uav_ugv_team_040_exec_8,inprogress,97.7,13.41,9.15,0.0,null,null,null,null,null
search_and_rescue_uav_ugv_team_040,navigate_to_victim,2026-01-19T07:53:41.000Z,null,ugv_1,ugv,search_and_rescue_uav_ugv_team_040_exec_8,inprogress,96.8,26.83,18.3,0.0,null,null,null,null,null
search_and_rescue_uav_ugv_team_040,navigate_to_victim,2026-01-19T07:54:39.000Z,null,ugv_1,ugv,search_and_rescue_uav_ugv_team_040_exec_8,inprogress,95.9,40.24,27.46,0.0,null,null,null,null,null
search_and_rescue_uav_ugv_team_040,navigate_to_victim,2026-01-19T07:55:37.000Z,null,ugv_1,ugv,search_and_rescue_uav_ugv_team_040_exec_8,inprogress,94.9,53.66,36.61,0.0,null,null,null,null,null
search_and_rescue_uav_ugv_team_040,navigate_to_victim,2026-01-19T07:56:38.000Z,complete,ugv_1,ugv,search_and_rescue_uav_ugv_team_040_exec_8,done,94.0,67.07,45.76,0.0,null,null,null,null,null
search_and_rescue_uav_ugv_team_040,stabilize_area,2026-01-19T07:56:39.000Z,start,ugv_1,ugv,search_and_rescue_uav_ugv_team_040_exec_9,inprogress,94.0,67.07,45.76,0.0,null,null,null,null,null
search_and_rescue_uav_ugv_team_040,stabilize_area,2026-01-19T07:58:08.000Z,null,ugv_1,ugv,search_and_rescue_uav_ugv_team_040_exec_9,inprogress,93.2,67.07,45.76,0.0,null,null,null,null,null
search_and_rescue_uav_ugv_team_040,stabilize_area,2026-01-19T07:59:37.000Z,complete,ugv_1,ugv,search_and_rescue_uav_ugv_team_040_exec_9,done,92.5,67.07,45.76,0.0,null,null,null,null,null
search_and_rescue_uav_ugv_team_040,send_acknowledgment,2026-01-19T07:59:38.000Z,start,ugv_1,ugv,search_and_rescue_uav_ugv_team_040_exec_10,inprogress,92.5,67.07,45.76,0.0,msg_82dc6f13bb,area stabilized and escort starting,send,ugv_1,uav_1
search_and_rescue_uav_ugv_team_040,send_acknowledgment,2026-01-19T07:59:45.000Z,complete,ugv_1,ugv,search_and_rescue_uav_ugv_team_040_exec_10,done,92.3,67.07,45.76,0.0,msg_82dc6f13bb,area stabilized and escort starting,send,ugv_1,uav_1
search_and_rescue_uav_ugv_team_040,receive_acknowledgment,2026-01-19T08:01:13.000Z,start,uav_1,uav,search_and_rescue_uav_ugv_team_040_exec_11,inprogress,75.1,62.28,45.34,23.63,msg_82dc6f13bb,area stabilized and escort starting,receive,ugv_1,uav_1
search_and_rescue_uav_ugv_team_040,receive_acknowledgment,2026-01-19T08:01:17.000Z,complete,uav_1,uav,search_and_rescue_uav_ugv_team_040_exec_11,done,75.0,62.28,45.34,23.63,msg_82dc6f13bb,area stabilized and escort starting,receive,ugv_1,uav_1
search_and_rescue_uav_ugv_team_040,escort,2026-01-19T08:01:18.000Z,start,ugv_1,ugv,search_and_rescue_uav_ugv_team_040_exec_12,inprogress,92.3,67.07,45.76,0.0,null,null,null,null,null
search_and_rescue_uav_ugv_team_040,escort,2026-01-19T08:02:32.000Z,null,ugv_1,ugv,search_and_rescue_uav_ugv_team_040_exec_12,inprogress,90.6,48.05,33.84,0.0,null,null,null,null,null
search_and_rescue_uav_ugv_team_040,escort,2026-01-19T08:03:46.000Z,null,ugv_1,ugv,search_and_rescue_uav_ugv_team_040_exec_12,inprogress,88.9,29.02,21.92,0.0,null,null,null,null,null
search_and_rescue_uav_ugv_team_040,escort,2026-01-19T08:05:01.000Z,complete,ugv_1,ugv,search_and_rescue_uav_ugv_team_040_exec_12,done,87.2,10.0,10.0,0.0,null,null,null,null,null
search_and_rescue_uav_ugv_team_040,mission_close,2026-01-19T08:05:02.000Z,start,uav_1,uav,search_and_rescue_uav_ugv_team_040_exec_13,inprogress,75.0,62.28,45.34,23.63,null,null,null,null,null
search_and_rescue_uav_ugv_team_040,mission_close,2026-01-19T08:05:32.000Z,complete,uav_1,uav,search_and_rescue_uav_ugv_team_040_exec_13,done,74.8,62.28,45.34,23.63,null,null,null,null,null
search_and_rescue_uav_ugv_team_040,mission_close,2026-01-19T08:05:33.000Z,start,ugv_1,ugv,search_and_rescue_uav_ugv_team_040_exec_14,inprogress,87.2,10.0,10.0,0.0,null,null,null,null,null
search_and_rescue_uav_ugv_team_040,mission_close,2026-01-19T08:05:54.000Z,complete,ugv_1,ugv,search_and_rescue_uav_ugv_team_040_exec_14,done,86.9,10.0,10.0,0.0,null,null,null,null,null
search_and_rescue_uav_ugv_team_041,dispatch,2026-01-19T08:25:00.000Z,start,uav_1,uav,search_and_rescue_uav_ugv_team_041_exec_1,inprogress,74.8,0.0,0.0,0.0,null,null,null,null,null
search_and_rescue_uav_ugv_team_041,dispatch,2026-01-19T08:25:22.000Z,complete,uav_1,uav,search_and_rescue_uav_ugv_team_041_exec_1,done,74.6,0.0,0.0,0.0,null,null,null,null,null
search_and_rescue_uav_ugv_team_041,dispatch,2026-01-19T08:25:23.000Z,start,ugv_1,ugv,search_and_rescue_uav_ugv_team_041_exec_2,inprogress,78.6,0.0,0.0,0.0,null,null,null,null,null
search_and_rescue_uav_ugv_team_041,dispatch,2026-01-19T08:25:38.000Z,complete,ugv_1,ugv,search_and_rescue_uav_ugv_team_041_exec_2,done,78.5,0.0,0.0,0.0,null,null,null,null,null
search_and_rescue_uav_ugv_team_041,takeoff,2026-01-19T08:25:39.000Z,start,uav_1,uav,search_and_rescue_uav_ugv_team_041_exec_3,inprogress,74.6,0.0,0.0,0.0,null,null,null,null,null
search_and_rescue_uav_ugv_team_041,takeoff,2026-01-19T08:26:01.000Z,complete,uav_1,uav,search_and_rescue_uav_ugv_team_041_exec_3,done,73.8,0.0,0.0,5.0,null,null,null,null,null
search_and_rescue_uav_ugv_team_041,scan_sector,2026-01-19T08:26:02.000Z,start,uav_1,uav,search_and_rescue_uav_ugv_team_041_exec_4,inprogress,73.8,0.0,0.0,5.0,null,null,null,null,null
search_and_rescue_uav_ugv_team_041,scan_sector,2026-01-19T08:27:09.000Z,null,uav_1,uav,search_and_rescue_uav_ugv_team_041_exec_4,inprogress,72.3,10.69,7.93,9.71,null,null,null,null,null
search_and_rescue_uav_ugv_team_041,scan_sector,2026-01-19T08:28:16.000Z,null,uav_1,uav,search_and_rescue_uav_ugv_team_041_exec_4,inprogress,70.8,21.38,15.86,14.41,null,null,null,null,null
search_and_rescue_uav_ugv_team_041,scan_sector,2026-01-19T08:29:23.000Z,null,uav_1,uav,search_and_rescue_uav_ugv_team_041_exec_4,inprogress,69.4,32.06,23.79,19.12,null,null,null,null,null
search_and_rescue_uav_ugv_team_041,scan_sector,2026-01-19T08:30:30.000Z,null,uav_1,uav,search_and_rescue_uav_ugv_team_041_exec_4,inprogress,67.9,42.75,31.72,23.83,null,null,null,null,null
search_and_rescue_uav_ugv_team_041,scan_sector,2026-01-19T08:31:40.000Z,complete,uav_1,uav,search_and_rescue_uav_ugv_team_041_exec_4,done,66.4,53.44,39.65,28.53,null,null,null,null,null
search_and_rescue_uav_ugv_team_041,detect_victim,2026-01-19T08:31:41.000Z,start,uav_1,uav,search_and_rescue_uav_ugv_team_041_exec_5,inprogress,66.4,53.44,39.65,28.53,null,null,null,null,null
search_and_rescue_uav_ugv_team_041,detect_victim,2026-01-19T08:32:06.000Z,complete,uav_1,uav,search_and_rescue_uav_ugv_team_041_exec_5,done,66.0,53.44,39.65,28.53,null,null,null,null,null
search_and_rescue_uav_ugv_team_041,send_coordinates,2026-01-19T08:32:07.000Z,start,uav_1,uav,search_and_rescue_uav_ugv_team_041_exec_6,inprogress,66.0,53.44,39.65,28.53,msg_b456ec6153,victim coordinates and severity,send,uav_1,ugv_1
search_and_rescue_uav_ugv_team_041,send_coordinates,2026-01-19T08:32:11.000Z,complete,uav_1,uav,search_and_rescue_uav_ugv_team_041_exec_6,done,65.8,53.44,39.65,28.53,msg_b456ec6153,victim coordinates and severity,send,uav_1,ugv_1
search_and_rescue_uav_ugv_team_041,receive_coordinates,2026-01-19T08:32:17.000Z,start,ugv_1,ugv,search_and_rescue_uav_ugv_team_041_exec_7,inprogress,78.5,0.0,0.0,0.0,msg_b456ec6153,victim coordinates and severity,receive,uav_1,ugv_1
search_and_rescue_uav_ugv_team_041,receive_coordinates,2026-01-19T08:32:21.000Z,complete,ugv_1,ugv,search_and_rescue_uav_ugv_team_041_exec_7,done,78.4,0.0,0.0,0.0,msg_b456ec6153,victim coordinates and severity,receive,uav_1,ugv_1
search_and_rescue_uav_ugv_team_041,navigate_to_victim,2026-01-19T08:32:22.000Z,start,ugv_1,ugv,search_and_rescue_uav_ugv_team_041_exec_8,inprogress,78.4,0.0,0.0,0.0,null,null,null,null,null
search_and_rescue_uav_ugv_team_041,navigate_to_victim,2026-01-19T08:34:00.000Z,null,ugv_1,ugv,search_and_rescue_uav_ugv_team_041_exec_8,inprogress,77.1,12.78,11.07,0.0,null,null,null,null,null
search_and_rescue_uav_ugv_team_041,navigate_to_victim,2026-01-19T08:35:38.000Z,null,ugv_1,ugv,search_and_rescue_uav_ugv_team_041_exec_8,inprogress,75.9,25.57,22.14,0.0,null,null,null,null,null
search_and_rescue_uav_ugv_team_041,navigate_to_victim,2026-01-19T08:37:16.000Z,null,ugv_1,ugv,search_and_rescue_uav_ugv_team_041_exec_8,inprogress,74.6,38.35,33.21,0.0,null,null,null,null,null
search_and_rescue_uav_ugv_team_041,navigate_to_victim,2026-01-19T08:38:54.000Z,complete,ugv_1,ugv,search_and_rescue_uav_ugv_team_041_exec_8,done,73.4,51.13,44.28,0.0,null,null,null,null,null
search_and_rescue_uav_ugv_team_041,stabilize_area,2026-01-19T08:38:55.000Z,start,ugv_1,ugv,search_and_rescue_uav_ugv_team_041_exec_9,inprogress,73.4,51.13,44.28,0.0,null,null,null,null,null
search_and_rescue_uav_ugv_team_041,stabilize_area,2026-01-19T08:39:32.000Z,null,ugv_1,ugv,search_and_rescue_uav_ugv_team_041_exec_9,inprogress,72.8,51.13,44.28,0.0,null,null,null,null,null
search_and_rescue_uav_ugv_team_041,stabilize_area,2026-01-19T08:40:09.000Z,null,ugv_1,ugv,search_and_rescue_uav_ugv_team_041_exec_9,inprogress,72.1,51.13,44.28,0.0,null,null,null,null,null
search_and_rescue_uav_ugv_team_041,stabilize_area,2026-01-19T08:40:46.000Z,null,ugv_1,ugv,search_and_rescue_uav_ugv_team_041_exec_9,inprogress,71.5,51.13,44.28,0.0,null,null,null,null,null
search_and_rescue_uav_ugv_team_041,stabilize_area,2026-01-19T08:41:26.000Z,complete,ugv_1,ugv,search_and_rescue_uav_ugv_team_041_exec_9,done,70.9,51.13,44.28,0.0,null,null,null,null,null
search_and_rescue_uav_ugv_team_041,send_acknowledgment,2026-01-19T08:41:27.000Z,start,ugv_1,ugv,search_and_rescue_uav_ugv_team_041_exec_10,inprogress,70.9,51.13,44.28,0.0,msg_f07c6aaaed,area stabilized and escort starting,send,ugv_1,uav_1
search_and_rescue_uav_ugv_team_041,send_acknowledgment,2026-01-19T08:41:33.000Z,complete,ugv_1,ugv,search_and_rescue_uav_ugv_team_041_exec_10,done,70.7,51.13,44.28,0.0,msg_f07c6aaaed,area stabilized and escort starting,send,ugv_1,uav_1
search_and_rescue_uav_ugv_team_041,receive_acknowledgment,2026-01-19T08:41:38.000Z,start,uav_1,uav,search_and_rescue_uav_ugv_team_041_exec_11,inprogress,65.8,53.44,39.65,28.53,msg_f07c6aaaed,area stabilized and escort starting,receive,ugv_1,uav_1
search_and_rescue_uav_ugv_team_041,receive_acknowledgment,2026-01-19T08:41:42.000Z,complete,uav_1,uav,search_and_rescue_uav_ugv_team_041_exec_11,done,65.7,53.44,39.65,28.53,msg_f07c6aaaed,area stabilized and escort starting,receive,ugv_1,uav_1
search_and_rescue_uav_ugv_team_041,escort,2026-01-19T08:41:43.000Z,start,ugv_1,ugv,search_and_rescue_uav_ugv_team_041_exec_12,inprogress,70.7,51.13,44.28,0.0,null,null,null,null,null
search_and_rescue_uav_ugv_team_041,escort,2026-01-19T08:42:30.000Z,null,ugv_1,ugv,search_and_rescue_uav_ugv_team_041_exec_12,inprogress,70.2,44.28,38.57,0.0,null,null,null,null,null
search_and_rescue_uav_ugv_team_041,escort,2026-01-19T08:43:17.000Z,null,ugv_1,ugv,search_and_rescue_uav_ugv_team_041_exec_12,inprogress,69.6,37.42,32.86,0.0,null,null,null,null,null
search_and_rescue_uav_ugv_team_041,escort,2026-01-19T08:44:04.000Z,null,ugv_1,ugv,search_and_rescue_uav_ugv_team_041_exec_12,inprogress,69.1,30.57,27.14,0.0,null,null,null,null,null
search_and_rescue_uav_ugv_team_041,escort,2026-01-19T08:44:51.000Z,null,ugv_1,ugv,search_and_rescue_uav_ugv_team_041_exec_12,inprogress,68.5,23.71,21.43,0.0,null,null,null,null,null
search_and_rescue_uav_ugv_team_041,escort,2026-01-19T08:45:38.000Z,null,ugv_1,ugv,search_and_rescue_uav_ugv_team_041_exec_12,inprogress,68.0,16.86,15.71,0.0,null,null,null,null,null
search_and_rescue_uav_ugv_team_041,escort,2026-01-19T08:46:27.000Z,complete,ugv_1,ugv,search_and_rescue_uav_ugv_team_041_exec_12,done,67.4,10.0,10.0,0.0,null,null,null,null,null
search_and_rescue_uav_ugv_team_041,mission_close,2026-01-19T08:46:28.000Z,start,uav_1,uav,search_and_rescue_uav_ugv_team_041_exec_13,inprogress,65.7,53.44,39.65,28.53,null,null,null,null,null
search_and_rescue_uav_ugv_team_041,mission_close,2026-01-19T08:47:08.000Z,complete,uav_1,uav,search_and_rescue_uav_ugv_team_041_exec_13,done,65.4,53.44,39.65,28.53,null,null,null,null,null
search_and_rescue_uav_ugv_team_041,mission_close,2026-01-19T08:47:09.000Z,start,ugv_1,ugv,search_and_rescue_uav_ugv_team_041_exec_14,inprogress,67.4,10.0,10.0,0.0,null,null,null,null,null
search_and_rescue_uav_ugv_team_041,mission_close,2026-01-19T08:47:33.000Z,complete,ugv_1,ugv,search_and_rescue_uav_ugv_team_041_exec_14,done,67.1,10.0,10.0,0.0,null,null,null,null,null
search_and_rescue_uav_ugv_team_042,dispatch,2026-01-19T09:05:00.000Z,start,uav_1,uav,search_and_rescue_uav_ugv_team_042_exec_1,inprogress,99.6,0.0,0.0,0.0,null,null,null,null,null
search_and_rescue_uav_ugv_team_042,dispatch,2026-01-19T09:05:25.000Z,complete,uav_1,uav,search_and_rescue_uav_ugv_team_042_exec_1,done,99.3,0.0,0.0,0.0,null,null,null,null,null
search_and_rescue_uav_ugv_team_042,dispatch,2026-01-19T09:05:26.000Z,start,ugv_1,ugv,search_and_rescue_uav_ugv_team_042_exec_2,inprogress,94.6,0.0,0.0,0.0,null,null,null,null,null
search_and_rescue_uav_ugv_team_042,dispatch,2026-01-19T09:05:52.000Z,complete,ugv_1,ugv,search_and_rescue_uav_ugv_team_042_exec_2,done,94.4,0.0,0.0,0.0,null,null,null,null,null
search_and_rescue_uav_ugv_team_042,takeoff,2026-01-19T09:05:53.000Z,start,uav_1,uav,search_and_rescue_uav_ugv_team_042_exec_3,inprogress,99.3,0.0,0.0,0.0,null,null,null,null,null
search_and_rescue_uav_ugv_team_042,takeoff,2026-01-19T09:06:22.000Z,complete,uav_1,uav,search_and_rescue_uav_ugv_team_042_exec_3,done,98.3,0.0,0.0,5.0,null,null,null,null,null
search_and_rescue_uav_ugv_team_042,scan_sector,2026-01-19T09:06:23.000Z,start,uav_1,uav,search_and_rescue_uav_ugv_team_042_exec_4,inprogress,98.3,0.0,0.0,5.0,null,null,null,null,null
search_and_rescue_uav_ugv_team_042,scan_sector,2026-01-19T09:06:54.000Z,null,uav_1,uav,search_and_rescue_uav_ugv_team_042_exec_4,inprogress,97.4,6.85,5.96,6.92,null,null,null,null,null
search_and_rescue_uav_ugv_team_042,scan_sector,2026-01-19T09:07:25.000Z,null,uav_1,uav,search_and_rescue_uav_ugv_team_042_exec_4,inprogress,96.5,13.71,11.91,8.84,null,null,null,null,null
search_and_rescue_uav_ugv_team_042,scan_sector,2026-01-19T09:07:56.000Z,null,uav_1,uav,search_and_rescue_uav_ugv_team_042_exec_4,inprogress,95.6,20.56,17.87,10.75,null,null,null,null,null
search_and_rescue_uav_ugv_team_042,scan_sector,2026-01-19T09:08:27.000Z,null,uav_1,uav,search_and_rescue_uav_ugv_team_042_exec_4,inprogress,94.6,27.41,23.83,12.67,null,null,null,null,null
search_and_rescue_uav_ugv_team_042,scan_sector,2026-01-19T09:08:58.000Z,null,uav_1,uav,search_and_rescue_uav_ugv_team_042_exec_4,inprogress,93.7,34.27,29.78,14.59,null,null,null,null,null
search_and_rescue_uav_ugv_team_042,scan_sector,2026-01-19T09:09:29.000Z,null,uav_1,uav,search_and_rescue_uav_ugv_team_042_exec_4,inprogress,92.8,41.12,35.74,16.51,null,null,null,null,null
search_and_rescue_uav_ugv_team_042,scan_sector,2026-01-19T09:10:00.000Z,null,uav_1,uav,search_and_rescue_uav_ugv_team_042_exec_4,inprogress,91.9,47.98,41.7,18.43,null,null,null,null,null
search_and_rescue_uav_ugv_team_042,scan_sector,2026-01-19T09:10:38.000Z,complete,uav_1,uav,search_and_rescue_uav_ugv_team_042_exec_4,done,91.0,54.83,47.65,20.34,null,null,null,null,null
search_and_rescue_uav_ugv_team_042,detect_victim,2026-01-19T09:10:39.000Z,start,uav_1,uav,search_and_rescue_uav_ugv_team_042_exec_5,inprogress,91.0,54.83,47.65,20.34,null,null,null,null,null
search_and_rescue_uav_ugv_team_042,detect_victim,2026-01-19T09:11:02.000Z,complete,uav_1,uav,search_and_rescue_uav_ugv_team_042_exec_5,done,90.4,54.83,47.65,20.34,null,null,null,null,null
search_and_rescue_uav_ugv_team_042,send_coordinates,2026-01-19T09:11:03.000Z,start,uav_1,uav,search_and_rescue_uav_ugv_team_042_exec_6,inprogress,90.4,54.83,47.65,20.34,msg_2ce2c92aeb,victim coordinates and severity,send,uav_1,ugv_1
search_and_rescue_uav_ugv_team_042,send_coordinates,2026-01-19T09:11:11.000Z,complete,uav_1,uav,search_and_rescue_uav_ugv_team_042_exec_6,done,90.2,54.83,47.65,20.34,msg_2ce2c92aeb,victim coordinates and severity,send,uav_1,ugv_1
search_and_rescue_uav_ugv_team_042,receive_coordinates,2026-01-19T09:11:17.000Z,start,ugv_1,ugv,search_and_rescue_uav_ugv_team_042_exec_7,inprogress,94.4,0.0,0.0,0.0,msg_2ce2c92aeb,victim coordinates and severity,receive,uav_1,ugv_1
search_and_rescue_uav_ugv_team_042,receive_coordinates,2026-01-19T09:11:21.000Z,complete,ugv_1,ugv,search_and_rescue_uav_ugv_team_042_exec_7,done,94.3,0.0,0.0,0.0,msg_2ce2c92aeb,victim coordinates and severity,receive,uav_1,ugv_1
search_and_rescue_uav_ugv_team_042,navigate_to_victim,2026-01-19T09:11:22.000Z,start,ugv_1,ugv,search_and_rescue_uav_ugv_team_042_exec_8,inprogress,94.3,0.0,0.0,0.0,null,null,null,null,null
search_and_rescue_uav_ugv_team_042,navigate_to_victim,2026-01-19T09:12:51.000Z,null,ugv_1,ugv,search_and_rescue_uav_ugv_team_042_exec_8,inprogress,93.0,13.16,11.07,0.0,null,null,null,null,null
search_and_rescue_uav_ugv_team_042,navigate_to_victim,2026-01-19T09:14:20.000Z,null,ugv_1,ugv,search_and_rescue_uav_ugv_team_042_exec_8,inprogress,91.7,26.32,22.13,0.0,null,null,null,null,null
search_and_rescue_uav_ugv_team_042,navigate_to_victim,2026-01-19T09:15:49.000Z,null,ugv_1,ugv,search_and_rescue_uav_ugv_team_042_exec_8,inprogress,90.4,39.48,33.2,0.0,null,null,null,null,null
search_and_rescue_uav_ugv_team_042,navigate_to_victim,2026-01-19T09:17:18.000Z,complete,ugv_1,ugv,search_and_rescue_uav_ugv_team_042_exec_8,done,89.1,52.64,44.27,0.0,null,null,null,null,null
search_and_rescue_uav_ugv_team_042,stabilize_area,2026-01-19T09:17:19.000Z,start,ugv_1,ugv,search_and_rescue_uav_ugv_team_042_exec_9,inprogress,89.1,52.64,44.27,0.0,null,null,null,null,null
search_and_rescue_uav_ugv_team_042,stabilize_area,2026-01-19T09:17:51.000Z,null,ugv_1,ugv,search_and_rescue_uav_ugv_team_042_exec_9,inprogress,88.8,52.64,44.27,0.0,null,null,null,null,null
search_and_rescue_uav_ugv_team_042,stabilize_area,2026-01-19T09:18:23.000Z,null,ugv_1,ugv,search_and_rescue_uav_ugv_team_042_exec_9,inprogress,88.4,52.64,44.27,0.0,null,null,null,null,null
search_and_rescue_uav_ugv_team_042,stabilize_area,2026-01-19T09:18:55.000Z,null,ugv_1,ugv,search_and_rescue_uav_ugv_team_042_exec_9,inprogress,88.1,52.64,44.27,0.0,null,null,null,null,null
search_and_rescue_uav_ugv_team_042,stabilize_area,2026-01-19T09:19:29.000Z,complete,ugv_1,ugv,search_and_rescue_uav_ugv_team_042_exec_9,done,87.7,52.64,44.27,0.0,null,null,null,null,null
search_and_rescue_uav_ugv_team_042,send_acknowledgment,2026-01-19T09:19:30.000Z,start,ugv_1,ugv,search_and_rescue_uav_ugv_team_042_exec_10,inprogress,87.7,52.64,44.27,0.0,msg_2d673c0c75,area stabilized and escort starting,send,ugv_1,uav_1
search_and_rescue_uav_ugv_team_042,send_acknowledgment,2026-01-19T09:19:35.000Z,complete,ugv_1,ugv,search_and_rescue_uav_ugv_team_042_exec_10,done,87.5,52.64,44.27,0.0,msg_2d673c0c75,area stabilized and escort starting,send,ugv_1,uav_1
search_and_rescue_uav_ugv_team_042,receive_acknowledgment,2026-01-19T09:19:40.000Z,start,uav_1,uav,search_and_rescue_uav_ugv_team_042_exec_11,inprogress,90.2,54.83,47.65,20.34,msg_2d673c0c75,area stabilized and escort starting,receive,ugv_1,uav_1
search_and_rescue_uav_ugv_team_042,receive_acknowledgment,2026-01-19T09:19:44.000Z,complete,uav_1,uav,search_and_rescue_uav_ugv_team_042_exec_11,done,90.1,54.83,47.65,20.34,msg_2d673c0c75,area stabilized and escort starting,receive,ugv_1,uav_1
search_and_rescue_uav_ugv_team_042,escort,2026-01-19T09:19:45.000Z,start,ugv_1,ugv,search_and_rescue_uav_ugv_team_042_exec_12,inprogress,87.5,52.64,44.27,0.0,null,null,null,null,null
search_and_rescue_uav_ugv_team_042,escort,2026-01-19T09:20:26.000Z,null,ugv_1,ugv,search_and_rescue_uav_ugv_team_042_exec_12,inprogress,86.9,45.54,38.56,0.0,null,null,null,null,null
search_and_rescue_uav_ugv_team_042,escort,2026-01-19T09:21:07.000Z,null,ugv_1,ugv,search_and_rescue_uav_ugv_team_042_exec_12,inprogress,86.3,38.43,32.84,0.0,null,null,null,null,null
search_and_rescue_uav_ugv_team_042,escort,2026-01-19T09:21:48.000Z,null,ugv_1,ugv,search_and_rescue_uav_ugv_team_042_exec_12,inprogress,85.7,31.32,27.13,0.0,null,null,null,null,null
search_and_rescue_uav_ugv_team_042,escort,2026-01-19T09:22:29.000Z,null,ugv_1,ugv,search_and_rescue_uav_ugv_team_042_exec_12,inprogress,85.1,24.21,21.42,0.0,null,null,null,null,null
search_and_rescue_uav_ugv_team_042,escort,2026-01-19T09:23:10.000Z,null,ugv_1,ugv,search_and_rescue_uav_ugv_team_042_exec_12,inprogress,84.4,17.11,15.71,0.0,null,null,null,null,null
search_and_rescue_uav_ugv_team_042,escort,2026-01-19T09:23:56.000Z,complete,ugv_1,ugv,search_and_rescue_uav_ugv_team_042_exec_12,done,83.8,10.0,10.0,0.0,null,null,null,null,null
search_and_rescue_uav_ugv_team_042,mission_close,2026-01-19T09:23:57.000Z,start,uav_1,uav,search_and_rescue_uav_ugv_team_042_exec_13,inprogress,90.1,54.83,47.65,20.34,null,null,null,null,null
search_and_rescue_uav_ugv_team_042,mission_close,2026-01-19T09:24:33.000Z,complete,uav_1,uav,search_and_rescue_uav_ugv_team_042_exec_13,done,89.6,54.83,47.65,20.34,null,null,null,null,null
search_and_rescue_uav_ugv_team_042,mission_close,2026-01-19T09:24:34.000Z,start,ugv_1,ugv,search_and_rescue_uav_ugv_team_042_exec_14,inprogress,83.8,10.0,10.0,0.0,null,null,null,null,null
search_and_rescue_uav_ugv_team_042,mission_close,2026-01-19T09:25:04.000Z,complete,ugv_1,ugv,search_and_rescue_uav_ugv_team_042_exec_14,done,83.3,10.0,10.0,0.0,null,null,null,null,null
search_and_rescue_uav_ugv_team_043,dispatch,2026-01-19T09:45:00.000Z,start,uav_1,uav,search_and_rescue_uav_ugv_team_043_exec_1,inprogress,98.5,0.0,0.0,0.0,null,null,null,null,null
search_and_rescue_uav_ugv_team_043,dispatch,2026-01-19T09:45:26.000Z,complete,uav_1,uav,search_and_rescue_uav_ugv_team_043_exec_1,done,98.3,0.0,0.0,0.0,null,null,null,null,null
search_and_rescue_uav_ugv_team_043,dispatch,2026-01-19T09:45:27.000Z,start,ugv_1,ugv,search_and_rescue_uav_ugv_team_043_exec_2,inprogress,90.9,0.0,0.0,0.0,null,null,null,null,null
search_and_rescue_uav_ugv_team_043,dispatch,2026-01-19T09:45:49.000Z,complete,ugv_1,ugv,search_and_rescue_uav_ugv_team_043_exec_2,done,90.7,0.0,0.0,0.0,null,null,null,null,null
search_and_rescue_uav_ugv_team_043,takeoff,2026-01-19T09:45:50.000Z,start,uav_1,uav,search_and_rescue_uav_ugv_team_043_exec_3,inprogress,98.3,0.0,0.0,0.0,null,null,null,null,null
search_and_rescue_uav_ugv_team_043,takeoff,2026-01-19T09:46:19.000Z,complete,uav_1,uav,search_and_rescue_uav_ugv_team_043_exec_3,done,97.3,0.0,0.0,5.0,null,null,null,null,null
search_and_rescue_uav_ugv_team_043,scan_sector,2026-01-19T09:46:20.000Z,start,uav_1,uav,search_and_rescue_uav_ugv_team_043_exec_4,inprogress,97.3,0.0,0.0,5.0,null,null,null,null,null
search_and_rescue_uav_ugv_team_043,scan_sector,2026-01-19T09:46:50.000Z,null,uav_1,uav,search_and_rescue_uav_ugv_team_043_exec_4,inprogress,96.6,5.39,7.59,6.86,null,null,null,null,null
search_and_rescue_uav_ugv_team_043,scan_sector,2026-01-19T09:47:20.000Z,null,uav_1,uav,search_and_rescue_uav_ugv_team_043_exec_4,inprogress,95.8,10.78,15.18,8.72,null,null,null,null,null
search_and_rescue_uav_ugv_team_043,scan_sector,2026-01-19T09:47:50.000Z,null,uav_1,uav,search_and_rescue_uav_ugv_team_043_exec_4,inprogress,95.1,16.18,22.76,10.58,null,null,null,null,null
search_and_rescue_uav_ugv_team_043,scan_sector,2026-01-19T09:48:20.000Z,null,uav_1,uav,search_and_rescue_uav_ugv_team_043_exec_4,inprogress,94.3,21.57,30.35,12.44,null,null,null,null,null
search_and_rescue_uav_ugv_team_043,scan_sector,2026-01-19T09:48:50.000Z,null,uav_1,uav,search_and_rescue_uav_ugv_team_043_exec_4,inprogress,93.6,26.96,37.94,14.3,null,null,null,null,null
search_and_rescue_uav_ugv_team_043,scan_sector,2026-01-19T09:49:20.000Z,null,uav_1,uav,search_and_rescue_uav_ugv_team_043_exec_4,inprogress,92.8,32.35,45.53,16.15,null,null,null,null,null
search_and_rescue_uav_ugv_team_043,scan_sector,2026-01-19T09:49:50.000Z,null,uav_1,uav,search_and_rescue_uav_ugv_team_043_exec_4,inprogress,92.1,37.75,53.11,18.01,null,null,null,null,null
search_and_rescue_uav_ugv_team_043,scan_sector,2026-01-19T09:50:20.000Z,complete,uav_1,uav,search_and_rescue_uav_ugv_team_043_exec_4,done,91.3,43.14,60.7,19.87,null,null,null,null,null
search_and_rescue_uav_ugv_team_043,detect_victim,2026-01-19T09:50:21.000Z,start,uav_1,uav,search_and_rescue_uav_ugv_team_043_exec_5,inprogress,91.3,43.14,60.7,19.87,null,null,null,null,null
search_and_rescue_uav_ugv_team_043,detect_victim,2026-01-19T09:50:36.000Z,complete,uav_1,uav,search_and_rescue_uav_ugv_team_043_exec_5,done,90.9,43.14,60.7,19.87,null,null,null,null,null
search_and_rescue_uav_ugv_team_043,send_coordinates,2026-01-19T09:50:37.000Z,start,uav_1,uav,search_and_rescue_uav_ugv_team_043_exec_6,inprogress,90.9,43.14,60.7,19.87,msg_8ac437c714,victim coordinates and severity,send,uav_1,ugv_1
search_and_rescue_uav_ugv_team_043,send_coordinates,2026-01-19T09:50:45.000Z,complete,uav_1,uav,search_and_rescue_uav_ugv_team_043_exec_6,done,90.7,43.14,60.7,19.87,msg_8ac437c714,victim coordinates and severity,send,uav_1,ugv_1
search_and_rescue_uav_ugv_team_043,receive_coordinates,2026-01-19T09:50:51.000Z,start,ugv_1,ugv,search_and_rescue_uav_ugv_team_043_exec_7,inprogress,90.7,0.0,0.0,0.0,msg_8ac437c714,victim coordinates and severity,receive,uav_1,ugv_1
search_and_rescue_uav_ugv_team_043,receive_coordinates,2026-01-19T09:50:55.000Z,complete,ugv_1,ugv,search_and_rescue_uav_ugv_team_043_exec_7,done,90.6,0.0,0.0,0.0,msg_8ac437c714,victim coordinates and severity,receive,uav_1,ugv_1
search_and_rescue_uav_ugv_team_043,navigate_to_victim,2026-01-19T09:50:56.000Z,start,ugv_1,ugv,search_and_rescue_uav_ugv_team_043_exec_8,inprogress,90.6,0.0,0.0,0.0,null,null,null,null,null
search_and_rescue_uav_ugv_team_043,navigate_to_victim,2026-01-19T09:52:32.000Z,null,ugv_1,ugv,search_and_rescue_uav_ugv_team_043_exec_8,inprogress,89.1,9.74,16.12,0.0,null,null,null,null,null
search_and_rescue_uav_ugv_team_043,navigate_to_victim,2026-01-19T09:54:08.000Z,null,ugv_1,ugv,search_and_rescue_uav_ugv_team_043_exec_8,inprogress,87.5,19.47,32.23,0.0,null,null,null,null,null
search_and_rescue_uav_ugv_team_043,navigate_to_victim,2026-01-19T09:55:44.000Z,null,ugv_1,ugv,search_and_rescue_uav_ugv_team_043_exec_8,inprogress,86.0,29.21,48.35,0.0,null,null,null,null,null
search_and_rescue_uav_ugv_team_043,navigate_to_victim,2026-01-19T09:57:22.000Z,complete,ugv_1,ugv,search_and_rescue_uav_ugv_team_043_exec_8,done,84.5,38.95,64.47,0.0,null,null,null,null,null
search_and_rescue_uav_ugv_team_043,stabilize_area,2026-01-19T09:57:23.000Z,start,ugv_1,ugv,search_and_rescue_uav_ugv_team_043_exec_9,inprogress,84.5,38.95,64.47,0.0,null,null,null,null,null
search_and_rescue_uav_ugv_team_043,stabilize_area,2026-01-19T09:58:18.000Z,null,ugv_1,ugv,search_and_rescue_uav_ugv_team_043_exec_9,inprogress,83.7,38.95,64.47,0.0,null,null,null,null,null
search_and_rescue_uav_ugv_team_043,stabilize_area,2026-01-19T09:59:13.000Z,null,ugv_1,ugv,search_and_rescue_uav_ugv_team_043_exec_9,inprogress,82.9,38.95,64.47,0.0,null,null,null,null,null
search_and_rescue_uav_ugv_team_043,stabilize_area,2026-01-19T10:00:08.000Z,complete,ugv_1,ugv,search_and_rescue_uav_ugv_team_043_exec_9,done,82.2,38.95,64.47,0.0,null,null,null,null,null
search_and_rescue_uav_ugv_team_043,send_acknowledgment,2026-01-19T10:00:09.000Z,start,ugv_1,ugv,search_and_rescue_uav_ugv_team_043_exec_10,inprogress,82.2,38.95,64.47,0.0,msg_be30eff12d,area stabilized and escort starting,send,ugv_1,uav_1
search_and_rescue_uav_ugv_team_043,send_acknowledgment,2026-01-19T10:00:15.000Z,complete,ugv_1,ugv,search_and_rescue_uav_ugv_team_043_exec_10,done,82.0,38.95,64.47,0.0,msg_be30eff12d,area stabilized and escort starting,send,ugv_1,uav_1
search_and_rescue_uav_ugv_team_043,receive_acknowledgment,2026-01-19T10:00:20.000Z,start,uav_1,uav,search_and_rescue_uav_ugv_team_043_exec_11,inprogress,90.7,43.14,60.7,19.87,msg_be30eff12d,area stabilized and escort starting,receive,ugv_1,uav_1
search_and_rescue_uav_ugv_team_043,receive_acknowledgment,2026-01-19T10:00:24.000Z,complete,uav_1,uav,search_and_rescue_uav_ugv_team_043_exec_11,done,90.6,43.14,60.7,19.87,msg_be30eff12d,area stabilized and escort starting,receive,ugv_1,uav_1
search_and_rescue_uav_ugv_team_043,escort,2026-01-19T10:00:25.000Z,start,ugv_1,ugv,search_and_rescue_uav_ugv_team_043_exec_12,inprogress,82.0,38.95,64.47,0.0,null,null,null,null,null
search_and_rescue_uav_ugv_team_043,escort,2026-01-19T10:01:20.000Z,null,ugv_1,ugv,search_and_rescue_uav_ugv_team_043_exec_12,inprogress,81.1,33.16,53.57,0.0,null,null,null,null,null
search_and_rescue_uav_ugv_team_043,escort,2026-01-19T10:02:15.000Z,null,ugv_1,ugv,search_and_rescue_uav_ugv_team_043_exec_12,inprogress,80.2,27.37,42.68,0.0,null,null,null,null,null
search_and_rescue_uav_ugv_team_043,escort,2026-01-19T10:03:10.000Z,null,ugv_1,ugv,search_and_rescue_uav_ugv_team_043_exec_12,inprogress,79.4,21.58,31.79,0.0,null,null,null,null,null
search_and_rescue_uav_ugv_team_043,escort,2026-01-19T10:04:05.000Z,null,ugv_1,ugv,search_and_rescue_uav_ugv_team_043_exec_12,inprogress,78.5,15.79,20.89,0.0,null,null,null,null,null
search_and_rescue_uav_ugv_team_043,escort,2026-01-19T10:05:01.000Z,complete,ugv_1,ugv,search_and_rescue_uav_ugv_team_043_exec_12,done,77.6,10.0,10.0,0.0,null,null,null,null,null
search_and_rescue_uav_ugv_team_043,mission_close,2026-01-19T10:05:02.000Z,start,uav_1,uav,search_and_rescue_uav_ugv_team_043_exec_13,inprogress,90.6,43.14,60.7,19.87,null,null,null,null,null
search_and_rescue_uav_ugv_team_043,mission_close,2026-01-19T10:05:22.000Z,complete,uav_1,uav,search_and_rescue_uav_ugv_team_043_exec_13,done,90.3,43.14,60.7,19.87,null,null,null,null,null
search_and_rescue_uav_ugv_team_043,mission_close,2026-01-19T10:05:23.000Z,start,ugv_1,ugv,search_and_rescue_uav_ugv_team_043_exec_14,inprogress,77.6,10.0,10.0,0.0,null,null,null,null,null
search_and_rescue_uav_ugv_team_043,mission_close,2026-01-19T10:05:54.000Z,complete,ugv_1,ugv,search_and_rescue_uav_ugv_team_043_exec_14,done,77.1,10.0,10.0,0.0,null,null,null,null,null
search_and_rescue_uav_ugv_team_044,dispatch,2026-01-19T10:25:00.000Z,start,uav_1,uav,search_and_rescue_uav_ugv_team_044_exec_1,inprogress,84.4,0.0,0.0,0.0,null,null,null,null,null
search_and_rescue_uav_ugv_team_044,dispatch,2026-01-19T10:25:12.000Z,complete,uav_1,uav,search_and_rescue_uav_ugv_team_044_exec_1,done,84.2,0.0,0.0,0.0,null,null,null,null,null
search_and_rescue_uav_ugv_team_044,dispatch,2026-01-19T10:25:13.000Z,start,ugv_1,ugv,search_and_rescue_uav_ugv_team_044_exec_2,inprogress,80.5,0.0,0.0,0.0,null,null,null,null,null
search_and_rescue_uav_ugv_team_044,dispatch,2026-01-19T10:25:36.000Z,complete,ugv_1,ugv,search_and_rescue_uav_ugv_team_044_exec_2,done,80.4,0.0,0.0,0.0,null,null,null,null,null
search_and_rescue_uav_ugv_team_044,takeoff,2026-01-19T10:25:37.000Z,start,uav_1,uav,search_and_rescue_uav_ugv_team_044_exec_3,inprogress,84.2,0.0,0.0,0.0,null,null,null,null,null
search_and_rescue_uav_ugv_team_044,takeoff,2026-01-19T10:26:11.000Z,complete,uav_1,uav,search_and_rescue_uav_ugv_team_044_exec_3,done,83.4,0.0,0.0,5.0,null,null,null,null,null
search_and_rescue_uav_ugv_team_044,scan_sector,2026-01-19T10:26:12.000Z,start,uav_1,uav,search_and_rescue_uav_ugv_team_044_exec_4,inprogress,83.4,0.0,0.0,5.0,null,null,null,null,null
search_and_rescue_uav_ugv_team_044,scan_sector,2026-01-19T10:27:18.000Z,null,uav_1,uav,search_and_rescue_uav_ugv_team_044_exec_4,inprogress,81.9,12.47,5.21,10.34,null,null,null,null,null
search_and_rescue_uav_ugv_team_044,scan_sector,2026-01-19T10:28:24.000Z,null,uav_1,uav,search_and_rescue_uav_ugv_team_044_exec_4,inprogress,80.5,24.93,10.42,15.69,null,null,null,null,null
search_and_rescue_uav_ugv_team_044,scan_sector,2026-01-19T10:29:30.000Z,null,uav_1,uav,search_and_rescue_uav_ugv_team_044_exec_4,inprogress,79.0,37.4,15.63,21.03,null,null,null,null,null
search_and_rescue_uav_ugv_team_044,scan_sector,2026-01-19T10:30:36.000Z,null,uav_1,uav,search_and_rescue_uav_ugv_team_044_exec_4,inprogress,77.5,49.87,20.85,26.38,null,null,null,null,null
search_and_rescue_uav_ugv_team_044,scan_sector,2026-01-19T10:31:44.000Z,complete,uav_1,uav,search_and_rescue_uav_ugv_team_044_exec_4,done,76.0,62.34,26.06,31.72,null,null,null,null,null
search_and_rescue_uav_ugv_team_044,detect_victim,2026-01-19T10:31:45.000Z,start,uav_1,uav,search_and_rescue_uav_ugv_team_044_exec_5,inprogress,76.0,62.34,26.06,31.72,null,null,null,null,null
search_and_rescue_uav_ugv_team_044,detect_victim,2026-01-19T10:32:19.000Z,complete,uav_1,uav,search_and_rescue_uav_ugv_team_044_exec_5,done,75.7,62.34,26.06,31.72,null,null,null,null,null
search_and_rescue_uav_ugv_team_044,send_coordinates,2026-01-19T10:32:20.000Z,start,uav_1,uav,search_and_rescue_uav_ugv_team_044_exec_6,inprogress,75.7,62.34,26.06,31.72,msg_d74a8bc348,victim coordinates and severity,send,uav_1,ugv_1
search_and_rescue_uav_ugv_team_044,send_coordinates,2026-01-19T10:32:28.000Z,complete,uav_1,uav,search_and_rescue_uav_ugv_team_044_exec_6,done,75.5,62.34,26.06,31.72,msg_d74a8bc348,victim coordinates and severity,send,uav_1,ugv_1
search_and_rescue_uav_ugv_team_044,receive_coordinates,2026-01-19T10:32:34.000Z,start,ugv_1,ugv,search_and_rescue_uav_ugv_team_044_exec_7,inprogress,80.4,0.0,0.0,0.0,msg_d74a8bc348,victim coordinates and severity,receive,uav_1,ugv_1
search_and_rescue_uav_ugv_team_044,receive_coordinates,2026-01-19T10:32:38.000Z,complete,ugv_1,ugv,search_and_rescue_uav_ugv_team_044_exec_7,done,80.3,0.0,0.0,0.0,msg_d74a8bc348,victim coordinates and severity,receive,uav_1,ugv_1
search_and_rescue_uav_ugv_team_044,navigate_to_victim,2026-01-19T10:32:39.000Z,start,ugv_1,ugv,search_and_rescue_uav_ugv_team_044_exec_8,inprogress,80.3,0.0,0.0,0.0,null,null,null,null,null
search_and_rescue_uav_ugv_team_044,navigate_to_victim,2026-01-19T10:33:32.000Z,null,ugv_1,ugv,search_and_rescue_uav_ugv_team_044_exec_8,inprogress,79.4,12.47,4.55,0.0,null,null,null,null,null
search_and_rescue_uav_ugv_team_044,navigate_to_victim,2026-01-19T10:34:25.000Z,null,ugv_1,ugv,search_and_rescue_uav_ugv_team_044_exec_8,inprogress,78.6,24.94,9.1,0.0,null,null,null,null,null
search_and_rescue_uav_ugv_team_044,navigate_to_victim,2026-01-19T10:35:18.000Z,null,ugv_1,ugv,search_and_rescue_uav_ugv_team_044_exec_8,inprogress,77.7,37.4,13.66,0.0,null,null,null,null,null
search_and_rescue_uav_ugv_team_044,navigate_to_victim,2026-01-19T10:36:11.000Z,null,ugv_1,ugv,search_and_rescue_uav_ugv_team_044_exec_8,inprogress,76.9,49.87,18.21,0.0,null,null,null,null,null
search_and_rescue_uav_ugv_team_044,navigate_to_victim,2026-01-19T10:37:08.000Z,complete,ugv_1,ugv,search_and_rescue_uav_ugv_team_044_exec_8,done,76.0,62.34,22.76,0.0,null,null,null,null,null
search_and_rescue_uav_ugv_team_044,stabilize_area,2026-01-19T10:37:09.000Z,start,ugv_1,ugv,search_and_rescue_uav_ugv_team_044_exec_9,inprogress,76.0,62.34,22.76,0.0,null,null,null,null,null
search_and_rescue_uav_ugv_team_044,stabilize_area,2026-01-19T10:37:33.000Z,null,ugv_1,ugv,search_and_rescue_uav_ugv_team_044_exec_9,inprogress,75.7,62.34,22.76,0.0,null,null,null,null,null
search_and_rescue_uav_ugv_team_044,stabilize_area,2026-01-19T10:37:57.000Z,null,ugv_1,ugv,search_and_rescue_uav_ugv_team_044_exec_9,inprogress,75.4,62.34,22.76,0.0,null,null,null,null,null
search_and_rescue_uav_ugv_team_044,stabilize_area,2026-01-19T10:38:21.000Z,null,ugv_1,ugv,search_and_rescue_uav_ugv_team_044_exec_9,inprogress,75.1,62.34,22.76,0.0,null,null,null,null,null
search_and_rescue_uav_ugv_team_044,stabilize_area,2026-01-19T10:38:45.000Z,complete,ugv_1,ugv,search_and_rescue_uav_ugv_team_044_exec_9,done,74.7,62.34,22.76,0.0,null,null,null,null,null
search_and_rescue_uav_ugv_team_044,send_acknowledgment,2026-01-19T10:38:46.000Z,start,ugv_1,ugv,search_and_rescue_uav_ugv_team_044_exec_10,inprogress,74.7,62.34,22.76,0.0,msg_3a7edbb64d,area stabilized and escort starting,send,ugv_1,uav_1
search_and_rescue_uav_ugv_team_044,send_acknowledgment,2026-01-19T10:38:52.000Z,complete,ugv_1,ugv,search_and_rescue_uav_ugv_team_044_exec_10,done,74.5,62.34,22.76,0.0,msg_3a7edbb64d,area stabilized and escort starting,send,ugv_1,uav_1
search_and_rescue_uav_ugv_team_044,receive_acknowledgment,2026-01-19T10:38:57.000Z,start,uav_1,uav,search_and_rescue_uav_ugv_team_044_exec_11,inprogress,75.5,62.34,26.06,31.72,msg_3a7edbb64d,area stabilized and escort starting,receive,ugv_1,uav_1
search_and_rescue_uav_ugv_team_044,receive_acknowledgment,2026-01-19T10:39:01.000Z,complete,uav_1,uav,search_and_rescue_uav_ugv_team_044_exec_11,done,75.4,62.34,26.06,31.72,msg_3a7edbb64d,area stabilized and escort starting,receive,ugv_1,uav_1
search_and_rescue_uav_ugv_team_044,escort,2026-01-19T10:39:02.000Z,start,ugv_1,ugv,search_and_rescue_uav_ugv_team_044_exec_12,inprogress,74.5,62.34,22.76,0.0,null,null,null,null,null
search_and_rescue_uav_ugv_team_044,escort,2026-01-19T10:39:49.000Z,null,ugv_1,ugv,search_and_rescue_uav_ugv_team_044_exec_12,inprogress,73.8,51.87,20.21,0.0,null,null,null,null,null
search_and_rescue_uav_ugv_team_044,escort,2026-01-19T10:40:36.000Z,null,ugv_1,ugv,search_and_rescue_uav_ugv_team_044_exec_12,inprogress,73.1,41.4,17.66,0.0,null,null,null,null,null
search_and_rescue_uav_ugv_team_044,escort,2026-01-19T10:41:23.000Z,null,ugv_1,ugv,search_and_rescue_uav_ugv_team_044_exec_12,inprogress,72.3,30.94,15.1,0.0,null,null,null,null,null
search_and_rescue_uav_ugv_team_044,escort,2026-01-19T10:42:10.000Z,null,ugv_1,ugv,search_and_rescue_uav_ugv_team_044_exec_12,inprogress,71.6,20.47,12.55,0.0,null,null,null,null,null
search_and_rescue_uav_ugv_team_044,escort,2026-01-19T10:43:00.000Z,complete,ugv_1,ugv,search_and_rescue_uav_ugv_team_044_exec_12,done,70.9,10.0,10.0,0.0,null,null,null,null,null
search_and_rescue_uav_ugv_team_044,mission_close,2026-01-19T10:43:01.000Z,start,uav_1,uav,search_and_rescue_uav_ugv_team_044_exec_13,inprogress,75.4,62.34,26.06,31.72,null,null,null,null,null
search_and_rescue_uav_ugv_team_044,mission_close,2026-01-19T10:43:21.000Z,complete,uav_1,uav,search_and_rescue_uav_ugv_team_044_exec_13,done,74.9,62.34,26.06,31.72,null,null,null,null,null
search_and_rescue_uav_ugv_team_044,mission_close,2026-01-19T10:43:22.000Z,start,ugv_1,ugv,search_and_rescue_uav_ugv_team_044_exec_14,inprogress,70.9,10.0,10.0,0.0,null,null,null,null,null
search_and_rescue_uav_ugv_team_044,mission_close,2026-01-19T10:43:59.000Z,complete,ugv_1,ugv,search_and_rescue_uav_ugv_team_044_exec_14,done,70.5,10.0,10.0,0.0,null,null,null,null,null
search_and_rescue_uav_ugv_team_045,dispatch,2026-01-19T11:05:00.000Z,start,uav_1,uav,search_and_rescue_uav_ugv_team_045_exec_1,inprogress,91.1,0.0,0.0,0.0,null,null,null,null,null
search_and_rescue_uav_ugv_team_045,dispatch,2026-01-19T11:05:12.000Z,complete,uav_1,uav,search_and_rescue_uav_ugv_team_045_exec_1,done,90.8,0.0,0.0,0.0,null,null,null,null,null
search_and_rescue_uav_ugv_team_045,dispatch,2026-01-19T11:05:13.000Z,start,ugv_1,ugv,search_and_rescue_uav_ugv_team_045_exec_2,inprogress,97.1,0.0,0.0,0.0,null,null,null,null,null
search_and_rescue_uav_ugv_team_045,dispatch,2026-01-19T11:05:26.000Z,complete,ugv_1,ugv,search_and_rescue_uav_ugv_team_045_exec_2,done,96.8,0.0,0.0,0.0,null,null,null,null,null
search_and_rescue_uav_ugv_team_045,takeoff,2026-01-19T11:05:27.000Z,start,uav_1,uav,search_and_rescue_uav_ugv_team_045_exec_3,inprogress,90.8,0.0,0.0,0.0,null,null,null,null,null
search_and_rescue_uav_ugv_team_045,takeoff,2026-01-19T11:05:52.000Z,complete,uav_1,uav,search_and_rescue_uav_ugv_team_045_exec_3,done,90.1,0.0,0.0,5.0,null,null,null,null,null
search_and_rescue_uav_ugv_team_045,scan_sector,2026-01-19T11:05:53.000Z,start,uav_1,uav,search_and_rescue_uav_ugv_team_045_exec_4,inprogress,90.1,0.0,0.0,5.0,null,null,null,null,null
search_and_rescue_uav_ugv_team_045,scan_sector,2026-01-19T11:06:37.000Z,null,uav_1,uav,search_and_rescue_uav_ugv_team_045_exec_4,inprogress,89.1,8.73,3.59,7.82,null,null,null,null,null
search_and_rescue_uav_ugv_team_045,scan_sector,2026-01-19T11:07:21.000Z,null,uav_1,uav,search_and_rescue_uav_ugv_team_045_exec_4,inprogress,88.2,17.45,7.18,10.63,null,null,null,null,null
search_and_rescue_uav_ugv_team_045,scan_sector,2026-01-19T11:08:05.000Z,null,uav_1,uav,search_and_rescue_uav_ugv_team_045_exec_4,inprogress,87.2,26.18,10.76,13.45,null,null,null,null,null
search_and_rescue_uav_ugv_team_045,scan_sector,2026-01-19T11:08:49.000Z,null,uav_1,uav,search_and_rescue_uav_ugv_team_045_exec_4,inprogress,86.2,34.9,14.35,16.26,null,null,null,null,null
search_and_rescue_uav_ugv_team_045,scan_sector,2026-01-19T11:09:33.000Z,null,uav_1,uav,search_and_rescue_uav_ugv_team_045_exec_4,inprogress,85.2,43.63,17.94,19.08,null,null,null,null,null
search_and_rescue_uav_ugv_team_045,scan_sector,2026-01-19T11:10:17.000Z,null,uav_1,uav,search_and_rescue_uav_ugv_team_045_exec_4,inprogress,84.3,52.35,21.53,21.89,null,null,null,null,null
search_and_rescue_uav_ugv_team_045,scan_sector,2026-01-19T11:11:01.000Z,null,uav_1,uav,search_and_rescue_uav_ugv_team_045_exec_4,inprogress,83.3,61.08,25.11,24.71,null,null,null,null,null
search_and_rescue_uav_ugv_team_045,scan_sector,2026-01-19T11:11:52.000Z,complete,uav_1,uav,search_and_rescue_uav_ugv_team_045_exec_4,done,82.3,69.8,28.7,27.52,null,null,null,null,null
search_and_rescue_uav_ugv_team_045,detect_victim,2026-01-19T11:11:53.000Z,start,uav_1,uav,search_and_rescue_uav_ugv_team_045_exec_5,inprogress,82.3,69.8,28.7,27.52,null,null,null,null,null
search_and_rescue_uav_ugv_team_045,detect_victim,2026-01-19T11:12:09.000Z,complete,uav_1,uav,search_and_rescue_uav_ugv_team_045_exec_5,done,81.8,69.8,28.7,27.52,null,null,null,null,null
search_and_rescue_uav_ugv_team_045,send_coordinates,2026-01-19T11:12:10.000Z,start,uav_1,uav,search_and_rescue_uav_ugv_team_045_exec_6,inprogress,81.8,69.8,28.7,27.52,msg_8793077304,victim coordinates and severity,send,uav_1,ugv_1
search_and_rescue_uav_ugv_team_045,send_coordinates,2026-01-19T11:12:14.000Z,complete,uav_1,uav,search_and_rescue_uav_ugv_team_045_exec_6,done,81.6,69.8,28.7,27.52,msg_8793077304,victim coordinates and severity,send,uav_1,ugv_1
search_and_rescue_uav_ugv_team_045,receive_coordinates,2026-01-19T11:12:20.000Z,start,ugv_1,ugv,search_and_rescue_uav_ugv_team_045_exec_7,inprogress,96.8,0.0,0.0,0.0,msg_8793077304,victim coordinates and severity,receive,uav_1,ugv_1
search_and_rescue_uav_ugv_team_045,receive_coordinates,2026-01-19T11:12:24.000Z,complete,ugv_1,ugv,search_and_rescue_uav_ugv_team_045_exec_7,done,96.7,0.0,0.0,0.0,msg_8793077304,victim coordinates and severity,receive,uav_1,ugv_1
search_and_rescue_uav_ugv_team_045,navigate_to_victim,2026-01-19T11:12:25.000Z,start,ugv_1,ugv,search_and_rescue_uav_ugv_team_045_exec_8,inprogress,96.7,0.0,0.0,0.0,null,null,null,null,null
search_and_rescue_uav_ugv_team_045,navigate_to_victim,2026-01-19T11:13:56.000Z,null,ugv_1,ugv,search_and_rescue_uav_ugv_team_045_exec_8,inprogress,94.7,17.18,6.76,0.0,null,null,null,null,null
search_and_rescue_uav_ugv_team_045,navigate_to_victim,2026-01-19T11:15:27.000Z,null,ugv_1,ugv,search_and_rescue_uav_ugv_team_045_exec_8,inprogress,92.7,34.36,13.52,0.0,null,null,null,null,null
search_and_rescue_uav_ugv_team_045,navigate_to_victim,2026-01-19T11:16:58.000Z,null,ugv_1,ugv,search_and_rescue_uav_ugv_team_045_exec_8,inprogress,90.7,51.54,20.29,0.0,null,null,null,null,null
search_and_rescue_uav_ugv_team_045,navigate_to_victim,2026-01-19T11:18:31.000Z,complete,ugv_1,ugv,search_and_rescue_uav_ugv_team_045_exec_8,done,88.7,68.72,27.05,0.0,null,null,null,null,null
search_and_rescue_uav_ugv_team_045,stabilize_area,2026-01-19T11:18:32.000Z,start,ugv_1,ugv,search_and_rescue_uav_ugv_team_045_exec_9,inprogress,88.7,68.72,27.05,0.0,null,null,null,null,null
search_and_rescue_uav_ugv_team_045,stabilize_area,2026-01-19T11:18:59.000Z,null,ugv_1,ugv,search_and_rescue_uav_ugv_team_045_exec_9,inprogress,88.3,68.72,27.05,0.0,null,null,null,null,null
search_and_rescue_uav_ugv_team_045,stabilize_area,2026-01-19T11:19:26.000Z,null,ugv_1,ugv,search_and_rescue_uav_ugv_team_045_exec_9,inprogress,87.8,68.72,27.05,0.0,null,null,null,null,null
search_and_rescue_uav_ugv_team_045,stabilize_area,2026-01-19T11:19:53.000Z,null,ugv_1,ugv,search_and_rescue_uav_ugv_team_045_exec_9,inprogress,87.3,68.72,27.05,0.0,null,null,null,null,null
search_and_rescue_uav_ugv_team_045,stabilize_area,2026-01-19T11:20:20.000Z,complete,ugv_1,ugv,search_and_rescue_uav_ugv_team_045_exec_9,done,86.9,68.72,27.05,0.0,null,null,null,null,null
search_and_rescue_uav_ugv_team_045,send_acknowledgment,2026-01-19T11:20:21.000Z,start,ugv_1,ugv,search_and_rescue_uav_ugv_team_045_exec_10,inprogress,86.9,68.72,27.05,0.0,msg_8ac1b8b356,area stabilized and escort starting,send,ugv_1,uav_1
search_and_rescue_uav_ugv_team_045,send_acknowledgment,2026-01-19T11:20:25.000Z,complete,ugv_1,ugv,search_and_rescue_uav_ugv_team_045_exec_10,done,86.7,68.72,27.05,0.0,msg_8ac1b8b356,area stabilized and escort starting,send,ugv_1,uav_1
search_and_rescue_uav_ugv_team_045,receive_acknowledgment,2026-01-19T11:20:30.000Z,start,uav_1,uav,search_and_rescue_uav_ugv_team_045_exec_11,inprogress,81.6,69.8,28.7,27.52,msg_8ac1b8b356,area stabilized and escort starting,receive,ugv_1,uav_1
search_and_rescue_uav_ugv_team_045,receive_acknowledgment,2026-01-19T11:20:34.000Z,complete,uav_1,uav,search_and_rescue_uav_ugv_team_045_exec_11,done,81.5,69.8,28.7,27.52,msg_8ac1b8b356,area stabilized and escort starting,receive,ugv_1,uav_1
search_and_rescue_uav_ugv_team_045,escort,2026-01-19T11:20:35.000Z,start,ugv_1,ugv,search_and_rescue_uav_ugv_team_045_exec_12,inprogress,86.7,68.72,27.05,0.0,null,null,null,null,null
search_and_rescue_uav_ugv_team_045,escort,2026-01-19T11:21:35.000Z,null,ugv_1,ugv,search_and_rescue_uav_ugv_team_045_exec_12,inprogress,85.8,54.04,22.79,0.0,null,null,null,null,null
search_and_rescue_uav_ugv_team_045,escort,2026-01-19T11:22:35.000Z,null,ugv_1,ugv,search_and_rescue_uav_ugv_team_045_exec_12,inprogress,84.9,39.36,18.52,0.0,null,null,null,null,null
search_and_rescue_uav_ugv_team_045,escort,2026-01-19T11:23:35.000Z,null,ugv_1,ugv,search_and_rescue_uav_ugv_team_045_exec_12,inprogress,84.0,24.68,14.26,0.0,null,null,null,null,null
search_and_rescue_uav_ugv_team_045,escort,2026-01-19T11:24:38.000Z,complete,ugv_1,ugv,search_and_rescue_uav_ugv_team_045_exec_12,done,83.1,10.0,10.0,0.0,null,null,null,null,null
search_and_rescue_uav_ugv_team_045,mission_close,2026-01-19T11:24:39.000Z,start,uav_1,uav,search_and_rescue_uav_ugv_team_045_exec_13,inprogress,81.5,69.8,28.7,27.52,null,null,null,null,null
search_and_rescue_uav_ugv_team_045,mission_close,2026-01-19T11:25:08.000Z,complete,uav_1,uav,search_and_rescue_uav_ugv_team_045_exec_13,done,81.2,69.8,28.7,27.52,null,null,null,null,null
search_and_rescue_uav_ugv_team_045,mission_close,2026-01-19T11:25:09.000Z,start,ugv_1,ugv,search_and_rescue_uav_ugv_team_045_exec_14,inprogress,83.1,10.0,10.0,0.0,null,null,null,null,null
search_and_rescue_uav_ugv_team_045,mission_close,2026-01-19T11:25:49.000Z,complete,ugv_1,ugv,search_and_rescue_uav_ugv_team_045_exec_14,done,82.9,10.0,10.0,0.0,null,null,null,null,null
search_and_rescue_uav_ugv_team_046,dispatch,2026-01-19T11:45:00.000Z,start,uav_1,uav,search_and_rescue_uav_ugv_team_046_exec_1,inprogress,85.4,0.0,0.0,0.0,null,null,null,null,null
search_and_rescue_uav_ugv_team_046,dispatch,2026-01-19T11:45:22.000Z,complete,uav_1,uav,search_and_rescue_uav_ugv_team_046_exec_1,done,85.2,0.0,0.0,0.0,null,null,null,null,null
search_and_rescue_uav_ugv_team_046,dispatch,2026-01-19T11:45:23.000Z,start,ugv_1,ugv,search_and_rescue_uav_ugv_team_046_exec_2,inprogress,95.2,0.0,0.0,0.0,null,null,null,null,null
search_and_rescue_uav_ugv_team_046,dispatch,2026-01-19T11:45:42.000Z,complete,ugv_1,ugv,search_and_rescue_uav_ugv_team_046_exec_2,done,95.1,0.0,0.0,0.0,null,null,null,null,null
search_and_rescue_uav_ugv_team_046,takeoff,2026-01-19T11:45:43.000Z,start,uav_1,uav,search_and_rescue_uav_ugv_team_046_exec_3,inprogress,85.2,0.0,0.0,0.0,null,null,null,null,null
search_and_rescue_uav_ugv_team_046,takeoff,2026-01-19T11:46:05.000Z,complete,uav_1,uav,search_and_rescue_uav_ugv_team_046_exec_3,done,84.2,0.0,0.0,5.0,null,null,null,null,null
search_and_rescue_uav_ugv_team_046,scan_sector,2026-01-19T11:46:06.000Z,start,uav_1,uav,search_and_rescue_uav_ugv_team_046_exec_4,inprogress,84.2,0.0,0.0,5.0,null,null,null,null,null
search_and_rescue_uav_ugv_team_046,scan_sector,2026-01-19T11:47:06.000Z,null,uav_1,uav,search_and_rescue_uav_ugv_team_046_exec_4,inprogress,82.2,12.66,11.22,9.06,null,null,null,null,null
search_and_rescue_uav_ugv_team_046,scan_sector,2026-01-19T11:48:06.000Z,null,uav_1,uav,search_and_rescue_uav_ugv_team_046_exec_4,inprogress,80.2,25.32,22.43,13.11,null,null,null,null,null
search_and_rescue_uav_ugv_team_046,scan_sector,2026-01-19T11:49:06.000Z,null,uav_1,uav,search_and_rescue_uav_ugv_team_046_exec_4,inprogress,78.3,37.98,33.65,17.17,null,null,null,null,null
search_and_rescue_uav_ugv_team_046,scan_sector,2026-01-19T11:50:06.000Z,null,uav_1,uav,search_and_rescue_uav_ugv_team_046_exec_4,inprogress,76.3,50.64,44.87,21.22,null,null,null,null,null
search_and_rescue_uav_ugv_team_046,scan_sector,2026-01-19T11:51:06.000Z,complete,uav_1,uav,search_and_rescue_uav_ugv_team_046_exec_4,done,74.3,63.3,56.08,25.28,null,null,null,null,null
search_and_rescue_uav_ugv_team_046,detect_victim,2026-01-19T11:51:07.000Z,start,uav_1,uav,search_and_rescue_uav_ugv_team_046_exec_5,inprogress,74.3,63.3,56.08,25.28,null,null,null,null,null
search_and_rescue_uav_ugv_team_046,detect_victim,2026-01-19T11:51:41.000Z,complete,uav_1,uav,search_and_rescue_uav_ugv_team_046_exec_5,done,73.9,63.3,56.08,25.28,null,null,null,null,null
search_and_rescue_uav_ugv_team_046,send_coordinates,2026-01-19T11:51:42.000Z,start,uav_1,uav,search_and_rescue_uav_ugv_team_046_exec_6,inprogress,73.9,63.3,56.08,25.28,msg_a0b2a25d04,victim coordinates and severity,send,uav_1,ugv_1
search_and_rescue_uav_ugv_team_046,send_coordinates,2026-01-19T11:51:46.000Z,complete,uav_1,uav,search_and_rescue_uav_ugv_team_046_exec_6,done,73.7,63.3,56.08,25.28,msg_a0b2a25d04,victim coordinates and severity,send,uav_1,ugv_1
search_and_rescue_uav_ugv_team_046,receive_coordinates,2026-01-19T11:51:52.000Z,start,ugv_1,ugv,search_and_rescue_uav_ugv_team_046_exec_7,inprogress,95.1,0.0,0.0,0.0,msg_a0b2a25d04,victim coordinates and severity,receive,uav_1,ugv_1
search_and_rescue_uav_ugv_team_046,receive_coordinates,2026-01-19T11:51:56.000Z,complete,ugv_1,ugv,search_and_rescue_uav_ugv_team_046_exec_7,done,95.0,0.0,0.0,0.0,msg_a0b2a25d04,victim coordinates and severity,receive,uav_1,ugv_1
search_and_rescue_uav_ugv_team_046,navigate_to_victim,2026-01-19T11:51:57.000Z,start,ugv_1,ugv,search_and_rescue_uav_ugv_team_046_exec_8,inprogress,95.0,0.0,0.0,0.0,null,null,null,null,null
search_and_rescue_uav_ugv_team_046,navigate_to_victim,2026-01-19T11:52:38.000Z,null,ugv_1,ugv,search_and_rescue_uav_ugv_team_046_exec_8,inprogress,94.2,13.06,17.17,0.0,null,null,null,null,null
search_and_rescue_uav_ugv_team_046,navigate_to_victim,2026-01-19T11:53:19.000Z,null,ugv_1,ugv,search_and_rescue_uav_ugv_team_046_exec_8,inprogress,93.4,26.11,34.34,0.0,null,null,null,null,null
search_and_rescue_uav_ugv_team_046,navigate_to_victim,2026-01-19T11:54:00.000Z,null,ugv_1,ugv,search_and_rescue_uav_ugv_team_046_exec_8,inprogress,92.6,39.17,51.51,0.0,null,null,null,null,null
search_and_rescue_uav_ugv_team_046,navigate_to_victim,2026-01-19T11:54:44.000Z,complete,ugv_1,ugv,search_and_rescue_uav_ugv_team_046_exec_8,done,91.8,52.22,68.68,0.0,null,null,null,null,null
search_and_rescue_uav_ugv_team_046,reroute,2026-01-19T11:54:45.000Z,start,ugv_1,ugv,search_and_rescue_uav_ugv_team_046_exec_9,inprogress,91.8,52.22,68.68,0.0,null,null,null,null,null
search_and_rescue_uav_ugv_team_046,reroute,2026-01-19T11:55:19.000Z,null,ugv_1,ugv,search_and_rescue_uav_ugv_team_046_exec_9,inprogress,91.7,52.22,68.68,0.0,null,null,null,null,null
search_and_rescue_uav_ugv_team_046,reroute,2026-01-19T11:55:54.000Z,complete,ugv_1,ugv,search_and_rescue_uav_ugv_team_046_exec_9,done,91.5,52.22,68.68,0.0,null,null,null,null,null
search_and_rescue_uav_ugv_team_046,navigate_to_victim,2026-01-19T11:55:55.000Z,start,ugv_1,ugv,search_and_rescue_uav_ugv_team_046_exec_10,inprogress,91.5,52.22,68.68,0.0,null,null,null,null,null
search_and_rescue_uav_ugv_team_046,navigate_to_victim,2026-01-19T11:57:33.000Z,null,ugv_1,ugv,search_and_rescue_uav_ugv_team_046_exec_10,inprogress,89.9,54.68,66.5,0.0,null,null,null,null,null
search_and_rescue_uav_ugv_team_046,navigate_to_victim,2026-01-19T11:59:11.000Z,null,ugv_1,ugv,search_and_rescue_uav_ugv_team_046_exec_10,inprogress,88.4,57.15,64.33,0.0,null,null,null,null,null
search_and_rescue_uav_ugv_team_046,navigate_to_victim,2026-01-19T12:00:49.000Z,null,ugv_1,ugv,search_and_rescue_uav_ugv_team_046_exec_10,inprogress,86.8,59.61,62.16,0.0,null,null,null,null,null
search_and_rescue_uav_ugv_team_046,navigate_to_victim,2026-01-19T12:02:28.000Z,complete,ugv_1,ugv,search_and_rescue_uav_ugv_team_046_exec_10,done,85.3,62.07,59.98,0.0,null,null,null,null,null
search_and_rescue_uav_ugv_team_046,stabilize_area,2026-01-19T12:02:29.000Z,start,ugv_1,ugv,search_and_rescue_uav_ugv_team_046_exec_11,inprogress,85.3,62.07,59.98,0.0,null,null,null,null,null
search_and_rescue_uav_ugv_team_046,stabilize_area,2026-01-19T12:03:08.000Z,null,ugv_1,ugv,search_and_rescue_uav_ugv_team_046_exec_11,inprogress,84.7,62.07,59.98,0.0,null,null,null,null,null
search_and_rescue_uav_ugv_team_046,stabilize_area,2026-01-19T12:03:47.000Z,null,ugv_1,ugv,search_and_rescue_uav_ugv_team_046_exec_11,inprogress,84.0,62.07,59.98,0.0,null,null,null,null,null
search_and_rescue_uav_ugv_team_046,stabilize_area,2026-01-19T12:04:26.000Z,complete,ugv_1,ugv,search_and_rescue_uav_ugv_team_046_exec_11,done,83.4,62.07,59.98,0.0,null,null,null,null,null
search_and_rescue_uav_ugv_team_046,send_acknowledgment,2026-01-19T12:04:27.000Z,start,ugv_1,ugv,search_and_rescue_uav_ugv_team_046_exec_12,inprogress,83.4,62.07,59.98,0.0,msg_04f136ed39,area stabilized and escort starting,send,ugv_1,uav_1
search_and_rescue_uav_ugv_team_046,send_acknowledgment,2026-01-19T12:04:35.000Z,complete,ugv_1,ugv,search_and_rescue_uav_ugv_team_046_exec_12,done,83.2,62.07,59.98,0.0,msg_04f136ed39,area stabilized and escort starting,send,ugv_1,uav_1
search_and_rescue_uav_ugv_team_046,receive_acknowledgment,2026-01-19T12:04:40.000Z,start,uav_1,uav,search_and_rescue_uav_ugv_team_046_exec_13,inprogress,73.7,63.3,56.08,25.28,msg_04f136ed39,area stabilized and escort starting,receive,ugv_1,uav_1
search_and_rescue_uav_ugv_team_046,receive_acknowledgment,2026-01-19T12:04:44.000Z,complete,uav_1,uav,search_and_rescue_uav_ugv_team_046_exec_13,done,73.6,63.3,56.08,25.28,msg_04f136ed39,area stabilized and escort starting,receive,ugv_1,uav_1
search_and_rescue_uav_ugv_team_046,escort,2026-01-19T12:04:45.000Z,start,ugv_1,ugv,search_and_rescue_uav_ugv_team_046_exec_14,inprogress,83.2,62.07,59.98,0.0,null,null,null,null,null
search_and_rescue_uav_ugv_team_046,escort,2026-01-19T12:05:56.000Z,null,ugv_1,ugv,search_and_rescue_uav_ugv_team_046_exec_14,inprogress,81.7,49.06,47.49,0.0,null,null,null,null,null
search_and_rescue_uav_ugv_team_046,escort,2026-01-19T12:07:07.000Z,null,ugv_1,ugv,search_and_rescue_uav_ugv_team_046_exec_14,inprogress,80.2,36.04,34.99,0.0,null,null,null,null,null
search_and_rescue_uav_ugv_team_046,escort,2026-01-19T12:08:18.000Z,null,ugv_1,ugv,search_and_rescue_uav_ugv_team_046_exec_14,inprogress,78.7,23.02,22.5,0.0,null,null,null,null,null
search_and_rescue_uav_ugv_team_046,escort,2026-01-19T12:09:30.000Z,complete,ugv_1,ugv,search_and_rescue_uav_ugv_team_046_exec_14,done,77.2,10.0,10.0,0.0,null,null,null,null,null
search_and_rescue_uav_ugv_team_046,mission_close,2026-01-19T12:09:31.000Z,start,uav_1,uav,search_and_rescue_uav_ugv_team_046_exec_15,inprogress,73.6,63.3,56.08,25.28,null,null,null,null,null
search_and_rescue_uav_ugv_team_046,mission_close,2026-01-19T12:10:10.000Z,complete,uav_1,uav,search_and_rescue_uav_ugv_team_046_exec_15,done,73.4,63.3,56.08,25.28,null,null,null,null,null
search_and_rescue_uav_ugv_team_046,mission_close,2026-01-19T12:10:11.000Z,start,ugv_1,ugv,search_and_rescue_uav_ugv_team_046_exec_16,inprogress,77.2,10.0,10.0,0.0,null,null,null,null,null
search_and_rescue_uav_ugv_team_046,mission_close,2026-01-19T12:10:43.000Z,complete,ugv_1,ugv,search_and_rescue_uav_ugv_team_046_exec_16,done,76.9,10.0,10.0,0.0,null,null,null,null,null
search_and_rescue_uav_ugv_team_047,dispatch,2026-01-19T12:25:00.000Z,start,uav_1,uav,search_and_rescue_uav_ugv_team_047_exec_1,inprogress,84.0,0.0,0.0,0.0,null,null,null,null,null
search_and_rescue_uav_ugv_team_047,dispatch,2026-01-19T12:25:15.000Z,complete,uav_1,uav,search_and_rescue_uav_ugv_team_047_exec_1,done,83.8,0.0,0.0,0.0,null,null,null,null,null
search_and_rescue_uav_ugv_team_047,dispatch,2026-01-19T12:25:16.000Z,start,ugv_1,ugv,search_and_rescue_uav_ugv_team_047_exec_2,inprogress,90.5,0.0,0.0,0.0,null,null,null,null,null
search_and_rescue_uav_ugv_team_047,dispatch,2026-01-19T12:25:28.000Z,complete,ugv_1,ugv,search_and_rescue_uav_ugv_team_047_exec_2,done,90.3,0.0,0.0,0.0,null,null,null,null,null
search_and_rescue_uav_ugv_team_047,takeoff,2026-01-19T12:25:29.000Z,start,uav_1,uav,search_and_rescue_uav_ugv_team_047_exec_3,inprogress,83.8,0.0,0.0,0.0,null,null,null,null,null
search_and_rescue_uav_ugv_team_047,takeoff,2026-01-19T12:25:54.000Z,complete,uav_1,uav,search_and_rescue_uav_ugv_team_047_exec_3,done,83.1,0.0,0.0,5.0,null,null,null,null,null
search_and_rescue_uav_ugv_team_047,scan_sector,2026-01-19T12:25:55.000Z,start,uav_1,uav,search_and_rescue_uav_ugv_team_047_exec_4,inprogress,83.1,0.0,0.0,5.0,null,null,null,null,null
search_and_rescue_uav_ugv_team_047,scan_sector,2026-01-19T12:27:00.000Z,null,uav_1,uav,search_and_rescue_uav_ugv_team_047_exec_4,inprogress,81.3,5.72,2.6,8.83,null,null,null,null,null
search_and_rescue_uav_ugv_team_047,scan_sector,2026-01-19T12:28:05.000Z,null,uav_1,uav,search_and_rescue_uav_ugv_team_047_exec_4,inprogress,79.6,11.44,5.2,12.66,null,null,null,null,null
search_and_rescue_uav_ugv_team_047,scan_sector,2026-01-19T12:29:10.000Z,null,uav_1,uav,search_and_rescue_uav_ugv_team_047_exec_4,inprogress,77.8,17.16,7.81,16.49,null,null,null,null,null
search_and_rescue_uav_ugv_team_047,scan_sector,2026-01-19T12:30:15.000Z,null,uav_1,uav,search_and_rescue_uav_ugv_team_047_exec_4,inprogress,76.1,22.88,10.41,20.32,null,null,null,null,null
search_and_rescue_uav_ugv_team_047,scan_sector,2026-01-19T12:31:20.000Z,null,uav_1,uav,search_and_rescue_uav_ugv_team_047_exec_4,inprogress,74.3,28.6,13.01,24.16,null,null,null,null,null
search_and_rescue_uav_ugv_team_047,scan_sector,2026-01-19T12:32:26.000Z,complete,uav_1,uav,search_and_rescue_uav_ugv_team_047_exec_4,done,72.5,34.32,15.61,27.99,null,null,null,null,null
search_and_rescue_uav_ugv_team_047,detect_victim,2026-01-19T12:32:27.000Z,start,uav_1,uav,search_and_rescue_uav_ugv_team_047_exec_5,inprogress,72.5,34.32,15.61,27.99,null,null,null,null,null
search_and_rescue_uav_ugv_team_047,detect_victim,2026-01-19T12:32:46.000Z,complete,uav_1,uav,search_and_rescue_uav_ugv_team_047_exec_5,done,72.1,34.32,15.61,27.99,null,null,null,null,null
search_and_rescue_uav_ugv_team_047,send_coordinates,2026-01-19T12:32:47.000Z,start,uav_1,uav,search_and_rescue_uav_ugv_team_047_exec_6,inprogress,72.1,34.32,15.61,27.99,msg_46909e273e,victim coordinates and severity,send,uav_1,ugv_1
search_and_rescue_uav_ugv_team_047,send_coordinates,2026-01-19T12:32:52.000Z,complete,uav_1,uav,search_and_rescue_uav_ugv_team_047_exec_6,done,71.9,34.32,15.61,27.99,msg_46909e273e,victim coordinates and severity,send,uav_1,ugv_1
search_and_rescue_uav_ugv_team_047,receive_coordinates,2026-01-19T12:32:58.000Z,start,ugv_1,ugv,search_and_rescue_uav_ugv_team_047_exec_7,inprogress,90.3,0.0,0.0,0.0,msg_46909e273e,victim coordinates and severity,receive,uav_1,ugv_1
search_and_rescue_uav_ugv_team_047,receive_coordinates,2026-01-19T12:33:02.000Z,complete,ugv_1,ugv,search_and_rescue_uav_ugv_team_047_exec_7,done,90.2,0.0,0.0,0.0,msg_46909e273e,victim coordinates and severity,receive,uav_1,ugv_1
search_and_rescue_uav_ugv_team_047,navigate_to_victim,2026-01-19T12:33:03.000Z,start,ugv_1,ugv,search_and_rescue_uav_ugv_team_047_exec_8,inprogress,90.2,0.0,0.0,0.0,null,null,null,null,null
search_and_rescue_uav_ugv_team_047,navigate_to_victim,2026-01-19T12:33:45.000Z,null,ugv_1,ugv,search_and_rescue_uav_ugv_team_047_exec_8,inprogress,89.2,5.12,1.84,0.0,null,null,null,null,null
search_and_rescue_uav_ugv_team_047,navigate_to_victim,2026-01-19T12:34:27.000Z,null,ugv_1,ugv,search_and_rescue_uav_ugv_team_047_exec_8,inprogress,88.1,10.23,3.69,0.0,null,null,null,null,null
search_and_rescue_uav_ugv_team_047,navigate_to_victim,2026-01-19T12:35:09.000Z,null,ugv_1,ugv,search_and_rescue_uav_ugv_team_047_exec_8,inprogress,87.0,15.35,5.53,0.0,null,null,null,null,null
search_and_rescue_uav_ugv_team_047,navigate_to_victim,2026-01-19T12:35:51.000Z,null,ugv_1,ugv,search_and_rescue_uav_ugv_team_047_exec_8,inprogress,86.0,20.46,7.37,0.0,null,null,null,null,null
search_and_rescue_uav_ugv_team_047,navigate_to_victim,2026-01-19T12:36:33.000Z,null,ugv_1,ugv,search_and_rescue_uav_ugv_team_047_exec_8,inprogress,84.9,25.58,9.21,0.0,null,null,null,null,null
search_and_rescue_uav_ugv_team_047,navigate_to_victim,2026-01-19T12:37:15.000Z,complete,ugv_1,ugv,search_and_rescue_uav_ugv_team_047_exec_8,done,83.9,30.7,11.06,0.0,null,null,null,null,null
search_and_rescue_uav_ugv_team_047,stabilize_area,2026-01-19T12:37:16.000Z,start,ugv_1,ugv,search_and_rescue_uav_ugv_team_047_exec_9,inprogress,83.9,30.7,11.06,0.0,null,null,null,null,null
search_and_rescue_uav_ugv_team_047,stabilize_area,2026-01-19T12:37:52.000Z,null,ugv_1,ugv,search_and_rescue_uav_ugv_team_047_exec_9,inprogress,83.3,30.7,11.06,0.0,null,null,null,null,null
search_and_rescue_uav_ugv_team_047,stabilize_area,2026-01-19T12:38:28.000Z,null,ugv_1,ugv,search_and_rescue_uav_ugv_team_047_exec_9,inprogress,82.7,30.7,11.06,0.0,null,null,null,null,null
search_and_rescue_uav_ugv_team_047,stabilize_area,2026-01-19T12:39:04.000Z,null,ugv_1,ugv,search_and_rescue_uav_ugv_team_047_exec_9,inprogress,82.1,30.7,11.06,0.0,null,null,null,null,null
search_and_rescue_uav_ugv_team_047,stabilize_area,2026-01-19T12:39:41.000Z,complete,ugv_1,ugv,search_and_rescue_uav_ugv_team_047_exec_9,done,81.5,30.7,11.06,0.0,null,null,null,null,null
search_and_rescue_uav_ugv_team_047,send_acknowledgment,2026-01-19T12:39:42.000Z,start,ugv_1,ugv,search_and_rescue_uav_ugv_team_047_exec_10,inprogress,81.5,30.7,11.06,0.0,msg_5570ff1847,area stabilized and escort starting,send,ugv_1,uav_1
search_and_rescue_uav_ugv_team_047,send_acknowledgment,2026-01-19T12:39:48.000Z,complete,ugv_1,ugv,search_and_rescue_uav_ugv_team_047_exec_10,done,81.3,30.7,11.06,0.0,msg_5570ff1847,area stabilized and escort starting,send,ugv_1,uav_1
search_and_rescue_uav_ugv_team_047,receive_acknowledgment,2026-01-19T12:39:53.000Z,start,uav_1,uav,search_and_rescue_uav_ugv_team_047_exec_11,inprogress,71.9,34.32,15.61,27.99,msg_5570ff1847,area stabilized and escort starting,receive,ugv_1,uav_1
search_and_rescue_uav_ugv_team_047,receive_acknowledgment,2026-01-19T12:39:57.000Z,complete,uav_1,uav,search_and_rescue_uav_ugv_team_047_exec_11,done,71.8,34.32,15.61,27.99,msg_5570ff1847,area stabilized and escort starting,receive,ugv_1,uav_1
search_and_rescue_uav_ugv_team_047,escort,2026-01-19T12:39:58.000Z,start,ugv_1,ugv,search_and_rescue_uav_ugv_team_047_exec_12,inprogress,81.3,30.7,11.06,0.0,null,null,null,null,null
search_and_rescue_uav_ugv_team_047,escort,2026-01-19T12:41:17.000Z,null,ugv_1,ugv,search_and_rescue_uav_ugv_team_047_exec_12,inprogress,80.4,25.52,10.79,0.0,null,null,null,null,null
search_and_rescue_uav_ugv_team_047,escort,2026-01-19T12:42:36.000Z,null,ugv_1,ugv,search_and_rescue_uav_ugv_team_047_exec_12,inprogress,79.5,20.35,10.53,0.0,null,null,null,null,null
search_and_rescue_uav_ugv_team_047,escort,2026-01-19T12:43:55.000Z,null,ugv_1,ugv,search_and_rescue_uav_ugv_team_047_exec_12,inprogress,78.6,15.17,10.26,0.0,null,null,null,null,null
search_and_rescue_uav_ugv_team_047,escort,2026-01-19T12:45:16.000Z,complete,ugv_1,ugv,search_and_rescue_uav_ugv_team_047_exec_12,done,77.8,10.0,10.0,0.0,null,null,null,null,null
search_and_rescue_uav_ugv_team_047,mission_close,2026-01-19T12:45:17.000Z,start,uav_1,uav,search_and_rescue_uav_ugv_team_047_exec_13,inprogress,71.8,34.32,15.61,27.99,null,null,null,null,null
search_and_rescue_uav_ugv_team_047,mission_close,2026-01-19T12:45:46.000Z,complete,uav_1,uav,search_and_rescue_uav_ugv_team_047_exec_13,done,71.4,34.32,15.61,27.99,null,null,null,null,null
search_and_rescue_uav_ugv_team_047,mission_close,2026-01-19T12:45:47.000Z,start,ugv_1,ugv,search_and_rescue_uav_ugv_team_047_exec_14,inprogress,77.8,10.0,10.0,0.0,null,null,null,null,null
search_and_rescue_uav_ugv_team_047,mission_close,2026-01-19T12:46:16.000Z,complete,ugv_1,ugv,search_and_rescue_uav_ugv_team_047_exec_14,done,77.4,10.0,10.0,0.0,null,null,null,null,null
search_and_rescue_uav_ugv_team_048,dispatch,2026-01-19T13:05:00.000Z,start,uav_1,uav,search_and_rescue_uav_ugv_team_048_exec_1,inprogress,72.2,0.0,0.0,0.0,null,null,null,null,null
search_and_rescue_uav_ugv_team_048,dispatch,2026-01-19T13:05:16.000Z,complete,uav_1,uav,search_and_rescue_uav_ugv_team_048_exec_1,done,72.1,0.0,0.0,0.0,null,null,null,null,null
search_and_rescue_uav_ugv_team_048,dispatch,2026-01-19T13:05:17.000Z,start,ugv_1,ugv,search_and_rescue_uav_ugv_team_048_exec_2,inprogress,89.7,0.0,0.0,0.0,null,null,null,null,null
search_and_rescue_uav_ugv_team_048,dispatch,2026-01-19T13:05:45.000Z,complete,ugv_1,ugv,search_and_rescue_uav_ugv_team_048_exec_2,done,89.4,0.0,0.0,0.0,null,null,null,null,null
search_and_rescue_uav_ugv_team_048,takeoff,2026-01-19T13:05:46.000Z,start,uav_1,uav,search_and_rescue_uav_ugv_team_048_exec_3,inprogress,72.1,0.0,0.0,0.0,null,null,null,null,null
search_and_rescue_uav_ugv_team_048,takeoff,2026-01-19T13:06:18.000Z,complete,uav_1,uav,search_and_rescue_uav_ugv_team_048_exec_3,done,71.2,0.0,0.0,5.0,null,null,null,null,null
search_and_rescue_uav_ugv_team_048,scan_sector,2026-01-19T13:06:19.000Z,start,uav_1,uav,search_and_rescue_uav_ugv_team_048_exec_4,inprogress,71.2,0.0,0.0,5.0,null,null,null,null,null
search_and_rescue_uav_ugv_team_048,scan_sector,2026-01-19T13:07:17.000Z,null,uav_1,uav,search_and_rescue_uav_ugv_team_048_exec_4,inprogress,69.7,9.38,4.95,8.16,null,null,null,null,null
search_and_rescue_uav_ugv_team_048,scan_sector,2026-01-19T13:08:15.000Z,null,uav_1,uav,search_and_rescue_uav_ugv_team_048_exec_4,inprogress,68.1,18.75,9.91,11.32,null,null,null,null,null
search_and_rescue_uav_ugv_team_048,scan_sector,2026-01-19T13:09:13.000Z,null,uav_1,uav,search_and_rescue_uav_ugv_team_048_exec_4,inprogress,66.6,28.13,14.86,14.48,null,null,null,null,null
search_and_rescue_uav_ugv_team_048,scan_sector,2026-01-19T13:10:11.000Z,null,uav_1,uav,search_and_rescue_uav_ugv_team_048_exec_4,inprogress,65.0,37.51,19.82,17.64,null,null,null,null,null
search_and_rescue_uav_ugv_team_048,scan_sector,2026-01-19T13:11:10.000Z,complete,uav_1,uav,search_and_rescue_uav_ugv_team_048_exec_4,done,63.5,46.88,24.77,20.81,null,null,null,null,null
search_and_rescue_uav_ugv_team_048,detect_victim,2026-01-19T13:11:11.000Z,start,uav_1,uav,search_and_rescue_uav_ugv_team_048_exec_5,inprogress,63.5,46.88,24.77,20.81,null,null,null,null,null
search_and_rescue_uav_ugv_team_048,detect_victim,2026-01-19T13:11:41.000Z,complete,uav_1,uav,search_and_rescue_uav_ugv_team_048_exec_5,done,63.0,46.88,24.77,20.81,null,null,null,null,null
search_and_rescue_uav_ugv_team_048,send_coordinates,2026-01-19T13:11:42.000Z,start,uav_1,uav,search_and_rescue_uav_ugv_team_048_exec_6,inprogress,63.0,46.88,24.77,20.81,msg_7dc8f3deee,victim coordinates and severity,send,uav_1,ugv_1
search_and_rescue_uav_ugv_team_048,send_coordinates,2026-01-19T13:11:48.000Z,complete,uav_1,uav,search_and_rescue_uav_ugv_team_048_exec_6,done,62.8,46.88,24.77,20.81,msg_7dc8f3deee,victim coordinates and severity,send,uav_1,ugv_1
search_and_rescue_uav_ugv_team_048,receive_coordinates,2026-01-19T13:11:54.000Z,start,ugv_1,ugv,search_and_rescue_uav_ugv_team_048_exec_7,inprogress,89.4,0.0,0.0,0.0,msg_7dc8f3deee,victim coordinates and severity,receive,uav_1,ugv_1
search_and_rescue_uav_ugv_team_048,receive_coordinates,2026-01-19T13:11:58.000Z,complete,ugv_1,ugv,search_and_rescue_uav_ugv_team_048_exec_7,done,89.3,0.0,0.0,0.0,msg_7dc8f3deee,victim coordinates and severity,receive,uav_1,ugv_1
search_and_rescue_uav_ugv_team_048,navigate_to_victim,2026-01-19T13:11:59.000Z,start,ugv_1,ugv,search_and_rescue_uav_ugv_team_048_exec_8,inprogress,89.3,0.0,0.0,0.0,null,null,null,null,null
search_and_rescue_uav_ugv_team_048,navigate_to_victim,2026-01-19T13:13:04.000Z,null,ugv_1,ugv,search_and_rescue_uav_ugv_team_048_exec_8,inprogress,87.8,12.01,5.99,0.0,null,null,null,null,null
search_and_rescue_uav_ugv_team_048,navigate_to_victim,2026-01-19T13:14:09.000Z,null,ugv_1,ugv,search_and_rescue_uav_ugv_team_048_exec_8,inprogress,86.4,24.02,11.98,0.0,null,null,null,null,null
search_and_rescue_uav_ugv_team_048,navigate_to_victim,2026-01-19T13:15:14.000Z,null,ugv_1,ugv,search_and_rescue_uav_ugv_team_048_exec_8,inprogress,84.9,36.03,17.97,0.0,null,null,null,null,null
search_and_rescue_uav_ugv_team_048,navigate_to_victim,2026-01-19T13:16:20.000Z,complete,ugv_1,ugv,search_and_rescue_uav_ugv_team_048_exec_8,done,83.5,48.04,23.96,0.0,null,null,null,null,null
search_and_rescue_uav_ugv_team_048,stabilize_area,2026-01-19T13:16:21.000Z,start,ugv_1,ugv,search_and_rescue_uav_ugv_team_048_exec_9,inprogress,83.5,48.04,23.96,0.0,null,null,null,null,null
search_and_rescue_uav_ugv_team_048,stabilize_area,2026-01-19T13:16:49.000Z,null,ugv_1,ugv,search_and_rescue_uav_ugv_team_048_exec_9,inprogress,83.0,48.04,23.96,0.0,null,null,null,null,null
search_and_rescue_uav_ugv_team_048,stabilize_area,2026-01-19T13:17:17.000Z,null,ugv_1,ugv,search_and_rescue_uav_ugv_team_048_exec_9,inprogress,82.4,48.04,23.96,0.0,null,null,null,null,null
search_and_rescue_uav_ugv_team_048,stabilize_area,2026-01-19T13:17:46.000Z,complete,ugv_1,ugv,search_and_rescue_uav_ugv_team_048_exec_9,done,81.9,48.04,23.96,0.0,null,null,null,null,null
search_and_rescue_uav_ugv_team_048,send_acknowledgment,2026-01-19T13:17:47.000Z,start,ugv_1,ugv,search_and_rescue_uav_ugv_team_048_exec_10,inprogress,81.9,48.04,23.96,0.0,msg_f1e4a30fd6,area stabilized and escort starting,send,ugv_1,uav_1
search_and_rescue_uav_ugv_team_048,send_acknowledgment,2026-01-19T13:17:51.000Z,complete,ugv_1,ugv,search_and_rescue_uav_ugv_team_048_exec_10,done,81.7,48.04,23.96,0.0,msg_f1e4a30fd6,area stabilized and escort starting,send,ugv_1,uav_1
search_and_rescue_uav_ugv_team_048,receive_acknowledgment,2026-01-19T13:17:56.000Z,start,uav_1,uav,search_and_rescue_uav_ugv_team_048_exec_11,inprogress,62.8,46.88,24.77,20.81,msg_f1e4a30fd6,area stabilized and escort starting,receive,ugv_1,uav_1
search_and_rescue_uav_ugv_team_048,receive_acknowledgment,2026-01-19T13:18:00.000Z,complete,uav_1,uav,search_and_rescue_uav_ugv_team_048_exec_11,done,62.7,46.88,24.77,20.81,msg_f1e4a30fd6,area stabilized and escort starting,receive,ugv_1,uav_1
search_and_rescue_uav_ugv_team_048,escort,2026-01-19T13:18:01.000Z,start,ugv_1,ugv,search_and_rescue_uav_ugv_team_048_exec_12,inprogress,81.7,48.04,23.96,0.0,null,null,null,null,null
search_and_rescue_uav_ugv_team_048,escort,2026-01-19T13:19:00.000Z,null,ugv_1,ugv,search_and_rescue_uav_ugv_team_048_exec_12,inprogress,80.6,38.53,20.47,0.0,null,null,null,null,null
search_and_rescue_uav_ugv_team_048,escort,2026-01-19T13:19:59.000Z,null,ugv_1,ugv,search_and_rescue_uav_ugv_team_048_exec_12,inprogress,79.4,29.02,16.98,0.0,null,null,null,null,null
search_and_rescue_uav_ugv_team_048,escort,2026-01-19T13:20:58.000Z,null,ugv_1,ugv,search_and_rescue_uav_ugv_team_048_exec_12,inprogress,78.3,19.51,13.49,0.0,null,null,null,null,null
search_and_rescue_uav_ugv_team_048,escort,2026-01-19T13:21:58.000Z,complete,ugv_1,ugv,search_and_rescue_uav_ugv_team_048_exec_12,done,77.1,10.0,10.0,0.0,null,null,null,null,null
search_and_rescue_uav_ugv_team_048,mission_close,2026-01-19T13:21:59.000Z,start,uav_1,uav,search_and_rescue_uav_ugv_team_048_exec_13,inprogress,62.7,46.88,24.77,20.81,null,null,null,null,null
search_and_rescue_uav_ugv_team_048,mission_close,2026-01-19T13:22:25.000Z,complete,uav_1,uav,search_and_rescue_uav_ugv_team_048_exec_13,done,62.4,46.88,24.77,20.81,null,null,null,null,null
search_and_rescue_uav_ugv_team_048,mission_close,2026-01-19T13:22:26.000Z,start,ugv_1,ugv,search_and_rescue_uav_ugv_team_048_exec_14,inprogress,77.1,10.0,10.0,0.0,null,null,null,null,null
search_and_rescue_uav_ugv_team_048,mission_close,2026-01-19T13:22:56.000Z,complete,ugv_1,ugv,search_and_rescue_uav_ugv_team_048_exec_14,done,76.7,10.0,10.0,0.0,null,null,null,null,null
search_and_rescue_uav_ugv_team_049,dispatch,2026-01-19T13:45:00.000Z,start,uav_1,uav,search_and_rescue_uav_ugv_team_049_exec_1,inprogress,82.5,0.0,0.0,0.0,null,null,null,null,null
search_and_rescue_uav_ugv_team_049,dispatch,2026-01-19T13:45:12.000Z,complete,uav_1,uav,search_and_rescue_uav_ugv_team_049_exec_1,done,82.4,0.0,0.0,0.0,null,null,null,null,null
search_and_rescue_uav_ugv_team_049,dispatch,2026-01-19T13:45:13.000Z,start,ugv_1,ugv,search_and_rescue_uav_ugv_team_049_exec_2,inprogress,85.0,0.0,0.0,0.0,null,null,null,null,null
search_and_rescue_uav_ugv_team_049,dispatch,2026-01-19T13:45:27.000Z,complete,ugv_1,ugv,search_and_rescue_uav_ugv_team_049_exec_2,done,84.8,0.0,0.0,0.0,null,null,null,null,null
search_and_rescue_uav_ugv_team_049,takeoff,2026-01-19T13:45:28.000Z,start,uav_1,uav,search_and_rescue_uav_ugv_team_049_exec_3,inprogress,82.4,0.0,0.0,0.0,null,null,null,null,null
search_and_rescue_uav_ugv_team_049,takeoff,2026-01-19T13:46:00.000Z,complete,uav_1,uav,search_and_rescue_uav_ugv_team_049_exec_3,done,81.9,0.0,0.0,5.0,null,null,null,null,null
search_and_rescue_uav_ugv_team_049,scan_sector,2026-01-19T13:46:01.000Z,start,uav_1,uav,search_and_rescue_uav_ugv_team_049_exec_4,inprogress,81.9,0.0,0.0,5.0,null,null,null,null,null
search_and_rescue_uav_ugv_team_049,scan_sector,2026-01-19T13:47:07.000Z,null,uav_1,uav,search_and_rescue_uav_ugv_team_049_exec_4,inprogress,79.7,8.32,4.94,9.24,null,null,null,null,null
search_and_rescue_uav_ugv_team_049,scan_sector,2026-01-19T13:48:13.000Z,null,uav_1,uav,search_and_rescue_uav_ugv_team_049_exec_4,inprogress,77.5,16.65,9.89,13.48,null,null,null,null,null
search_and_rescue_uav_ugv_team_049,scan_sector,2026-01-19T13:49:19.000Z,null,uav_1,uav,search_and_rescue_uav_ugv_team_049_exec_4,inprogress,75.4,24.97,14.83,17.72,null,null,null,null,null
search_and_rescue_uav_ugv_team_049,scan_sector,2026-01-19T13:50:25.000Z,null,uav_1,uav,search_and_rescue_uav_ugv_team_049_exec_4,inprogress,73.2,33.3,19.78,21.96,null,null,null,null,null
search_and_rescue_uav_ugv_team_049,scan_sector,2026-01-19T13:51:33.000Z,complete,uav_1,uav,search_and_rescue_uav_ugv_team_049_exec_4,done,71.0,41.62,24.72,26.2,null,null,null,null,null
search_and_rescue_uav_ugv_team_049,detect_victim,2026-01-19T13:51:34.000Z,start,uav_1,uav,search_and_rescue_uav_ugv_team_049_exec_5,inprogress,71.0,41.62,24.72,26.2,null,null,null,null,null
search_and_rescue_uav_ugv_team_049,detect_victim,2026-01-19T13:51:55.000Z,complete,uav_1,uav,search_and_rescue_uav_ugv_team_049_exec_5,done,70.7,41.62,24.72,26.2,null,null,null,null,null
search_and_rescue_uav_ugv_team_049,send_coordinates,2026-01-19T13:51:56.000Z,start,uav_1,uav,search_and_rescue_uav_ugv_team_049_exec_6,inprogress,70.7,41.62,24.72,26.2,msg_3a08e4c137,victim coordinates and severity,send,uav_1,ugv_1
search_and_rescue_uav_ugv_team_049,send_coordinates,2026-01-19T13:52:04.000Z,complete,uav_1,uav,search_and_rescue_uav_ugv_team_049_exec_6,done,70.5,41.62,24.72,26.2,msg_3a08e4c137,victim coordinates and severity,send,uav_1,ugv_1
search_and_rescue_uav_ugv_team_049,receive_coordinates,2026-01-19T13:52:10.000Z,start,ugv_1,ugv,search_and_rescue_uav_ugv_team_049_exec_7,inprogress,84.8,0.0,0.0,0.0,msg_3a08e4c137,victim coordinates and severity,receive,uav_1,ugv_1
search_and_rescue_uav_ugv_team_049,receive_coordinates,2026-01-19T13:52:14.000Z,complete,ugv_1,ugv,search_and_rescue_uav_ugv_team_049_exec_7,done,84.7,0.0,0.0,0.0,msg_3a08e4c137,victim coordinates and severity,receive,uav_1,ugv_1
search_and_rescue_uav_ugv_team_049,navigate_to_victim,2026-01-19T13:52:15.000Z,start,ugv_1,ugv,search_and_rescue_uav_ugv_team_049_exec_8,inprogress,84.7,0.0,0.0,0.0,null,null,null,null,null
search_and_rescue_uav_ugv_team_049,navigate_to_victim,2026-01-19T13:52:59.000Z,null,ugv_1,ugv,search_and_rescue_uav_ugv_team_049_exec_8,inprogress,83.5,6.51,3.61,0.0,null,null,null,null,null
search_and_rescue_uav_ugv_team_049,navigate_to_victim,2026-01-19T13:53:43.000Z,null,ugv_1,ugv,search_and_rescue_uav_ugv_team_049_exec_8,inprogress,82.2,13.03,7.23,0.0,null,null,null,null,null
search_and_rescue_uav_ugv_team_049,navigate_to_victim,2026-01-19T13:54:27.000Z,null,ugv_1,ugv,search_and_rescue_uav_ugv_team_049_exec_8,inprogress,80.9,19.54,10.84,0.0,null,null,null,null,null
search_and_rescue_uav_ugv_team_049,navigate_to_victim,2026-01-19T13:55:11.000Z,null,ugv_1,ugv,search_and_rescue_uav_ugv_team_049_exec_8,inprogress,79.6,26.06,14.45,0.0,null,null,null,null,null
search_and_rescue_uav_ugv_team_049,navigate_to_victim,2026-01-19T13:55:55.000Z,null,ugv_1,ugv,search_and_rescue_uav_ugv_team_049_exec_8,inprogress,78.4,32.57,18.07,0.0,null,null,null,null,null
search_and_rescue_uav_ugv_team_049,navigate_to_victim,2026-01-19T13:56:40.000Z,complete,ugv_1,ugv,search_and_rescue_uav_ugv_team_049_exec_8,done,77.1,39.08,21.68,0.0,null,null,null,null,null
search_and_rescue_uav_ugv_team_049,stabilize_area,2026-01-19T13:56:41.000Z,start,ugv_1,ugv,search_and_rescue_uav_ugv_team_049_exec_9,inprogress,77.1,39.08,21.68,0.0,null,null,null,null,null
search_and_rescue_uav_ugv_team_049,stabilize_area,2026-01-19T13:57:01.000Z,null,ugv_1,ugv,search_and_rescue_uav_ugv_team_049_exec_9,inprogress,76.7,39.08,21.68,0.0,null,null,null,null,null
search_and_rescue_uav_ugv_team_049,stabilize_area,2026-01-19T13:57:21.000Z,null,ugv_1,ugv,search_and_rescue_uav_ugv_team_049_exec_9,inprogress,76.4,39.08,21.68,0.0,null,null,null,null,null
search_and_rescue_uav_ugv_team_049,stabilize_area,2026-01-19T13:57:41.000Z,null,ugv_1,ugv,search_and_rescue_uav_ugv_team_049_exec_9,inprogress,76.0,39.08,21.68,0.0,null,null,null,null,null
search_and_rescue_uav_ugv_team_049,stabilize_area,2026-01-19T13:58:03.000Z,complete,ugv_1,ugv,search_and_rescue_uav_ugv_team_049_exec_9,done,75.7,39.08,21.68,0.0,null,null,null,null,null
search_and_rescue_uav_ugv_team_049,send_acknowledgment,2026-01-19T13:58:04.000Z,start,ugv_1,ugv,search_and_rescue_uav_ugv_team_049_exec_10,inprogress,75.7,39.08,21.68,0.0,msg_4b0e4f9b4e,area stabilized and escort starting,send,ugv_1,uav_1
search_and_rescue_uav_ugv_team_049,send_acknowledgment,2026-01-19T13:58:08.000Z,complete,ugv_1,ugv,search_and_rescue_uav_ugv_team_049_exec_10,done,75.5,39.08,21.68,0.0,msg_4b0e4f9b4e,area stabilized and escort starting,send,ugv_1,uav_1
search_and_rescue_uav_ugv_team_049,receive_acknowledgment,2026-01-19T13:58:13.000Z,start,uav_1,uav,search_and_rescue_uav_ugv_team_049_exec_11,inprogress,70.5,41.62,24.72,26.2,msg_4b0e4f9b4e,area stabilized and escort starting,receive,ugv_1,uav_1
search_and_rescue_uav_ugv_team_049,receive_acknowledgment,2026-01-19T13:58:17.000Z,complete,uav_1,uav,search_and_rescue_uav_ugv_team_049_exec_11,done,70.4,41.62,24.72,26.2,msg_4b0e4f9b4e,area stabilized and escort starting,receive,ugv_1,uav_1
search_and_rescue_uav_ugv_team_049,escort,2026-01-19T13:58:18.000Z,start,ugv_1,ugv,search_and_rescue_uav_ugv_team_049_exec_12,inprogress,75.5,39.08,21.68,0.0,null,null,null,null,null
search_and_rescue_uav_ugv_team_049,escort,2026-01-19T13:59:24.000Z,null,ugv_1,ugv,search_and_rescue_uav_ugv_team_049_exec_12,inprogress,74.5,31.81,18.76,0.0,null,null,null,null,null
search_and_rescue_uav_ugv_team_049,escort,2026-01-19T14:00:30.000Z,null,ugv_1,ugv,search_and_rescue_uav_ugv_team_049_exec_12,inprogress,73.4,24.54,15.84,0.0,null,null,null,null,null
search_and_rescue_uav_ugv_team_049,escort,2026-01-19T14:01:36.000Z,null,ugv_1,ugv,search_and_rescue_uav_ugv_team_049_exec_12,inprogress,72.4,17.27,12.92,0.0,null,null,null,null,null
search_and_rescue_uav_ugv_team_049,escort,2026-01-19T14:02:44.000Z,complete,ugv_1,ugv,search_and_rescue_uav_ugv_team_049_exec_12,done,71.4,10.0,10.0,0.0,null,null,null,null,null
search_and_rescue_uav_ugv_team_049,mission_close,2026-01-19T14:02:45.000Z,start,uav_1,uav,search_and_rescue_uav_ugv_team_049_exec_13,inprogress,70.4,41.62,24.72,26.2,null,null,null,null,null
search_and_rescue_uav_ugv_team_049,mission_close,2026-01-19T14:03:12.000Z,complete,uav_1,uav,search_and_rescue_uav_ugv_team_049_exec_13,done,70.1,41.62,24.72,26.2,null,null,null,null,null
search_and_rescue_uav_ugv_team_049,mission_close,2026-01-19T14:03:13.000Z,start,ugv_1,ugv,search_and_rescue_uav_ugv_team_049_exec_14,inprogress,71.4,10.0,10.0,0.0,null,null,null,null,null
search_and_rescue_uav_ugv_team_049,mission_close,2026-01-19T14:03:44.000Z,complete,ugv_1,ugv,search_and_rescue_uav_ugv_team_049_exec_14,done,71.0,10.0,10.0,0.0,null,null,null,null,null
search_and_rescue_uav_ugv_team_050,dispatch,2026-01-19T14:25:00.000Z,start,uav_1,uav,search_and_rescue_uav_ugv_team_050_exec_1,inprogress,98.4,0.0,0.0,0.0,null,null,null,null,null
search_and_rescue_uav_ugv_team_050,dispatch,2026-01-19T14:25:25.000Z,complete,uav_1,uav,search_and_rescue_uav_ugv_team_050_exec_1,done,98.1,0.0,0.0,0.0,null,null,null,null,null
search_and_rescue_uav_ugv_team_050,dispatch,2026-01-19T14:25:26.000Z,start,ugv_1,ugv,search_and_rescue_uav_ugv_team_050_exec_2,inprogress,99.4,0.0,0.0,0.0,null,null,null,null,null
search_and_rescue_uav_ugv_team_050,dispatch,2026-01-19T14:25:40.000Z,complete,ugv_1,ugv,search_and_rescue_uav_ugv_team_050_exec_2,done,99.3,0.0,0.0,0.0,null,null,null,null,null
search_and_rescue_uav_ugv_team_050,takeoff,2026-01-19T14:25:41.000Z,start,uav_1,uav,search_and_rescue_uav_ugv_team_050_exec_3,inprogress,98.1,0.0,0.0,0.0,null,null,null,null,null
search_and_rescue_uav_ugv_team_050,takeoff,2026-01-19T14:26:00.000Z,complete,uav_1,uav,search_and_rescue_uav_ugv_team_050_exec_3,done,97.2,0.0,0.0,5.0,null,null,null,null,null
search_and_rescue_uav_ugv_team_050,scan_sector,2026-01-19T14:26:01.000Z,start,uav_1,uav,search_and_rescue_uav_ugv_team_050_exec_4,inprogress,97.2,0.0,0.0,5.0,null,null,null,null,null
search_and_rescue_uav_ugv_team_050,scan_sector,2026-01-19T14:26:50.000Z,null,uav_1,uav,search_and_rescue_uav_ugv_team_050_exec_4,inprogress,95.8,4.71,4.24,7.28,null,null,null,null,null
search_and_rescue_uav_ugv_team_050,scan_sector,2026-01-19T14:27:39.000Z,null,uav_1,uav,search_and_rescue_uav_ugv_team_050_exec_4,inprogress,94.5,9.42,8.48,9.56,null,null,null,null,null
search_and_rescue_uav_ugv_team_050,scan_sector,2026-01-19T14:28:28.000Z,null,uav_1,uav,search_and_rescue_uav_ugv_team_050_exec_4,inprogress,93.1,14.13,12.72,11.84,null,null,null,null,null
search_and_rescue_uav_ugv_team_050,scan_sector,2026-01-19T14:29:17.000Z,null,uav_1,uav,search_and_rescue_uav_ugv_team_050_exec_4,inprogress,91.8,18.83,16.95,14.12,null,null,null,null,null
search_and_rescue_uav_ugv_team_050,scan_sector,2026-01-19T14:30:06.000Z,null,uav_1,uav,search_and_rescue_uav_ugv_team_050_exec_4,inprogress,90.4,23.54,21.19,16.4,null,null,null,null,null
search_and_rescue_uav_ugv_team_050,scan_sector,2026-01-19T14:30:55.000Z,null,uav_1,uav,search_and_rescue_uav_ugv_team_050_exec_4,inprogress,89.0,28.25,25.43,18.68,null,null,null,null,null
search_and_rescue_uav_ugv_team_050,scan_sector,2026-01-19T14:31:44.000Z,null,uav_1,uav,search_and_rescue_uav_ugv_team_050_exec_4,inprogress,87.7,32.96,29.67,20.96,null,null,null,null,null
search_and_rescue_uav_ugv_team_050,scan_sector,2026-01-19T14:32:34.000Z,complete,uav_1,uav,search_and_rescue_uav_ugv_team_050_exec_4,done,86.3,37.67,33.91,23.24,null,null,null,null,null
search_and_rescue_uav_ugv_team_050,detect_victim,2026-01-19T14:32:35.000Z,start,uav_1,uav,search_and_rescue_uav_ugv_team_050_exec_5,inprogress,86.3,37.67,33.91,23.24,null,null,null,null,null
search_and_rescue_uav_ugv_team_050,detect_victim,2026-01-19T14:32:57.000Z,complete,uav_1,uav,search_and_rescue_uav_ugv_team_050_exec_5,done,85.7,37.67,33.91,23.24,null,null,null,null,null
search_and_rescue_uav_ugv_team_050,send_coordinates,2026-01-19T14:32:58.000Z,start,uav_1,uav,search_and_rescue_uav_ugv_team_050_exec_6,inprogress,85.7,37.67,33.91,23.24,msg_83068b8278,victim coordinates and severity,send,uav_1,ugv_1
search_and_rescue_uav_ugv_team_050,send_coordinates,2026-01-19T14:33:03.000Z,complete,uav_1,uav,search_and_rescue_uav_ugv_team_050_exec_6,done,85.5,37.67,33.91,23.24,msg_83068b8278,victim coordinates and severity,send,uav_1,ugv_1
search_and_rescue_uav_ugv_team_050,receive_coordinates,2026-01-19T14:33:09.000Z,start,ugv_1,ugv,search_and_rescue_uav_ugv_team_050_exec_7,inprogress,99.3,0.0,0.0,0.0,msg_83068b8278,victim coordinates and severity,receive,uav_1,ugv_1
search_and_rescue_uav_ugv_team_050,receive_coordinates,2026-01-19T14:33:13.000Z,complete,ugv_1,ugv,search_and_rescue_uav_ugv_team_050_exec_7,done,99.2,0.0,0.0,0.0,msg_83068b8278,victim coordinates and severity,receive,uav_1,ugv_1
search_and_rescue_uav_ugv_team_050,navigate_to_victim,2026-01-19T14:33:14.000Z,start,ugv_1,ugv,search_and_rescue_uav_ugv_team_050_exec_8,inprogress,99.2,0.0,0.0,0.0,null,null,null,null,null
search_and_rescue_uav_ugv_team_050,navigate_to_victim,2026-01-19T14:34:12.000Z,null,ugv_1,ugv,search_and_rescue_uav_ugv_team_050_exec_8,inprogress,97.7,7.19,5.89,0.0,null,null,null,null,null
search_and_rescue_uav_ugv_team_050,navigate_to_victim,2026-01-19T14:35:10.000Z,null,ugv_1,ugv,search_and_rescue_uav_ugv_team_050_exec_8,inprogress,96.2,14.38,11.78,0.0,null,null,null,null,null
search_and_rescue_uav_ugv_team_050,navigate_to_victim,2026-01-19T14:36:08.000Z,null,ugv_1,ugv,search_and_rescue_uav_ugv_team_050_exec_8,inprogress,94.8,21.57,17.67,0.0,null,null,null,null,null
search_and_rescue_uav_ugv_team_050,navigate_to_victim,2026-01-19T14:37:06.000Z,null,ugv_1,ugv,search_and_rescue_uav_ugv_team_050_exec_8,inprogress,93.3,28.76,23.55,0.0,null,null,null,null,null
search_and_rescue_uav_ugv_team_050,navigate_to_victim,2026-01-19T14:38:05.000Z,complete,ugv_1,ugv,search_and_rescue_uav_ugv_team_050_exec_8,done,91.8,35.94,29.44,0.0,null,null,null,null,null
search_and_rescue_uav_ugv_team_050,stabilize_area,2026-01-19T14:38:06.000Z,start,ugv_1,ugv,search_and_rescue_uav_ugv_team_050_exec_9,inprogress,91.8,35.94,29.44,0.0,null,null,null,null,null
search_and_rescue_uav_ugv_team_050,stabilize_area,2026-01-19T14:38:57.000Z,null,ugv_1,ugv,search_and_rescue_uav_ugv_team_050_exec_9,inprogress,91.3,35.94,29.44,0.0,null,null,null,null,null
search_and_rescue_uav_ugv_team_050,stabilize_area,2026-01-19T14:39:48.000Z,null,ugv_1,ugv,search_and_rescue_uav_ugv_team_050_exec_9,inprogress,90.8,35.94,29.44,0.0,null,null,null,null,null
search_and_rescue_uav_ugv_team_050,stabilize_area,2026-01-19T14:40:40.000Z,complete,ugv_1,ugv,search_and_rescue_uav_ugv_team_050_exec_9,done,90.3,35.94,29.44,0.0,null,null,null,null,null
search_and_rescue_uav_ugv_team_050,send_acknowledgment,2026-01-19T14:40:41.000Z,start,ugv_1,ugv,search_and_rescue_uav_ugv_team_050_exec_10,inprogress,90.3,35.94,29.44,0.0,msg_88019db802,area stabilized and escort starting,send,ugv_1,uav_1
search_and_rescue_uav_ugv_team_050,send_acknowledgment,2026-01-19T14:40:45.000Z,complete,ugv_1,ugv,search_and_rescue_uav_ugv_team_050_exec_10,done,90.1,35.94,29.44,0.0,msg_88019db802,area stabilized and escort starting,send,ugv_1,uav_1
search_and_rescue_uav_ugv_team_050,receive_acknowledgment,2026-01-19T14:40:50.000Z,start,uav_1,uav,search_and_rescue_uav_ugv_team_050_exec_11,inprogress,85.5,37.67,33.91,23.24,msg_88019db802,area stabilized and escort starting,receive,ugv_1,uav_1
search_and_rescue_uav_ugv_team_050,receive_acknowledgment,2026-01-19T14:40:54.000Z,complete,uav_1,uav,search_and_rescue_uav_ugv_team_050_exec_11,done,85.4,37.67,33.91,23.24,msg_88019db802,area stabilized and escort starting,receive,ugv_1,uav_1
search_and_rescue_uav_ugv_team_050,escort,2026-01-19T14:40:55.000Z,start,ugv_1,ugv,search_and_rescue_uav_ugv_team_050_exec_12,inprogress,90.1,35.94,29.44,0.0,null,null,null,null,null
search_and_rescue_uav_ugv_team_050,escort,2026-01-19T14:42:35.000Z,null,ugv_1,ugv,search_and_rescue_uav_ugv_team_050_exec_12,inprogress,88.9,27.3,22.96,0.0,null,null,null,null,null
search_and_rescue_uav_ugv_team_050,escort,2026-01-19T14:44:15.000Z,null,ugv_1,ugv,search_and_rescue_uav_ugv_team_050_exec_12,inprogress,87.7,18.65,16.48,0.0,null,null,null,null,null
search_and_rescue_uav_ugv_team_050,escort,2026-01-19T14:45:55.000Z,complete,ugv_1,ugv,search_and_rescue_uav_ugv_team_050_exec_12,done,86.5,10.0,10.0,0.0,null,null,null,null,null
search_and_rescue_uav_ugv_team_050,mission_close,2026-01-19T14:45:56.000Z,start,uav_1,uav,search_and_rescue_uav_ugv_team_050_exec_13,inprogress,85.4,37.67,33.91,23.24,null,null,null,null,null
search_and_rescue_uav_ugv_team_050,mission_close,2026-01-19T14:46:28.000Z,complete,uav_1,uav,search_and_rescue_uav_ugv_team_050_exec_13,done,85.0,37.67,33.91,23.24,null,null,null,null,null
search_and_rescue_uav_ugv_team_050,mission_close,2026-01-19T14:46:29.000Z,start,ugv_1,ugv,search_and_rescue_uav_ugv_team_050_exec_14,inprogress,86.5,10.0,10.0,0.0,null,null,null,null,null
search_and_rescue_uav_ugv_team_050,mission_close,2026-01-19T14:47:09.000Z,complete,ugv_1,ugv,search_and_rescue_uav_ugv_team_050_exec_14,done,86.1,10.0,10.0,0.0,null,null,null,null,null
search_and_rescue_uav_ugv_team_051,dispatch,2026-01-19T15:05:00.000Z,start,uav_1,uav,search_and_rescue_uav_ugv_team_051_exec_1,inprogress,82.5,0.0,0.0,0.0,null,null,null,null,null
search_and_rescue_uav_ugv_team_051,dispatch,2026-01-19T15:05:17.000Z,complete,uav_1,uav,search_and_rescue_uav_ugv_team_051_exec_1,done,82.3,0.0,0.0,0.0,null,null,null,null,null
search_and_rescue_uav_ugv_team_051,dispatch,2026-01-19T15:05:18.000Z,start,ugv_1,ugv,search_and_rescue_uav_ugv_team_051_exec_2,inprogress,88.0,0.0,0.0,0.0,null,null,null,null,null
search_and_rescue_uav_ugv_team_051,dispatch,2026-01-19T15:05:41.000Z,complete,ugv_1,ugv,search_and_rescue_uav_ugv_team_051_exec_2,done,87.8,0.0,0.0,0.0,null,null,null,null,null
search_and_rescue_uav_ugv_team_051,takeoff,2026-01-19T15:05:42.000Z,start,uav_1,uav,search_and_rescue_uav_ugv_team_051_exec_3,inprogress,82.3,0.0,0.0,0.0,null,null,null,null,null
search_and_rescue_uav_ugv_team_051,takeoff,2026-01-19T15:06:12.000Z,complete,uav_1,uav,search_and_rescue_uav_ugv_team_051_exec_3,done,81.5,0.0,0.0,5.0,null,null,null,null,null
search_and_rescue_uav_ugv_team_051,scan_sector,2026-01-19T15:06:13.000Z,start,uav_1,uav,search_and_rescue_uav_ugv_team_051_exec_4,inprogress,81.5,0.0,0.0,5.0,null,null,null,null,null
search_and_rescue_uav_ugv_team_051,scan_sector,2026-01-19T15:07:30.000Z,null,uav_1,uav,search_and_rescue_uav_ugv_team_051_exec_4,inprogress,80.1,9.96,5.68,8.72,null,null,null,null,null
search_and_rescue_uav_ugv_team_051,scan_sector,2026-01-19T15:08:47.000Z,null,uav_1,uav,search_and_rescue_uav_ugv_team_051_exec_4,inprogress,78.7,19.92,11.37,12.45,null,null,null,null,null
search_and_rescue_uav_ugv_team_051,scan_sector,2026-01-19T15:10:04.000Z,null,uav_1,uav,search_and_rescue_uav_ugv_team_051_exec_4,inprogress,77.3,29.88,17.05,16.17,null,null,null,null,null
search_and_rescue_uav_ugv_team_051,scan_sector,2026-01-19T15:11:21.000Z,null,uav_1,uav,search_and_rescue_uav_ugv_team_051_exec_4,inprogress,75.9,39.83,22.73,19.89,null,null,null,null,null
search_and_rescue_uav_ugv_team_051,scan_sector,2026-01-19T15:12:42.000Z,complete,uav_1,uav,search_and_rescue_uav_ugv_team_051_exec_4,done,74.4,49.79,28.42,23.61,null,null,null,null,null
search_and_rescue_uav_ugv_team_051,detect_victim,2026-01-19T15:12:43.000Z,start,uav_1,uav,search_and_rescue_uav_ugv_team_051_exec_5,inprogress,74.4,49.79,28.42,23.61,null,null,null,null,null
search_and_rescue_uav_ugv_team_051,detect_victim,2026-01-19T15:13:04.000Z,complete,uav_1,uav,search_and_rescue_uav_ugv_team_051_exec_5,done,74.1,49.79,28.42,23.61,null,null,null,null,null
search_and_rescue_uav_ugv_team_051,send_coordinates,2026-01-19T15:13:05.000Z,start,uav_1,uav,search_and_rescue_uav_ugv_team_051_exec_6,inprogress,74.1,49.79,28.42,23.61,msg_2f958971fa,victim coordinates and severity,send,uav_1,ugv_1
search_and_rescue_uav_ugv_team_051,send_coordinates,2026-01-19T15:13:10.000Z,complete,uav_1,uav,search_and_rescue_uav_ugv_team_051_exec_6,done,73.9,49.79,28.42,23.61,msg_2f958971fa,victim coordinates and severity,send,uav_1,ugv_1
search_and_rescue_uav_ugv_team_051,receive_coordinates,2026-01-19T15:13:16.000Z,start,ugv_1,ugv,search_and_rescue_uav_ugv_team_051_exec_7,inprogress,87.8,0.0,0.0,0.0,msg_2f958971fa,victim coordinates and severity,receive,uav_1,ugv_1
search_and_rescue_uav_ugv_team_051,receive_coordinates,2026-01-19T15:13:20.000Z,complete,ugv_1,ugv,search_and_rescue_uav_ugv_team_051_exec_7,done,87.7,0.0,0.0,0.0,msg_2f958971fa,victim coordinates and severity,receive,uav_1,ugv_1
search_and_rescue_uav_ugv_team_051,navigate_to_victim,2026-01-19T15:13:21.000Z,start,ugv_1,ugv,search_and_rescue_uav_ugv_team_051_exec_8,inprogress,87.7,0.0,0.0,0.0,null,null,null,null,null
search_and_rescue_uav_ugv_team_051,navigate_to_victim,2026-01-19T15:14:51.000Z,null,ugv_1,ugv,search_and_rescue_uav_ugv_team_051_exec_8,inprogress,86.5,13.54,6.79,0.0,null,null,null,null,null
search_and_rescue_uav_ugv_team_051,navigate_to_victim,2026-01-19T15:16:21.000Z,null,ugv_1,ugv,search_and_rescue_uav_ugv_team_051_exec_8,inprogress,85.4,27.07,13.58,0.0,null,null,null,null,null
search_and_rescue_uav_ugv_team_051,navigate_to_victim,2026-01-19T15:17:51.000Z,null,ugv_1,ugv,search_and_rescue_uav_ugv_team_051_exec_8,inprogress,84.3,40.61,20.37,0.0,null,null,null,null,null
search_and_rescue_uav_ugv_team_051,navigate_to_victim,2026-01-19T15:19:21.000Z,complete,ugv_1,ugv,search_and_rescue_uav_ugv_team_051_exec_8,done,83.1,54.15,27.16,0.0,null,null,null,null,null
search_and_rescue_uav_ugv_team_051,stabilize_area,2026-01-19T15:19:22.000Z,start,ugv_1,ugv,search_and_rescue_uav_ugv_team_051_exec_9,inprogress,83.1,54.15,27.16,0.0,null,null,null,null,null
search_and_rescue_uav_ugv_team_051,stabilize_area,2026-01-19T15:19:52.000Z,null,ugv_1,ugv,search_and_rescue_uav_ugv_team_051_exec_9,inprogress,82.5,54.15,27.16,0.0,null,null,null,null,null
search_and_rescue_uav_ugv_team_051,stabilize_area,2026-01-19T15:20:22.000Z,null,ugv_1,ugv,search_and_rescue_uav_ugv_team_051_exec_9,inprogress,81.9,54.15,27.16,0.0,null,null,null,null,null
search_and_rescue_uav_ugv_team_051,stabilize_area,2026-01-19T15:20:52.000Z,complete,ugv_1,ugv,search_and_rescue_uav_ugv_team_051_exec_9,done,81.2,54.15,27.16,0.0,null,null,null,null,null
search_and_rescue_uav_ugv_team_051,send_acknowledgment,2026-01-19T15:20:53.000Z,start,ugv_1,ugv,search_and_rescue_uav_ugv_team_051_exec_10,inprogress,81.2,54.15,27.16,0.0,msg_23a9a1c06c,area stabilized and escort starting,send,ugv_1,uav_1
search_and_rescue_uav_ugv_team_051,send_acknowledgment,2026-01-19T15:20:59.000Z,complete,ugv_1,ugv,search_and_rescue_uav_ugv_team_051_exec_10,done,81.0,54.15,27.16,0.0,msg_23a9a1c06c,area stabilized and escort starting,send,ugv_1,uav_1
search_and_rescue_uav_ugv_team_051,receive_acknowledgment,2026-01-19T15:21:04.000Z,start,uav_1,uav,search_and_rescue_uav_ugv_team_051_exec_11,inprogress,73.9,49.79,28.42,23.61,msg_23a9a1c06c,area stabilized and escort starting,receive,ugv_1,uav_1
search_and_rescue_uav_ugv_team_051,receive_acknowledgment,2026-01-19T15:21:08.000Z,complete,uav_1,uav,search_and_rescue_uav_ugv_team_051_exec_11,done,73.8,49.79,28.42,23.61,msg_23a9a1c06c,area stabilized and escort starting,receive,ugv_1,uav_1
search_and_rescue_uav_ugv_team_051,escort,2026-01-19T15:21:09.000Z,start,ugv_1,ugv,search_and_rescue_uav_ugv_team_051_exec_12,inprogress,81.0,54.15,27.16,0.0,null,null,null,null,null
search_and_rescue_uav_ugv_team_051,escort,2026-01-19T15:22:28.000Z,null,ugv_1,ugv,search_and_rescue_uav_ugv_team_051_exec_12,inprogress,79.5,39.43,21.44,0.0,null,null,null,null,null
search_and_rescue_uav_ugv_team_051,escort,2026-01-19T15:23:47.000Z,null,ugv_1,ugv,search_and_rescue_uav_ugv_team_051_exec_12,inprogress,77.9,24.72,15.72,0.0,null,null,null,null,null
search_and_rescue_uav_ugv_team_051,escort,2026-01-19T15:25:07.000Z,complete,ugv_1,ugv,search_and_rescue_uav_ugv_team_051_exec_12,done,76.4,10.0,10.0,0.0,null,null,null,null,null
search_and_rescue_uav_ugv_team_051,mission_close,2026-01-19T15:25:08.000Z,start,uav_1,uav,search_and_rescue_uav_ugv_team_051_exec_13,inprogress,73.8,49.79,28.42,23.61,null,null,null,null,null
search_and_rescue_uav_ugv_team_051,mission_close,2026-01-19T15:25:47.000Z,complete,uav_1,uav,search_and_rescue_uav_ugv_team_051_exec_13,done,73.5,49.79,28.42,23.61,null,null,null,null,null
search_and_rescue_uav_ugv_team_051,mission_close,2026-01-19T15:25:48.000Z,start,ugv_1,ugv,search_and_rescue_uav_ugv_team_051_exec_14,inprogress,76.4,10.0,10.0,0.0,null,null,null,null,null
search_and_rescue_uav_ugv_team_051,mission_close,2026-01-19T15:26:22.000Z,complete,ugv_1,ugv,search_and_rescue_uav_ugv_team_051_exec_14,done,76.1,10.0,10.0,0.0,null,null,null,null,null
search_and_rescue_uav_ugv_team_052,dispatch,2026-01-19T15:45:00.000Z,start,uav_1,uav,search_and_rescue_uav_ugv_team_052_exec_1,inprogress,83.5,0.0,0.0,0.0,null,null,null,null,null
search_and_rescue_uav_ugv_team_052,dispatch,2026-01-19T15:45:22.000Z,complete,uav_1,uav,search_and_rescue_uav_ugv_team_052_exec_1,done,83.3,0.0,0.0,0.0,null,null,null,null,null
search_and_rescue_uav_ugv_team_052,dispatch,2026-01-19T15:45:23.000Z,start,ugv_1,ugv,search_and_rescue_uav_ugv_team_052_exec_2,inprogress,95.1,0.0,0.0,0.0,null,null,null,null,null
search_and_rescue_uav_ugv_team_052,dispatch,2026-01-19T15:45:35.000Z,complete,ugv_1,ugv,search_and_rescue_uav_ugv_team_052_exec_2,done,95.0,0.0,0.0,0.0,null,null,null,null,null
search_and_rescue_uav_ugv_team_052,takeoff,2026-01-19T15:45:36.000Z,start,uav_1,uav,search_and_rescue_uav_ugv_team_052_exec_3,inprogress,83.3,0.0,0.0,0.0,null,null,null,null,null
search_and_rescue_uav_ugv_team_052,takeoff,2026-01-19T15:45:58.000Z,complete,uav_1,uav,search_and_rescue_uav_ugv_team_052_exec_3,done,82.7,0.0,0.0,5.0,null,null,null,null,null
search_and_rescue_uav_ugv_team_052,scan_sector,2026-01-19T15:45:59.000Z,start,uav_1,uav,search_and_rescue_uav_ugv_team_052_exec_4,inprogress,82.7,0.0,0.0,5.0,null,null,null,null,null
search_and_rescue_uav_ugv_team_052,scan_sector,2026-01-19T15:47:12.000Z,null,uav_1,uav,search_and_rescue_uav_ugv_team_052_exec_4,inprogress,80.8,6.61,12.01,8.42,null,null,null,null,null
search_and_rescue_uav_ugv_team_052,scan_sector,2026-01-19T15:48:25.000Z,null,uav_1,uav,search_and_rescue_uav_ugv_team_052_exec_4,inprogress,78.8,13.21,24.03,11.85,null,null,null,null,null
search_and_rescue_uav_ugv_team_052,scan_sector,2026-01-19T15:49:38.000Z,null,uav_1,uav,search_and_rescue_uav_ugv_team_052_exec_4,inprogress,76.8,19.82,36.04,15.27,null,null,null,null,null
search_and_rescue_uav_ugv_team_052,scan_sector,2026-01-19T15:50:51.000Z,null,uav_1,uav,search_and_rescue_uav_ugv_team_052_exec_4,inprogress,74.8,26.43,48.06,18.7,null,null,null,null,null
search_and_rescue_uav_ugv_team_052,scan_sector,2026-01-19T15:52:07.000Z,complete,uav_1,uav,search_and_rescue_uav_ugv_team_052_exec_4,done,72.8,33.04,60.07,22.12,null,null,null,null,null
search_and_rescue_uav_ugv_team_052,detect_victim,2026-01-19T15:52:08.000Z,start,uav_1,uav,search_and_rescue_uav_ugv_team_052_exec_5,inprogress,72.8,33.04,60.07,22.12,null,null,null,null,null
search_and_rescue_uav_ugv_team_052,detect_victim,2026-01-19T15:52:30.000Z,complete,uav_1,uav,search_and_rescue_uav_ugv_team_052_exec_5,done,72.6,33.04,60.07,22.12,null,null,null,null,null
search_and_rescue_uav_ugv_team_052,send_coordinates,2026-01-19T15:52:31.000Z,start,uav_1,uav,search_and_rescue_uav_ugv_team_052_exec_6,inprogress,72.6,33.04,60.07,22.12,msg_994b01d589,victim coordinates and severity,send,uav_1,ugv_1
search_and_rescue_uav_ugv_team_052,send_coordinates,2026-01-19T15:52:37.000Z,complete,uav_1,uav,search_and_rescue_uav_ugv_team_052_exec_6,done,72.4,33.04,60.07,22.12,msg_994b01d589,victim coordinates and severity,send,uav_1,ugv_1
search_and_rescue_uav_ugv_team_052,scan_sector,2026-01-19T15:52:38.000Z,start,uav_1,uav,search_and_rescue_uav_ugv_team_052_exec_7,inprogress,72.4,33.04,60.07,22.12,null,null,null,null,null
search_and_rescue_uav_ugv_team_052,scan_sector,2026-01-19T15:53:08.000Z,null,uav_1,uav,search_and_rescue_uav_ugv_team_052_exec_7,inprogress,71.4,34.34,61.51,22.12,null,null,null,null,null
search_and_rescue_uav_ugv_team_052,scan_sector,2026-01-19T15:53:38.000Z,null,uav_1,uav,search_and_rescue_uav_ugv_team_052_exec_7,inprogress,70.5,35.65,62.94,22.12,null,null,null,null,null
search_and_rescue_uav_ugv_team_052,scan_sector,2026-01-19T15:54:10.000Z,complete,uav_1,uav,search_and_rescue_uav_ugv_team_052_exec_7,done,69.6,36.96,64.37,22.12,null,null,null,null,null
search_and_rescue_uav_ugv_team_052,send_alert,2026-01-19T15:54:11.000Z,start,uav_1,uav,search_and_rescue_uav_ugv_team_052_exec_8,inprogress,69.6,36.96,64.37,22.12,msg_f9ba00bf85,resending coordinates after no acknowledgment,send,uav_1,ugv_1
search_and_rescue_uav_ugv_team_052,send_alert,2026-01-19T15:54:16.000Z,complete,uav_1,uav,search_and_rescue_uav_ugv_team_052_exec_8,done,69.4,36.96,64.37,22.12,msg_f9ba00bf85,resending coordinates after no acknowledgment,send,uav_1,ugv_1
search_and_rescue_uav_ugv_team_052,receive_alert,2026-01-19T15:54:22.000Z,start,ugv_1,ugv,search_and_rescue_uav_ugv_team_052_exec_9,inprogress,95.0,0.0,0.0,0.0,msg_f9ba00bf85,resending coordinates after no acknowledgment,receive,uav_1,ugv_1
search_and_rescue_uav_ugv_team_052,receive_alert,2026-01-19T15:54:26.000Z,complete,ugv_1,ugv,search_and_rescue_uav_ugv_team_052_exec_9,done,94.9,0.0,0.0,0.0,msg_f9ba00bf85,resending coordinates after no acknowledgment,receive,uav_1,ugv_1
search_and_rescue_uav_ugv_team_052,navigate_to_victim,2026-01-19T15:54:27.000Z,start,ugv_1,ugv,search_and_rescue_uav_ugv_team_052_exec_10,inprogress,94.9,0.0,0.0,0.0,null,null,null,null,null
search_and_rescue_uav_ugv_team_052,navigate_to_victim,2026-01-19T15:55:17.000Z,null,ugv_1,ugv,search_and_rescue_uav_ugv_team_052_exec_10,inprogress,93.8,4.62,14.71,0.0,null,null,null,null,null
search_and_rescue_uav_ugv_team_052,navigate_to_victim,2026-01-19T15:56:07.000Z,null,ugv_1,ugv,search_and_rescue_uav_ugv_team_052_exec_10,inprogress,92.8,9.24,29.43,0.0,null,null,null,null,null
search_and_rescue_uav_ugv_team_052,navigate_to_victim,2026-01-19T15:56:57.000Z,null,ugv_1,ugv,search_and_rescue_uav_ugv_team_052_exec_10,inprogress,91.7,13.86,44.14,0.0,null,null,null,null,null
search_and_rescue_uav_ugv_team_052,navigate_to_victim,2026-01-19T15:57:47.000Z,null,ugv_1,ugv,search_and_rescue_uav_ugv_team_052_exec_10,inprogress,90.7,18.48,58.85,0.0,null,null,null,null,null
search_and_rescue_uav_ugv_team_052,navigate_to_victim,2026-01-19T15:58:41.000Z,complete,ugv_1,ugv,search_and_rescue_uav_ugv_team_052_exec_10,done,89.6,23.1,73.57,0.0,null,null,null,null,null
search_and_rescue_uav_ugv_team_052,reroute,2026-01-19T15:58:42.000Z,start,ugv_1,ugv,search_and_rescue_uav_ugv_team_052_exec_11,inprogress,89.6,23.1,73.57,0.0,null,null,null,null,null
search_and_rescue_uav_ugv_team_052,reroute,2026-01-19T15:58:57.000Z,null,ugv_1,ugv,search_and_rescue_uav_ugv_team_052_exec_11,inprogress,89.4,23.1,73.57,0.0,null,null,null,null,null
search_and_rescue_uav_ugv_team_052,reroute,2026-01-19T15:59:12.000Z,complete,ugv_1,ugv,search_and_rescue_uav_ugv_team_052_exec_11,done,89.1,23.1,73.57,0.0,null,null,null,null,null
search_and_rescue_uav_ugv_team_052,navigate_to_victim,2026-01-19T15:59:13.000Z,start,ugv_1,ugv,search_and_rescue_uav_ugv_team_052_exec_12,inprogress,89.1,23.1,73.57,0.0,null,null,null,null,null
search_and_rescue_uav_ugv_team_052,navigate_to_victim,2026-01-19T15:59:57.000Z,null,ugv_1,ugv,search_and_rescue_uav_ugv_team_052_exec_12,inprogress,88.0,24.82,72.35,0.0,null,null,null,null,null
search_and_rescue_uav_ugv_team_052,navigate_to_victim,2026-01-19T16:00:41.000Z,null,ugv_1,ugv,search_and_rescue_uav_ugv_team_052_exec_12,inprogress,86.9,26.53,71.14,0.0,null,null,null,null,null
search_and_rescue_uav_ugv_team_052,navigate_to_victim,2026-01-19T16:01:25.000Z,null,ugv_1,ugv,search_and_rescue_uav_ugv_team_052_exec_12,inprogress,85.8,28.24,69.92,0.0,null,null,null,null,null
search_and_rescue_uav_ugv_team_052,navigate_to_victim,2026-01-19T16:02:09.000Z,null,ugv_1,ugv,search_and_rescue_uav_ugv_team_052_exec_12,inprogress,84.7,29.95,68.7,0.0,null,null,null,null,null
search_and_rescue_uav_ugv_team_052,navigate_to_victim,2026-01-19T16:02:53.000Z,null,ugv_1,ugv,search_and_rescue_uav_ugv_team_052_exec_12,inprogress,83.6,31.67,67.49,0.0,null,null,null,null,null
search_and_rescue_uav_ugv_team_052,navigate_to_victim,2026-01-19T16:03:37.000Z,null,ugv_1,ugv,search_and_rescue_uav_ugv_team_052_exec_12,inprogress,82.5,33.38,66.27,0.0,null,null,null,null,null
search_and_rescue_uav_ugv_team_052,navigate_to_victim,2026-01-19T16:04:21.000Z,complete,ugv_1,ugv,search_and_rescue_uav_ugv_team_052_exec_12,done,81.3,35.09,65.05,0.0,null,null,null,null,null
search_and_rescue_uav_ugv_team_052,stabilize_area,2026-01-19T16:04:22.000Z,start,ugv_1,ugv,search_and_rescue_uav_ugv_team_052_exec_13,inprogress,81.3,35.09,65.05,0.0,null,null,null,null,null
search_and_rescue_uav_ugv_team_052,stabilize_area,2026-01-19T16:05:00.000Z,null,ugv_1,ugv,search_and_rescue_uav_ugv_team_052_exec_13,inprogress,81.0,35.09,65.05,0.0,null,null,null,null,null
search_and_rescue_uav_ugv_team_052,stabilize_area,2026-01-19T16:05:38.000Z,null,ugv_1,ugv,search_and_rescue_uav_ugv_team_052_exec_13,inprogress,80.7,35.09,65.05,0.0,null,null,null,null,null
search_and_rescue_uav_ugv_team_052,stabilize_area,2026-01-19T16:06:16.000Z,null,ugv_1,ugv,search_and_rescue_uav_ugv_team_052_exec_13,inprogress,80.4,35.09,65.05,0.0,null,null,null,null,null
search_and_rescue_uav_ugv_team_052,stabilize_area,2026-01-19T16:06:56.000Z,complete,ugv_1,ugv,search_and_rescue_uav_ugv_team_052_exec_13,done,80.1,35.09,65.05,0.0,null,null,null,null,null
search_and_rescue_uav_ugv_team_052,send_acknowledgment,2026-01-19T16:06:57.000Z,start,ugv_1,ugv,search_and_rescue_uav_ugv_team_052_exec_14,inprogress,80.1,35.09,65.05,0.0,msg_b5a939e838,area stabilized and escort starting,send,ugv_1,uav_1
search_and_rescue_uav_ugv_team_052,send_acknowledgment,2026-01-19T16:07:05.000Z,complete,ugv_1,ugv,search_and_rescue_uav_ugv_team_052_exec_14,done,79.9,35.09,65.05,0.0,msg_b5a939e838,area stabilized and escort starting,send,ugv_1,uav_1
search_and_rescue_uav_ugv_team_052,receive_acknowledgment,2026-01-19T16:08:38.000Z,start,uav_1,uav,search_and_rescue_uav_ugv_team_052_exec_15,inprogress,69.4,36.96,64.37,22.12,msg_b5a939e838,area stabilized and escort starting,receive,ugv_1,uav_1
search_and_rescue_uav_ugv_team_052,receive_acknowledgment,2026-01-19T16:08:42.000Z,complete,uav_1,uav,search_and_rescue_uav_ugv_team_052_exec_15,done,69.3,36.96,64.37,22.12,msg_b5a939e838,area stabilized and escort starting,receive,ugv_1,uav_1
search_and_rescue_uav_ugv_team_052,escort,2026-01-19T16:08:43.000Z,start,ugv_1,ugv,search_and_rescue_uav_ugv_team_052_exec_16,inprogress,79.9,35.09,65.05,0.0,null,null,null,null,null
search_and_rescue_uav_ugv_team_052,escort,2026-01-19T16:09:19.000Z,null,ugv_1,ugv,search_and_rescue_uav_ugv_team_052_exec_16,inprogress,79.3,30.91,55.88,0.0,null,null,null,null,null
search_and_rescue_uav_ugv_team_052,escort,2026-01-19T16:09:55.000Z,null,ugv_1,ugv,search_and_rescue_uav_ugv_team_052_exec_16,inprogress,78.7,26.73,46.7,0.0,null,null,null,null,null
search_and_rescue_uav_ugv_team_052,escort,2026-01-19T16:10:31.000Z,null,ugv_1,ugv,search_and_rescue_uav_ugv_team_052_exec_16,inprogress,78.0,22.55,37.53,0.0,null,null,null,null,null
search_and_rescue_uav_ugv_team_052,escort,2026-01-19T16:11:07.000Z,null,ugv_1,ugv,search_and_rescue_uav_ugv_team_052_exec_16,inprogress,77.4,18.36,28.35,0.0,null,null,null,null,null
search_and_rescue_uav_ugv_team_052,escort,2026-01-19T16:11:43.000Z,null,ugv_1,ugv,search_and_rescue_uav_ugv_team_052_exec_16,inprogress,76.8,14.18,19.18,0.0,null,null,null,null,null
search_and_rescue_uav_ugv_team_052,escort,2026-01-19T16:12:21.000Z,complete,ugv_1,ugv,search_and_rescue_uav_ugv_team_052_exec_16,done,76.1,10.0,10.0,0.0,null,null,null,null,null
search_and_rescue_uav_ugv_team_052,mission_close,2026-01-19T16:12:22.000Z,start,uav_1,uav,search_and_rescue_uav_ugv_team_052_exec_17,inprogress,69.3,36.96,64.37,22.12,null,null,null,null,null
search_and_rescue_uav_ugv_team_052,mission_close,2026-01-19T16:12:48.000Z,complete,uav_1,uav,search_and_rescue_uav_ugv_team_052_exec_17,done,69.0,36.96,64.37,22.12,null,null,null,null,null
search_and_rescue_uav_ugv_team_052,mission_close,2026-01-19T16:12:49.000Z,start,ugv_1,ugv,search_and_rescue_uav_ugv_team_052_exec_18,inprogress,76.1,10.0,10.0,0.0,null,null,null,null,null
search_and_rescue_uav_ugv_team_052,mission_close,2026-01-19T16:13:25.000Z,complete,ugv_1,ugv,search_and_rescue_uav_ugv_team_052_exec_18,done,75.8,10.0,10.0,0.0,null,null,null,null,null
search_and_rescue_uav_ugv_team_053,dispatch,2026-01-19T16:25:00.000Z,start,uav_1,uav,search_and_rescue_uav_ugv_team_053_exec_1,inprogress,87.5,0.0,0.0,0.0,null,null,null,null,null
search_and_rescue_uav_ugv_team_053,dispatch,2026-01-19T16:25:26.000Z,complete,uav_1,uav,search_and_rescue_uav_ugv_team_053_exec_1,done,87.3,0.0,0.0,0.0,null,null,null,null,null
search_and_rescue_uav_ugv_team_053,dispatch,2026-01-19T16:25:27.000Z,start,ugv_1,ugv,search_and_rescue_uav_ugv_team_053_exec_2,inprogress,86.7,0.0,0.0,0.0,null,null,null,null,null
search_and_rescue_uav_ugv_team_053,dispatch,2026-01-19T16:25:41.000Z,complete,ugv_1,ugv,search_and_rescue_uav_ugv_team_053_exec_2,done,86.6,0.0,0.0,0.0,null,null,null,null,null
search_and_rescue_uav_ugv_team_053,takeoff,2026-01-19T16:25:42.000Z,start,uav_1,uav,search_and_rescue_uav_ugv_team_053_exec_3,inprogress,87.3,0.0,0.0,0.0,null,null,null,null,null
search_and_rescue_uav_ugv_team_053,takeoff,2026-01-19T16:26:03.000Z,complete,uav_1,uav,search_and_rescue_uav_ugv_team_053_exec_3,done,86.6,0.0,0.0,5.0,null,null,null,null,null
search_and_rescue_uav_ugv_team_053,scan_sector,2026-01-19T16:26:04.000Z,start,uav_1,uav,search_and_rescue_uav_ugv_team_053_exec_4,inprogress,86.6,0.0,0.0,5.0,null,null,null,null,null
search_and_rescue_uav_ugv_team_053,scan_sector,2026-01-19T16:27:20.000Z,null,uav_1,uav,search_and_rescue_uav_ugv_team_053_exec_4,inprogress,85.1,13.54,7.18,8.83,null,null,null,null,null
search_and_rescue_uav_ugv_team_053,scan_sector,2026-01-19T16:28:36.000Z,null,uav_1,uav,search_and_rescue_uav_ugv_team_053_exec_4,inprogress,83.5,27.07,14.35,12.66,null,null,null,null,null
search_and_rescue_uav_ugv_team_053,scan_sector,2026-01-19T16:29:52.000Z,null,uav_1,uav,search_and_rescue_uav_ugv_team_053_exec_4,inprogress,81.9,40.61,21.53,16.48,null,null,null,null,null
search_and_rescue_uav_ugv_team_053,scan_sector,2026-01-19T16:31:08.000Z,null,uav_1,uav,search_and_rescue_uav_ugv_team_053_exec_4,inprogress,80.3,54.14,28.71,20.31,null,null,null,null,null
search_and_rescue_uav_ugv_team_053,scan_sector,2026-01-19T16:32:26.000Z,complete,uav_1,uav,search_and_rescue_uav_ugv_team_053_exec_4,done,78.8,67.68,35.88,24.14,null,null,null,null,null
search_and_rescue_uav_ugv_team_053,detect_victim,2026-01-19T16:32:27.000Z,start,uav_1,uav,search_and_rescue_uav_ugv_team_053_exec_5,inprogress,78.8,67.68,35.88,24.14,null,null,null,null,null
search_and_rescue_uav_ugv_team_053,detect_victim,2026-01-19T16:33:00.000Z,complete,uav_1,uav,search_and_rescue_uav_ugv_team_053_exec_5,done,78.2,67.68,35.88,24.14,null,null,null,null,null
search_and_rescue_uav_ugv_team_053,send_coordinates,2026-01-19T16:33:01.000Z,start,uav_1,uav,search_and_rescue_uav_ugv_team_053_exec_6,inprogress,78.2,67.68,35.88,24.14,msg_ee21665af3,victim coordinates and severity,send,uav_1,ugv_1
search_and_rescue_uav_ugv_team_053,send_coordinates,2026-01-19T16:33:07.000Z,complete,uav_1,uav,search_and_rescue_uav_ugv_team_053_exec_6,done,78.0,67.68,35.88,24.14,msg_ee21665af3,victim coordinates and severity,send,uav_1,ugv_1
search_and_rescue_uav_ugv_team_053,receive_coordinates,2026-01-19T16:33:13.000Z,start,ugv_1,ugv,search_and_rescue_uav_ugv_team_053_exec_7,inprogress,86.6,0.0,0.0,0.0,msg_ee21665af3,victim coordinates and severity,receive,uav_1,ugv_1
search_and_rescue_uav_ugv_team_053,receive_coordinates,2026-01-19T16:33:17.000Z,complete,ugv_1,ugv,search_and_rescue_uav_ugv_team_053_exec_7,done,86.5,0.0,0.0,0.0,msg_ee21665af3,victim coordinates and severity,receive,uav_1,ugv_1
search_and_rescue_uav_ugv_team_053,navigate_to_victim,2026-01-19T16:33:18.000Z,start,ugv_1,ugv,search_and_rescue_uav_ugv_team_053_exec_8,inprogress,86.5,0.0,0.0,0.0,null,null,null,null,null
search_and_rescue_uav_ugv_team_053,navigate_to_victim,2026-01-19T16:34:14.000Z,null,ugv_1,ugv,search_and_rescue_uav_ugv_team_053_exec_8,inprogress,85.4,9.44,5.01,0.0,null,null,null,null,null
search_and_rescue_uav_ugv_team_053,navigate_to_victim,2026-01-19T16:35:10.000Z,null,ugv_1,ugv,search_and_rescue_uav_ugv_team_053_exec_8,inprogress,84.4,18.88,10.02,0.0,null,null,null,null,null
search_and_rescue_uav_ugv_team_053,navigate_to_victim,2026-01-19T16:36:06.000Z,null,ugv_1,ugv,search_and_rescue_uav_ugv_team_053_exec_8,inprogress,83.4,28.32,15.03,0.0,null,null,null,null,null
search_and_rescue_uav_ugv_team_053,navigate_to_victim,2026-01-19T16:37:02.000Z,null,ugv_1,ugv,search_and_rescue_uav_ugv_team_053_exec_8,inprogress,82.4,37.76,20.04,0.0,null,null,null,null,null
search_and_rescue_uav_ugv_team_053,navigate_to_victim,2026-01-19T16:37:58.000Z,null,ugv_1,ugv,search_and_rescue_uav_ugv_team_053_exec_8,inprogress,81.4,47.2,25.05,0.0,null,null,null,null,null
search_and_rescue_uav_ugv_team_053,navigate_to_victim,2026-01-19T16:38:54.000Z,null,ugv_1,ugv,search_and_rescue_uav_ugv_team_053_exec_8,inprogress,80.4,56.64,30.07,0.0,null,null,null,null,null
search_and_rescue_uav_ugv_team_053,navigate_to_victim,2026-01-19T16:39:53.000Z,complete,ugv_1,ugv,search_and_rescue_uav_ugv_team_053_exec_8,done,79.4,66.08,35.08,0.0,null,null,null,null,null
search_and_rescue_uav_ugv_team_053,stabilize_area,2026-01-19T16:39:54.000Z,start,ugv_1,ugv,search_and_rescue_uav_ugv_team_053_exec_9,inprogress,79.4,66.08,35.08,0.0,null,null,null,null,null
search_and_rescue_uav_ugv_team_053,stabilize_area,2026-01-19T16:40:36.000Z,null,ugv_1,ugv,search_and_rescue_uav_ugv_team_053_exec_9,inprogress,79.0,66.08,35.08,0.0,null,null,null,null,null
search_and_rescue_uav_ugv_team_053,stabilize_area,2026-01-19T16:41:18.000Z,null,ugv_1,ugv,search_and_rescue_uav_ugv_team_053_exec_9,inprogress,78.6,66.08,35.08,0.0,null,null,null,null,null
search_and_rescue_uav_ugv_team_053,stabilize_area,2026-01-19T16:42:00.000Z,null,ugv_1,ugv,search_and_rescue_uav_ugv_team_053_exec_9,inprogress,78.1,66.08,35.08,0.0,null,null,null,null,null
search_and_rescue_uav_ugv_team_053,stabilize_area,2026-01-19T16:42:42.000Z,complete,ugv_1,ugv,search_and_rescue_uav_ugv_team_053_exec_9,done,77.7,66.08,35.08,0.0,null,null,null,null,null
search_and_rescue_uav_ugv_team_053,send_acknowledgment,2026-01-19T16:42:43.000Z,start,ugv_1,ugv,search_and_rescue_uav_ugv_team_053_exec_10,inprogress,77.7,66.08,35.08,0.0,msg_c85d599098,area stabilized and escort starting,send,ugv_1,uav_1
search_and_rescue_uav_ugv_team_053,send_acknowledgment,2026-01-19T16:42:51.000Z,complete,ugv_1,ugv,search_and_rescue_uav_ugv_team_053_exec_10,done,77.5,66.08,35.08,0.0,msg_c85d599098,area stabilized and escort starting,send,ugv_1,uav_1
search_and_rescue_uav_ugv_team_053,receive_acknowledgment,2026-01-19T16:42:56.000Z,start,uav_1,uav,search_and_rescue_uav_ugv_team_053_exec_11,inprogress,78.0,67.68,35.88,24.14,msg_c85d599098,area stabilized and escort starting,receive,ugv_1,uav_1
search_and_rescue_uav_ugv_team_053,receive_acknowledgment,2026-01-19T16:43:00.000Z,complete,uav_1,uav,search_and_rescue_uav_ugv_team_053_exec_11,done,77.9,67.68,35.88,24.14,msg_c85d599098,area stabilized and escort starting,receive,ugv_1,uav_1
search_and_rescue_uav_ugv_team_053,escort,2026-01-19T16:43:01.000Z,start,ugv_1,ugv,search_and_rescue_uav_ugv_team_053_exec_12,inprogress,77.5,66.08,35.08,0.0,null,null,null,null,null
search_and_rescue_uav_ugv_team_053,escort,2026-01-19T16:44:02.000Z,null,ugv_1,ugv,search_and_rescue_uav_ugv_team_053_exec_12,inprogress,75.4,47.38,26.72,0.0,null,null,null,null,null
search_and_rescue_uav_ugv_team_053,escort,2026-01-19T16:45:03.000Z,null,ugv_1,ugv,search_and_rescue_uav_ugv_team_053_exec_12,inprogress,73.4,28.69,18.36,0.0,null,null,null,null,null
search_and_rescue_uav_ugv_team_053,escort,2026-01-19T16:46:06.000Z,complete,ugv_1,ugv,search_and_rescue_uav_ugv_team_053_exec_12,done,71.3,10.0,10.0,0.0,null,null,null,null,null
search_and_rescue_uav_ugv_team_053,mission_close,2026-01-19T16:46:07.000Z,start,uav_1,uav,search_and_rescue_uav_ugv_team_053_exec_13,inprogress,77.9,67.68,35.88,24.14,null,null,null,null,null
search_and_rescue_uav_ugv_team_053,mission_close,2026-01-19T16:46:31.000Z,complete,uav_1,uav,search_and_rescue_uav_ugv_team_053_exec_13,done,77.4,67.68,35.88,24.14,null,null,null,null,null
search_and_rescue_uav_ugv_team_053,mission_close,2026-01-19T16:46:32.000Z,start,ugv_1,ugv,search_and_rescue_uav_ugv_team_053_exec_14,inprogress,71.3,10.0,10.0,0.0,null,null,null,null,null
search_and_rescue_uav_ugv_team_053,mission_close,2026-01-19T16:47:02.000Z,complete,ugv_1,ugv,search_and_rescue_uav_ugv_team_053_exec_14,done,70.9,10.0,10.0,0.0,null,null,null,null,null
search_and_rescue_uav_ugv_team_054,dispatch,2026-01-19T17:05:00.000Z,start,uav_1,uav,search_and_rescue_uav_ugv_team_054_exec_1,inprogress,94.4,0.0,0.0,0.0,null,null,null,null,null
search_and_rescue_uav_ugv_team_054,dispatch,2026-01-19T17:05:24.000Z,complete,uav_1,uav,search_and_rescue_uav_ugv_team_054_exec_1,done,94.1,0.0,0.0,0.0,null,null,null,null,null
search_and_rescue_uav_ugv_team_054,dispatch,2026-01-19T17:05:25.000Z,start,ugv_1,ugv,search_and_rescue_uav_ugv_team_054_exec_2,inprogress,97.8,0.0,0.0,0.0,null,null,null,null,null
search_and_rescue_uav_ugv_team_054,dispatch,2026-01-19T17:05:43.000Z,complete,ugv_1,ugv,search_and_rescue_uav_ugv_team_054_exec_2,done,97.6,0.0,0.0,0.0,null,null,null,null,null
search_and_rescue_uav_ugv_team_054,takeoff,2026-01-19T17:05:44.000Z,start,uav_1,uav,search_and_rescue_uav_ugv_team_054_exec_3,inprogress,94.1,0.0,0.0,0.0,null,null,null,null,null
search_and_rescue_uav_ugv_team_054,takeoff,2026-01-19T17:06:01.000Z,complete,uav_1,uav,search_and_rescue_uav_ugv_team_054_exec_3,done,93.4,0.0,0.0,5.0,null,null,null,null,null
search_and_rescue_uav_ugv_team_054,scan_sector,2026-01-19T17:06:02.000Z,start,uav_1,uav,search_and_rescue_uav_ugv_team_054_exec_4,inprogress,93.4,0.0,0.0,5.0,null,null,null,null,null
search_and_rescue_uav_ugv_team_054,scan_sector,2026-01-19T17:06:52.000Z,null,uav_1,uav,search_and_rescue_uav_ugv_team_054_exec_4,inprogress,92.4,5.36,2.92,8.0,null,null,null,null,null
search_and_rescue_uav_ugv_team_054,scan_sector,2026-01-19T17:07:42.000Z,null,uav_1,uav,search_and_rescue_uav_ugv_team_054_exec_4,inprogress,91.5,10.72,5.84,10.99,null,null,null,null,null
search_and_rescue_uav_ugv_team_054,scan_sector,2026-01-19T17:08:32.000Z,null,uav_1,uav,search_and_rescue_uav_ugv_team_054_exec_4,inprogress,90.6,16.09,8.76,13.99,null,null,null,null,null
search_and_rescue_uav_ugv_team_054,scan_sector,2026-01-19T17:09:22.000Z,null,uav_1,uav,search_and_rescue_uav_ugv_team_054_exec_4,inprogress,89.7,21.45,11.68,16.98,null,null,null,null,null
search_and_rescue_uav_ugv_team_054,scan_sector,2026-01-19T17:10:12.000Z,null,uav_1,uav,search_and_rescue_uav_ugv_team_054_exec_4,inprogress,88.7,26.81,14.59,19.98,null,null,null,null,null
search_and_rescue_uav_ugv_team_054,scan_sector,2026-01-19T17:11:02.000Z,null,uav_1,uav,search_and_rescue_uav_ugv_team_054_exec_4,inprogress,87.8,32.17,17.51,22.98,null,null,null,null,null
search_and_rescue_uav_ugv_team_054,scan_sector,2026-01-19T17:11:57.000Z,complete,uav_1,uav,search_and_rescue_uav_ugv_team_054_exec_4,done,86.9,37.53,20.43,25.97,null,null,null,null,null
search_and_rescue_uav_ugv_team_054,detect_victim,2026-01-19T17:11:58.000Z,start,uav_1,uav,search_and_rescue_uav_ugv_team_054_exec_5,inprogress,86.9,37.53,20.43,25.97,null,null,null,null,null
search_and_rescue_uav_ugv_team_054,detect_victim,2026-01-19T17:12:16.000Z,complete,uav_1,uav,search_and_rescue_uav_ugv_team_054_exec_5,done,86.4,37.53,20.43,25.97,null,null,null,null,null
search_and_rescue_uav_ugv_team_054,send_coordinates,2026-01-19T17:12:17.000Z,start,uav_1,uav,search_and_rescue_uav_ugv_team_054_exec_6,inprogress,86.4,37.53,20.43,25.97,msg_574a545e90,victim coordinates and severity,send,uav_1,ugv_1
search_and_rescue_uav_ugv_team_054,send_coordinates,2026-01-19T17:12:22.000Z,complete,uav_1,uav,search_and_rescue_uav_ugv_team_054_exec_6,done,86.2,37.53,20.43,25.97,msg_574a545e90,victim coordinates and severity,send,uav_1,ugv_1
search_and_rescue_uav_ugv_team_054,receive_coordinates,2026-01-19T17:12:28.000Z,start,ugv_1,ugv,search_and_rescue_uav_ugv_team_054_exec_7,inprogress,97.6,0.0,0.0,0.0,msg_574a545e90,victim coordinates and severity,receive,uav_1,ugv_1
search_and_rescue_uav_ugv_team_054,receive_coordinates,2026-01-19T17:12:32.000Z,complete,ugv_1,ugv,search_and_rescue_uav_ugv_team_054_exec_7,done,97.5,0.0,0.0,0.0,msg_574a545e90,victim coordinates and severity,receive,uav_1,ugv_1
search_and_rescue_uav_ugv_team_054,mission_abort,2026-01-19T17:12:33.000Z,start,ugv_1,ugv,search_and_rescue_uav_ugv_team_054_exec_8,inprogress,97.5,0.0,0.0,0.0,null,null,null,null,null
search_and_rescue_uav_ugv_team_054,mission_abort,2026-01-19T17:13:02.000Z,complete,ugv_1,ugv,search_and_rescue_uav_ugv_team_054_exec_8,done,97.2,0.0,0.0,0.0,null,null,null,null,null
search_and_rescue_uav_ugv_team_054,mission_close,2026-01-19T17:13:03.000Z,start,uav_1,uav,search_and_rescue_uav_ugv_team_054_exec_9,inprogress,86.2,37.53,20.43,25.97,null,null,null,null,null
search_and_rescue_uav_ugv_team_054,mission_close,2026-01-19T17:13:27.000Z,complete,uav_1,uav,search_and_rescue_uav_ugv_team_054_exec_9,done,85.9,37.53,20.43,25.97,null,null,null,null,null
search_and_rescue_uav_ugv_team_055,dispatch,2026-01-19T17:45:00.000Z,start,uav_1,uav,search_and_rescue_uav_ugv_team_055_exec_1,inprogress,74.0,0.0,0.0,0.0,null,null,null,null,null
search_and_rescue_uav_ugv_team_055,dispatch,2026-01-19T17:45:28.000Z,complete,uav_1,uav,search_and_rescue_uav_ugv_team_055_exec_1,done,73.9,0.0,0.0,0.0,null,null,null,null,null
search_and_rescue_uav_ugv_team_055,dispatch,2026-01-19T17:45:29.000Z,start,ugv_1,ugv,search_and_rescue_uav_ugv_team_055_exec_2,inprogress,76.4,0.0,0.0,0.0,null,null,null,null,null
search_and_rescue_uav_ugv_team_055,dispatch,2026-01-19T17:45:51.000Z,complete,ugv_1,ugv,search_and_rescue_uav_ugv_team_055_exec_2,done,76.2,0.0,0.0,0.0,null,null,null,null,null
search_and_rescue_uav_ugv_team_055,takeoff,2026-01-19T17:45:52.000Z,start,uav_1,uav,search_and_rescue_uav_ugv_team_055_exec_3,inprogress,73.9,0.0,0.0,0.0,null,null,null,null,null
search_and_rescue_uav_ugv_team_055,takeoff,2026-01-19T17:46:20.000Z,complete,uav_1,uav,search_and_rescue_uav_ugv_team_055_exec_3,done,73.2,0.0,0.0,5.0,null,null,null,null,null
search_and_rescue_uav_ugv_team_055,scan_sector,2026-01-19T17:46:21.000Z,start,uav_1,uav,search_and_rescue_uav_ugv_team_055_exec_4,inprogress,73.2,0.0,0.0,5.0,null,null,null,null,null
search_and_rescue_uav_ugv_team_055,scan_sector,2026-01-19T17:46:53.000Z,null,uav_1,uav,search_and_rescue_uav_ugv_team_055_exec_4,inprogress,71.9,8.7,2.68,7.36,null,null,null,null,null
search_and_rescue_uav_ugv_team_055,scan_sector,2026-01-19T17:47:25.000Z,null,uav_1,uav,search_and_rescue_uav_ugv_team_055_exec_4,inprogress,70.5,17.4,5.36,9.71,null,null,null,null,null
search_and_rescue_uav_ugv_team_055,scan_sector,2026-01-19T17:47:57.000Z,null,uav_1,uav,search_and_rescue_uav_ugv_team_055_exec_4,inprogress,69.2,26.09,8.05,12.07,null,null,null,null,null
search_and_rescue_uav_ugv_team_055,scan_sector,2026-01-19T17:48:29.000Z,null,uav_1,uav,search_and_rescue_uav_ugv_team_055_exec_4,inprogress,67.8,34.79,10.73,14.43,null,null,null,null,null
search_and_rescue_uav_ugv_team_055,scan_sector,2026-01-19T17:49:01.000Z,null,uav_1,uav,search_and_rescue_uav_ugv_team_055_exec_4,inprogress,66.5,43.49,13.41,16.79,null,null,null,null,null
search_and_rescue_uav_ugv_team_055,scan_sector,2026-01-19T17:49:33.000Z,null,uav_1,uav,search_and_rescue_uav_ugv_team_055_exec_4,inprogress,65.1,52.19,16.09,19.14,null,null,null,null,null
search_and_rescue_uav_ugv_team_055,scan_sector,2026-01-19T17:50:05.000Z,null,uav_1,uav,search_and_rescue_uav_ugv_team_055_exec_4,inprogress,63.8,60.89,18.77,21.5,null,null,null,null,null
search_and_rescue_uav_ugv_team_055,scan_sector,2026-01-19T17:50:38.000Z,complete,uav_1,uav,search_and_rescue_uav_ugv_team_055_exec_4,done,62.4,69.58,21.46,23.86,null,null,null,null,null
search_and_rescue_uav_ugv_team_055,detect_victim,2026-01-19T17:50:39.000Z,start,uav_1,uav,search_and_rescue_uav_ugv_team_055_exec_5,inprogress,62.4,69.58,21.46,23.86,null,null,null,null,null
search_and_rescue_uav_ugv_team_055,detect_victim,2026-01-19T17:51:00.000Z,complete,uav_1,uav,search_and_rescue_uav_ugv_team_055_exec_5,done,62.2,69.58,21.46,23.86,null,null,null,null,null
search_and_rescue_uav_ugv_team_055,send_coordinates,2026-01-19T17:51:01.000Z,start,uav_1,uav,search_and_rescue_uav_ugv_team_055_exec_6,inprogress,62.2,69.58,21.46,23.86,msg_bdc675e0cd,victim coordinates and severity,send,uav_1,ugv_1
search_and_rescue_uav_ugv_team_055,send_coordinates,2026-01-19T17:51:09.000Z,complete,uav_1,uav,search_and_rescue_uav_ugv_team_055_exec_6,done,62.0,69.58,21.46,23.86,msg_bdc675e0cd,victim coordinates and severity,send,uav_1,ugv_1
search_and_rescue_uav_ugv_team_055,receive_coordinates,2026-01-19T17:51:15.000Z,start,ugv_1,ugv,search_and_rescue_uav_ugv_team_055_exec_7,inprogress,76.2,0.0,0.0,0.0,msg_bdc675e0cd,victim coordinates and severity,receive,uav_1,ugv_1
search_and_rescue_uav_ugv_team_055,receive_coordinates,2026-01-19T17:51:19.000Z,complete,ugv_1,ugv,search_and_rescue_uav_ugv_team_055_exec_7,done,76.1,0.0,0.0,0.0,msg_bdc675e0cd,victim coordinates and severity,receive,uav_1,ugv_1
search_and_rescue_uav_ugv_team_055,navigate_to_victim,2026-01-19T17:51:20.000Z,start,ugv_1,ugv,search_and_rescue_uav_ugv_team_055_exec_8,inprogress,76.1,0.0,0.0,0.0,null,null,null,null,null
search_and_rescue_uav_ugv_team_055,navigate_to_victim,2026-01-19T17:51:58.000Z,null,ugv_1,ugv,search_and_rescue_uav_ugv_team_055_exec_8,inprogress,75.3,10.05,2.79,0.0,null,null,null,null,null
search_and_rescue_uav_ugv_team_055,navigate_to_victim,2026-01-19T17:52:36.000Z,null,ugv_1,ugv,search_and_rescue_uav_ugv_team_055_exec_8,inprogress,74.6,20.1,5.59,0.0,null,null,null,null,null
search_and_rescue_uav_ugv_team_055,navigate_to_victim,2026-01-19T17:53:14.000Z,null,ugv_1,ugv,search_and_rescue_uav_ugv_team_055_exec_8,inprogress,73.9,30.14,8.38,0.0,null,null,null,null,null
search_and_rescue_uav_ugv_team_055,navigate_to_victim,2026-01-19T17:53:52.000Z,null,ugv_1,ugv,search_and_rescue_uav_ugv_team_055_exec_8,inprogress,73.1,40.19,11.18,0.0,null,null,null,null,null
search_and_rescue_uav_ugv_team_055,navigate_to_victim,2026-01-19T17:54:30.000Z,null,ugv_1,ugv,search_and_rescue_uav_ugv_team_055_exec_8,inprogress,72.4,50.24,13.97,0.0,null,null,null,null,null
search_and_rescue_uav_ugv_team_055,navigate_to_victim,2026-01-19T17:55:08.000Z,null,ugv_1,ugv,search_and_rescue_uav_ugv_team_055_exec_8,inprogress,71.7,60.29,16.77,0.0,null,null,null,null,null
search_and_rescue_uav_ugv_team_055,navigate_to_victim,2026-01-19T17:55:51.000Z,complete,ugv_1,ugv,search_and_rescue_uav_ugv_team_055_exec_8,done,71.0,70.33,19.56,0.0,null,null,null,null,null
search_and_rescue_uav_ugv_team_055,stabilize_area,2026-01-19T17:55:52.000Z,start,ugv_1,ugv,search_and_rescue_uav_ugv_team_055_exec_9,inprogress,71.0,70.33,19.56,0.0,null,null,null,null,null
search_and_rescue_uav_ugv_team_055,stabilize_area,2026-01-19T17:56:32.000Z,null,ugv_1,ugv,search_and_rescue_uav_ugv_team_055_exec_9,inprogress,70.0,70.33,19.56,0.0,null,null,null,null,null
search_and_rescue_uav_ugv_team_055,stabilize_area,2026-01-19T17:57:12.000Z,complete,ugv_1,ugv,search_and_rescue_uav_ugv_team_055_exec_9,done,69.0,70.33,19.56,0.0,null,null,null,null,null
search_and_rescue_uav_ugv_team_055,send_acknowledgment,2026-01-19T17:57:13.000Z,start,ugv_1,ugv,search_and_rescue_uav_ugv_team_055_exec_10,inprogress,69.0,70.33,19.56,0.0,msg_3d61c7f243,area stabilized and escort starting,send,ugv_1,uav_1
search_and_rescue_uav_ugv_team_055,send_acknowledgment,2026-01-19T17:57:20.000Z,complete,ugv_1,ugv,search_and_rescue_uav_ugv_team_055_exec_10,done,68.8,70.33,19.56,0.0,msg_3d61c7f243,area stabilized and escort starting,send,ugv_1,uav_1
search_and_rescue_uav_ugv_team_055,receive_acknowledgment,2026-01-19T17:57:25.000Z,start,uav_1,uav,search_and_rescue_uav_ugv_team_055_exec_11,inprogress,62.0,69.58,21.46,23.86,msg_3d61c7f243,area stabilized and escort starting,receive,ugv_1,uav_1
search_and_rescue_uav_ugv_team_055,receive_acknowledgment,2026-01-19T17:57:29.000Z,complete,uav_1,uav,search_and_rescue_uav_ugv_team_055_exec_11,done,61.9,69.58,21.46,23.86,msg_3d61c7f243,area stabilized and escort starting,receive,ugv_1,uav_1
search_and_rescue_uav_ugv_team_055,escort,2026-01-19T17:57:30.000Z,start,ugv_1,ugv,search_and_rescue_uav_ugv_team_055_exec_12,inprogress,68.8,70.33,19.56,0.0,null,null,null,null,null
search_and_rescue_uav_ugv_team_055,escort,2026-01-19T17:58:18.000Z,null,ugv_1,ugv,search_and_rescue_uav_ugv_team_055_exec_12,inprogress,67.6,58.27,17.65,0.0,null,null,null,null,null
search_and_rescue_uav_ugv_team_055,escort,2026-01-19T17:59:06.000Z,null,ugv_1,ugv,search_and_rescue_uav_ugv_team_055_exec_12,inprogress,66.4,46.2,15.74,0.0,null,null,null,null,null
search_and_rescue_uav_ugv_team_055,escort,2026-01-19T17:59:54.000Z,null,ugv_1,ugv,search_and_rescue_uav_ugv_team_055_exec_12,inprogress,65.1,34.13,13.82,0.0,null,null,null,null,null
search_and_rescue_uav_ugv_team_055,escort,2026-01-19T18:00:42.000Z,null,ugv_1,ugv,search_and_rescue_uav_ugv_team_055_exec_12,inprogress,63.9,22.07,11.91,0.0,null,null,null,null,null
search_and_rescue_uav_ugv_team_055,escort,2026-01-19T18:01:33.000Z,complete,ugv_1,ugv,search_and_rescue_uav_ugv_team_055_exec_12,done,62.7,10.0,10.0,0.0,null,null,null,null,null
search_and_rescue_uav_ugv_team_055,mission_close,2026-01-19T18:01:34.000Z,start,uav_1,uav,search_and_rescue_uav_ugv_team_055_exec_13,inprogress,61.9,69.58,21.46,23.86,null,null,null,null,null
search_and_rescue_uav_ugv_team_055,mission_close,2026-01-19T18:02:09.000Z,complete,uav_1,uav,search_and_rescue_uav_ugv_team_055_exec_13,done,61.6,69.58,21.46,23.86,null,null,null,null,null
search_and_rescue_uav_ugv_team_055,mission_close,2026-01-19T18:02:10.000Z,start,ugv_1,ugv,search_and_rescue_uav_ugv_team_055_exec_14,inprogress,62.7,10.0,10.0,0.0,null,null,null,null,null
search_and_rescue_uav_ugv_team_055,mission_close,2026-01-19T18:02:48.000Z,complete,ugv_1,ugv,search_and_rescue_uav_ugv_team_055_exec_14,done,62.5,10.0,10.0,0.0,null,null,null,null,null
search_and_rescue_uav_ugv_team_056,dispatch,2026-01-19T18:25:00.000Z,start,uav_1,uav,search_and_rescue_uav_ugv_team_056_exec_1,inprogress,74.6,0.0,0.0,0.0,null,null,null,null,null
search_and_rescue_uav_ugv_team_056,dispatch,2026-01-19T18:25:26.000Z,complete,uav_1,uav,search_and_rescue_uav_ugv_team_056_exec_1,done,74.4,0.0,0.0,0.0,null,null,null,null,null
search_and_rescue_uav_ugv_team_056,dispatch,2026-01-19T18:25:27.000Z,start,ugv_1,ugv,search_and_rescue_uav_ugv_team_056_exec_2,inprogress,91.2,0.0,0.0,0.0,null,null,null,null,null
search_and_rescue_uav_ugv_team_056,dispatch,2026-01-19T18:25:48.000Z,complete,ugv_1,ugv,search_and_rescue_uav_ugv_team_056_exec_2,done,91.0,0.0,0.0,0.0,null,null,null,null,null
search_and_rescue_uav_ugv_team_056,takeoff,2026-01-19T18:25:49.000Z,start,uav_1,uav,search_and_rescue_uav_ugv_team_056_exec_3,inprogress,74.4,0.0,0.0,0.0,null,null,null,null,null
search_and_rescue_uav_ugv_team_056,takeoff,2026-01-19T18:26:09.000Z,complete,uav_1,uav,search_and_rescue_uav_ugv_team_056_exec_3,done,73.7,0.0,0.0,5.0,null,null,null,null,null
search_and_rescue_uav_ugv_team_056,scan_sector,2026-01-19T18:26:10.000Z,start,uav_1,uav,search_and_rescue_uav_ugv_team_056_exec_4,inprogress,73.7,0.0,0.0,5.0,null,null,null,null,null
search_and_rescue_uav_ugv_team_056,scan_sector,2026-01-19T18:27:06.000Z,null,uav_1,uav,search_and_rescue_uav_ugv_team_056_exec_4,inprogress,72.2,6.2,7.65,8.17,null,null,null,null,null
search_and_rescue_uav_ugv_team_056,scan_sector,2026-01-19T18:28:02.000Z,null,uav_1,uav,search_and_rescue_uav_ugv_team_056_exec_4,inprogress,70.6,12.39,15.3,11.35,null,null,null,null,null
search_and_rescue_uav_ugv_team_056,scan_sector,2026-01-19T18:28:58.000Z,null,uav_1,uav,search_and_rescue_uav_ugv_team_056_exec_4,inprogress,69.0,18.59,22.94,14.52,null,null,null,null,null
search_and_rescue_uav_ugv_team_056,scan_sector,2026-01-19T18:29:54.000Z,null,uav_1,uav,search_and_rescue_uav_ugv_team_056_exec_4,inprogress,67.4,24.79,30.59,17.7,null,null,null,null,null
search_and_rescue_uav_ugv_team_056,scan_sector,2026-01-19T18:30:50.000Z,null,uav_1,uav,search_and_rescue_uav_ugv_team_056_exec_4,inprogress,65.8,30.99,38.24,20.87,null,null,null,null,null
search_and_rescue_uav_ugv_team_056,scan_sector,2026-01-19T18:31:48.000Z,complete,uav_1,uav,search_and_rescue_uav_ugv_team_056_exec_4,done,64.2,37.18,45.89,24.05,null,null,null,null,null
search_and_rescue_uav_ugv_team_056,detect_victim,2026-01-19T18:31:49.000Z,start,uav_1,uav,search_and_rescue_uav_ugv_team_056_exec_5,inprogress,64.2,37.18,45.89,24.05,null,null,null,null,null
search_and_rescue_uav_ugv_team_056,detect_victim,2026-01-19T18:32:07.000Z,complete,uav_1,uav,search_and_rescue_uav_ugv_team_056_exec_5,done,63.9,37.18,45.89,24.05,null,null,null,null,null
search_and_rescue_uav_ugv_team_056,send_coordinates,2026-01-19T18:32:08.000Z,start,uav_1,uav,search_and_rescue_uav_ugv_team_056_exec_6,inprogress,63.9,37.18,45.89,24.05,msg_69c7ebd91f,victim coordinates and severity,send,uav_1,ugv_1
search_and_rescue_uav_ugv_team_056,send_coordinates,2026-01-19T18:32:16.000Z,complete,uav_1,uav,search_and_rescue_uav_ugv_team_056_exec_6,done,63.7,37.18,45.89,24.05,msg_69c7ebd91f,victim coordinates and severity,send,uav_1,ugv_1
search_and_rescue_uav_ugv_team_056,receive_coordinates,2026-01-19T18:32:22.000Z,start,ugv_1,ugv,search_and_rescue_uav_ugv_team_056_exec_7,inprogress,91.0,0.0,0.0,0.0,msg_69c7ebd91f,victim coordinates and severity,receive,uav_1,ugv_1
search_and_rescue_uav_ugv_team_056,receive_coordinates,2026-01-19T18:32:26.000Z,complete,ugv_1,ugv,search_and_rescue_uav_ugv_team_056_exec_7,done,90.9,0.0,0.0,0.0,msg_69c7ebd91f,victim coordinates and severity,receive,uav_1,ugv_1
search_and_rescue_uav_ugv_team_056,navigate_to_victim,2026-01-19T18:32:27.000Z,start,ugv_1,ugv,search_and_rescue_uav_ugv_team_056_exec_8,inprogress,90.9,0.0,0.0,0.0,null,null,null,null,null
search_and_rescue_uav_ugv_team_056,navigate_to_victim,2026-01-19T18:33:46.000Z,null,ugv_1,ugv,search_and_rescue_uav_ugv_team_056_exec_8,inprogress,89.4,7.02,10.01,0.0,null,null,null,null,null
search_and_rescue_uav_ugv_team_056,navigate_to_victim,2026-01-19T18:35:05.000Z,null,ugv_1,ugv,search_and_rescue_uav_ugv_team_056_exec_8,inprogress,87.8,14.04,20.02,0.0,null,null,null,null,null
search_and_rescue_uav_ugv_team_056,navigate_to_victim,2026-01-19T18:36:24.000Z,null,ugv_1,ugv,search_and_rescue_uav_ugv_team_056_exec_8,inprogress,86.3,21.06,30.03,0.0,null,null,null,null,null
search_and_rescue_uav_ugv_team_056,navigate_to_victim,2026-01-19T18:37:43.000Z,null,ugv_1,ugv,search_and_rescue_uav_ugv_team_056_exec_8,inprogress,84.8,28.08,40.04,0.0,null,null,null,null,null
search_and_rescue_uav_ugv_team_056,navigate_to_victim,2026-01-19T18:39:05.000Z,complete,ugv_1,ugv,search_and_rescue_uav_ugv_team_056_exec_8,done,83.2,35.1,50.05,0.0,null,null,null,null,null
search_and_rescue_uav_ugv_team_056,stabilize_area,2026-01-19T18:39:06.000Z,start,ugv_1,ugv,search_and_rescue_uav_ugv_team_056_exec_9,inprogress,83.2,35.1,50.05,0.0,null,null,null,null,null
search_and_rescue_uav_ugv_team_056,stabilize_area,2026-01-19T18:39:39.000Z,null,ugv_1,ugv,search_and_rescue_uav_ugv_team_056_exec_9,inprogress,82.9,35.1,50.05,0.0,null,null,null,null,null
search_and_rescue_uav_ugv_team_056,stabilize_area,2026-01-19T18:40:12.000Z,null,ugv_1,ugv,search_and_rescue_uav_ugv_team_056_exec_9,inprogress,82.5,35.1,50.05,0.0,null,null,null,null,null
search_and_rescue_uav_ugv_team_056,stabilize_area,2026-01-19T18:40:45.000Z,null,ugv_1,ugv,search_and_rescue_uav_ugv_team_056_exec_9,inprogress,82.2,35.1,50.05,0.0,null,null,null,null,null
search_and_rescue_uav_ugv_team_056,stabilize_area,2026-01-19T18:41:18.000Z,complete,ugv_1,ugv,search_and_rescue_uav_ugv_team_056_exec_9,done,81.9,35.1,50.05,0.0,null,null,null,null,null
search_and_rescue_uav_ugv_team_056,send_acknowledgment,2026-01-19T18:41:19.000Z,start,ugv_1,ugv,search_and_rescue_uav_ugv_team_056_exec_10,inprogress,81.9,35.1,50.05,0.0,msg_687ee64e1f,area stabilized and escort starting,send,ugv_1,uav_1
search_and_rescue_uav_ugv_team_056,send_acknowledgment,2026-01-19T18:41:25.000Z,complete,ugv_1,ugv,search_and_rescue_uav_ugv_team_056_exec_10,done,81.7,35.1,50.05,0.0,msg_687ee64e1f,area stabilized and escort starting,send,ugv_1,uav_1
search_and_rescue_uav_ugv_team_056,receive_acknowledgment,2026-01-19T18:41:30.000Z,start,uav_1,uav,search_and_rescue_uav_ugv_team_056_exec_11,inprogress,63.7,37.18,45.89,24.05,msg_687ee64e1f,area stabilized and escort starting,receive,ugv_1,uav_1
search_and_rescue_uav_ugv_team_056,receive_acknowledgment,2026-01-19T18:41:34.000Z,complete,uav_1,uav,search_and_rescue_uav_ugv_team_056_exec_11,done,63.6,37.18,45.89,24.05,msg_687ee64e1f,area stabilized and escort starting,receive,ugv_1,uav_1
search_and_rescue_uav_ugv_team_056,escort,2026-01-19T18:41:35.000Z,start,ugv_1,ugv,search_and_rescue_uav_ugv_team_056_exec_12,inprogress,81.7,35.1,50.05,0.0,null,null,null,null,null
search_and_rescue_uav_ugv_team_056,escort,2026-01-19T18:42:41.000Z,null,ugv_1,ugv,search_and_rescue_uav_ugv_team_056_exec_12,inprogress,80.1,26.73,36.7,0.0,null,null,null,null,null
search_and_rescue_uav_ugv_team_056,escort,2026-01-19T18:43:47.000Z,null,ugv_1,ugv,search_and_rescue_uav_ugv_team_056_exec_12,inprogress,78.5,18.37,23.35,0.0,null,null,null,null,null
search_and_rescue_uav_ugv_team_056,escort,2026-01-19T18:44:54.000Z,complete,ugv_1,ugv,search_and_rescue_uav_ugv_team_056_exec_12,done,76.9,10.0,10.0,0.0,null,null,null,null,null
search_and_rescue_uav_ugv_team_056,mission_close,2026-01-19T18:44:55.000Z,start,uav_1,uav,search_and_rescue_uav_ugv_team_056_exec_13,inprogress,63.6,37.18,45.89,24.05,null,null,null,null,null
search_and_rescue_uav_ugv_team_056,mission_close,2026-01-19T18:45:25.000Z,complete,uav_1,uav,search_and_rescue_uav_ugv_team_056_exec_13,done,63.3,37.18,45.89,24.05,null,null,null,null,null
search_and_rescue_uav_ugv_team_056,mission_close,2026-01-19T18:45:26.000Z,start,ugv_1,ugv,search_and_rescue_uav_ugv_team_056_exec_14,inprogress,76.9,10.0,10.0,0.0,null,null,null,null,null
search_and_rescue_uav_ugv_team_056,mission_close,2026-01-19T18:45:51.000Z,complete,ugv_1,ugv,search_and_rescue_uav_ugv_team_056_exec_14,done,76.6,10.0,10.0,0.0,null,null,null,null,null
search_and_rescue_uav_ugv_team_057,dispatch,2026-01-19T19:05:00.000Z,start,uav_1,uav,search_and_rescue_uav_ugv_team_057_exec_1,inprogress,86.2,0.0,0.0,0.0,null,null,null,null,null
search_and_rescue_uav_ugv_team_057,dispatch,2026-01-19T19:05:14.000Z,complete,uav_1,uav,search_and_rescue_uav_ugv_team_057_exec_1,done,85.9,0.0,0.0,0.0,null,null,null,null,null
search_and_rescue_uav_ugv_team_057,dispatch,2026-01-19T19:05:15.000Z,start,ugv_1,ugv,search_and_rescue_uav_ugv_team_057_exec_2,inprogress,86.6,0.0,0.0,0.0,null,null,null,null,null
search_and_rescue_uav_ugv_team_057,dispatch,2026-01-19T19:05:41.000Z,complete,ugv_1,ugv,search_and_rescue_uav_ugv_team_057_exec_2,done,86.4,0.0,0.0,0.0,null,null,null,null,null
search_and_rescue_uav_ugv_team_057,takeoff,2026-01-19T19:05:42.000Z,start,uav_1,uav,search_and_rescue_uav_ugv_team_057_exec_3,inprogress,85.9,0.0,0.0,0.0,null,null,null,null,null
search_and_rescue_uav_ugv_team_057,takeoff,2026-01-19T19:06:09.000Z,complete,uav_1,uav,search_and_rescue_uav_ugv_team_057_exec_3,done,85.0,0.0,0.0,5.0,null,null,null,null,null
search_and_rescue_uav_ugv_team_057,scan_sector,2026-01-19T19:06:10.000Z,start,uav_1,uav,search_and_rescue_uav_ugv_team_057_exec_4,inprogress,85.0,0.0,0.0,5.0,null,null,null,null,null
search_and_rescue_uav_ugv_team_057,scan_sector,2026-01-19T19:06:49.000Z,null,uav_1,uav,search_and_rescue_uav_ugv_team_057_exec_4,inprogress,83.7,6.55,2.22,7.09,null,null,null,null,null
search_and_rescue_uav_ugv_team_057,scan_sector,2026-01-19T19:07:28.000Z,null,uav_1,uav,search_and_rescue_uav_ugv_team_057_exec_4,inprogress,82.4,13.1,4.44,9.17,null,null,null,null,null
search_and_rescue_uav_ugv_team_057,scan_sector,2026-01-19T19:08:07.000Z,null,uav_1,uav,search_and_rescue_uav_ugv_team_057_exec_4,inprogress,81.0,19.66,6.66,11.26,null,null,null,null,null
search_and_rescue_uav_ugv_team_057,scan_sector,2026-01-19T19:08:46.000Z,null,uav_1,uav,search_and_rescue_uav_ugv_team_057_exec_4,inprogress,79.7,26.21,8.88,13.35,null,null,null,null,null
search_and_rescue_uav_ugv_team_057,scan_sector,2026-01-19T19:09:25.000Z,null,uav_1,uav,search_and_rescue_uav_ugv_team_057_exec_4,inprogress,78.3,32.76,11.1,15.43,null,null,null,null,null
search_and_rescue_uav_ugv_team_057,scan_sector,2026-01-19T19:10:04.000Z,null,uav_1,uav,search_and_rescue_uav_ugv_team_057_exec_4,inprogress,77.0,39.31,13.32,17.52,null,null,null,null,null
search_and_rescue_uav_ugv_team_057,scan_sector,2026-01-19T19:10:44.000Z,complete,uav_1,uav,search_and_rescue_uav_ugv_team_057_exec_4,done,75.7,45.87,15.54,19.61,null,null,null,null,null
search_and_rescue_uav_ugv_team_057,detect_victim,2026-01-19T19:10:45.000Z,start,uav_1,uav,search_and_rescue_uav_ugv_team_057_exec_5,inprogress,75.7,45.87,15.54,19.61,null,null,null,null,null
search_and_rescue_uav_ugv_team_057,detect_victim,2026-01-19T19:11:14.000Z,complete,uav_1,uav,search_and_rescue_uav_ugv_team_057_exec_5,done,75.3,45.87,15.54,19.61,null,null,null,null,null
search_and_rescue_uav_ugv_team_057,send_coordinates,2026-01-19T19:11:15.000Z,start,uav_1,uav,search_and_rescue_uav_ugv_team_057_exec_6,inprogress,75.3,45.87,15.54,19.61,msg_12c637d78e,victim coordinates and severity,send,uav_1,ugv_1
search_and_rescue_uav_ugv_team_057,send_coordinates,2026-01-19T19:11:20.000Z,complete,uav_1,uav,search_and_rescue_uav_ugv_team_057_exec_6,done,75.1,45.87,15.54,19.61,msg_12c637d78e,victim coordinates and severity,send,uav_1,ugv_1
search_and_rescue_uav_ugv_team_057,scan_sector,2026-01-19T19:11:21.000Z,start,uav_1,uav,search_and_rescue_uav_ugv_team_057_exec_7,inprogress,75.1,45.87,15.54,19.61,null,null,null,null,null
search_and_rescue_uav_ugv_team_057,scan_sector,2026-01-19T19:12:01.000Z,null,uav_1,uav,search_and_rescue_uav_ugv_team_057_exec_7,inprogress,74.6,47.69,13.78,19.61,null,null,null,null,null
search_and_rescue_uav_ugv_team_057,scan_sector,2026-01-19T19:12:41.000Z,null,uav_1,uav,search_and_rescue_uav_ugv_team_057_exec_7,inprogress,74.1,49.51,12.02,19.61,null,null,null,null,null
search_and_rescue_uav_ugv_team_057,scan_sector,2026-01-19T19:13:21.000Z,complete,uav_1,uav,search_and_rescue_uav_ugv_team_057_exec_7,done,73.6,51.33,10.27,19.61,null,null,null,null,null
search_and_rescue_uav_ugv_team_057,send_alert,2026-01-19T19:13:22.000Z,start,uav_1,uav,search_and_rescue_uav_ugv_team_057_exec_8,inprogress,73.6,51.33,10.27,19.61,msg_dd4d40b54f,resending coordinates after no acknowledgment,send,uav_1,ugv_1
search_and_rescue_uav_ugv_team_057,send_alert,2026-01-19T19:13:26.000Z,complete,uav_1,uav,search_and_rescue_uav_ugv_team_057_exec_8,done,73.4,51.33,10.27,19.61,msg_dd4d40b54f,resending coordinates after no acknowledgment,send,uav_1,ugv_1
search_and_rescue_uav_ugv_team_057,receive_alert,2026-01-19T19:13:32.000Z,start,ugv_1,ugv,search_and_rescue_uav_ugv_team_057_exec_9,inprogress,86.4,0.0,0.0,0.0,msg_dd4d40b54f,resending coordinates after no acknowledgment,receive,uav_1,ugv_1
search_and_rescue_uav_ugv_team_057,receive_alert,2026-01-19T19:13:36.000Z,complete,ugv_1,ugv,search_and_rescue_uav_ugv_team_057_exec_9,done,86.3,0.0,0.0,0.0,msg_dd4d40b54f,resending coordinates after no acknowledgment,receive,uav_1,ugv_1
search_and_rescue_uav_ugv_team_057,navigate_to_victim,2026-01-19T19:13:37.000Z,start,ugv_1,ugv,search_and_rescue_uav_ugv_team_057_exec_10,inprogress,86.3,0.0,0.0,0.0,null,null,null,null,null
search_and_rescue_uav_ugv_team_057,navigate_to_victim,2026-01-19T19:14:35.000Z,null,ugv_1,ugv,search_and_rescue_uav_ugv_team_057_exec_10,inprogress,85.6,6.09,1.68,0.0,null,null,null,null,null
search_and_rescue_uav_ugv_team_057,navigate_to_victim,2026-01-19T19:15:33.000Z,null,ugv_1,ugv,search_and_rescue_uav_ugv_team_057_exec_10,inprogress,84.9,12.18,3.37,0.0,null,null,null,null,null
search_and_rescue_uav_ugv_team_057,navigate_to_victim,2026-01-19T19:16:31.000Z,null,ugv_1,ugv,search_and_rescue_uav_ugv_team_057_exec_10,inprogress,84.3,18.27,5.05,0.0,null,null,null,null,null
search_and_rescue_uav_ugv_team_057,navigate_to_victim,2026-01-19T19:17:29.000Z,null,ugv_1,ugv,search_and_rescue_uav_ugv_team_057_exec_10,inprogress,83.6,24.37,6.73,0.0,null,null,null,null,null
search_and_rescue_uav_ugv_team_057,navigate_to_victim,2026-01-19T19:18:27.000Z,null,ugv_1,ugv,search_and_rescue_uav_ugv_team_057_exec_10,inprogress,82.9,30.46,8.41,0.0,null,null,null,null,null
search_and_rescue_uav_ugv_team_057,navigate_to_victim,2026-01-19T19:19:25.000Z,null,ugv_1,ugv,search_and_rescue_uav_ugv_team_057_exec_10,inprogress,82.3,36.55,10.1,0.0,null,null,null,null,null
search_and_rescue_uav_ugv_team_057,navigate_to_victim,2026-01-19T19:20:26.000Z,complete,ugv_1,ugv,search_and_rescue_uav_ugv_team_057_exec_10,done,81.6,42.64,11.78,0.0,null,null,null,null,null
search_and_rescue_uav_ugv_team_057,stabilize_area,2026-01-19T19:20:27.000Z,start,ugv_1,ugv,search_and_rescue_uav_ugv_team_057_exec_11,inprogress,81.6,42.64,11.78,0.0,null,null,null,null,null
search_and_rescue_uav_ugv_team_057,stabilize_area,2026-01-19T19:21:49.000Z,null,ugv_1,ugv,search_and_rescue_uav_ugv_team_057_exec_11,inprogress,80.5,42.64,11.78,0.0,null,null,null,null,null
search_and_rescue_uav_ugv_team_057,stabilize_area,2026-01-19T19:23:12.000Z,complete,ugv_1,ugv,search_and_rescue_uav_ugv_team_057_exec_11,done,79.3,42.64,11.78,0.0,null,null,null,null,null
search_and_rescue_uav_ugv_team_057,send_acknowledgment,2026-01-19T19:23:13.000Z,start,ugv_1,ugv,search_and_rescue_uav_ugv_team_057_exec_12,inprogress,79.3,42.64,11.78,0.0,msg_6d08caff32,area stabilized and escort starting,send,ugv_1,uav_1
search_and_rescue_uav_ugv_team_057,send_acknowledgment,2026-01-19T19:23:18.000Z,complete,ugv_1,ugv,search_and_rescue_uav_ugv_team_057_exec_12,done,79.1,42.64,11.78,0.0,msg_6d08caff32,area stabilized and escort starting,send,ugv_1,uav_1
search_and_rescue_uav_ugv_team_057,receive_acknowledgment,2026-01-19T19:23:23.000Z,start,uav_1,uav,search_and_rescue_uav_ugv_team_057_exec_13,inprogress,73.4,51.33,10.27,19.61,msg_6d08caff32,area stabilized and escort starting,receive,ugv_1,uav_1
search_and_rescue_uav_ugv_team_057,receive_acknowledgment,2026-01-19T19:23:27.000Z,complete,uav_1,uav,search_and_rescue_uav_ugv_team_057_exec_13,done,73.3,51.33,10.27,19.61,msg_6d08caff32,area stabilized and escort starting,receive,ugv_1,uav_1
search_and_rescue_uav_ugv_team_057,escort,2026-01-19T19:23:28.000Z,start,ugv_1,ugv,search_and_rescue_uav_ugv_team_057_exec_14,inprogress,79.1,42.64,11.78,0.0,null,null,null,null,null
search_and_rescue_uav_ugv_team_057,escort,2026-01-19T19:24:26.000Z,null,ugv_1,ugv,search_and_rescue_uav_ugv_team_057_exec_14,inprogress,78.4,36.11,11.42,0.0,null,null,null,null,null
search_and_rescue_uav_ugv_team_057,escort,2026-01-19T19:25:24.000Z,null,ugv_1,ugv,search_and_rescue_uav_ugv_team_057_exec_14,inprogress,77.7,29.58,11.07,0.0,null,null,null,null,null
search_and_rescue_uav_ugv_team_057,escort,2026-01-19T19:26:22.000Z,null,ugv_1,ugv,search_and_rescue_uav_ugv_team_057_exec_14,inprogress,76.9,23.06,10.71,0.0,null,null,null,null,null
search_and_rescue_uav_ugv_team_057,escort,2026-01-19T19:27:20.000Z,null,ugv_1,ugv,search_and_rescue_uav_ugv_team_057_exec_14,inprogress,76.2,16.53,10.36,0.0,null,null,null,null,null
search_and_rescue_uav_ugv_team_057,escort,2026-01-19T19:28:20.000Z,complete,ugv_1,ugv,search_and_rescue_uav_ugv_team_057_exec_14,done,75.5,10.0,10.0,0.0,null,null,null,null,null
search_and_rescue_uav_ugv_team_057,mission_close,2026-01-19T19:28:21.000Z,start,uav_1,uav,search_and_rescue_uav_ugv_team_057_exec_15,inprogress,73.3,51.33,10.27,19.61,null,null,null,null,null
search_and_rescue_uav_ugv_team_057,mission_close,2026-01-19T19:28:42.000Z,complete,uav_1,uav,search_and_rescue_uav_ugv_team_057_exec_15,done,72.8,51.33,10.27,19.61,null,null,null,null,null
search_and_rescue_uav_ugv_team_057,mission_close,2026-01-19T19:28:43.000Z,start,ugv_1,ugv,search_and_rescue_uav_ugv_team_057_exec_16,inprogress,75.5,10.0,10.0,0.0,null,null,null,null,null
search_and_rescue_uav_ugv_team_057,mission_close,2026-01-19T19:29:20.000Z,complete,ugv_1,ugv,search_and_rescue_uav_ugv_team_057_exec_16,done,75.2,10.0,10.0,0.0,null,null,null,null,null
search_and_rescue_uav_ugv_team_058,dispatch,2026-01-19T19:45:00.000Z,start,uav_1,uav,search_and_rescue_uav_ugv_team_058_exec_1,inprogress,91.5,0.0,0.0,0.0,null,null,null,null,null
search_and_rescue_uav_ugv_team_058,dispatch,2026-01-19T19:45:28.000Z,complete,uav_1,uav,search_and_rescue_uav_ugv_team_058_exec_1,done,91.3,0.0,0.0,0.0,null,null,null,null,null
search_and_rescue_uav_ugv_team_058,dispatch,2026-01-19T19:45:29.000Z,start,ugv_1,ugv,search_and_rescue_uav_ugv_team_058_exec_2,inprogress,95.9,0.0,0.0,0.0,null,null,null,null,null
search_and_rescue_uav_ugv_team_058,dispatch,2026-01-19T19:45:44.000Z,complete,ugv_1,ugv,search_and_rescue_uav_ugv_team_058_exec_2,done,95.7,0.0,0.0,0.0,null,null,null,null,null
search_and_rescue_uav_ugv_team_058,takeoff,2026-01-19T19:45:45.000Z,start,uav_1,uav,search_and_rescue_uav_ugv_team_058_exec_3,inprogress,91.3,0.0,0.0,0.0,null,null,null,null,null
search_and_rescue_uav_ugv_team_058,takeoff,2026-01-19T19:46:09.000Z,complete,uav_1,uav,search_and_rescue_uav_ugv_team_058_exec_3,done,90.6,0.0,0.0,5.0,null,null,null,null,null
search_and_rescue_uav_ugv_team_058,scan_sector,2026-01-19T19:46:10.000Z,start,uav_1,uav,search_and_rescue_uav_ugv_team_058_exec_4,inprogress,90.6,0.0,0.0,5.0,null,null,null,null,null
search_and_rescue_uav_ugv_team_058,scan_sector,2026-01-19T19:46:58.000Z,null,uav_1,uav,search_and_rescue_uav_ugv_team_058_exec_4,inprogress,89.3,8.99,2.91,8.05,null,null,null,null,null
search_and_rescue_uav_ugv_team_058,scan_sector,2026-01-19T19:47:46.000Z,null,uav_1,uav,search_and_rescue_uav_ugv_team_058_exec_4,inprogress,88.0,17.98,5.81,11.09,null,null,null,null,null
search_and_rescue_uav_ugv_team_058,scan_sector,2026-01-19T19:48:34.000Z,null,uav_1,uav,search_and_rescue_uav_ugv_team_058_exec_4,inprogress,86.7,26.96,8.72,14.14,null,null,null,null,null
search_and_rescue_uav_ugv_team_058,scan_sector,2026-01-19T19:49:22.000Z,null,uav_1,uav,search_and_rescue_uav_ugv_team_058_exec_4,inprogress,85.4,35.95,11.62,17.19,null,null,null,null,null
search_and_rescue_uav_ugv_team_058,scan_sector,2026-01-19T19:50:10.000Z,null,uav_1,uav,search_and_rescue_uav_ugv_team_058_exec_4,inprogress,84.1,44.94,14.53,20.24,null,null,null,null,null
search_and_rescue_uav_ugv_team_058,scan_sector,2026-01-19T19:51:01.000Z,complete,uav_1,uav,search_and_rescue_uav_ugv_team_058_exec_4,done,82.7,53.93,17.43,23.28,null,null,null,null,null
search_and_rescue_uav_ugv_team_058,detect_victim,2026-01-19T19:51:02.000Z,start,uav_1,uav,search_and_rescue_uav_ugv_team_058_exec_5,inprogress,82.7,53.93,17.43,23.28,null,null,null,null,null
search_and_rescue_uav_ugv_team_058,detect_victim,2026-01-19T19:51:24.000Z,complete,uav_1,uav,search_and_rescue_uav_ugv_team_058_exec_5,done,82.5,53.93,17.43,23.28,null,null,null,null,null
search_and_rescue_uav_ugv_team_058,send_coordinates,2026-01-19T19:51:25.000Z,start,uav_1,uav,search_and_rescue_uav_ugv_team_058_exec_6,inprogress,82.5,53.93,17.43,23.28,msg_ebb2e1e7f8,victim coordinates and severity,send,uav_1,ugv_1
search_and_rescue_uav_ugv_team_058,send_coordinates,2026-01-19T19:51:29.000Z,complete,uav_1,uav,search_and_rescue_uav_ugv_team_058_exec_6,done,82.3,53.93,17.43,23.28,msg_ebb2e1e7f8,victim coordinates and severity,send,uav_1,ugv_1
search_and_rescue_uav_ugv_team_058,scan_sector,2026-01-19T19:51:30.000Z,start,uav_1,uav,search_and_rescue_uav_ugv_team_058_exec_7,inprogress,82.3,53.93,17.43,23.28,null,null,null,null,null
search_and_rescue_uav_ugv_team_058,scan_sector,2026-01-19T19:52:14.000Z,null,uav_1,uav,search_and_rescue_uav_ugv_team_058_exec_7,inprogress,81.4,56.3,20.08,23.28,null,null,null,null,null
search_and_rescue_uav_ugv_team_058,scan_sector,2026-01-19T19:52:58.000Z,complete,uav_1,uav,search_and_rescue_uav_ugv_team_058_exec_7,done,80.5,58.68,22.72,23.28,null,null,null,null,null
search_and_rescue_uav_ugv_team_058,send_alert,2026-01-19T19:52:59.000Z,start,uav_1,uav,search_and_rescue_uav_ugv_team_058_exec_8,inprogress,80.5,58.68,22.72,23.28,msg_a3b7ae984f,resending coordinates after no acknowledgment,send,uav_1,ugv_1
search_and_rescue_uav_ugv_team_058,send_alert,2026-01-19T19:53:04.000Z,complete,uav_1,uav,search_and_rescue_uav_ugv_team_058_exec_8,done,80.3,58.68,22.72,23.28,msg_a3b7ae984f,resending coordinates after no acknowledgment,send,uav_1,ugv_1
search_and_rescue_uav_ugv_team_058,receive_alert,2026-01-19T19:53:10.000Z,start,ugv_1,ugv,search_and_rescue_uav_ugv_team_058_exec_9,inprogress,95.7,0.0,0.0,0.0,msg_a3b7ae984f,resending coordinates after no acknowledgment,receive,uav_1,ugv_1
search_and_rescue_uav_ugv_team_058,receive_alert,2026-01-19T19:53:14.000Z,complete,ugv_1,ugv,search_and_rescue_uav_ugv_team_058_exec_9,done,95.6,0.0,0.0,0.0,msg_a3b7ae984f,resending coordinates after no acknowledgment,receive,uav_1,ugv_1
search_and_rescue_uav_ugv_team_058,navigate_to_victim,2026-01-19T19:53:15.000Z,start,ugv_1,ugv,search_and_rescue_uav_ugv_team_058_exec_10,inprogress,95.6,0.0,0.0,0.0,null,null,null,null,null
search_and_rescue_uav_ugv_team_058,navigate_to_victim,2026-01-19T19:54:35.000Z,null,ugv_1,ugv,search_and_rescue_uav_ugv_team_058_exec_10,inprogress,94.1,12.89,7.83,0.0,null,null,null,null,null
search_and_rescue_uav_ugv_team_058,navigate_to_victim,2026-01-19T19:55:55.000Z,null,ugv_1,ugv,search_and_rescue_uav_ugv_team_058_exec_10,inprogress,92.6,25.77,15.66,0.0,null,null,null,null,null
search_and_rescue_uav_ugv_team_058,navigate_to_victim,2026-01-19T19:57:15.000Z,complete,ugv_1,ugv,search_and_rescue_uav_ugv_team_058_exec_10,done,91.1,38.66,23.49,0.0,null,null,null,null,null
search_and_rescue_uav_ugv_team_058,reroute,2026-01-19T19:57:16.000Z,start,ugv_1,ugv,search_and_rescue_uav_ugv_team_058_exec_11,inprogress,91.1,38.66,23.49,0.0,null,null,null,null,null
search_and_rescue_uav_ugv_team_058,reroute,2026-01-19T19:57:48.000Z,null,ugv_1,ugv,search_and_rescue_uav_ugv_team_058_exec_11,inprogress,90.6,38.66,23.49,0.0,null,null,null,null,null
search_and_rescue_uav_ugv_team_058,reroute,2026-01-19T19:58:20.000Z,complete,ugv_1,ugv,search_and_rescue_uav_ugv_team_058_exec_11,done,90.2,38.66,23.49,0.0,null,null,null,null,null
search_and_rescue_uav_ugv_team_058,navigate_to_victim,2026-01-19T19:58:21.000Z,start,ugv_1,ugv,search_and_rescue_uav_ugv_team_058_exec_12,inprogress,90.2,38.66,23.49,0.0,null,null,null,null,null
search_and_rescue_uav_ugv_team_058,navigate_to_victim,2026-01-19T19:59:11.000Z,null,ugv_1,ugv,search_and_rescue_uav_ugv_team_058_exec_12,inprogress,89.2,40.8,22.31,0.0,null,null,null,null,null
search_and_rescue_uav_ugv_team_058,navigate_to_victim,2026-01-19T20:00:01.000Z,null,ugv_1,ugv,search_and_rescue_uav_ugv_team_058_exec_12,inprogress,88.3,42.94,21.12,0.0,null,null,null,null,null
search_and_rescue_uav_ugv_team_058,navigate_to_victim,2026-01-19T20:00:51.000Z,null,ugv_1,ugv,search_and_rescue_uav_ugv_team_058_exec_12,inprogress,87.3,45.08,19.93,0.0,null,null,null,null,null
search_and_rescue_uav_ugv_team_058,navigate_to_victim,2026-01-19T20:01:41.000Z,null,ugv_1,ugv,search_and_rescue_uav_ugv_team_058_exec_12,inprogress,86.3,47.23,18.75,0.0,null,null,null,null,null
search_and_rescue_uav_ugv_team_058,navigate_to_victim,2026-01-19T20:02:31.000Z,complete,ugv_1,ugv,search_and_rescue_uav_ugv_team_058_exec_12,done,85.4,49.37,17.56,0.0,null,null,null,null,null
search_and_rescue_uav_ugv_team_058,stabilize_area,2026-01-19T20:02:32.000Z,start,ugv_1,ugv,search_and_rescue_uav_ugv_team_058_exec_13,inprogress,85.4,49.37,17.56,0.0,null,null,null,null,null
search_and_rescue_uav_ugv_team_058,stabilize_area,2026-01-19T20:03:13.000Z,null,ugv_1,ugv,search_and_rescue_uav_ugv_team_058_exec_13,inprogress,84.9,49.37,17.56,0.0,null,null,null,null,null
search_and_rescue_uav_ugv_team_058,stabilize_area,2026-01-19T20:03:54.000Z,null,ugv_1,ugv,search_and_rescue_uav_ugv_team_058_exec_13,inprogress,84.4,49.37,17.56,0.0,null,null,null,null,null
search_and_rescue_uav_ugv_team_058,stabilize_area,2026-01-19T20:04:37.000Z,complete,ugv_1,ugv,search_and_rescue_uav_ugv_team_058_exec_13,done,83.9,49.37,17.56,0.0,null,null,null,null,null
search_and_rescue_uav_ugv_team_058,send_acknowledgment,2026-01-19T20:04:38.000Z,start,ugv_1,ugv,search_and_rescue_uav_ugv_team_058_exec_14,inprogress,83.9,49.37,17.56,0.0,msg_2eb0b57893,area stabilized and escort starting,send,ugv_1,uav_1
search_and_rescue_uav_ugv_team_058,send_acknowledgment,2026-01-19T20:04:45.000Z,complete,ugv_1,ugv,search_and_rescue_uav_ugv_team_058_exec_14,done,83.7,49.37,17.56,0.0,msg_2eb0b57893,area stabilized and escort starting,send,ugv_1,uav_1
search_and_rescue_uav_ugv_team_058,receive_acknowledgment,2026-01-19T20:06:11.000Z,start,uav_1,uav,search_and_rescue_uav_ugv_team_058_exec_15,inprogress,80.3,58.68,22.72,23.28,msg_2eb0b57893,area stabilized and escort starting,receive,ugv_1,uav_1
search_and_rescue_uav_ugv_team_058,receive_acknowledgment,2026-01-19T20:06:15.000Z,complete,uav_1,uav,search_and_rescue_uav_ugv_team_058_exec_15,done,80.2,58.68,22.72,23.28,msg_2eb0b57893,area stabilized and escort starting,receive,ugv_1,uav_1
search_and_rescue_uav_ugv_team_058,escort,2026-01-19T20:06:16.000Z,start,ugv_1,ugv,search_and_rescue_uav_ugv_team_058_exec_16,inprogress,83.7,49.37,17.56,0.0,null,null,null,null,null
search_and_rescue_uav_ugv_team_058,escort,2026-01-19T20:07:42.000Z,null,ugv_1,ugv,search_and_rescue_uav_ugv_team_058_exec_16,inprogress,82.2,36.25,15.04,0.0,null,null,null,null,null
search_and_rescue_uav_ugv_team_058,escort,2026-01-19T20:09:08.000Z,null,ugv_1,ugv,search_and_rescue_uav_ugv_team_058_exec_16,inprogress,80.8,23.12,12.52,0.0,null,null,null,null,null
search_and_rescue_uav_ugv_team_058,escort,2026-01-19T20:10:36.000Z,complete,ugv_1,ugv,search_and_rescue_uav_ugv_team_058_exec_16,done,79.3,10.0,10.0,0.0,null,null,null,null,null
search_and_rescue_uav_ugv_team_058,mission_close,2026-01-19T20:10:37.000Z,start,uav_1,uav,search_and_rescue_uav_ugv_team_058_exec_17,inprogress,80.2,58.68,22.72,23.28,null,null,null,null,null
search_and_rescue_uav_ugv_team_058,mission_close,2026-01-19T20:11:11.000Z,complete,uav_1,uav,search_and_rescue_uav_ugv_team_058_exec_17,done,79.9,58.68,22.72,23.28,null,null,null,null,null
search_and_rescue_uav_ugv_team_058,mission_close,2026-01-19T20:11:12.000Z,start,ugv_1,ugv,search_and_rescue_uav_ugv_team_058_exec_18,inprogress,79.3,10.0,10.0,0.0,null,null,null,null,null
search_and_rescue_uav_ugv_team_058,mission_close,2026-01-19T20:11:40.000Z,complete,ugv_1,ugv,search_and_rescue_uav_ugv_team_058_exec_18,done,78.9,10.0,10.0,0.0,null,null,null,null,null
