case_id,concept:name,time:timestamp,lifecycle:transition,robot_id,org:resource,execution_id,state,battery,x,y,z,msg_id,msg_payload,msg_role,msg_sender,msg_receiver
single_drone_inspection_mapping_001,takeoff,2026-01-12T06:30:00.000Z,start,drone_1,uav,single_drone_inspection_mapping_001_exec_1,inprogress,87.3,0.0,0.0,0.0,null,null,null,null,null
single_drone_inspection_mapping_001,takeoff,2026-01-12T06:30:25.000Z,complete,drone_1,uav,single_drone_inspection_mapping_001_exec_1,done,86.6,0.0,0.0,3.0,null,null,null,null,null
single_drone_inspection_mapping_001,ascend,2026-01-12T06:30:26.000Z,start,drone_1,uav,single_drone_inspection_mapping_001_exec_2,inprogress,86.6,0.0,0.0,3.0,null,null,null,null,null
single_drone_inspection_mapping_001,ascend,2026-01-12T06:30:46.000Z,null,drone_1,uav,single_drone_inspection_mapping_001_exec_2,inprogress,86.0,0.0,0.0,12.53,null,null,null,null,null
single_drone_inspection_mapping_001,ascend,2026-01-12T06:31:06.000Z,complete,drone_1,uav,single_drone_inspection_mapping_001_exec_2,done,85.4,0.0,0.0,22.06,null,null,null,null,null
single_drone_inspection_mapping_001,navigate,2026-01-12T06:31:07.000Z,start,drone_1,uav,single_drone_inspection_mapping_001_exec_3,inprogress,85.4,0.0,0.0,22.06,null,null,null,null,null
single_drone_inspection_mapping_001,navigate,2026-01-12T06:32:04.000Z,null,drone_1,uav,single_drone_inspection_mapping_001_exec_3,inprogress,83.8,14.39,13.51,22.06,null,null,null,null,null
single_drone_inspection_mapping_001,navigate,2026-01-12T06:33:01.000Z,null,drone_1,uav,single_drone_inspection_mapping_001_exec_3,inprogress,82.1,28.77,27.02,22.06,null,null,null,null,null
single_drone_inspection_mapping_001,navigate,2026-01-12T06:33:58.000Z,null,drone_1,uav,single_drone_inspection_mapping_001_exec_3,inprogress,80.4,43.16,40.53,22.06,null,null,null,null,null
single_drone_inspection_mapping_001,navigate,2026-01-12T06:34:56.000Z,complete,drone_1,uav,single_drone_inspection_mapping_001_exec_3,done,78.8,57.54,54.04,22.06,null,null,null,null,null
single_drone_inspection_mapping_001,inspect,2026-01-12T06:34:57.000Z,start,drone_1,uav,single_drone_inspection_mapping_001_exec_4,inprogress,78.8,57.54,54.04,22.06,null,null,null,null,null
single_drone_inspection_mapping_001,inspect,2026-01-12T06:35:48.000Z,null,drone_1,uav,single_drone_inspection_mapping_001_exec_4,inprogress,78.0,57.54,54.04,22.06,null,null,null,null,null
single_drone_inspection_mapping_001,inspect,2026-01-12T06:36:39.000Z,complete,drone_1,uav,single_drone_inspection_mapping_001_exec_4,done,77.2,57.54,54.04,22.06,null,null,null,null,null
single_drone_inspection_mapping_001,capture_image,2026-01-12T06:36:40.000Z,start,drone_1,uav,single_drone_inspection_mapping_001_exec_5,inprogress,77.2,57.54,54.04,22.06,null,null,null,null,null
single_drone_inspection_mapping_001,capture_image,2026-01-12T06:37:00.000Z,complete,drone_1,uav,single_drone_inspection_mapping_001_exec_5,done,76.7,57.54,54.04,22.06,null,null,null,null,null
single_drone_inspection_mapping_001,hover,2026-01-12T06:37:01.000Z,start,drone_1,uav,single_drone_inspection_mapping_001_exec_6,inprogress,76.7,57.54,54.04,22.06,null,null,null,null,null
single_drone_inspection_mapping_001,hover,2026-01-12T06:37:31.000Z,null,drone_1,uav,single_drone_inspection_mapping_001_exec_6,inprogress,76.2,57.54,54.04,22.06,null,null,null,null,null
single_drone_inspection_mapping_001,hover,2026-01-12T06:38:01.000Z,complete,drone_1,uav,single_drone_inspection_mapping_001_exec_6,done,75.7,57.54,54.04,22.06,null,null,null,null,null
single_drone_inspection_mapping_001,map_area,2026-01-12T06:38:02.000Z,start,drone_1,uav,single_drone_inspection_mapping_001_exec_7,inprogress,75.7,57.54,54.04,22.06,null,null,null,null,null
single_drone_inspection_mapping_001,map_area,2026-01-12T06:38:52.000Z,null,drone_1,uav,single_drone_inspection_mapping_001_exec_7,inprogress,74.7,60.42,49.25,22.06,null,null,null,null,null
single_drone_inspection_mapping_001,map_area,2026-01-12T06:39:42.000Z,null,drone_1,uav,single_drone_inspection_mapping_001_exec_7,inprogress,73.8,63.31,44.47,22.06,null,null,null,null,null
single_drone_inspection_mapping_001,map_area,2026-01-12T06:40:32.000Z,null,drone_1,uav,single_drone_inspection_mapping_001_exec_7,inprogress,72.9,66.19,39.68,22.06,null,null,null,null,null
single_drone_inspection_mapping_001,map_area,2026-01-12T06:41:22.000Z,null,drone_1,uav,single_drone_inspection_mapping_001_exec_7,inprogress,72.0,69.07,34.89,22.06,null,null,null,null,null
single_drone_inspection_mapping_001,map_area,2026-01-12T06:42:12.000Z,null,drone_1,uav,single_drone_inspection_mapping_001_exec_7,inprogress,71.1,71.95,30.1,22.06,null,null,null,null,null
single_drone_inspection_mapping_001,map_area,2026-01-12T06:43:02.000Z,null,drone_1,uav,single_drone_inspection_mapping_001_exec_7,inprogress,70.1,74.84,25.32,22.06,null,null,null,null,null
single_drone_inspection_mapping_001,map_area,2026-01-12T06:43:53.000Z,complete,drone_1,uav,single_drone_inspection_mapping_001_exec_7,done,69.2,77.72,20.53,22.06,null,null,null,null,null
single_drone_inspection_mapping_001,navigate,2026-01-12T06:43:54.000Z,start,drone_1,uav,single_drone_inspection_mapping_001_exec_8,inprogress,69.2,77.72,20.53,22.06,null,null,null,null,null
single_drone_inspection_mapping_001,navigate,2026-01-12T06:44:56.000Z,null,drone_1,uav,single_drone_inspection_mapping_001_exec_8,inprogress,67.7,51.81,13.69,22.06,null,null,null,null,null
single_drone_inspection_mapping_001,navigate,2026-01-12T06:45:58.000Z,null,drone_1,uav,single_drone_inspection_mapping_001_exec_8,inprogress,66.3,25.91,6.84,22.06,null,null,null,null,null
single_drone_inspection_mapping_001,navigate,2026-01-12T06:47:01.000Z,complete,drone_1,uav,single_drone_inspection_mapping_001_exec_8,done,64.8,0.0,0.0,22.06,null,null,null,null,null
single_drone_inspection_mapping_001,land,2026-01-12T06:47:02.000Z,start,drone_1,uav,single_drone_inspection_mapping_001_exec_9,inprogress,64.8,0.0,0.0,22.06,null,null,null,null,null
single_drone_inspection_mapping_001,land,2026-01-12T06:47:15.000Z,null,drone_1,uav,single_drone_inspection_mapping_001_exec_9,inprogress,64.5,0.0,0.0,11.03,null,null,null,null,null
single_drone_inspection_mapping_001,land,2026-01-12T06:47:29.000Z,complete,drone_1,uav,single_drone_inspection_mapping_001_exec_9,done,64.3,0.0,0.0,0.0,null,null,null,null,null
single_drone_inspection_mapping_002,takeoff,2026-01-12T07:02:00.000Z,start,drone_1,uav,single_drone_inspection_mapping_002_exec_1,inprogress,80.3,0.0,0.0,0.0,null,null,null,null,null
single_drone_inspection_mapping_002,takeoff,2026-01-12T07:02:29.000Z,complete,drone_1,uav,single_drone_inspection_mapping_002_exec_1,done,79.3,0.0,0.0,3.0,null,null,null,null,null
single_drone_inspection_mapping_002,ascend,2026-01-12T07:02:30.000Z,start,drone_1,uav,single_drone_inspection_mapping_002_exec_2,inprogress,79.3,0.0,0.0,3.0,null,null,null,null,null
single_drone_inspection_mapping_002,ascend,2026-01-12T07:02:45.000Z,null,drone_1,uav,single_drone_inspection_mapping_002_exec_2,inprogress,78.6,0.0,0.0,10.96,null,null,null,null,null
single_drone_inspection_mapping_002,ascend,2026-01-12T07:03:00.000Z,complete,drone_1,uav,single_drone_inspection_mapping_002_exec_2,done,77.9,0.0,0.0,18.93,null,null,null,null,null
single_drone_inspection_mapping_002,navigate,2026-01-12T07:03:01.000Z,start,drone_1,uav,single_drone_inspection_mapping_002_exec_3,inprogress,77.9,0.0,0.0,18.93,null,null,null,null,null
single_drone_inspection_mapping_002,navigate,2026-01-12T07:03:49.000Z,null,drone_1,uav,single_drone_inspection_mapping_002_exec_3,inprogress,76.1,5.11,11.54,18.93,null,null,null,null,null
single_drone_inspection_mapping_002,navigate,2026-01-12T07:04:37.000Z,null,drone_1,uav,single_drone_inspection_mapping_002_exec_3,inprogress,74.3,10.23,23.07,18.93,null,null,null,null,null
single_drone_inspection_mapping_002,navigate,2026-01-12T07:05:25.000Z,null,drone_1,uav,single_drone_inspection_mapping_002_exec_3,inprogress,72.4,15.34,34.61,18.93,null,null,null,null,null
single_drone_inspection_mapping_002,navigate,2026-01-12T07:06:16.000Z,complete,drone_1,uav,single_drone_inspection_mapping_002_exec_3,done,70.6,20.46,46.15,18.93,null,null,null,null,null
single_drone_inspection_mapping_002,inspect,2026-01-12T07:07:20.000Z,start,drone_1,uav,single_drone_inspection_mapping_002_exec_4,inprogress,70.6,20.46,46.15,18.93,null,null,null,null,null
single_drone_inspection_mapping_002,inspect,2026-01-12T07:08:04.000Z,null,drone_1,uav,single_drone_inspection_mapping_002_exec_4,inprogress,69.8,20.46,46.15,18.93,null,null,null,null,null
single_drone_inspection_mapping_002,inspect,2026-01-12T07:08:48.000Z,null,drone_1,uav,single_drone_inspection_mapping_002_exec_4,inprogress,68.9,20.46,46.15,18.93,null,null,null,null,null
single_drone_inspection_mapping_002,inspect,2026-01-12T07:09:34.000Z,complete,drone_1,uav,single_drone_inspection_mapping_002_exec_4,done,68.1,20.46,46.15,18.93,null,null,null,null,null
single_drone_inspection_mapping_002,capture_image,2026-01-12T07:09:35.000Z,start,drone_1,uav,single_drone_inspection_mapping_002_exec_5,inprogress,68.1,20.46,46.15,18.93,null,null,null,null,null
single_drone_inspection_mapping_002,capture_image,2026-01-12T07:09:54.000Z,complete,drone_1,uav,single_drone_inspection_mapping_002_exec_5,done,67.7,20.46,46.15,18.93,null,null,null,null,null
single_drone_inspection_mapping_002,hover,2026-01-12T07:09:55.000Z,start,drone_1,uav,single_drone_inspection_mapping_002_exec_6,inprogress,67.7,20.46,46.15,18.93,null,null,null,null,null
single_drone_inspection_mapping_002,hover,2026-01-12T07:10:19.000Z,null,drone_1,uav,single_drone_inspection_mapping_002_exec_6,inprogress,67.3,20.46,46.15,18.93,null,null,null,null,null
single_drone_inspection_mapping_002,hover,2026-01-12T07:10:44.000Z,complete,drone_1,uav,single_drone_inspection_mapping_002_exec_6,done,66.9,20.46,46.15,18.93,null,null,null,null,null
single_drone_inspection_mapping_002,map_area,2026-01-12T07:10:45.000Z,start,drone_1,uav,single_drone_inspection_mapping_002_exec_7,inprogress,66.9,20.46,46.15,18.93,null,null,null,null,null
single_drone_inspection_mapping_002,map_area,2026-01-12T07:11:30.000Z,null,drone_1,uav,single_drone_inspection_mapping_002_exec_7,inprogress,65.7,28.37,45.22,18.93,null,null,null,null,null
single_drone_inspection_mapping_002,map_area,2026-01-12T07:12:15.000Z,null,drone_1,uav,single_drone_inspection_mapping_002_exec_7,inprogress,64.5,36.27,44.28,18.93,null,null,null,null,null
single_drone_inspection_mapping_002,map_area,2026-01-12T07:13:00.000Z,null,drone_1,uav,single_drone_inspection_mapping_002_exec_7,inprogress,63.3,44.18,43.35,18.93,null,null,null,null,null
single_drone_inspection_mapping_002,map_area,2026-01-12T07:13:45.000Z,null,drone_1,uav,single_drone_inspection_mapping_002_exec_7,inprogress,62.0,52.09,42.42,18.93,null,null,null,null,null
single_drone_inspection_mapping_002,map_area,2026-01-12T07:14:30.000Z,null,drone_1,uav,single_drone_inspection_mapping_002_exec_7,inprogress,60.8,60.0,41.49,18.93,null,null,null,null,null
single_drone_inspection_mapping_002,map_area,2026-01-12T07:15:15.000Z,null,drone_1,uav,single_drone_inspection_mapping_002_exec_7,inprogress,59.6,67.9,40.56,18.93,null,null,null,null,null
single_drone_inspection_mapping_002,map_area,2026-01-12T07:16:00.000Z,null,drone_1,uav,single_drone_inspection_mapping_002_exec_7,inprogress,58.4,75.81,39.62,18.93,null,null,null,null,null
single_drone_inspection_mapping_002,map_area,2026-01-12T07:16:45.000Z,complete,drone_1,uav,single_drone_inspection_mapping_002_exec_7,done,57.2,83.72,38.69,18.93,null,null,null,null,null
single_drone_inspection_mapping_002,navigate,2026-01-12T07:16:46.000Z,start,drone_1,uav,single_drone_inspection_mapping_002_exec_8,inprogress,57.2,83.72,38.69,18.93,null,null,null,null,null
single_drone_inspection_mapping_002,navigate,2026-01-12T07:17:51.000Z,null,drone_1,uav,single_drone_inspection_mapping_002_exec_8,inprogress,55.5,55.81,25.79,18.93,null,null,null,null,null
single_drone_inspection_mapping_002,navigate,2026-01-12T07:18:56.000Z,null,drone_1,uav,single_drone_inspection_mapping_002_exec_8,inprogress,53.8,27.91,12.9,18.93,null,null,null,null,null
single_drone_inspection_mapping_002,navigate,2026-01-12T07:20:01.000Z,complete,drone_1,uav,single_drone_inspection_mapping_002_exec_8,done,52.1,0.0,0.0,18.93,null,null,null,null,null
single_drone_inspection_mapping_002,land,2026-01-12T07:20:02.000Z,start,drone_1,uav,single_drone_inspection_mapping_002_exec_9,inprogress,52.1,0.0,0.0,18.93,null,null,null,null,null
single_drone_inspection_mapping_002,land,2026-01-12T07:20:21.000Z,null,drone_1,uav,single_drone_inspection_mapping_002_exec_9,inprogress,51.6,0.0,0.0,9.46,null,null,null,null,null
single_drone_inspection_mapping_002,land,2026-01-12T07:20:41.000Z,complete,drone_1,uav,single_drone_inspection_mapping_002_exec_9,done,51.2,0.0,0.0,0.0,null,null,null,null,null
single_drone_inspection_mapping_003,takeoff,2026-01-12T07:34:00.000Z,start,drone_1,uav,single_drone_inspection_mapping_003_exec_1,inprogress,70.6,0.0,0.0,0.0,null,null,null,null,null
single_drone_inspection_mapping_003,takeoff,2026-01-12T07:34:29.000Z,complete,drone_1,uav,single_drone_inspection_mapping_003_exec_1,done,69.8,0.0,0.0,3.0,null,null,null,null,null
single_drone_inspection_mapping_003,ascend,2026-01-12T07:34:30.000Z,start,drone_1,uav,single_drone_inspection_mapping_003_exec_2,inprogress,69.8,0.0,0.0,3.0,null,null,null,null,null
single_drone_inspection_mapping_003,ascend,2026-01-12T07:34:45.000Z,null,drone_1,uav,single_drone_inspection_mapping_003_exec_2,inprogress,69.2,0.0,0.0,9.51,null,null,null,null,null
single_drone_inspection_mapping_003,ascend,2026-01-12T07:35:01.000Z,complete,drone_1,uav,single_drone_inspection_mapping_003_exec_2,done,68.6,0.0,0.0,16.02,null,null,null,null,null
single_drone_inspection_mapping_003,navigate,2026-01-12T07:35:02.000Z,start,drone_1,uav,single_drone_inspection_mapping_003_exec_3,inprogress,68.6,0.0,0.0,16.02,null,null,null,null,null
single_drone_inspection_mapping_003,navigate,2026-01-12T07:36:07.000Z,null,drone_1,uav,single_drone_inspection_mapping_003_exec_3,inprogress,67.4,4.49,8.38,16.02,null,null,null,null,null
single_drone_inspection_mapping_003,navigate,2026-01-12T07:37:12.000Z,null,drone_1,uav,single_drone_inspection_mapping_003_exec_3,inprogress,66.2,8.99,16.76,16.02,null,null,null,null,null
single_drone_inspection_mapping_003,navigate,2026-01-12T07:38:17.000Z,null,drone_1,uav,single_drone_inspection_mapping_003_exec_3,inprogress,65.1,13.48,25.14,16.02,null,null,null,null,null
single_drone_inspection_mapping_003,navigate,2026-01-12T07:39:22.000Z,null,drone_1,uav,single_drone_inspection_mapping_003_exec_3,inprogress,63.9,17.98,33.52,16.02,null,null,null,null,null
single_drone_inspection_mapping_003,navigate,2026-01-12T07:40:28.000Z,complete,drone_1,uav,single_drone_inspection_mapping_003_exec_3,done,62.7,22.47,41.91,16.02,null,null,null,null,null
single_drone_inspection_mapping_003,inspect,2026-01-12T07:40:29.000Z,start,drone_1,uav,single_drone_inspection_mapping_003_exec_4,inprogress,62.7,22.47,41.91,16.02,null,null,null,null,null
single_drone_inspection_mapping_003,inspect,2026-01-12T07:41:32.000Z,null,drone_1,uav,single_drone_inspection_mapping_003_exec_4,inprogress,61.5,22.47,41.91,16.02,null,null,null,null,null
single_drone_inspection_mapping_003,inspect,2026-01-12T07:42:35.000Z,complete,drone_1,uav,single_drone_inspection_mapping_003_exec_4,done,60.2,22.47,41.91,16.02,null,null,null,null,null
single_drone_inspection_mapping_003,capture_image,2026-01-12T07:42:36.000Z,start,drone_1,uav,single_drone_inspection_mapping_003_exec_5,inprogress,60.2,22.47,41.91,16.02,null,null,null,null,null
single_drone_inspection_mapping_003,capture_image,2026-01-12T07:43:01.000Z,complete,drone_1,uav,single_drone_inspection_mapping_003_exec_5,done,60.0,22.47,41.91,16.02,null,null,null,null,null
single_drone_inspection_mapping_003,hover,2026-01-12T07:43:02.000Z,start,drone_1,uav,single_drone_inspection_mapping_003_exec_6,inprogress,60.0,22.47,41.91,16.02,null,null,null,null,null
single_drone_inspection_mapping_003,hover,2026-01-12T07:43:28.000Z,null,drone_1,uav,single_drone_inspection_mapping_003_exec_6,inprogress,59.6,22.47,41.91,16.02,null,null,null,null,null
single_drone_inspection_mapping_003,hover,2026-01-12T07:43:54.000Z,complete,drone_1,uav,single_drone_inspection_mapping_003_exec_6,done,59.2,22.47,41.91,16.02,null,null,null,null,null
single_drone_inspection_mapping_003,map_area,2026-01-12T07:43:55.000Z,start,drone_1,uav,single_drone_inspection_mapping_003_exec_7,inprogress,59.2,22.47,41.91,16.02,null,null,null,null,null
single_drone_inspection_mapping_003,map_area,2026-01-12T07:44:24.000Z,null,drone_1,uav,single_drone_inspection_mapping_003_exec_7,inprogress,58.0,29.57,41.32,16.02,null,null,null,null,null
single_drone_inspection_mapping_003,map_area,2026-01-12T07:44:53.000Z,null,drone_1,uav,single_drone_inspection_mapping_003_exec_7,inprogress,56.8,36.67,40.73,16.02,null,null,null,null,null
single_drone_inspection_mapping_003,map_area,2026-01-12T07:45:22.000Z,null,drone_1,uav,single_drone_inspection_mapping_003_exec_7,inprogress,55.6,43.77,40.14,16.02,null,null,null,null,null
single_drone_inspection_mapping_003,map_area,2026-01-12T07:45:51.000Z,null,drone_1,uav,single_drone_inspection_mapping_003_exec_7,inprogress,54.5,50.87,39.56,16.02,null,null,null,null,null
single_drone_inspection_mapping_003,map_area,2026-01-12T07:46:20.000Z,null,drone_1,uav,single_drone_inspection_mapping_003_exec_7,inprogress,53.3,57.96,38.97,16.02,null,null,null,null,null
single_drone_inspection_mapping_003,map_area,2026-01-12T07:46:49.000Z,null,drone_1,uav,single_drone_inspection_mapping_003_exec_7,inprogress,52.1,65.06,38.38,16.02,null,null,null,null,null
single_drone_inspection_mapping_003,map_area,2026-01-12T07:47:18.000Z,null,drone_1,uav,single_drone_inspection_mapping_003_exec_7,inprogress,51.0,72.16,37.79,16.02,null,null,null,null,null
single_drone_inspection_mapping_003,map_area,2026-01-12T07:47:49.000Z,complete,drone_1,uav,single_drone_inspection_mapping_003_exec_7,done,49.8,79.26,37.21,16.02,null,null,null,null,null
single_drone_inspection_mapping_003,navigate,2026-01-12T07:47:50.000Z,start,drone_1,uav,single_drone_inspection_mapping_003_exec_8,inprogress,49.8,79.26,37.21,16.02,null,null,null,null,null
single_drone_inspection_mapping_003,navigate,2026-01-12T07:48:26.000Z,null,drone_1,uav,single_drone_inspection_mapping_003_exec_8,inprogress,48.8,59.45,27.9,16.02,null,null,null,null,null
single_drone_inspection_mapping_003,navigate,2026-01-12T07:49:02.000Z,null,drone_1,uav,single_drone_inspection_mapping_003_exec_8,inprogress,47.9,39.63,18.6,16.02,null,null,null,null,null
single_drone_inspection_mapping_003,navigate,2026-01-12T07:49:38.000Z,null,drone_1,uav,single_drone_inspection_mapping_003_exec_8,inprogress,47.0,19.82,9.3,16.02,null,null,null,null,null
single_drone_inspection_mapping_003,navigate,2026-01-12T07:50:15.000Z,complete,drone_1,uav,single_drone_inspection_mapping_003_exec_8,done,46.0,0.0,0.0,16.02,null,null,null,null,null
single_drone_inspection_mapping_003,land,2026-01-12T07:50:16.000Z,start,drone_1,uav,single_drone_inspection_mapping_003_exec_9,inprogress,46.0,0.0,0.0,16.02,null,null,null,null,null
single_drone_inspection_mapping_003,land,2026-01-12T07:50:26.000Z,null,drone_1,uav,single_drone_inspection_mapping_003_exec_9,inprogress,45.6,0.0,0.0,8.01,null,null,null,null,null
single_drone_inspection_mapping_003,land,2026-01-12T07:50:36.000Z,complete,drone_1,uav,single_drone_inspection_mapping_003_exec_9,done,45.2,0.0,0.0,0.0,null,null,null,null,null
single_drone_inspection_mapping_004,takeoff,2026-01-12T08:06:00.000Z,start,drone_1,uav,single_drone_inspection_mapping_004_exec_1,inprogress,86.5,0.0,0.0,0.0,null,null,null,null,null
single_drone_inspection_mapping_004,takeoff,2026-01-12T08:06:16.000Z,complete,drone_1,uav,single_drone_inspection_mapping_004_exec_1,done,85.8,0.0,0.0,3.0,null,null,null,null,null
single_drone_inspection_mapping_004,ascend,2026-01-12T08:06:17.000Z,start,drone_1,uav,single_drone_inspection_mapping_004_exec_2,inprogress,85.8,0.0,0.0,3.0,null,null,null,null,null
single_drone_inspection_mapping_004,ascend,2026-01-12T08:06:38.000Z,null,drone_1,uav,single_drone_inspection_mapping_004_exec_2,inprogress,85.0,0.0,0.0,9.41,null,null,null,null,null
single_drone_inspection_mapping_004,ascend,2026-01-12T08:06:59.000Z,complete,drone_1,uav,single_drone_inspection_mapping_004_exec_2,done,84.2,0.0,0.0,15.83,null,null,null,null,null
single_drone_inspection_mapping_004,navigate,2026-01-12T08:07:00.000Z,start,drone_1,uav,single_drone_inspection_mapping_004_exec_3,inprogress,84.2,0.0,0.0,15.83,null,null,null,null,null
single_drone_inspection_mapping_004,navigate,2026-01-12T08:07:31.000Z,null,drone_1,uav,single_drone_inspection_mapping_004_exec_3,inprogress,83.0,9.56,3.79,15.83,null,null,null,null,null
single_drone_inspection_mapping_004,navigate,2026-01-12T08:08:02.000Z,null,drone_1,uav,single_drone_inspection_mapping_004_exec_3,inprogress,81.8,19.13,7.59,15.83,null,null,null,null,null
single_drone_inspection_mapping_004,navigate,2026-01-12T08:08:33.000Z,null,drone_1,uav,single_drone_inspection_mapping_004_exec_3,inprogress,80.6,28.69,11.38,15.83,null,null,null,null,null
single_drone_inspection_mapping_004,navigate,2026-01-12T08:09:04.000Z,null,drone_1,uav,single_drone_inspection_mapping_004_exec_3,inprogress,79.5,38.26,15.17,15.83,null,null,null,null,null
single_drone_inspection_mapping_004,navigate,2026-01-12T08:09:35.000Z,null,drone_1,uav,single_drone_inspection_mapping_004_exec_3,inprogress,78.3,47.82,18.97,15.83,null,null,null,null,null
single_drone_inspection_mapping_004,navigate,2026-01-12T08:10:08.000Z,complete,drone_1,uav,single_drone_inspection_mapping_004_exec_3,done,77.1,57.38,22.76,15.83,null,null,null,null,null
single_drone_inspection_mapping_004,inspect,2026-01-12T08:10:09.000Z,start,drone_1,uav,single_drone_inspection_mapping_004_exec_4,inprogress,77.1,57.38,22.76,15.83,null,null,null,null,null
single_drone_inspection_mapping_004,inspect,2026-01-12T08:10:50.000Z,null,drone_1,uav,single_drone_inspection_mapping_004_exec_4,inprogress,76.1,57.38,22.76,15.83,null,null,null,null,null
single_drone_inspection_mapping_004,inspect,2026-01-12T08:11:31.000Z,null,drone_1,uav,single_drone_inspection_mapping_004_exec_4,inprogress,75.1,57.38,22.76,15.83,null,null,null,null,null
single_drone_inspection_mapping_004,inspect,2026-01-12T08:12:12.000Z,complete,drone_1,uav,single_drone_inspection_mapping_004_exec_4,done,74.1,57.38,22.76,15.83,null,null,null,null,null
single_drone_inspection_mapping_004,capture_image,2026-01-12T08:12:13.000Z,start,drone_1,uav,single_drone_inspection_mapping_004_exec_5,inprogress,74.1,57.38,22.76,15.83,null,null,null,null,null
single_drone_inspection_mapping_004,capture_image,2026-01-12T08:12:35.000Z,complete,drone_1,uav,single_drone_inspection_mapping_004_exec_5,done,73.7,57.38,22.76,15.83,null,null,null,null,null
single_drone_inspection_mapping_004,hover,2026-01-12T08:12:36.000Z,start,drone_1,uav,single_drone_inspection_mapping_004_exec_6,inprogress,73.7,57.38,22.76,15.83,null,null,null,null,null
single_drone_inspection_mapping_004,hover,2026-01-12T08:13:30.000Z,complete,drone_1,uav,single_drone_inspection_mapping_004_exec_6,done,72.8,57.38,22.76,15.83,null,null,null,null,null
single_drone_inspection_mapping_004,map_area,2026-01-12T08:13:31.000Z,start,drone_1,uav,single_drone_inspection_mapping_004_exec_7,inprogress,72.8,57.38,22.76,15.83,null,null,null,null,null
single_drone_inspection_mapping_004,map_area,2026-01-12T08:14:32.000Z,null,drone_1,uav,single_drone_inspection_mapping_004_exec_7,inprogress,71.4,59.17,21.17,15.83,null,null,null,null,null
single_drone_inspection_mapping_004,map_area,2026-01-12T08:15:33.000Z,null,drone_1,uav,single_drone_inspection_mapping_004_exec_7,inprogress,70.0,60.96,19.58,15.83,null,null,null,null,null
single_drone_inspection_mapping_004,map_area,2026-01-12T08:16:34.000Z,null,drone_1,uav,single_drone_inspection_mapping_004_exec_7,inprogress,68.7,62.75,17.99,15.83,null,null,null,null,null
single_drone_inspection_mapping_004,map_area,2026-01-12T08:17:35.000Z,null,drone_1,uav,single_drone_inspection_mapping_004_exec_7,inprogress,67.3,64.54,16.4,15.83,null,null,null,null,null
single_drone_inspection_mapping_004,map_area,2026-01-12T08:18:40.000Z,complete,drone_1,uav,single_drone_inspection_mapping_004_exec_7,done,65.9,66.32,14.81,15.83,null,null,null,null,null
single_drone_inspection_mapping_004,navigate,2026-01-12T08:18:41.000Z,start,drone_1,uav,single_drone_inspection_mapping_004_exec_8,inprogress,65.9,66.32,14.81,15.83,null,null,null,null,null
single_drone_inspection_mapping_004,navigate,2026-01-12T08:20:12.000Z,null,drone_1,uav,single_drone_inspection_mapping_004_exec_8,inprogress,64.2,44.22,9.88,15.83,null,null,null,null,null
single_drone_inspection_mapping_004,navigate,2026-01-12T08:21:43.000Z,null,drone_1,uav,single_drone_inspection_mapping_004_exec_8,inprogress,62.4,22.11,4.94,15.83,null,null,null,null,null
single_drone_inspection_mapping_004,navigate,2026-01-12T08:23:16.000Z,complete,drone_1,uav,single_drone_inspection_mapping_004_exec_8,done,60.7,0.0,0.0,15.83,null,null,null,null,null
single_drone_inspection_mapping_004,land,2026-01-12T08:23:17.000Z,start,drone_1,uav,single_drone_inspection_mapping_004_exec_9,inprogress,60.7,0.0,0.0,15.83,null,null,null,null,null
single_drone_inspection_mapping_004,land,2026-01-12T08:23:30.000Z,null,drone_1,uav,single_drone_inspection_mapping_004_exec_9,inprogress,60.3,0.0,0.0,7.91,null,null,null,null,null
single_drone_inspection_mapping_004,land,2026-01-12T08:23:44.000Z,complete,drone_1,uav,single_drone_inspection_mapping_004_exec_9,done,59.8,0.0,0.0,0.0,null,null,null,null,null
single_drone_inspection_mapping_005,takeoff,2026-01-12T08:38:00.000Z,start,drone_1,uav,single_drone_inspection_mapping_005_exec_1,inprogress,92.2,0.0,0.0,0.0,null,null,null,null,null
single_drone_inspection_mapping_005,takeoff,2026-01-12T08:38:24.000Z,complete,drone_1,uav,single_drone_inspection_mapping_005_exec_1,done,91.4,0.0,0.0,3.0,null,null,null,null,null
single_drone_inspection_mapping_005,ascend,2026-01-12T08:38:25.000Z,start,drone_1,uav,single_drone_inspection_mapping_005_exec_2,inprogress,91.4,0.0,0.0,3.0,null,null,null,null,null
single_drone_inspection_mapping_005,ascend,2026-01-12T08:38:46.000Z,null,drone_1,uav,single_drone_inspection_mapping_005_exec_2,inprogress,90.8,0.0,0.0,12.54,null,null,null,null,null
single_drone_inspection_mapping_005,ascend,2026-01-12T08:39:08.000Z,complete,drone_1,uav,single_drone_inspection_mapping_005_exec_2,done,90.2,0.0,0.0,22.08,null,null,null,null,null
single_drone_inspection_mapping_005,navigate,2026-01-12T08:39:09.000Z,start,drone_1,uav,single_drone_inspection_mapping_005_exec_3,inprogress,90.2,0.0,0.0,22.08,null,null,null,null,null
single_drone_inspection_mapping_005,navigate,2026-01-12T08:39:59.000Z,null,drone_1,uav,single_drone_inspection_mapping_005_exec_3,inprogress,88.3,10.59,5.98,22.08,null,null,null,null,null
single_drone_inspection_mapping_005,navigate,2026-01-12T08:40:49.000Z,null,drone_1,uav,single_drone_inspection_mapping_005_exec_3,inprogress,86.3,21.17,11.96,22.08,null,null,null,null,null
single_drone_inspection_mapping_005,navigate,2026-01-12T08:41:39.000Z,null,drone_1,uav,single_drone_inspection_mapping_005_exec_3,inprogress,84.4,31.76,17.94,22.08,null,null,null,null,null
single_drone_inspection_mapping_005,navigate,2026-01-12T08:42:29.000Z,null,drone_1,uav,single_drone_inspection_mapping_005_exec_3,inprogress,82.4,42.35,23.92,22.08,null,null,null,null,null
single_drone_inspection_mapping_005,navigate,2026-01-12T08:43:19.000Z,complete,drone_1,uav,single_drone_inspection_mapping_005_exec_3,done,80.5,52.93,29.9,22.08,null,null,null,null,null
single_drone_inspection_mapping_005,inspect,2026-01-12T08:43:20.000Z,start,drone_1,uav,single_drone_inspection_mapping_005_exec_4,inprogress,80.5,52.93,29.9,22.08,null,null,null,null,null
single_drone_inspection_mapping_005,inspect,2026-01-12T08:44:02.000Z,null,drone_1,uav,single_drone_inspection_mapping_005_exec_4,inprogress,79.2,52.93,29.9,22.08,null,null,null,null,null
single_drone_inspection_mapping_005,inspect,2026-01-12T08:44:44.000Z,complete,drone_1,uav,single_drone_inspection_mapping_005_exec_4,done,77.8,52.93,29.9,22.08,null,null,null,null,null
single_drone_inspection_mapping_005,capture_image,2026-01-12T08:44:45.000Z,start,drone_1,uav,single_drone_inspection_mapping_005_exec_5,inprogress,77.8,52.93,29.9,22.08,null,null,null,null,null
single_drone_inspection_mapping_005,capture_image,2026-01-12T08:45:08.000Z,complete,drone_1,uav,single_drone_inspection_mapping_005_exec_5,done,77.3,52.93,29.9,22.08,null,null,null,null,null
single_drone_inspection_mapping_005,hover,2026-01-12T08:45:09.000Z,start,drone_1,uav,single_drone_inspection_mapping_005_exec_6,inprogress,77.3,52.93,29.9,22.08,null,null,null,null,null
single_drone_inspection_mapping_005,hover,2026-01-12T08:45:33.000Z,complete,drone_1,uav,single_drone_inspection_mapping_005_exec_6,done,76.4,52.93,29.9,22.08,null,null,null,null,null
single_drone_inspection_mapping_005,map_area,2026-01-12T08:45:34.000Z,start,drone_1,uav,single_drone_inspection_mapping_005_exec_7,inprogress,76.4,52.93,29.9,22.08,null,null,null,null,null
single_drone_inspection_mapping_005,map_area,2026-01-12T08:46:40.000Z,null,drone_1,uav,single_drone_inspection_mapping_005_exec_7,inprogress,75.0,58.68,28.81,22.08,null,null,null,null,null
single_drone_inspection_mapping_005,map_area,2026-01-12T08:47:46.000Z,null,drone_1,uav,single_drone_inspection_mapping_005_exec_7,inprogress,73.5,64.43,27.72,22.08,null,null,null,null,null
single_drone_inspection_mapping_005,map_area,2026-01-12T08:48:52.000Z,null,drone_1,uav,single_drone_inspection_mapping_005_exec_7,inprogress,72.1,70.18,26.62,22.08,null,null,null,null,null
single_drone_inspection_mapping_005,map_area,2026-01-12T08:49:58.000Z,null,drone_1,uav,single_drone_inspection_mapping_005_exec_7,inprogress,70.7,75.92,25.53,22.08,null,null,null,null,null
single_drone_inspection_mapping_005,map_area,2026-01-12T08:51:08.000Z,complete,drone_1,uav,single_drone_inspection_mapping_005_exec_7,done,69.2,81.67,24.44,22.08,null,null,null,null,null
single_drone_inspection_mapping_005,replan,2026-01-12T08:51:09.000Z,start,drone_1,uav,single_drone_inspection_mapping_005_exec_8,inprogress,69.2,81.67,24.44,22.08,null,null,null,null,null
single_drone_inspection_mapping_005,replan,2026-01-12T08:51:41.000Z,complete,drone_1,uav,single_drone_inspection_mapping_005_exec_8,done,68.9,81.67,24.44,22.08,null,null,null,null,null
single_drone_inspection_mapping_005,navigate,2026-01-12T08:51:42.000Z,start,drone_1,uav,single_drone_inspection_mapping_005_exec_9,inprogress,68.9,81.67,24.44,22.08,null,null,null,null,null
single_drone_inspection_mapping_005,navigate,2026-01-12T08:52:47.000Z,null,drone_1,uav,single_drone_inspection_mapping_005_exec_9,inprogress,67.8,54.45,16.29,22.08,null,null,null,null,null
single_drone_inspection_mapping_005,navigate,2026-01-12T08:53:52.000Z,null,drone_1,uav,single_drone_inspection_mapping_005_exec_9,inprogress,66.6,27.22,8.15,22.08,null,null,null,null,null
single_drone_inspection_mapping_005,navigate,2026-01-12T08:54:57.000Z,complete,drone_1,uav,single_drone_inspection_mapping_005_exec_9,done,65.5,0.0,0.0,22.08,null,null,null,null,null
single_drone_inspection_mapping_005,land,2026-01-12T08:54:58.000Z,start,drone_1,uav,single_drone_inspection_mapping_005_exec_10,inprogress,65.5,0.0,0.0,22.08,null,null,null,null,null
single_drone_inspection_mapping_005,land,2026-01-12T08:55:12.000Z,null,drone_1,uav,single_drone_inspection_mapping_005_exec_10,inprogress,65.2,0.0,0.0,11.04,null,null,null,null,null
single_drone_inspection_mapping_005,land,2026-01-12T08:55:27.000Z,complete,drone_1,uav,single_drone_inspection_mapping_005_exec_10,done,64.9,0.0,0.0,0.0,null,null,null,null,null
single_drone_inspection_mapping_006,takeoff,2026-01-12T09:10:00.000Z,start,drone_1,uav,single_drone_inspection_mapping_006_exec_1,inprogress,97.3,0.0,0.0,0.0,null,null,null,null,null
single_drone_inspection_mapping_006,takeoff,2026-01-12T09:10:33.000Z,complete,drone_1,uav,single_drone_inspection_mapping_006_exec_1,done,96.6,0.0,0.0,3.0,null,null,null,null,null
single_drone_inspection_mapping_006,ascend,2026-01-12T09:10:34.000Z,start,drone_1,uav,single_drone_inspection_mapping_006_exec_2,inprogress,96.6,0.0,0.0,3.0,null,null,null,null,null
single_drone_inspection_mapping_006,ascend,2026-01-12T09:10:53.000Z,null,drone_1,uav,single_drone_inspection_mapping_006_exec_2,inprogress,95.9,0.0,0.0,14.02,null,null,null,null,null
single_drone_inspection_mapping_006,ascend,2026-01-12T09:11:13.000Z,complete,drone_1,uav,single_drone_inspection_mapping_006_exec_2,done,95.2,0.0,0.0,25.04,null,null,null,null,null
single_drone_inspection_mapping_006,navigate,2026-01-12T09:11:14.000Z,start,drone_1,uav,single_drone_inspection_mapping_006_exec_3,inprogress,95.2,0.0,0.0,25.04,null,null,null,null,null
single_drone_inspection_mapping_006,navigate,2026-01-12T09:12:16.000Z,null,drone_1,uav,single_drone_inspection_mapping_006_exec_3,inprogress,93.8,5.9,11.01,25.04,null,null,null,null,null
single_drone_inspection_mapping_006,navigate,2026-01-12T09:13:18.000Z,null,drone_1,uav,single_drone_inspection_mapping_006_exec_3,inprogress,92.4,11.79,22.02,25.04,null,null,null,null,null
single_drone_inspection_mapping_006,navigate,2026-01-12T09:14:20.000Z,null,drone_1,uav,single_drone_inspection_mapping_006_exec_3,inprogress,90.9,17.69,33.03,25.04,null,null,null,null,null
single_drone_inspection_mapping_006,navigate,2026-01-12T09:15:22.000Z,null,drone_1,uav,single_drone_inspection_mapping_006_exec_3,inprogress,89.5,23.58,44.04,25.04,null,null,null,null,null
single_drone_inspection_mapping_006,navigate,2026-01-12T09:16:27.000Z,complete,drone_1,uav,single_drone_inspection_mapping_006_exec_3,done,88.1,29.48,55.05,25.04,null,null,null,null,null
single_drone_inspection_mapping_006,inspect,2026-01-12T09:16:28.000Z,start,drone_1,uav,single_drone_inspection_mapping_006_exec_4,inprogress,88.1,29.48,55.05,25.04,null,null,null,null,null
single_drone_inspection_mapping_006,inspect,2026-01-12T09:17:38.000Z,null,drone_1,uav,single_drone_inspection_mapping_006_exec_4,inprogress,86.9,29.48,55.05,25.04,null,null,null,null,null
single_drone_inspection_mapping_006,inspect,2026-01-12T09:18:49.000Z,complete,drone_1,uav,single_drone_inspection_mapping_006_exec_4,done,85.7,29.48,55.05,25.04,null,null,null,null,null
single_drone_inspection_mapping_006,capture_image,2026-01-12T09:18:50.000Z,start,drone_1,uav,single_drone_inspection_mapping_006_exec_5,inprogress,85.7,29.48,55.05,25.04,null,null,null,null,null
single_drone_inspection_mapping_006,capture_image,2026-01-12T09:19:13.000Z,complete,drone_1,uav,single_drone_inspection_mapping_006_exec_5,done,85.2,29.48,55.05,25.04,null,null,null,null,null
single_drone_inspection_mapping_006,inspect,2026-01-12T09:19:14.000Z,start,drone_1,uav,single_drone_inspection_mapping_006_exec_6,inprogress,85.2,29.48,55.05,25.04,null,null,null,null,null
single_drone_inspection_mapping_006,inspect,2026-01-12T09:19:41.000Z,null,drone_1,uav,single_drone_inspection_mapping_006_exec_6,inprogress,84.5,29.48,55.05,25.04,null,null,null,null,null
single_drone_inspection_mapping_006,inspect,2026-01-12T09:20:08.000Z,null,drone_1,uav,single_drone_inspection_mapping_006_exec_6,inprogress,83.7,29.48,55.05,25.04,null,null,null,null,null
single_drone_inspection_mapping_006,inspect,2026-01-12T09:20:36.000Z,complete,drone_1,uav,single_drone_inspection_mapping_006_exec_6,done,82.9,29.48,55.05,25.04,null,null,null,null,null
single_drone_inspection_mapping_006,capture_image,2026-01-12T09:20:37.000Z,start,drone_1,uav,single_drone_inspection_mapping_006_exec_7,inprogress,82.9,29.48,55.05,25.04,null,null,null,null,null
single_drone_inspection_mapping_006,capture_image,2026-01-12T09:20:57.000Z,complete,drone_1,uav,single_drone_inspection_mapping_006_exec_7,done,82.5,29.48,55.05,25.04,null,null,null,null,null
single_drone_inspection_mapping_006,hover,2026-01-12T09:20:58.000Z,start,drone_1,uav,single_drone_inspection_mapping_006_exec_8,inprogress,82.5,29.48,55.05,25.04,null,null,null,null,null
single_drone_inspection_mapping_006,hover,2026-01-12T09:21:13.000Z,null,drone_1,uav,single_drone_inspection_mapping_006_exec_8,inprogress,82.1,29.48,55.05,25.04,null,null,null,null,null
single_drone_inspection_mapping_006,hover,2026-01-12T09:21:29.000Z,complete,drone_1,uav,single_drone_inspection_mapping_006_exec_8,done,81.8,29.48,55.05,25.04,null,null,null,null,null
single_drone_inspection_mapping_006,map_area,2026-01-12T09:21:30.000Z,start,drone_1,uav,single_drone_inspection_mapping_006_exec_9,inprogress,81.8,29.48,55.05,25.04,null,null,null,null,null
single_drone_inspection_mapping_006,map_area,2026-01-12T09:22:09.000Z,null,drone_1,uav,single_drone_inspection_mapping_006_exec_9,inprogress,80.3,34.87,51.19,25.04,null,null,null,null,null
single_drone_inspection_mapping_006,map_area,2026-01-12T09:22:48.000Z,null,drone_1,uav,single_drone_inspection_mapping_006_exec_9,inprogress,78.9,40.27,47.32,25.04,null,null,null,null,null
single_drone_inspection_mapping_006,map_area,2026-01-12T09:23:27.000Z,null,drone_1,uav,single_drone_inspection_mapping_006_exec_9,inprogress,77.4,45.66,43.45,25.04,null,null,null,null,null
single_drone_inspection_mapping_006,map_area,2026-01-12T09:24:06.000Z,null,drone_1,uav,single_drone_inspection_mapping_006_exec_9,inprogress,75.9,51.06,39.59,25.04,null,null,null,null,null
single_drone_inspection_mapping_006,map_area,2026-01-12T09:24:45.000Z,null,drone_1,uav,single_drone_inspection_mapping_006_exec_9,inprogress,74.5,56.46,35.72,25.04,null,null,null,null,null
single_drone_inspection_mapping_006,map_area,2026-01-12T09:25:24.000Z,null,drone_1,uav,single_drone_inspection_mapping_006_exec_9,inprogress,73.0,61.85,31.86,25.04,null,null,null,null,null
single_drone_inspection_mapping_006,map_area,2026-01-12T09:26:07.000Z,complete,drone_1,uav,single_drone_inspection_mapping_006_exec_9,done,71.5,67.25,27.99,25.04,null,null,null,null,null
single_drone_inspection_mapping_006,replan,2026-01-12T09:26:08.000Z,start,drone_1,uav,single_drone_inspection_mapping_006_exec_10,inprogress,71.5,67.25,27.99,25.04,null,null,null,null,null
single_drone_inspection_mapping_006,replan,2026-01-12T09:26:40.000Z,complete,drone_1,uav,single_drone_inspection_mapping_006_exec_10,done,70.9,67.25,27.99,25.04,null,null,null,null,null
single_drone_inspection_mapping_006,navigate,2026-01-12T09:26:41.000Z,start,drone_1,uav,single_drone_inspection_mapping_006_exec_11,inprogress,70.9,67.25,27.99,25.04,null,null,null,null,null
single_drone_inspection_mapping_006,navigate,2026-01-12T09:27:42.000Z,null,drone_1,uav,single_drone_inspection_mapping_006_exec_11,inprogress,69.7,50.44,20.99,25.04,null,null,null,null,null
single_drone_inspection_mapping_006,navigate,2026-01-12T09:28:43.000Z,null,drone_1,uav,single_drone_inspection_mapping_006_exec_11,inprogress,68.5,33.62,14.0,25.04,null,null,null,null,null
single_drone_inspection_mapping_006,navigate,2026-01-12T09:29:44.000Z,null,drone_1,uav,single_drone_inspection_mapping_006_exec_11,inprogress,67.4,16.81,7.0,25.04,null,null,null,null,null
single_drone_inspection_mapping_006,navigate,2026-01-12T09:30:46.000Z,complete,drone_1,uav,single_drone_inspection_mapping_006_exec_11,done,66.2,0.0,0.0,25.04,null,null,null,null,null
single_drone_inspection_mapping_006,land,2026-01-12T09:30:47.000Z,start,drone_1,uav,single_drone_inspection_mapping_006_exec_12,inprogress,66.2,0.0,0.0,25.04,null,null,null,null,null
single_drone_inspection_mapping_006,land,2026-01-12T09:30:59.000Z,null,drone_1,uav,single_drone_inspection_mapping_006_exec_12,inprogress,65.8,0.0,0.0,12.52,null,null,null,null,null
single_drone_inspection_mapping_006,land,2026-01-12T09:31:11.000Z,complete,drone_1,uav,single_drone_inspection_mapping_006_exec_12,done,65.5,0.0,0.0,0.0,null,null,null,null,null
single_drone_inspection_mapping_007,takeoff,2026-01-12T09:42:00.000Z,start,drone_1,uav,single_drone_inspection_mapping_007_exec_1,inprogress,76.2,0.0,0.0,0.0,null,null,null,null,null
single_drone_inspection_mapping_007,takeoff,2026-01-12T09:42:25.000Z,complete,drone_1,uav,single_drone_inspection_mapping_007_exec_1,done,75.3,0.0,0.0,3.0,null,null,null,null,null
single_drone_inspection_mapping_007,ascend,2026-01-12T09:42:26.000Z,start,drone_1,uav,single_drone_inspection_mapping_007_exec_2,inprogress,75.3,0.0,0.0,3.0,null,null,null,null,null
single_drone_inspection_mapping_007,ascend,2026-01-12T09:42:43.000Z,null,drone_1,uav,single_drone_inspection_mapping_007_exec_2,inprogress,74.8,0.0,0.0,14.51,null,null,null,null,null
single_drone_inspection_mapping_007,ascend,2026-01-12T09:43:00.000Z,complete,drone_1,uav,single_drone_inspection_mapping_007_exec_2,done,74.4,0.0,0.0,26.01,null,null,null,null,null
single_drone_inspection_mapping_007,navigate,2026-01-12T09:43:01.000Z,start,drone_1,uav,single_drone_inspection_mapping_007_exec_3,inprogress,74.4,0.0,0.0,26.01,null,null,null,null,null
single_drone_inspection_mapping_007,navigate,2026-01-12T09:44:29.000Z,null,drone_1,uav,single_drone_inspection_mapping_007_exec_3,inprogress,72.1,12.25,6.9,26.01,null,null,null,null,null
single_drone_inspection_mapping_007,navigate,2026-01-12T09:45:57.000Z,null,drone_1,uav,single_drone_inspection_mapping_007_exec_3,inprogress,69.7,24.49,13.81,26.01,null,null,null,null,null
single_drone_inspection_mapping_007,navigate,2026-01-12T09:47:25.000Z,null,drone_1,uav,single_drone_inspection_mapping_007_exec_3,inprogress,67.4,36.74,20.71,26.01,null,null,null,null,null
single_drone_inspection_mapping_007,navigate,2026-01-12T09:48:53.000Z,complete,drone_1,uav,single_drone_inspection_mapping_007_exec_3,done,65.0,48.98,27.62,26.01,null,null,null,null,null
single_drone_inspection_mapping_007,inspect,2026-01-12T09:50:02.000Z,start,drone_1,uav,single_drone_inspection_mapping_007_exec_4,inprogress,65.0,48.98,27.62,26.01,null,null,null,null,null
single_drone_inspection_mapping_007,inspect,2026-01-12T09:51:14.000Z,null,drone_1,uav,single_drone_inspection_mapping_007_exec_4,inprogress,63.9,48.98,27.62,26.01,null,null,null,null,null
single_drone_inspection_mapping_007,inspect,2026-01-12T09:52:27.000Z,complete,drone_1,uav,single_drone_inspection_mapping_007_exec_4,done,62.8,48.98,27.62,26.01,null,null,null,null,null
single_drone_inspection_mapping_007,capture_image,2026-01-12T09:52:28.000Z,start,drone_1,uav,single_drone_inspection_mapping_007_exec_5,inprogress,62.8,48.98,27.62,26.01,null,null,null,null,null
single_drone_inspection_mapping_007,capture_image,2026-01-12T09:52:48.000Z,complete,drone_1,uav,single_drone_inspection_mapping_007_exec_5,done,62.5,48.98,27.62,26.01,null,null,null,null,null
single_drone_inspection_mapping_007,hover,2026-01-12T09:52:49.000Z,start,drone_1,uav,single_drone_inspection_mapping_007_exec_6,inprogress,62.5,48.98,27.62,26.01,null,null,null,null,null
single_drone_inspection_mapping_007,hover,2026-01-12T09:53:02.000Z,null,drone_1,uav,single_drone_inspection_mapping_007_exec_6,inprogress,61.9,48.98,27.62,26.01,null,null,null,null,null
single_drone_inspection_mapping_007,hover,2026-01-12T09:53:16.000Z,complete,drone_1,uav,single_drone_inspection_mapping_007_exec_6,done,61.3,48.98,27.62,26.01,null,null,null,null,null
single_drone_inspection_mapping_007,map_area,2026-01-12T09:53:17.000Z,start,drone_1,uav,single_drone_inspection_mapping_007_exec_7,inprogress,61.3,48.98,27.62,26.01,null,null,null,null,null
single_drone_inspection_mapping_007,map_area,2026-01-12T09:54:23.000Z,null,drone_1,uav,single_drone_inspection_mapping_007_exec_7,inprogress,60.0,51.05,26.58,26.01,null,null,null,null,null
single_drone_inspection_mapping_007,map_area,2026-01-12T09:55:29.000Z,null,drone_1,uav,single_drone_inspection_mapping_007_exec_7,inprogress,58.7,53.11,25.55,26.01,null,null,null,null,null
single_drone_inspection_mapping_007,map_area,2026-01-12T09:56:35.000Z,null,drone_1,uav,single_drone_inspection_mapping_007_exec_7,inprogress,57.4,55.17,24.51,26.01,null,null,null,null,null
single_drone_inspection_mapping_007,map_area,2026-01-12T09:57:41.000Z,null,drone_1,uav,single_drone_inspection_mapping_007_exec_7,inprogress,56.0,57.23,23.47,26.01,null,null,null,null,null
single_drone_inspection_mapping_007,map_area,2026-01-12T09:58:47.000Z,null,drone_1,uav,single_drone_inspection_mapping_007_exec_7,inprogress,54.7,59.29,22.44,26.01,null,null,null,null,null
single_drone_inspection_mapping_007,map_area,2026-01-12T09:59:55.000Z,complete,drone_1,uav,single_drone_inspection_mapping_007_exec_7,done,53.4,61.35,21.4,26.01,null,null,null,null,null
single_drone_inspection_mapping_007,navigate,2026-01-12T09:59:56.000Z,start,drone_1,uav,single_drone_inspection_mapping_007_exec_8,inprogress,53.4,61.35,21.4,26.01,null,null,null,null,null
single_drone_inspection_mapping_007,navigate,2026-01-12T10:00:51.000Z,null,drone_1,uav,single_drone_inspection_mapping_007_exec_8,inprogress,52.3,46.02,16.05,26.01,null,null,null,null,null
single_drone_inspection_mapping_007,navigate,2026-01-12T10:01:46.000Z,null,drone_1,uav,single_drone_inspection_mapping_007_exec_8,inprogress,51.3,30.68,10.7,26.01,null,null,null,null,null
single_drone_inspection_mapping_007,navigate,2026-01-12T10:02:41.000Z,null,drone_1,uav,single_drone_inspection_mapping_007_exec_8,inprogress,50.3,15.34,5.35,26.01,null,null,null,null,null
single_drone_inspection_mapping_007,navigate,2026-01-12T10:03:38.000Z,complete,drone_1,uav,single_drone_inspection_mapping_007_exec_8,done,49.2,0.0,0.0,26.01,null,null,null,null,null
single_drone_inspection_mapping_007,land,2026-01-12T10:03:39.000Z,start,drone_1,uav,single_drone_inspection_mapping_007_exec_9,inprogress,49.2,0.0,0.0,26.01,null,null,null,null,null
single_drone_inspection_mapping_007,land,2026-01-12T10:03:57.000Z,null,drone_1,uav,single_drone_inspection_mapping_007_exec_9,inprogress,48.8,0.0,0.0,13.01,null,null,null,null,null
single_drone_inspection_mapping_007,land,2026-01-12T10:04:16.000Z,complete,drone_1,uav,single_drone_inspection_mapping_007_exec_9,done,48.4,0.0,0.0,0.0,null,null,null,null,null
single_drone_inspection_mapping_008,takeoff,2026-01-12T10:14:00.000Z,start,drone_1,uav,single_drone_inspection_mapping_008_exec_1,inprogress,77.9,0.0,0.0,0.0,null,null,null,null,null
single_drone_inspection_mapping_008,takeoff,2026-01-12T10:14:26.000Z,complete,drone_1,uav,single_drone_inspection_mapping_008_exec_1,done,77.1,0.0,0.0,3.0,null,null,null,null,null
single_drone_inspection_mapping_008,ascend,2026-01-12T10:14:27.000Z,start,drone_1,uav,single_drone_inspection_mapping_008_exec_2,inprogress,77.1,0.0,0.0,3.0,null,null,null,null,null
single_drone_inspection_mapping_008,ascend,2026-01-12T10:14:44.000Z,null,drone_1,uav,single_drone_inspection_mapping_008_exec_2,inprogress,76.3,0.0,0.0,12.03,null,null,null,null,null
single_drone_inspection_mapping_008,ascend,2026-01-12T10:15:02.000Z,complete,drone_1,uav,single_drone_inspection_mapping_008_exec_2,done,75.6,0.0,0.0,21.06,null,null,null,null,null
single_drone_inspection_mapping_008,navigate,2026-01-12T10:15:03.000Z,start,drone_1,uav,single_drone_inspection_mapping_008_exec_3,inprogress,75.6,0.0,0.0,21.06,null,null,null,null,null
single_drone_inspection_mapping_008,navigate,2026-01-12T10:15:41.000Z,null,drone_1,uav,single_drone_inspection_mapping_008_exec_3,inprogress,74.5,8.15,8.41,21.06,null,null,null,null,null
single_drone_inspection_mapping_008,navigate,2026-01-12T10:16:19.000Z,null,drone_1,uav,single_drone_inspection_mapping_008_exec_3,inprogress,73.4,16.3,16.82,21.06,null,null,null,null,null
single_drone_inspection_mapping_008,navigate,2026-01-12T10:16:57.000Z,null,drone_1,uav,single_drone_inspection_mapping_008_exec_3,inprogress,72.3,24.45,25.23,21.06,null,null,null,null,null
single_drone_inspection_mapping_008,navigate,2026-01-12T10:17:35.000Z,null,drone_1,uav,single_drone_inspection_mapping_008_exec_3,inprogress,71.2,32.6,33.64,21.06,null,null,null,null,null
single_drone_inspection_mapping_008,navigate,2026-01-12T10:18:13.000Z,null,drone_1,uav,single_drone_inspection_mapping_008_exec_3,inprogress,70.1,40.75,42.05,21.06,null,null,null,null,null
single_drone_inspection_mapping_008,navigate,2026-01-12T10:18:55.000Z,complete,drone_1,uav,single_drone_inspection_mapping_008_exec_3,done,69.1,48.9,50.47,21.06,null,null,null,null,null
single_drone_inspection_mapping_008,inspect,2026-01-12T10:20:11.000Z,start,drone_1,uav,single_drone_inspection_mapping_008_exec_4,inprogress,69.1,48.9,50.47,21.06,null,null,null,null,null
single_drone_inspection_mapping_008,inspect,2026-01-12T10:21:00.000Z,null,drone_1,uav,single_drone_inspection_mapping_008_exec_4,inprogress,68.3,48.9,50.47,21.06,null,null,null,null,null
single_drone_inspection_mapping_008,inspect,2026-01-12T10:21:49.000Z,complete,drone_1,uav,single_drone_inspection_mapping_008_exec_4,done,67.5,48.9,50.47,21.06,null,null,null,null,null
single_drone_inspection_mapping_008,capture_image,2026-01-12T10:21:50.000Z,start,drone_1,uav,single_drone_inspection_mapping_008_exec_5,inprogress,67.5,48.9,50.47,21.06,null,null,null,null,null
single_drone_inspection_mapping_008,capture_image,2026-01-12T10:22:13.000Z,complete,drone_1,uav,single_drone_inspection_mapping_008_exec_5,done,67.2,48.9,50.47,21.06,null,null,null,null,null
single_drone_inspection_mapping_008,inspect,2026-01-12T10:22:14.000Z,start,drone_1,uav,single_drone_inspection_mapping_008_exec_6,inprogress,67.2,48.9,50.47,21.06,null,null,null,null,null
single_drone_inspection_mapping_008,inspect,2026-01-12T10:22:38.000Z,null,drone_1,uav,single_drone_inspection_mapping_008_exec_6,inprogress,66.5,48.9,50.47,21.06,null,null,null,null,null
single_drone_inspection_mapping_008,inspect,2026-01-12T10:23:02.000Z,null,drone_1,uav,single_drone_inspection_mapping_008_exec_6,inprogress,65.9,48.9,50.47,21.06,null,null,null,null,null
single_drone_inspection_mapping_008,inspect,2026-01-12T10:23:28.000Z,complete,drone_1,uav,single_drone_inspection_mapping_008_exec_6,done,65.2,48.9,50.47,21.06,null,null,null,null,null
single_drone_inspection_mapping_008,capture_image,2026-01-12T10:23:29.000Z,start,drone_1,uav,single_drone_inspection_mapping_008_exec_7,inprogress,65.2,48.9,50.47,21.06,null,null,null,null,null
single_drone_inspection_mapping_008,capture_image,2026-01-12T10:23:46.000Z,complete,drone_1,uav,single_drone_inspection_mapping_008_exec_7,done,64.8,48.9,50.47,21.06,null,null,null,null,null
single_drone_inspection_mapping_008,hover,2026-01-12T10:23:47.000Z,start,drone_1,uav,single_drone_inspection_mapping_008_exec_8,inprogress,64.8,48.9,50.47,21.06,null,null,null,null,null
single_drone_inspection_mapping_008,hover,2026-01-12T10:24:05.000Z,null,drone_1,uav,single_drone_inspection_mapping_008_exec_8,inprogress,64.2,48.9,50.47,21.06,null,null,null,null,null
single_drone_inspection_mapping_008,hover,2026-01-12T10:24:23.000Z,complete,drone_1,uav,single_drone_inspection_mapping_008_exec_8,done,63.6,48.9,50.47,21.06,null,null,null,null,null
single_drone_inspection_mapping_008,map_area,2026-01-12T10:24:24.000Z,start,drone_1,uav,single_drone_inspection_mapping_008_exec_9,inprogress,63.6,48.9,50.47,21.06,null,null,null,null,null
single_drone_inspection_mapping_008,map_area,2026-01-12T10:25:12.000Z,null,drone_1,uav,single_drone_inspection_mapping_008_exec_9,inprogress,62.6,52.11,50.54,21.06,null,null,null,null,null
single_drone_inspection_mapping_008,map_area,2026-01-12T10:26:00.000Z,null,drone_1,uav,single_drone_inspection_mapping_008_exec_9,inprogress,61.6,55.33,50.62,21.06,null,null,null,null,null
single_drone_inspection_mapping_008,map_area,2026-01-12T10:26:48.000Z,null,drone_1,uav,single_drone_inspection_mapping_008_exec_9,inprogress,60.5,58.55,50.7,21.06,null,null,null,null,null
single_drone_inspection_mapping_008,map_area,2026-01-12T10:27:36.000Z,null,drone_1,uav,single_drone_inspection_mapping_008_exec_9,inprogress,59.5,61.77,50.78,21.06,null,null,null,null,null
single_drone_inspection_mapping_008,map_area,2026-01-12T10:28:24.000Z,null,drone_1,uav,single_drone_inspection_mapping_008_exec_9,inprogress,58.4,64.99,50.86,21.06,null,null,null,null,null
single_drone_inspection_mapping_008,map_area,2026-01-12T10:29:12.000Z,null,drone_1,uav,single_drone_inspection_mapping_008_exec_9,inprogress,57.4,68.2,50.93,21.06,null,null,null,null,null
single_drone_inspection_mapping_008,map_area,2026-01-12T10:30:00.000Z,null,drone_1,uav,single_drone_inspection_mapping_008_exec_9,inprogress,56.4,71.42,51.01,21.06,null,null,null,null,null
single_drone_inspection_mapping_008,map_area,2026-01-12T10:30:48.000Z,complete,drone_1,uav,single_drone_inspection_mapping_008_exec_9,done,55.3,74.64,51.09,21.06,null,null,null,null,null
single_drone_inspection_mapping_008,navigate,2026-01-12T10:30:49.000Z,start,drone_1,uav,single_drone_inspection_mapping_008_exec_10,inprogress,55.3,74.64,51.09,21.06,null,null,null,null,null
single_drone_inspection_mapping_008,navigate,2026-01-12T10:32:05.000Z,null,drone_1,uav,single_drone_inspection_mapping_008_exec_10,inprogress,54.2,49.76,34.06,21.06,null,null,null,null,null
single_drone_inspection_mapping_008,navigate,2026-01-12T10:33:21.000Z,null,drone_1,uav,single_drone_inspection_mapping_008_exec_10,inprogress,53.1,24.88,17.03,21.06,null,null,null,null,null
single_drone_inspection_mapping_008,navigate,2026-01-12T10:34:39.000Z,complete,drone_1,uav,single_drone_inspection_mapping_008_exec_10,done,51.9,0.0,0.0,21.06,null,null,null,null,null
single_drone_inspection_mapping_008,land,2026-01-12T10:34:40.000Z,start,drone_1,uav,single_drone_inspection_mapping_008_exec_11,inprogress,51.9,0.0,0.0,21.06,null,null,null,null,null
single_drone_inspection_mapping_008,land,2026-01-12T10:34:58.000Z,null,drone_1,uav,single_drone_inspection_mapping_008_exec_11,inprogress,51.5,0.0,0.0,10.53,null,null,null,null,null
single_drone_inspection_mapping_008,land,2026-01-12T10:35:17.000Z,complete,drone_1,uav,single_drone_inspection_mapping_008_exec_11,done,51.2,0.0,0.0,0.0,null,null,null,null,null
single_drone_inspection_mapping_009,takeoff,2026-01-12T10:46:00.000Z,start,drone_1,uav,single_drone_inspection_mapping_009_exec_1,inprogress,97.3,0.0,0.0,0.0,null,null,null,null,null
single_drone_inspection_mapping_009,takeoff,2026-01-12T10:46:32.000Z,complete,drone_1,uav,single_drone_inspection_mapping_009_exec_1,done,96.2,0.0,0.0,3.0,null,null,null,null,null
single_drone_inspection_mapping_009,ascend,2026-01-12T10:46:33.000Z,start,drone_1,uav,single_drone_inspection_mapping_009_exec_2,inprogress,96.2,0.0,0.0,3.0,null,null,null,null,null
single_drone_inspection_mapping_009,ascend,2026-01-12T10:46:43.000Z,null,drone_1,uav,single_drone_inspection_mapping_009_exec_2,inprogress,95.5,0.0,0.0,12.41,null,null,null,null,null
single_drone_inspection_mapping_009,ascend,2026-01-12T10:46:54.000Z,complete,drone_1,uav,single_drone_inspection_mapping_009_exec_2,done,94.8,0.0,0.0,21.81,null,null,null,null,null
single_drone_inspection_mapping_009,navigate,2026-01-12T10:46:55.000Z,start,drone_1,uav,single_drone_inspection_mapping_009_exec_3,inprogress,94.8,0.0,0.0,21.81,null,null,null,null,null
single_drone_inspection_mapping_009,navigate,2026-01-12T10:47:20.000Z,null,drone_1,uav,single_drone_inspection_mapping_009_exec_3,inprogress,94.0,3.28,7.53,21.81,null,null,null,null,null
single_drone_inspection_mapping_009,navigate,2026-01-12T10:47:45.000Z,null,drone_1,uav,single_drone_inspection_mapping_009_exec_3,inprogress,93.2,6.56,15.06,21.81,null,null,null,null,null
single_drone_inspection_mapping_009,navigate,2026-01-12T10:48:10.000Z,null,drone_1,uav,single_drone_inspection_mapping_009_exec_3,inprogress,92.3,9.85,22.59,21.81,null,null,null,null,null
single_drone_inspection_mapping_009,navigate,2026-01-12T10:48:35.000Z,null,drone_1,uav,single_drone_inspection_mapping_009_exec_3,inprogress,91.5,13.13,30.13,21.81,null,null,null,null,null
single_drone_inspection_mapping_009,navigate,2026-01-12T10:49:00.000Z,null,drone_1,uav,single_drone_inspection_mapping_009_exec_3,inprogress,90.7,16.41,37.66,21.81,null,null,null,null,null
single_drone_inspection_mapping_009,navigate,2026-01-12T10:49:25.000Z,null,drone_1,uav,single_drone_inspection_mapping_009_exec_3,inprogress,89.9,19.69,45.19,21.81,null,null,null,null,null
single_drone_inspection_mapping_009,navigate,2026-01-12T10:49:56.000Z,complete,drone_1,uav,single_drone_inspection_mapping_009_exec_3,done,89.1,22.97,52.72,21.81,null,null,null,null,null
single_drone_inspection_mapping_009,inspect,2026-01-12T10:49:57.000Z,start,drone_1,uav,single_drone_inspection_mapping_009_exec_4,inprogress,89.1,22.97,52.72,21.81,null,null,null,null,null
single_drone_inspection_mapping_009,inspect,2026-01-12T10:50:36.000Z,null,drone_1,uav,single_drone_inspection_mapping_009_exec_4,inprogress,88.3,22.97,52.72,21.81,null,null,null,null,null
single_drone_inspection_mapping_009,inspect,2026-01-12T10:51:15.000Z,complete,drone_1,uav,single_drone_inspection_mapping_009_exec_4,done,87.6,22.97,52.72,21.81,null,null,null,null,null
single_drone_inspection_mapping_009,capture_image,2026-01-12T10:51:16.000Z,start,drone_1,uav,single_drone_inspection_mapping_009_exec_5,inprogress,87.6,22.97,52.72,21.81,null,null,null,null,null
single_drone_inspection_mapping_009,capture_image,2026-01-12T10:51:40.000Z,complete,drone_1,uav,single_drone_inspection_mapping_009_exec_5,done,87.2,22.97,52.72,21.81,null,null,null,null,null
single_drone_inspection_mapping_009,replan,2026-01-12T10:51:41.000Z,start,drone_1,uav,single_drone_inspection_mapping_009_exec_6,inprogress,87.2,22.97,52.72,21.81,null,null,null,null,null
single_drone_inspection_mapping_009,replan,2026-01-12T10:52:22.000Z,complete,drone_1,uav,single_drone_inspection_mapping_009_exec_6,done,86.5,22.97,52.72,21.81,null,null,null,null,null
single_drone_inspection_mapping_009,navigate_abort_return,2026-01-12T10:52:23.000Z,start,drone_1,uav,single_drone_inspection_mapping_009_exec_7,inprogress,86.5,22.97,52.72,21.81,null,null,null,null,null
single_drone_inspection_mapping_009,navigate_abort_return,2026-01-12T10:53:10.000Z,null,drone_1,uav,single_drone_inspection_mapping_009_exec_7,inprogress,86.0,19.14,43.93,21.81,null,null,null,null,null
single_drone_inspection_mapping_009,navigate_abort_return,2026-01-12T10:53:57.000Z,null,drone_1,uav,single_drone_inspection_mapping_009_exec_7,inprogress,85.4,15.32,35.15,21.81,null,null,null,null,null
single_drone_inspection_mapping_009,navigate_abort_return,2026-01-12T10:54:44.000Z,null,drone_1,uav,single_drone_inspection_mapping_009_exec_7,inprogress,84.9,11.49,26.36,21.81,null,null,null,null,null
single_drone_inspection_mapping_009,navigate_abort_return,2026-01-12T10:55:31.000Z,null,drone_1,uav,single_drone_inspection_mapping_009_exec_7,inprogress,84.4,7.66,17.57,21.81,null,null,null,null,null
single_drone_inspection_mapping_009,navigate_abort_return,2026-01-12T10:56:18.000Z,null,drone_1,uav,single_drone_inspection_mapping_009_exec_7,inprogress,83.9,3.83,8.79,21.81,null,null,null,null,null
single_drone_inspection_mapping_009,navigate_abort_return,2026-01-12T10:57:06.000Z,complete,drone_1,uav,single_drone_inspection_mapping_009_exec_7,done,83.4,0.0,0.0,21.81,null,null,null,null,null
single_drone_inspection_mapping_009,land,2026-01-12T10:57:07.000Z,start,drone_1,uav,single_drone_inspection_mapping_009_exec_8,inprogress,83.4,0.0,0.0,21.81,null,null,null,null,null
single_drone_inspection_mapping_009,land,2026-01-12T10:57:25.000Z,null,drone_1,uav,single_drone_inspection_mapping_009_exec_8,inprogress,83.0,0.0,0.0,10.91,null,null,null,null,null
single_drone_inspection_mapping_009,land,2026-01-12T10:57:44.000Z,complete,drone_1,uav,single_drone_inspection_mapping_009_exec_8,done,82.6,0.0,0.0,0.0,null,null,null,null,null
single_drone_inspection_mapping_010,takeoff,2026-01-12T11:18:00.000Z,start,drone_1,uav,single_drone_inspection_mapping_010_exec_1,inprogress,68.4,0.0,0.0,0.0,null,null,null,null,null
single_drone_inspection_mapping_010,takeoff,2026-01-12T11:18:31.000Z,complete,drone_1,uav,single_drone_inspection_mapping_010_exec_1,done,67.4,0.0,0.0,3.0,null,null,null,null,null
single_drone_inspection_mapping_010,ascend,2026-01-12T11:18:32.000Z,start,drone_1,uav,single_drone_inspection_mapping_010_exec_2,inprogress,67.4,0.0,0.0,3.0,null,null,null,null,null
single_drone_inspection_mapping_010,ascend,2026-01-12T11:18:50.000Z,null,drone_1,uav,single_drone_inspection_mapping_010_exec_2,inprogress,67.0,0.0,0.0,15.35,null,null,null,null,null
single_drone_inspection_mapping_010,ascend,2026-01-12T11:19:09.000Z,complete,drone_1,uav,single_drone_inspection_mapping_010_exec_2,done,66.6,0.0,0.0,27.71,null,null,null,null,null
single_drone_inspection_mapping_010,navigate,2026-01-12T11:19:10.000Z,start,drone_1,uav,single_drone_inspection_mapping_010_exec_3,inprogress,66.6,0.0,0.0,27.71,null,null,null,null,null
single_drone_inspection_mapping_010,navigate,2026-01-12T11:20:06.000Z,null,drone_1,uav,single_drone_inspection_mapping_010_exec_3,inprogress,64.2,13.13,11.74,27.71,null,null,null,null,null
single_drone_inspection_mapping_010,navigate,2026-01-12T11:21:02.000Z,null,drone_1,uav,single_drone_inspection_mapping_010_exec_3,inprogress,61.8,26.26,23.48,27.71,null,null,null,null,null
single_drone_inspection_mapping_010,navigate,2026-01-12T11:21:58.000Z,null,drone_1,uav,single_drone_inspection_mapping_010_exec_3,inprogress,59.4,39.39,35.22,27.71,null,null,null,null,null
single_drone_inspection_mapping_010,navigate,2026-01-12T11:22:55.000Z,complete,drone_1,uav,single_drone_inspection_mapping_010_exec_3,done,57.0,52.53,46.96,27.71,null,null,null,null,null
single_drone_inspection_mapping_010,inspect,2026-01-12T11:22:56.000Z,start,drone_1,uav,single_drone_inspection_mapping_010_exec_4,inprogress,57.0,52.53,46.96,27.71,null,null,null,null,null
single_drone_inspection_mapping_010,inspect,2026-01-12T11:23:46.000Z,null,drone_1,uav,single_drone_inspection_mapping_010_exec_4,inprogress,55.8,52.53,46.96,27.71,null,null,null,null,null
single_drone_inspection_mapping_010,inspect,2026-01-12T11:24:36.000Z,complete,drone_1,uav,single_drone_inspection_mapping_010_exec_4,done,54.6,52.53,46.96,27.71,null,null,null,null,null
single_drone_inspection_mapping_010,capture_image,2026-01-12T11:24:37.000Z,start,drone_1,uav,single_drone_inspection_mapping_010_exec_5,inprogress,54.6,52.53,46.96,27.71,null,null,null,null,null
single_drone_inspection_mapping_010,capture_image,2026-01-12T11:24:55.000Z,complete,drone_1,uav,single_drone_inspection_mapping_010_exec_5,done,54.1,52.53,46.96,27.71,null,null,null,null,null
single_drone_inspection_mapping_010,hover,2026-01-12T11:24:56.000Z,start,drone_1,uav,single_drone_inspection_mapping_010_exec_6,inprogress,54.1,52.53,46.96,27.71,null,null,null,null,null
single_drone_inspection_mapping_010,hover,2026-01-12T11:25:18.000Z,null,drone_1,uav,single_drone_inspection_mapping_010_exec_6,inprogress,53.6,52.53,46.96,27.71,null,null,null,null,null
single_drone_inspection_mapping_010,hover,2026-01-12T11:25:41.000Z,complete,drone_1,uav,single_drone_inspection_mapping_010_exec_6,done,53.2,52.53,46.96,27.71,null,null,null,null,null
single_drone_inspection_mapping_010,map_area,2026-01-12T11:25:42.000Z,start,drone_1,uav,single_drone_inspection_mapping_010_exec_7,inprogress,53.2,52.53,46.96,27.71,null,null,null,null,null
single_drone_inspection_mapping_010,map_area,2026-01-12T11:26:48.000Z,null,drone_1,uav,single_drone_inspection_mapping_010_exec_7,inprogress,51.9,54.92,44.53,27.71,null,null,null,null,null
single_drone_inspection_mapping_010,map_area,2026-01-12T11:27:54.000Z,null,drone_1,uav,single_drone_inspection_mapping_010_exec_7,inprogress,50.7,57.32,42.1,27.71,null,null,null,null,null
single_drone_inspection_mapping_010,map_area,2026-01-12T11:29:00.000Z,null,drone_1,uav,single_drone_inspection_mapping_010_exec_7,inprogress,49.4,59.72,39.67,27.71,null,null,null,null,null
single_drone_inspection_mapping_010,map_area,2026-01-12T11:30:06.000Z,null,drone_1,uav,single_drone_inspection_mapping_010_exec_7,inprogress,48.2,62.11,37.24,27.71,null,null,null,null,null
single_drone_inspection_mapping_010,map_area,2026-01-12T11:31:12.000Z,null,drone_1,uav,single_drone_inspection_mapping_010_exec_7,inprogress,46.9,64.51,34.81,27.71,null,null,null,null,null
single_drone_inspection_mapping_010,map_area,2026-01-12T11:32:20.000Z,complete,drone_1,uav,single_drone_inspection_mapping_010_exec_7,done,45.7,66.91,32.38,27.71,null,null,null,null,null
single_drone_inspection_mapping_010,navigate,2026-01-12T11:32:21.000Z,start,drone_1,uav,single_drone_inspection_mapping_010_exec_8,inprogress,45.7,66.91,32.38,27.71,null,null,null,null,null
single_drone_inspection_mapping_010,navigate,2026-01-12T11:32:53.000Z,null,drone_1,uav,single_drone_inspection_mapping_010_exec_8,inprogress,44.5,53.53,25.91,27.71,null,null,null,null,null
single_drone_inspection_mapping_010,navigate,2026-01-12T11:33:25.000Z,null,drone_1,uav,single_drone_inspection_mapping_010_exec_8,inprogress,43.3,40.14,19.43,27.71,null,null,null,null,null
single_drone_inspection_mapping_010,navigate,2026-01-12T11:33:57.000Z,null,drone_1,uav,single_drone_inspection_mapping_010_exec_8,inprogress,42.1,26.76,12.95,27.71,null,null,null,null,null
single_drone_inspection_mapping_010,navigate,2026-01-12T11:34:29.000Z,null,drone_1,uav,single_drone_inspection_mapping_010_exec_8,inprogress,40.9,13.38,6.48,27.71,null,null,null,null,null
single_drone_inspection_mapping_010,navigate,2026-01-12T11:35:01.000Z,complete,drone_1,uav,single_drone_inspection_mapping_010_exec_8,done,39.7,0.0,0.0,27.71,null,null,null,null,null
single_drone_inspection_mapping_010,land,2026-01-12T11:35:02.000Z,start,drone_1,uav,single_drone_inspection_mapping_010_exec_9,inprogress,39.7,0.0,0.0,27.71,null,null,null,null,null
single_drone_inspection_mapping_010,land,2026-01-12T11:35:22.000Z,null,drone_1,uav,single_drone_inspection_mapping_010_exec_9,inprogress,39.3,0.0,0.0,13.85,null,null,null,null,null
single_drone_inspection_mapping_010,land,2026-01-12T11:35:42.000Z,complete,drone_1,uav,single_drone_inspection_mapping_010_exec_9,done,38.8,0.0,0.0,0.0,null,null,null,null,null
single_drone_inspection_mapping_011,takeoff,2026-01-12T11:50:00.000Z,start,drone_1,uav,single_drone_inspection_mapping_011_exec_1,inprogress,71.0,0.0,0.0,0.0,null,null,null,null,null
single_drone_inspection_mapping_011,takeoff,2026-01-12T11:50:27.000Z,complete,drone_1,uav,single_drone_inspection_mapping_011_exec_1,done,70.3,0.0,0.0,3.0,null,null,null,null,null
single_drone_inspection_mapping_011,ascend,2026-01-12T11:50:28.000Z,start,drone_1,uav,single_drone_inspection_mapping_011_exec_2,inprogress,70.3,0.0,0.0,3.0,null,null,null,null,null
single_drone_inspection_mapping_011,ascend,2026-01-12T11:50:45.000Z,null,drone_1,uav,single_drone_inspection_mapping_011_exec_2,inprogress,69.9,0.0,0.0,9.36,null,null,null,null,null
single_drone_inspection_mapping_011,ascend,2026-01-12T11:51:03.000Z,complete,drone_1,uav,single_drone_inspection_mapping_011_exec_2,done,69.5,0.0,0.0,15.73,null,null,null,null,null
single_drone_inspection_mapping_011,navigate,2026-01-12T11:51:04.000Z,start,drone_1,uav,single_drone_inspection_mapping_011_exec_3,inprogress,69.5,0.0,0.0,15.73,null,null,null,null,null
single_drone_inspection_mapping_011,navigate,2026-01-12T11:52:10.000Z,null,drone_1,uav,single_drone_inspection_mapping_011_exec_3,inprogress,67.1,6.71,10.0,15.73,null,null,null,null,null
single_drone_inspection_mapping_011,navigate,2026-01-12T11:53:16.000Z,null,drone_1,uav,single_drone_inspection_mapping_011_exec_3,inprogress,64.7,13.43,20.0,15.73,null,null,null,null,null
single_drone_inspection_mapping_011,navigate,2026-01-12T11:54:22.000Z,null,drone_1,uav,single_drone_inspection_mapping_011_exec_3,inprogress,62.4,20.14,30.0,15.73,null,null,null,null,null
single_drone_inspection_mapping_011,navigate,2026-01-12T11:55:28.000Z,complete,drone_1,uav,single_drone_inspection_mapping_011_exec_3,done,60.0,26.86,39.99,15.73,null,null,null,null,null
single_drone_inspection_mapping_011,inspect,2026-01-12T11:55:29.000Z,start,drone_1,uav,single_drone_inspection_mapping_011_exec_4,inprogress,60.0,26.86,39.99,15.73,null,null,null,null,null
single_drone_inspection_mapping_011,inspect,2026-01-12T11:56:18.000Z,null,drone_1,uav,single_drone_inspection_mapping_011_exec_4,inprogress,58.6,26.86,39.99,15.73,null,null,null,null,null
single_drone_inspection_mapping_011,inspect,2026-01-12T11:57:08.000Z,complete,drone_1,uav,single_drone_inspection_mapping_011_exec_4,done,57.1,26.86,39.99,15.73,null,null,null,null,null
single_drone_inspection_mapping_011,capture_image,2026-01-12T11:57:09.000Z,start,drone_1,uav,single_drone_inspection_mapping_011_exec_5,inprogress,57.1,26.86,39.99,15.73,null,null,null,null,null
single_drone_inspection_mapping_011,capture_image,2026-01-12T11:57:34.000Z,complete,drone_1,uav,single_drone_inspection_mapping_011_exec_5,done,56.8,26.86,39.99,15.73,null,null,null,null,null
single_drone_inspection_mapping_011,hover,2026-01-12T11:57:35.000Z,start,drone_1,uav,single_drone_inspection_mapping_011_exec_6,inprogress,56.8,26.86,39.99,15.73,null,null,null,null,null
single_drone_inspection_mapping_011,hover,2026-01-12T11:58:29.000Z,complete,drone_1,uav,single_drone_inspection_mapping_011_exec_6,done,56.2,26.86,39.99,15.73,null,null,null,null,null
single_drone_inspection_mapping_011,map_area,2026-01-12T11:58:30.000Z,start,drone_1,uav,single_drone_inspection_mapping_011_exec_7,inprogress,56.2,26.86,39.99,15.73,null,null,null,null,null
single_drone_inspection_mapping_011,map_area,2026-01-12T11:59:30.000Z,null,drone_1,uav,single_drone_inspection_mapping_011_exec_7,inprogress,54.0,36.59,37.36,15.73,null,null,null,null,null
single_drone_inspection_mapping_011,map_area,2026-01-12T12:00:30.000Z,null,drone_1,uav,single_drone_inspection_mapping_011_exec_7,inprogress,51.9,46.33,34.73,15.73,null,null,null,null,null
single_drone_inspection_mapping_011,map_area,2026-01-12T12:01:30.000Z,null,drone_1,uav,single_drone_inspection_mapping_011_exec_7,inprogress,49.7,56.06,32.09,15.73,null,null,null,null,null
single_drone_inspection_mapping_011,map_area,2026-01-12T12:02:30.000Z,null,drone_1,uav,single_drone_inspection_mapping_011_exec_7,inprogress,47.6,65.8,29.46,15.73,null,null,null,null,null
single_drone_inspection_mapping_011,map_area,2026-01-12T12:03:30.000Z,complete,drone_1,uav,single_drone_inspection_mapping_011_exec_7,done,45.4,75.53,26.82,15.73,null,null,null,null,null
single_drone_inspection_mapping_011,navigate,2026-01-12T12:03:31.000Z,start,drone_1,uav,single_drone_inspection_mapping_011_exec_8,inprogress,45.4,75.53,26.82,15.73,null,null,null,null,null
single_drone_inspection_mapping_011,navigate,2026-01-12T12:04:51.000Z,null,drone_1,uav,single_drone_inspection_mapping_011_exec_8,inprogress,44.1,50.36,17.88,15.73,null,null,null,null,null
single_drone_inspection_mapping_011,navigate,2026-01-12T12:06:11.000Z,null,drone_1,uav,single_drone_inspection_mapping_011_exec_8,inprogress,42.8,25.18,8.94,15.73,null,null,null,null,null
single_drone_inspection_mapping_011,navigate,2026-01-12T12:07:32.000Z,complete,drone_1,uav,single_drone_inspection_mapping_011_exec_8,done,41.5,0.0,0.0,15.73,null,null,null,null,null
single_drone_inspection_mapping_011,land,2026-01-12T12:07:33.000Z,start,drone_1,uav,single_drone_inspection_mapping_011_exec_9,inprogress,41.5,0.0,0.0,15.73,null,null,null,null,null
single_drone_inspection_mapping_011,land,2026-01-12T12:07:52.000Z,null,drone_1,uav,single_drone_inspection_mapping_011_exec_9,inprogress,41.2,0.0,0.0,7.86,null,null,null,null,null
single_drone_inspection_mapping_011,land,2026-01-12T12:08:11.000Z,complete,drone_1,uav,single_drone_inspection_mapping_011_exec_9,done,40.9,0.0,0.0,0.0,null,null,null,null,null
single_drone_inspection_mapping_012,takeoff,2026-01-12T12:22:00.000Z,start,drone_1,uav,single_drone_inspection_mapping_012_exec_1,inprogress,94.7,0.0,0.0,0.0,null,null,null,null,null
single_drone_inspection_mapping_012,takeoff,2026-01-12T12:22:27.000Z,complete,drone_1,uav,single_drone_inspection_mapping_012_exec_1,done,93.8,0.0,0.0,3.0,null,null,null,null,null
single_drone_inspection_mapping_012,ascend,2026-01-12T12:22:28.000Z,start,drone_1,uav,single_drone_inspection_mapping_012_exec_2,inprogress,93.8,0.0,0.0,3.0,null,null,null,null,null
single_drone_inspection_mapping_012,ascend,2026-01-12T12:22:46.000Z,null,drone_1,uav,single_drone_inspection_mapping_012_exec_2,inprogress,93.1,0.0,0.0,11.16,null,null,null,null,null
single_drone_inspection_mapping_012,ascend,2026-01-12T12:23:05.000Z,complete,drone_1,uav,single_drone_inspection_mapping_012_exec_2,done,92.4,0.0,0.0,19.31,null,null,null,null,null
single_drone_inspection_mapping_012,navigate,2026-01-12T12:23:06.000Z,start,drone_1,uav,single_drone_inspection_mapping_012_exec_3,inprogress,92.4,0.0,0.0,19.31,null,null,null,null,null
single_drone_inspection_mapping_012,navigate,2026-01-12T12:23:57.000Z,null,drone_1,uav,single_drone_inspection_mapping_012_exec_3,inprogress,91.5,4.27,9.92,19.31,null,null,null,null,null
single_drone_inspection_mapping_012,navigate,2026-01-12T12:24:48.000Z,null,drone_1,uav,single_drone_inspection_mapping_012_exec_3,inprogress,90.6,8.53,19.85,19.31,null,null,null,null,null
single_drone_inspection_mapping_012,navigate,2026-01-12T12:25:39.000Z,null,drone_1,uav,single_drone_inspection_mapping_012_exec_3,inprogress,89.8,12.8,29.77,19.31,null,null,null,null,null
single_drone_inspection_mapping_012,navigate,2026-01-12T12:26:30.000Z,null,drone_1,uav,single_drone_inspection_mapping_012_exec_3,inprogress,88.9,17.07,39.69,19.31,null,null,null,null,null
single_drone_inspection_mapping_012,navigate,2026-01-12T12:27:21.000Z,null,drone_1,uav,single_drone_inspection_mapping_012_exec_3,inprogress,88.0,21.33,49.62,19.31,null,null,null,null,null
single_drone_inspection_mapping_012,navigate,2026-01-12T12:28:14.000Z,complete,drone_1,uav,single_drone_inspection_mapping_012_exec_3,done,87.1,25.6,59.54,19.31,null,null,null,null,null
single_drone_inspection_mapping_012,inspect,2026-01-12T12:28:15.000Z,start,drone_1,uav,single_drone_inspection_mapping_012_exec_4,inprogress,87.1,25.6,59.54,19.31,null,null,null,null,null
single_drone_inspection_mapping_012,inspect,2026-01-12T12:28:41.000Z,null,drone_1,uav,single_drone_inspection_mapping_012_exec_4,inprogress,86.3,25.6,59.54,19.31,null,null,null,null,null
single_drone_inspection_mapping_012,inspect,2026-01-12T12:29:07.000Z,null,drone_1,uav,single_drone_inspection_mapping_012_exec_4,inprogress,85.5,25.6,59.54,19.31,null,null,null,null,null
single_drone_inspection_mapping_012,inspect,2026-01-12T12:29:34.000Z,complete,drone_1,uav,single_drone_inspection_mapping_012_exec_4,done,84.7,25.6,59.54,19.31,null,null,null,null,null
single_drone_inspection_mapping_012,capture_image,2026-01-12T12:29:35.000Z,start,drone_1,uav,single_drone_inspection_mapping_012_exec_5,inprogress,84.7,25.6,59.54,19.31,null,null,null,null,null
single_drone_inspection_mapping_012,capture_image,2026-01-12T12:29:57.000Z,complete,drone_1,uav,single_drone_inspection_mapping_012_exec_5,done,84.1,25.6,59.54,19.31,null,null,null,null,null
single_drone_inspection_mapping_012,hover,2026-01-12T12:29:58.000Z,start,drone_1,uav,single_drone_inspection_mapping_012_exec_6,inprogress,84.1,25.6,59.54,19.31,null,null,null,null,null
single_drone_inspection_mapping_012,hover,2026-01-12T12:30:22.000Z,null,drone_1,uav,single_drone_inspection_mapping_012_exec_6,inprogress,83.8,25.6,59.54,19.31,null,null,null,null,null
single_drone_inspection_mapping_012,hover,2026-01-12T12:30:46.000Z,complete,drone_1,uav,single_drone_inspection_mapping_012_exec_6,done,83.5,25.6,59.54,19.31,null,null,null,null,null
single_drone_inspection_mapping_012,map_area,2026-01-12T12:30:47.000Z,start,drone_1,uav,single_drone_inspection_mapping_012_exec_7,inprogress,83.5,25.6,59.54,19.31,null,null,null,null,null
single_drone_inspection_mapping_012,map_area,2026-01-12T12:31:32.000Z,null,drone_1,uav,single_drone_inspection_mapping_012_exec_7,inprogress,82.5,31.65,59.22,19.31,null,null,null,null,null
single_drone_inspection_mapping_012,map_area,2026-01-12T12:32:17.000Z,null,drone_1,uav,single_drone_inspection_mapping_012_exec_7,inprogress,81.4,37.7,58.91,19.31,null,null,null,null,null
single_drone_inspection_mapping_012,map_area,2026-01-12T12:33:02.000Z,null,drone_1,uav,single_drone_inspection_mapping_012_exec_7,inprogress,80.4,43.76,58.59,19.31,null,null,null,null,null
single_drone_inspection_mapping_012,map_area,2026-01-12T12:33:47.000Z,null,drone_1,uav,single_drone_inspection_mapping_012_exec_7,inprogress,79.4,49.81,58.28,19.31,null,null,null,null,null
single_drone_inspection_mapping_012,map_area,2026-01-12T12:34:32.000Z,null,drone_1,uav,single_drone_inspection_mapping_012_exec_7,inprogress,78.4,55.86,57.96,19.31,null,null,null,null,null
single_drone_inspection_mapping_012,map_area,2026-01-12T12:35:17.000Z,null,drone_1,uav,single_drone_inspection_mapping_012_exec_7,inprogress,77.4,61.92,57.64,19.31,null,null,null,null,null
single_drone_inspection_mapping_012,map_area,2026-01-12T12:36:02.000Z,null,drone_1,uav,single_drone_inspection_mapping_012_exec_7,inprogress,76.3,67.97,57.33,19.31,null,null,null,null,null
single_drone_inspection_mapping_012,map_area,2026-01-12T12:36:48.000Z,complete,drone_1,uav,single_drone_inspection_mapping_012_exec_7,done,75.3,74.02,57.01,19.31,null,null,null,null,null
single_drone_inspection_mapping_012,navigate,2026-01-12T12:36:49.000Z,start,drone_1,uav,single_drone_inspection_mapping_012_exec_8,inprogress,75.3,74.02,57.01,19.31,null,null,null,null,null
single_drone_inspection_mapping_012,navigate,2026-01-12T12:38:08.000Z,null,drone_1,uav,single_drone_inspection_mapping_012_exec_8,inprogress,73.5,49.35,38.01,19.31,null,null,null,null,null
single_drone_inspection_mapping_012,navigate,2026-01-12T12:39:27.000Z,null,drone_1,uav,single_drone_inspection_mapping_012_exec_8,inprogress,71.8,24.67,19.0,19.31,null,null,null,null,null
single_drone_inspection_mapping_012,navigate,2026-01-12T12:40:46.000Z,complete,drone_1,uav,single_drone_inspection_mapping_012_exec_8,done,70.0,0.0,0.0,19.31,null,null,null,null,null
single_drone_inspection_mapping_012,land,2026-01-12T12:40:47.000Z,start,drone_1,uav,single_drone_inspection_mapping_012_exec_9,inprogress,70.0,0.0,0.0,19.31,null,null,null,null,null
single_drone_inspection_mapping_012,land,2026-01-12T12:41:01.000Z,null,drone_1,uav,single_drone_inspection_mapping_012_exec_9,inprogress,69.5,0.0,0.0,9.66,null,null,null,null,null
single_drone_inspection_mapping_012,land,2026-01-12T12:41:16.000Z,complete,drone_1,uav,single_drone_inspection_mapping_012_exec_9,done,69.1,0.0,0.0,0.0,null,null,null,null,null
single_drone_inspection_mapping_013,takeoff,2026-01-12T12:54:00.000Z,start,drone_1,uav,single_drone_inspection_mapping_013_exec_1,inprogress,90.8,0.0,0.0,0.0,null,null,null,null,null
single_drone_inspection_mapping_013,takeoff,2026-01-12T12:54:17.000Z,complete,drone_1,uav,single_drone_inspection_mapping_013_exec_1,done,90.2,0.0,0.0,3.0,null,null,null,null,null
single_drone_inspection_mapping_013,ascend,2026-01-12T12:54:18.000Z,start,drone_1,uav,single_drone_inspection_mapping_013_exec_2,inprogress,90.2,0.0,0.0,3.0,null,null,null,null,null
single_drone_inspection_mapping_013,ascend,2026-01-12T12:54:34.000Z,null,drone_1,uav,single_drone_inspection_mapping_013_exec_2,inprogress,89.5,0.0,0.0,13.63,null,null,null,null,null
single_drone_inspection_mapping_013,ascend,2026-01-12T12:54:50.000Z,complete,drone_1,uav,single_drone_inspection_mapping_013_exec_2,done,88.9,0.0,0.0,24.25,null,null,null,null,null
single_drone_inspection_mapping_013,navigate,2026-01-12T12:54:51.000Z,start,drone_1,uav,single_drone_inspection_mapping_013_exec_3,inprogress,88.9,0.0,0.0,24.25,null,null,null,null,null
single_drone_inspection_mapping_013,navigate,2026-01-12T12:55:21.000Z,null,drone_1,uav,single_drone_inspection_mapping_013_exec_3,inprogress,87.6,8.26,5.44,24.25,null,null,null,null,null
single_drone_inspection_mapping_013,navigate,2026-01-12T12:55:51.000Z,null,drone_1,uav,single_drone_inspection_mapping_013_exec_3,inprogress,86.4,16.53,10.89,24.25,null,null,null,null,null
single_drone_inspection_mapping_013,navigate,2026-01-12T12:56:21.000Z,null,drone_1,uav,single_drone_inspection_mapping_013_exec_3,inprogress,85.2,24.79,16.33,24.25,null,null,null,null,null
single_drone_inspection_mapping_013,navigate,2026-01-12T12:56:51.000Z,null,drone_1,uav,single_drone_inspection_mapping_013_exec_3,inprogress,84.0,33.06,21.78,24.25,null,null,null,null,null
single_drone_inspection_mapping_013,navigate,2026-01-12T12:57:21.000Z,null,drone_1,uav,single_drone_inspection_mapping_013_exec_3,inprogress,82.8,41.32,27.22,24.25,null,null,null,null,null
single_drone_inspection_mapping_013,navigate,2026-01-12T12:57:52.000Z,complete,drone_1,uav,single_drone_inspection_mapping_013_exec_3,done,81.6,49.59,32.67,24.25,null,null,null,null,null
single_drone_inspection_mapping_013,inspect,2026-01-12T12:57:53.000Z,start,drone_1,uav,single_drone_inspection_mapping_013_exec_4,inprogress,81.6,49.59,32.67,24.25,null,null,null,null,null
single_drone_inspection_mapping_013,inspect,2026-01-12T12:58:34.000Z,null,drone_1,uav,single_drone_inspection_mapping_013_exec_4,inprogress,80.8,49.59,32.67,24.25,null,null,null,null,null
single_drone_inspection_mapping_013,inspect,2026-01-12T12:59:16.000Z,complete,drone_1,uav,single_drone_inspection_mapping_013_exec_4,done,80.0,49.59,32.67,24.25,null,null,null,null,null
single_drone_inspection_mapping_013,capture_image,2026-01-12T12:59:17.000Z,start,drone_1,uav,single_drone_inspection_mapping_013_exec_5,inprogress,80.0,49.59,32.67,24.25,null,null,null,null,null
single_drone_inspection_mapping_013,capture_image,2026-01-12T12:59:40.000Z,complete,drone_1,uav,single_drone_inspection_mapping_013_exec_5,done,79.6,49.59,32.67,24.25,null,null,null,null,null
single_drone_inspection_mapping_013,hover,2026-01-12T12:59:41.000Z,start,drone_1,uav,single_drone_inspection_mapping_013_exec_6,inprogress,79.6,49.59,32.67,24.25,null,null,null,null,null
single_drone_inspection_mapping_013,hover,2026-01-12T13:00:23.000Z,complete,drone_1,uav,single_drone_inspection_mapping_013_exec_6,done,78.7,49.59,32.67,24.25,null,null,null,null,null
single_drone_inspection_mapping_013,map_area,2026-01-12T13:00:24.000Z,start,drone_1,uav,single_drone_inspection_mapping_013_exec_7,inprogress,78.7,49.59,32.67,24.25,null,null,null,null,null
single_drone_inspection_mapping_013,map_area,2026-01-12T13:01:24.000Z,null,drone_1,uav,single_drone_inspection_mapping_013_exec_7,inprogress,77.2,52.11,29.65,24.25,null,null,null,null,null
single_drone_inspection_mapping_013,map_area,2026-01-12T13:02:24.000Z,null,drone_1,uav,single_drone_inspection_mapping_013_exec_7,inprogress,75.8,54.63,26.64,24.25,null,null,null,null,null
single_drone_inspection_mapping_013,map_area,2026-01-12T13:03:24.000Z,null,drone_1,uav,single_drone_inspection_mapping_013_exec_7,inprogress,74.3,57.15,23.63,24.25,null,null,null,null,null
single_drone_inspection_mapping_013,map_area,2026-01-12T13:04:24.000Z,null,drone_1,uav,single_drone_inspection_mapping_013_exec_7,inprogress,72.8,59.67,20.61,24.25,null,null,null,null,null
single_drone_inspection_mapping_013,map_area,2026-01-12T13:05:24.000Z,null,drone_1,uav,single_drone_inspection_mapping_013_exec_7,inprogress,71.3,62.2,17.6,24.25,null,null,null,null,null
single_drone_inspection_mapping_013,map_area,2026-01-12T13:06:24.000Z,null,drone_1,uav,single_drone_inspection_mapping_013_exec_7,inprogress,69.9,64.72,14.59,24.25,null,null,null,null,null
single_drone_inspection_mapping_013,map_area,2026-01-12T13:07:24.000Z,complete,drone_1,uav,single_drone_inspection_mapping_013_exec_7,done,68.4,67.24,11.58,24.25,null,null,null,null,null
single_drone_inspection_mapping_013,replan,2026-01-12T13:07:25.000Z,start,drone_1,uav,single_drone_inspection_mapping_013_exec_8,inprogress,68.4,67.24,11.58,24.25,null,null,null,null,null
single_drone_inspection_mapping_013,replan,2026-01-12T13:07:56.000Z,complete,drone_1,uav,single_drone_inspection_mapping_013_exec_8,done,68.0,67.24,11.58,24.25,null,null,null,null,null
single_drone_inspection_mapping_013,navigate,2026-01-12T13:07:57.000Z,start,drone_1,uav,single_drone_inspection_mapping_013_exec_9,inprogress,68.0,67.24,11.58,24.25,null,null,null,null,null
single_drone_inspection_mapping_013,navigate,2026-01-12T13:08:29.000Z,null,drone_1,uav,single_drone_inspection_mapping_013_exec_9,inprogress,66.8,53.79,9.26,24.25,null,null,null,null,null
single_drone_inspection_mapping_013,navigate,2026-01-12T13:09:01.000Z,null,drone_1,uav,single_drone_inspection_mapping_013_exec_9,inprogress,65.7,40.34,6.95,24.25,null,null,null,null,null
single_drone_inspection_mapping_013,navigate,2026-01-12T13:09:33.000Z,null,drone_1,uav,single_drone_inspection_mapping_013_exec_9,inprogress,64.6,26.9,4.63,24.25,null,null,null,null,null
single_drone_inspection_mapping_013,navigate,2026-01-12T13:10:05.000Z,null,drone_1,uav,single_drone_inspection_mapping_013_exec_9,inprogress,63.4,13.45,2.32,24.25,null,null,null,null,null
single_drone_inspection_mapping_013,navigate,2026-01-12T13:10:38.000Z,complete,drone_1,uav,single_drone_inspection_mapping_013_exec_9,done,62.3,0.0,0.0,24.25,null,null,null,null,null
single_drone_inspection_mapping_013,land,2026-01-12T13:10:39.000Z,start,drone_1,uav,single_drone_inspection_mapping_013_exec_10,inprogress,62.3,0.0,0.0,24.25,null,null,null,null,null
single_drone_inspection_mapping_013,land,2026-01-12T13:10:52.000Z,null,drone_1,uav,single_drone_inspection_mapping_013_exec_10,inprogress,61.9,0.0,0.0,12.13,null,null,null,null,null
single_drone_inspection_mapping_013,land,2026-01-12T13:11:06.000Z,complete,drone_1,uav,single_drone_inspection_mapping_013_exec_10,done,61.5,0.0,0.0,0.0,null,null,null,null,null
single_drone_inspection_mapping_014,takeoff,2026-01-12T13:26:00.000Z,start,drone_1,uav,single_drone_inspection_mapping_014_exec_1,inprogress,73.4,0.0,0.0,0.0,null,null,null,null,null
single_drone_inspection_mapping_014,takeoff,2026-01-12T13:26:27.000Z,complete,drone_1,uav,single_drone_inspection_mapping_014_exec_1,done,72.8,0.0,0.0,3.0,null,null,null,null,null
single_drone_inspection_mapping_014,ascend,2026-01-12T13:26:28.000Z,start,drone_1,uav,single_drone_inspection_mapping_014_exec_2,inprogress,72.8,0.0,0.0,3.0,null,null,null,null,null
single_drone_inspection_mapping_014,ascend,2026-01-12T13:26:42.000Z,null,drone_1,uav,single_drone_inspection_mapping_014_exec_2,inprogress,72.2,0.0,0.0,10.96,null,null,null,null,null
single_drone_inspection_mapping_014,ascend,2026-01-12T13:26:56.000Z,complete,drone_1,uav,single_drone_inspection_mapping_014_exec_2,done,71.6,0.0,0.0,18.91,null,null,null,null,null
single_drone_inspection_mapping_014,navigate,2026-01-12T13:26:57.000Z,start,drone_1,uav,single_drone_inspection_mapping_014_exec_3,inprogress,71.6,0.0,0.0,18.91,null,null,null,null,null
single_drone_inspection_mapping_014,navigate,2026-01-12T13:28:12.000Z,null,drone_1,uav,single_drone_inspection_mapping_014_exec_3,inprogress,69.9,5.63,9.35,18.91,null,null,null,null,null
single_drone_inspection_mapping_014,navigate,2026-01-12T13:29:27.000Z,null,drone_1,uav,single_drone_inspection_mapping_014_exec_3,inprogress,68.2,11.27,18.69,18.91,null,null,null,null,null
single_drone_inspection_mapping_014,navigate,2026-01-12T13:30:42.000Z,null,drone_1,uav,single_drone_inspection_mapping_014_exec_3,inprogress,66.5,16.9,28.04,18.91,null,null,null,null,null
single_drone_inspection_mapping_014,navigate,2026-01-12T13:32:00.000Z,complete,drone_1,uav,single_drone_inspection_mapping_014_exec_3,done,64.8,22.53,37.39,18.91,null,null,null,null,null
single_drone_inspection_mapping_014,inspect,2026-01-12T13:32:01.000Z,start,drone_1,uav,single_drone_inspection_mapping_014_exec_4,inprogress,64.8,22.53,37.39,18.91,null,null,null,null,null
single_drone_inspection_mapping_014,inspect,2026-01-12T13:32:51.000Z,null,drone_1,uav,single_drone_inspection_mapping_014_exec_4,inprogress,64.0,22.53,37.39,18.91,null,null,null,null,null
single_drone_inspection_mapping_014,inspect,2026-01-12T13:33:41.000Z,null,drone_1,uav,single_drone_inspection_mapping_014_exec_4,inprogress,63.2,22.53,37.39,18.91,null,null,null,null,null
single_drone_inspection_mapping_014,inspect,2026-01-12T13:34:31.000Z,complete,drone_1,uav,single_drone_inspection_mapping_014_exec_4,done,62.4,22.53,37.39,18.91,null,null,null,null,null
single_drone_inspection_mapping_014,capture_image,2026-01-12T13:34:32.000Z,start,drone_1,uav,single_drone_inspection_mapping_014_exec_5,inprogress,62.4,22.53,37.39,18.91,null,null,null,null,null
single_drone_inspection_mapping_014,capture_image,2026-01-12T13:34:48.000Z,complete,drone_1,uav,single_drone_inspection_mapping_014_exec_5,done,62.1,22.53,37.39,18.91,null,null,null,null,null
single_drone_inspection_mapping_014,inspect,2026-01-12T13:34:49.000Z,start,drone_1,uav,single_drone_inspection_mapping_014_exec_6,inprogress,62.1,22.53,37.39,18.91,null,null,null,null,null
single_drone_inspection_mapping_014,inspect,2026-01-12T13:35:09.000Z,null,drone_1,uav,single_drone_inspection_mapping_014_exec_6,inprogress,61.5,22.53,37.39,18.91,null,null,null,null,null
single_drone_inspection_mapping_014,inspect,2026-01-12T13:35:29.000Z,null,drone_1,uav,single_drone_inspection_mapping_014_exec_6,inprogress,60.9,22.53,37.39,18.91,null,null,null,null,null
single_drone_inspection_mapping_014,inspect,2026-01-12T13:35:49.000Z,complete,drone_1,uav,single_drone_inspection_mapping_014_exec_6,done,60.4,22.53,37.39,18.91,null,null,null,null,null
single_drone_inspection_mapping_014,capture_image,2026-01-12T13:35:50.000Z,start,drone_1,uav,single_drone_inspection_mapping_014_exec_7,inprogress,60.4,22.53,37.39,18.91,null,null,null,null,null
single_drone_inspection_mapping_014,capture_image,2026-01-12T13:36:12.000Z,complete,drone_1,uav,single_drone_inspection_mapping_014_exec_7,done,59.9,22.53,37.39,18.91,null,null,null,null,null
single_drone_inspection_mapping_014,hover,2026-01-12T13:36:13.000Z,start,drone_1,uav,single_drone_inspection_mapping_014_exec_8,inprogress,59.9,22.53,37.39,18.91,null,null,null,null,null
single_drone_inspection_mapping_014,hover,2026-01-12T13:37:11.000Z,complete,drone_1,uav,single_drone_inspection_mapping_014_exec_8,done,59.2,22.53,37.39,18.91,null,null,null,null,null
single_drone_inspection_mapping_014,map_area,2026-01-12T13:37:12.000Z,start,drone_1,uav,single_drone_inspection_mapping_014_exec_9,inprogress,59.2,22.53,37.39,18.91,null,null,null,null,null
single_drone_inspection_mapping_014,map_area,2026-01-12T13:38:14.000Z,null,drone_1,uav,single_drone_inspection_mapping_014_exec_9,inprogress,57.8,29.59,36.17,18.91,null,null,null,null,null
single_drone_inspection_mapping_014,map_area,2026-01-12T13:39:16.000Z,null,drone_1,uav,single_drone_inspection_mapping_014_exec_9,inprogress,56.4,36.65,34.95,18.91,null,null,null,null,null
single_drone_inspection_mapping_014,map_area,2026-01-12T13:40:18.000Z,null,drone_1,uav,single_drone_inspection_mapping_014_exec_9,inprogress,55.0,43.71,33.74,18.91,null,null,null,null,null
single_drone_inspection_mapping_014,map_area,2026-01-12T13:41:20.000Z,null,drone_1,uav,single_drone_inspection_mapping_014_exec_9,inprogress,53.6,50.77,32.52,18.91,null,null,null,null,null
single_drone_inspection_mapping_014,map_area,2026-01-12T13:42:22.000Z,null,drone_1,uav,single_drone_inspection_mapping_014_exec_9,inprogress,52.2,57.83,31.3,18.91,null,null,null,null,null
single_drone_inspection_mapping_014,map_area,2026-01-12T13:43:26.000Z,complete,drone_1,uav,single_drone_inspection_mapping_014_exec_9,done,50.8,64.89,30.08,18.91,null,null,null,null,null
single_drone_inspection_mapping_014,replan,2026-01-12T13:43:27.000Z,start,drone_1,uav,single_drone_inspection_mapping_014_exec_10,inprogress,50.8,64.89,30.08,18.91,null,null,null,null,null
single_drone_inspection_mapping_014,replan,2026-01-12T13:43:57.000Z,complete,drone_1,uav,single_drone_inspection_mapping_014_exec_10,done,50.1,64.89,30.08,18.91,null,null,null,null,null
single_drone_inspection_mapping_014,navigate,2026-01-12T13:43:58.000Z,start,drone_1,uav,single_drone_inspection_mapping_014_exec_11,inprogress,50.1,64.89,30.08,18.91,null,null,null,null,null
single_drone_inspection_mapping_014,navigate,2026-01-12T13:44:40.000Z,null,drone_1,uav,single_drone_inspection_mapping_014_exec_11,inprogress,49.1,51.91,24.07,18.91,null,null,null,null,null
single_drone_inspection_mapping_014,navigate,2026-01-12T13:45:22.000Z,null,drone_1,uav,single_drone_inspection_mapping_014_exec_11,inprogress,48.0,38.93,18.05,18.91,null,null,null,null,null
single_drone_inspection_mapping_014,navigate,2026-01-12T13:46:04.000Z,null,drone_1,uav,single_drone_inspection_mapping_014_exec_11,inprogress,47.0,25.95,12.03,18.91,null,null,null,null,null
single_drone_inspection_mapping_014,navigate,2026-01-12T13:46:46.000Z,null,drone_1,uav,single_drone_inspection_mapping_014_exec_11,inprogress,46.0,12.98,6.02,18.91,null,null,null,null,null
single_drone_inspection_mapping_014,navigate,2026-01-12T13:47:32.000Z,complete,drone_1,uav,single_drone_inspection_mapping_014_exec_11,done,45.0,0.0,0.0,18.91,null,null,null,null,null
single_drone_inspection_mapping_014,land,2026-01-12T13:47:33.000Z,start,drone_1,uav,single_drone_inspection_mapping_014_exec_12,inprogress,45.0,0.0,0.0,18.91,null,null,null,null,null
single_drone_inspection_mapping_014,land,2026-01-12T13:47:50.000Z,null,drone_1,uav,single_drone_inspection_mapping_014_exec_12,inprogress,44.5,0.0,0.0,9.46,null,null,null,null,null
single_drone_inspection_mapping_014,land,2026-01-12T13:48:08.000Z,complete,drone_1,uav,single_drone_inspection_mapping_014_exec_12,done,44.0,0.0,0.0,0.0,null,null,null,null,null
single_drone_inspection_mapping_015,takeoff,2026-01-12T13:58:00.000Z,start,drone_1,uav,single_drone_inspection_mapping_015_exec_1,inprogress,93.0,0.0,0.0,0.0,null,null,null,null,null
single_drone_inspection_mapping_015,takeoff,2026-01-12T13:58:25.000Z,complete,drone_1,uav,single_drone_inspection_mapping_015_exec_1,done,92.3,0.0,0.0,3.0,null,null,null,null,null
single_drone_inspection_mapping_015,ascend,2026-01-12T13:58:26.000Z,start,drone_1,uav,single_drone_inspection_mapping_015_exec_2,inprogress,92.3,0.0,0.0,3.0,null,null,null,null,null
single_drone_inspection_mapping_015,ascend,2026-01-12T13:58:48.000Z,null,drone_1,uav,single_drone_inspection_mapping_015_exec_2,inprogress,91.9,0.0,0.0,11.55,null,null,null,null,null
single_drone_inspection_mapping_015,ascend,2026-01-12T13:59:11.000Z,complete,drone_1,uav,single_drone_inspection_mapping_015_exec_2,done,91.4,0.0,0.0,20.11,null,null,null,null,null
single_drone_inspection_mapping_015,navigate,2026-01-12T13:59:12.000Z,start,drone_1,uav,single_drone_inspection_mapping_015_exec_3,inprogress,91.4,0.0,0.0,20.11,null,null,null,null,null
single_drone_inspection_mapping_015,navigate,2026-01-12T14:00:40.000Z,null,drone_1,uav,single_drone_inspection_mapping_015_exec_3,inprogress,89.0,10.64,10.92,20.11,null,null,null,null,null
single_drone_inspection_mapping_015,navigate,2026-01-12T14:02:08.000Z,null,drone_1,uav,single_drone_inspection_mapping_015_exec_3,inprogress,86.5,21.28,21.84,20.11,null,null,null,null,null
single_drone_inspection_mapping_015,navigate,2026-01-12T14:03:36.000Z,null,drone_1,uav,single_drone_inspection_mapping_015_exec_3,inprogress,84.1,31.92,32.77,20.11,null,null,null,null,null
single_drone_inspection_mapping_015,navigate,2026-01-12T14:05:06.000Z,complete,drone_1,uav,single_drone_inspection_mapping_015_exec_3,done,81.6,42.55,43.69,20.11,null,null,null,null,null
single_drone_inspection_mapping_015,inspect,2026-01-12T14:05:07.000Z,start,drone_1,uav,single_drone_inspection_mapping_015_exec_4,inprogress,81.6,42.55,43.69,20.11,null,null,null,null,null
single_drone_inspection_mapping_015,inspect,2026-01-12T14:05:39.000Z,null,drone_1,uav,single_drone_inspection_mapping_015_exec_4,inprogress,80.7,42.55,43.69,20.11,null,null,null,null,null
single_drone_inspection_mapping_015,inspect,2026-01-12T14:06:11.000Z,null,drone_1,uav,single_drone_inspection_mapping_015_exec_4,inprogress,79.8,42.55,43.69,20.11,null,null,null,null,null
single_drone_inspection_mapping_015,inspect,2026-01-12T14:06:43.000Z,complete,drone_1,uav,single_drone_inspection_mapping_015_exec_4,done,78.9,42.55,43.69,20.11,null,null,null,null,null
single_drone_inspection_mapping_015,capture_image,2026-01-12T14:06:44.000Z,start,drone_1,uav,single_drone_inspection_mapping_015_exec_5,inprogress,78.9,42.55,43.69,20.11,null,null,null,null,null
single_drone_inspection_mapping_015,capture_image,2026-01-12T14:06:56.000Z,complete,drone_1,uav,single_drone_inspection_mapping_015_exec_5,done,78.4,42.55,43.69,20.11,null,null,null,null,null
single_drone_inspection_mapping_015,hover,2026-01-12T14:06:57.000Z,start,drone_1,uav,single_drone_inspection_mapping_015_exec_6,inprogress,78.4,42.55,43.69,20.11,null,null,null,null,null
single_drone_inspection_mapping_015,hover,2026-01-12T14:07:27.000Z,null,drone_1,uav,single_drone_inspection_mapping_015_exec_6,inprogress,78.1,42.55,43.69,20.11,null,null,null,null,null
single_drone_inspection_mapping_015,hover,2026-01-12T14:07:57.000Z,complete,drone_1,uav,single_drone_inspection_mapping_015_exec_6,done,77.7,42.55,43.69,20.11,null,null,null,null,null
single_drone_inspection_mapping_015,map_area,2026-01-12T14:07:58.000Z,start,drone_1,uav,single_drone_inspection_mapping_015_exec_7,inprogress,77.7,42.55,43.69,20.11,null,null,null,null,null
single_drone_inspection_mapping_015,map_area,2026-01-12T14:09:02.000Z,null,drone_1,uav,single_drone_inspection_mapping_015_exec_7,inprogress,76.2,46.67,43.07,20.11,null,null,null,null,null
single_drone_inspection_mapping_015,map_area,2026-01-12T14:10:06.000Z,null,drone_1,uav,single_drone_inspection_mapping_015_exec_7,inprogress,74.6,50.79,42.45,20.11,null,null,null,null,null
single_drone_inspection_mapping_015,map_area,2026-01-12T14:11:10.000Z,null,drone_1,uav,single_drone_inspection_mapping_015_exec_7,inprogress,73.0,54.91,41.82,20.11,null,null,null,null,null
single_drone_inspection_mapping_015,map_area,2026-01-12T14:12:14.000Z,null,drone_1,uav,single_drone_inspection_mapping_015_exec_7,inprogress,71.4,59.03,41.2,20.11,null,null,null,null,null
single_drone_inspection_mapping_015,map_area,2026-01-12T14:13:18.000Z,null,drone_1,uav,single_drone_inspection_mapping_015_exec_7,inprogress,69.8,63.15,40.58,20.11,null,null,null,null,null
single_drone_inspection_mapping_015,map_area,2026-01-12T14:14:26.000Z,complete,drone_1,uav,single_drone_inspection_mapping_015_exec_7,done,68.2,67.27,39.96,20.11,null,null,null,null,null
single_drone_inspection_mapping_015,navigate,2026-01-12T14:14:27.000Z,start,drone_1,uav,single_drone_inspection_mapping_015_exec_8,inprogress,68.2,67.27,39.96,20.11,null,null,null,null,null
single_drone_inspection_mapping_015,navigate,2026-01-12T14:15:06.000Z,null,drone_1,uav,single_drone_inspection_mapping_015_exec_8,inprogress,66.7,50.46,29.97,20.11,null,null,null,null,null
single_drone_inspection_mapping_015,navigate,2026-01-12T14:15:45.000Z,null,drone_1,uav,single_drone_inspection_mapping_015_exec_8,inprogress,65.2,33.64,19.98,20.11,null,null,null,null,null
single_drone_inspection_mapping_015,navigate,2026-01-12T14:16:24.000Z,null,drone_1,uav,single_drone_inspection_mapping_015_exec_8,inprogress,63.7,16.82,9.99,20.11,null,null,null,null,null
single_drone_inspection_mapping_015,navigate,2026-01-12T14:17:05.000Z,complete,drone_1,uav,single_drone_inspection_mapping_015_exec_8,done,62.2,0.0,0.0,20.11,null,null,null,null,null
single_drone_inspection_mapping_015,land,2026-01-12T14:17:06.000Z,start,drone_1,uav,single_drone_inspection_mapping_015_exec_9,inprogress,62.2,0.0,0.0,20.11,null,null,null,null,null
single_drone_inspection_mapping_015,land,2026-01-12T14:17:23.000Z,null,drone_1,uav,single_drone_inspection_mapping_015_exec_9,inprogress,61.8,0.0,0.0,10.05,null,null,null,null,null
single_drone_inspection_mapping_015,land,2026-01-12T14:17:41.000Z,complete,drone_1,uav,single_drone_inspection_mapping_015_exec_9,done,61.4,0.0,0.0,0.0,null,null,null,null,null
single_drone_inspection_mapping_016,takeoff,2026-01-12T14:30:00.000Z,start,drone_1,uav,single_drone_inspection_mapping_016_exec_1,inprogress,85.1,0.0,0.0,0.0,null,null,null,null,null
single_drone_inspection_mapping_016,takeoff,2026-01-12T14:30:28.000Z,complete,drone_1,uav,single_drone_inspection_mapping_016_exec_1,done,84.3,0.0,0.0,3.0,null,null,null,null,null
single_drone_inspection_mapping_016,ascend,2026-01-12T14:30:29.000Z,start,drone_1,uav,single_drone_inspection_mapping_016_exec_2,inprogress,84.3,0.0,0.0,3.0,null,null,null,null,null
single_drone_inspection_mapping_016,ascend,2026-01-12T14:30:51.000Z,null,drone_1,uav,single_drone_inspection_mapping_016_exec_2,inprogress,83.6,0.0,0.0,15.29,null,null,null,null,null
single_drone_inspection_mapping_016,ascend,2026-01-12T14:31:14.000Z,complete,drone_1,uav,single_drone_inspection_mapping_016_exec_2,done,82.9,0.0,0.0,27.59,null,null,null,null,null
single_drone_inspection_mapping_016,navigate,2026-01-12T14:31:15.000Z,start,drone_1,uav,single_drone_inspection_mapping_016_exec_3,inprogress,82.9,0.0,0.0,27.59,null,null,null,null,null
single_drone_inspection_mapping_016,navigate,2026-01-12T14:31:56.000Z,null,drone_1,uav,single_drone_inspection_mapping_016_exec_3,inprogress,81.3,10.5,8.75,27.59,null,null,null,null,null
single_drone_inspection_mapping_016,navigate,2026-01-12T14:32:37.000Z,null,drone_1,uav,single_drone_inspection_mapping_016_exec_3,inprogress,79.6,21.0,17.5,27.59,null,null,null,null,null
single_drone_inspection_mapping_016,navigate,2026-01-12T14:33:18.000Z,null,drone_1,uav,single_drone_inspection_mapping_016_exec_3,inprogress,77.9,31.5,26.25,27.59,null,null,null,null,null
single_drone_inspection_mapping_016,navigate,2026-01-12T14:33:59.000Z,null,drone_1,uav,single_drone_inspection_mapping_016_exec_3,inprogress,76.3,41.99,35.0,27.59,null,null,null,null,null
single_drone_inspection_mapping_016,navigate,2026-01-12T14:34:42.000Z,complete,drone_1,uav,single_drone_inspection_mapping_016_exec_3,done,74.6,52.49,43.75,27.59,null,null,null,null,null
single_drone_inspection_mapping_016,inspect,2026-01-12T14:34:43.000Z,start,drone_1,uav,single_drone_inspection_mapping_016_exec_4,inprogress,74.6,52.49,43.75,27.59,null,null,null,null,null
single_drone_inspection_mapping_016,inspect,2026-01-12T14:35:57.000Z,null,drone_1,uav,single_drone_inspection_mapping_016_exec_4,inprogress,73.5,52.49,43.75,27.59,null,null,null,null,null
single_drone_inspection_mapping_016,inspect,2026-01-12T14:37:11.000Z,complete,drone_1,uav,single_drone_inspection_mapping_016_exec_4,done,72.3,52.49,43.75,27.59,null,null,null,null,null
single_drone_inspection_mapping_016,capture_image,2026-01-12T14:37:12.000Z,start,drone_1,uav,single_drone_inspection_mapping_016_exec_5,inprogress,72.3,52.49,43.75,27.59,null,null,null,null,null
single_drone_inspection_mapping_016,capture_image,2026-01-12T14:37:34.000Z,complete,drone_1,uav,single_drone_inspection_mapping_016_exec_5,done,71.7,52.49,43.75,27.59,null,null,null,null,null
single_drone_inspection_mapping_016,hover,2026-01-12T14:37:35.000Z,start,drone_1,uav,single_drone_inspection_mapping_016_exec_6,inprogress,71.7,52.49,43.75,27.59,null,null,null,null,null
single_drone_inspection_mapping_016,hover,2026-01-12T14:37:48.000Z,null,drone_1,uav,single_drone_inspection_mapping_016_exec_6,inprogress,71.4,52.49,43.75,27.59,null,null,null,null,null
single_drone_inspection_mapping_016,hover,2026-01-12T14:38:01.000Z,complete,drone_1,uav,single_drone_inspection_mapping_016_exec_6,done,71.0,52.49,43.75,27.59,null,null,null,null,null
single_drone_inspection_mapping_016,map_area,2026-01-12T14:38:02.000Z,start,drone_1,uav,single_drone_inspection_mapping_016_exec_7,inprogress,71.0,52.49,43.75,27.59,null,null,null,null,null
single_drone_inspection_mapping_016,map_area,2026-01-12T14:39:10.000Z,null,drone_1,uav,single_drone_inspection_mapping_016_exec_7,inprogress,69.7,56.89,39.19,27.59,null,null,null,null,null
single_drone_inspection_mapping_016,map_area,2026-01-12T14:40:18.000Z,null,drone_1,uav,single_drone_inspection_mapping_016_exec_7,inprogress,68.3,61.29,34.62,27.59,null,null,null,null,null
single_drone_inspection_mapping_016,map_area,2026-01-12T14:41:26.000Z,null,drone_1,uav,single_drone_inspection_mapping_016_exec_7,inprogress,66.9,65.69,30.05,27.59,null,null,null,null,null
single_drone_inspection_mapping_016,map_area,2026-01-12T14:42:34.000Z,null,drone_1,uav,single_drone_inspection_mapping_016_exec_7,inprogress,65.6,70.09,25.49,27.59,null,null,null,null,null
single_drone_inspection_mapping_016,map_area,2026-01-12T14:43:42.000Z,null,drone_1,uav,single_drone_inspection_mapping_016_exec_7,inprogress,64.2,74.49,20.92,27.59,null,null,null,null,null
single_drone_inspection_mapping_016,map_area,2026-01-12T14:44:53.000Z,complete,drone_1,uav,single_drone_inspection_mapping_016_exec_7,done,62.8,78.89,16.36,27.59,null,null,null,null,null
single_drone_inspection_mapping_016,navigate,2026-01-12T14:44:54.000Z,start,drone_1,uav,single_drone_inspection_mapping_016_exec_8,inprogress,62.8,78.89,16.36,27.59,null,null,null,null,null
single_drone_inspection_mapping_016,navigate,2026-01-12T14:46:23.000Z,null,drone_1,uav,single_drone_inspection_mapping_016_exec_8,inprogress,61.5,52.59,10.9,27.59,null,null,null,null,null
single_drone_inspection_mapping_016,navigate,2026-01-12T14:47:52.000Z,null,drone_1,uav,single_drone_inspection_mapping_016_exec_8,inprogress,60.1,26.3,5.45,27.59,null,null,null,null,null
single_drone_inspection_mapping_016,navigate,2026-01-12T14:49:22.000Z,complete,drone_1,uav,single_drone_inspection_mapping_016_exec_8,done,58.8,0.0,0.0,27.59,null,null,null,null,null
single_drone_inspection_mapping_016,land,2026-01-12T14:49:23.000Z,start,drone_1,uav,single_drone_inspection_mapping_016_exec_9,inprogress,58.8,0.0,0.0,27.59,null,null,null,null,null
single_drone_inspection_mapping_016,land,2026-01-12T14:49:33.000Z,null,drone_1,uav,single_drone_inspection_mapping_016_exec_9,inprogress,58.4,0.0,0.0,13.79,null,null,null,null,null
single_drone_inspection_mapping_016,land,2026-01-12T14:49:43.000Z,complete,drone_1,uav,single_drone_inspection_mapping_016_exec_9,done,58.0,0.0,0.0,0.0,null,null,null,null,null
single_drone_inspection_mapping_017,takeoff,2026-01-12T15:02:00.000Z,start,drone_1,uav,single_drone_inspection_mapping_017_exec_1,inprogress,77.5,0.0,0.0,0.0,null,null,null,null,null
single_drone_inspection_mapping_017,takeoff,2026-01-12T15:02:17.000Z,complete,drone_1,uav,single_drone_inspection_mapping_017_exec_1,done,76.9,0.0,0.0,3.0,null,null,null,null,null
single_drone_inspection_mapping_017,ascend,2026-01-12T15:02:18.000Z,start,drone_1,uav,single_drone_inspection_mapping_017_exec_2,inprogress,76.9,0.0,0.0,3.0,null,null,null,null,null
single_drone_inspection_mapping_017,ascend,2026-01-12T15:02:39.000Z,null,drone_1,uav,single_drone_inspection_mapping_017_exec_2,inprogress,76.4,0.0,0.0,9.92,null,null,null,null,null
single_drone_inspection_mapping_017,ascend,2026-01-12T15:03:01.000Z,complete,drone_1,uav,single_drone_inspection_mapping_017_exec_2,done,75.8,0.0,0.0,16.84,null,null,null,null,null
single_drone_inspection_mapping_017,navigate,2026-01-12T15:03:02.000Z,start,drone_1,uav,single_drone_inspection_mapping_017_exec_3,inprogress,75.8,0.0,0.0,16.84,null,null,null,null,null
single_drone_inspection_mapping_017,navigate,2026-01-12T15:04:17.000Z,null,drone_1,uav,single_drone_inspection_mapping_017_exec_3,inprogress,74.0,9.55,7.07,16.84,null,null,null,null,null
single_drone_inspection_mapping_017,navigate,2026-01-12T15:05:32.000Z,null,drone_1,uav,single_drone_inspection_mapping_017_exec_3,inprogress,72.2,19.11,14.14,16.84,null,null,null,null,null
single_drone_inspection_mapping_017,navigate,2026-01-12T15:06:47.000Z,null,drone_1,uav,single_drone_inspection_mapping_017_exec_3,inprogress,70.4,28.66,21.21,16.84,null,null,null,null,null
single_drone_inspection_mapping_017,navigate,2026-01-12T15:08:03.000Z,complete,drone_1,uav,single_drone_inspection_mapping_017_exec_3,done,68.6,38.21,28.27,16.84,null,null,null,null,null
single_drone_inspection_mapping_017,inspect,2026-01-12T15:08:04.000Z,start,drone_1,uav,single_drone_inspection_mapping_017_exec_4,inprogress,68.6,38.21,28.27,16.84,null,null,null,null,null
single_drone_inspection_mapping_017,inspect,2026-01-12T15:08:59.000Z,null,drone_1,uav,single_drone_inspection_mapping_017_exec_4,inprogress,67.7,38.21,28.27,16.84,null,null,null,null,null
single_drone_inspection_mapping_017,inspect,2026-01-12T15:09:54.000Z,complete,drone_1,uav,single_drone_inspection_mapping_017_exec_4,done,66.7,38.21,28.27,16.84,null,null,null,null,null
single_drone_inspection_mapping_017,capture_image,2026-01-12T15:09:55.000Z,start,drone_1,uav,single_drone_inspection_mapping_017_exec_5,inprogress,66.7,38.21,28.27,16.84,null,null,null,null,null
single_drone_inspection_mapping_017,capture_image,2026-01-12T15:10:08.000Z,complete,drone_1,uav,single_drone_inspection_mapping_017_exec_5,done,66.5,38.21,28.27,16.84,null,null,null,null,null
single_drone_inspection_mapping_017,hover,2026-01-12T15:10:09.000Z,start,drone_1,uav,single_drone_inspection_mapping_017_exec_6,inprogress,66.5,38.21,28.27,16.84,null,null,null,null,null
single_drone_inspection_mapping_017,hover,2026-01-12T15:10:44.000Z,complete,drone_1,uav,single_drone_inspection_mapping_017_exec_6,done,65.6,38.21,28.27,16.84,null,null,null,null,null
single_drone_inspection_mapping_017,map_area,2026-01-12T15:10:45.000Z,start,drone_1,uav,single_drone_inspection_mapping_017_exec_7,inprogress,65.6,38.21,28.27,16.84,null,null,null,null,null
single_drone_inspection_mapping_017,map_area,2026-01-12T15:11:23.000Z,null,drone_1,uav,single_drone_inspection_mapping_017_exec_7,inprogress,64.2,40.72,31.99,16.84,null,null,null,null,null
single_drone_inspection_mapping_017,map_area,2026-01-12T15:12:01.000Z,null,drone_1,uav,single_drone_inspection_mapping_017_exec_7,inprogress,62.9,43.23,35.71,16.84,null,null,null,null,null
single_drone_inspection_mapping_017,map_area,2026-01-12T15:12:39.000Z,null,drone_1,uav,single_drone_inspection_mapping_017_exec_7,inprogress,61.6,45.74,39.42,16.84,null,null,null,null,null
single_drone_inspection_mapping_017,map_area,2026-01-12T15:13:17.000Z,null,drone_1,uav,single_drone_inspection_mapping_017_exec_7,inprogress,60.2,48.25,43.14,16.84,null,null,null,null,null
single_drone_inspection_mapping_017,map_area,2026-01-12T15:13:55.000Z,null,drone_1,uav,single_drone_inspection_mapping_017_exec_7,inprogress,58.9,50.76,46.85,16.84,null,null,null,null,null
single_drone_inspection_mapping_017,map_area,2026-01-12T15:14:33.000Z,null,drone_1,uav,single_drone_inspection_mapping_017_exec_7,inprogress,57.5,53.26,50.57,16.84,null,null,null,null,null
single_drone_inspection_mapping_017,map_area,2026-01-12T15:15:11.000Z,null,drone_1,uav,single_drone_inspection_mapping_017_exec_7,inprogress,56.2,55.77,54.29,16.84,null,null,null,null,null
single_drone_inspection_mapping_017,map_area,2026-01-12T15:15:49.000Z,complete,drone_1,uav,single_drone_inspection_mapping_017_exec_7,done,54.8,58.28,58.0,16.84,null,null,null,null,null
single_drone_inspection_mapping_017,navigate,2026-01-12T15:15:50.000Z,start,drone_1,uav,single_drone_inspection_mapping_017_exec_8,inprogress,54.8,58.28,58.0,16.84,null,null,null,null,null
single_drone_inspection_mapping_017,navigate,2026-01-12T15:16:38.000Z,null,drone_1,uav,single_drone_inspection_mapping_017_exec_8,inprogress,54.1,46.62,46.4,16.84,null,null,null,null,null
single_drone_inspection_mapping_017,navigate,2026-01-12T15:17:26.000Z,null,drone_1,uav,single_drone_inspection_mapping_017_exec_8,inprogress,53.4,34.97,34.8,16.84,null,null,null,null,null
single_drone_inspection_mapping_017,navigate,2026-01-12T15:18:14.000Z,null,drone_1,uav,single_drone_inspection_mapping_017_exec_8,inprogress,52.7,23.31,23.2,16.84,null,null,null,null,null
single_drone_inspection_mapping_017,navigate,2026-01-12T15:19:02.000Z,null,drone_1,uav,single_drone_inspection_mapping_017_exec_8,inprogress,52.0,11.66,11.6,16.84,null,null,null,null,null
single_drone_inspection_mapping_017,navigate,2026-01-12T15:19:53.000Z,complete,drone_1,uav,single_drone_inspection_mapping_017_exec_8,done,51.3,0.0,0.0,16.84,null,null,null,null,null
single_drone_inspection_mapping_017,land,2026-01-12T15:19:54.000Z,start,drone_1,uav,single_drone_inspection_mapping_017_exec_9,inprogress,51.3,0.0,0.0,16.84,null,null,null,null,null
single_drone_inspection_mapping_017,land,2026-01-12T15:20:14.000Z,null,drone_1,uav,single_drone_inspection_mapping_017_exec_9,inprogress,50.8,0.0,0.0,8.42,null,null,null,null,null
single_drone_inspection_mapping_017,land,2026-01-12T15:20:34.000Z,complete,drone_1,uav,single_drone_inspection_mapping_017_exec_9,done,50.4,0.0,0.0,0.0,null,null,null,null,null
single_drone_inspection_mapping_018,takeoff,2026-01-12T15:34:00.000Z,start,drone_1,uav,single_drone_inspection_mapping_018_exec_1,inprogress,80.7,0.0,0.0,0.0,null,null,null,null,null
single_drone_inspection_mapping_018,takeoff,2026-01-12T15:34:34.000Z,complete,drone_1,uav,single_drone_inspection_mapping_018_exec_1,done,79.6,0.0,0.0,3.0,null,null,null,null,null
single_drone_inspection_mapping_018,ascend,2026-01-12T15:34:35.000Z,start,drone_1,uav,single_drone_inspection_mapping_018_exec_2,inprogress,79.6,0.0,0.0,3.0,null,null,null,null,null
single_drone_inspection_mapping_018,ascend,2026-01-12T15:34:52.000Z,null,drone_1,uav,single_drone_inspection_mapping_018_exec_2,inprogress,79.1,0.0,0.0,12.85,null,null,null,null,null
single_drone_inspection_mapping_018,ascend,2026-01-12T15:35:09.000Z,complete,drone_1,uav,single_drone_inspection_mapping_018_exec_2,done,78.5,0.0,0.0,22.7,null,null,null,null,null
single_drone_inspection_mapping_018,navigate,2026-01-12T15:35:10.000Z,start,drone_1,uav,single_drone_inspection_mapping_018_exec_3,inprogress,78.5,0.0,0.0,22.7,null,null,null,null,null
single_drone_inspection_mapping_018,navigate,2026-01-12T15:35:59.000Z,null,drone_1,uav,single_drone_inspection_mapping_018_exec_3,inprogress,76.3,12.05,7.06,22.7,null,null,null,null,null
single_drone_inspection_mapping_018,navigate,2026-01-12T15:36:48.000Z,null,drone_1,uav,single_drone_inspection_mapping_018_exec_3,inprogress,74.0,24.09,14.12,22.7,null,null,null,null,null
single_drone_inspection_mapping_018,navigate,2026-01-12T15:37:37.000Z,null,drone_1,uav,single_drone_inspection_mapping_018_exec_3,inprogress,71.8,36.14,21.17,22.7,null,null,null,null,null
single_drone_inspection_mapping_018,navigate,2026-01-12T15:38:26.000Z,complete,drone_1,uav,single_drone_inspection_mapping_018_exec_3,done,69.5,48.19,28.23,22.7,null,null,null,null,null
single_drone_inspection_mapping_018,inspect,2026-01-12T15:38:27.000Z,start,drone_1,uav,single_drone_inspection_mapping_018_exec_4,inprogress,69.5,48.19,28.23,22.7,null,null,null,null,null
single_drone_inspection_mapping_018,inspect,2026-01-12T15:39:05.000Z,null,drone_1,uav,single_drone_inspection_mapping_018_exec_4,inprogress,68.9,48.19,28.23,22.7,null,null,null,null,null
single_drone_inspection_mapping_018,inspect,2026-01-12T15:39:43.000Z,null,drone_1,uav,single_drone_inspection_mapping_018_exec_4,inprogress,68.3,48.19,28.23,22.7,null,null,null,null,null
single_drone_inspection_mapping_018,inspect,2026-01-12T15:40:23.000Z,complete,drone_1,uav,single_drone_inspection_mapping_018_exec_4,done,67.7,48.19,28.23,22.7,null,null,null,null,null
single_drone_inspection_mapping_018,capture_image,2026-01-12T15:40:24.000Z,start,drone_1,uav,single_drone_inspection_mapping_018_exec_5,inprogress,67.7,48.19,28.23,22.7,null,null,null,null,null
single_drone_inspection_mapping_018,capture_image,2026-01-12T15:40:37.000Z,complete,drone_1,uav,single_drone_inspection_mapping_018_exec_5,done,67.4,48.19,28.23,22.7,null,null,null,null,null
single_drone_inspection_mapping_018,hover,2026-01-12T15:40:38.000Z,start,drone_1,uav,single_drone_inspection_mapping_018_exec_6,inprogress,67.4,48.19,28.23,22.7,null,null,null,null,null
single_drone_inspection_mapping_018,hover,2026-01-12T15:41:07.000Z,null,drone_1,uav,single_drone_inspection_mapping_018_exec_6,inprogress,67.0,48.19,28.23,22.7,null,null,null,null,null
single_drone_inspection_mapping_018,hover,2026-01-12T15:41:36.000Z,complete,drone_1,uav,single_drone_inspection_mapping_018_exec_6,done,66.5,48.19,28.23,22.7,null,null,null,null,null
single_drone_inspection_mapping_018,map_area,2026-01-12T15:41:37.000Z,start,drone_1,uav,single_drone_inspection_mapping_018_exec_7,inprogress,66.5,48.19,28.23,22.7,null,null,null,null,null
single_drone_inspection_mapping_018,map_area,2026-01-12T15:42:51.000Z,null,drone_1,uav,single_drone_inspection_mapping_018_exec_7,inprogress,64.9,52.72,32.25,22.7,null,null,null,null,null
single_drone_inspection_mapping_018,map_area,2026-01-12T15:44:05.000Z,null,drone_1,uav,single_drone_inspection_mapping_018_exec_7,inprogress,63.4,57.25,36.28,22.7,null,null,null,null,null
single_drone_inspection_mapping_018,map_area,2026-01-12T15:45:19.000Z,null,drone_1,uav,single_drone_inspection_mapping_018_exec_7,inprogress,61.8,61.77,40.3,22.7,null,null,null,null,null
single_drone_inspection_mapping_018,map_area,2026-01-12T15:46:33.000Z,null,drone_1,uav,single_drone_inspection_mapping_018_exec_7,inprogress,60.3,66.3,44.32,22.7,null,null,null,null,null
single_drone_inspection_mapping_018,map_area,2026-01-12T15:47:47.000Z,complete,drone_1,uav,single_drone_inspection_mapping_018_exec_7,done,58.8,70.83,48.35,22.7,null,null,null,null,null
single_drone_inspection_mapping_018,navigate,2026-01-12T15:47:48.000Z,start,drone_1,uav,single_drone_inspection_mapping_018_exec_8,inprogress,58.8,70.83,48.35,22.7,null,null,null,null,null
single_drone_inspection_mapping_018,navigate,2026-01-12T15:48:24.000Z,null,drone_1,uav,single_drone_inspection_mapping_018_exec_8,inprogress,57.7,56.67,38.68,22.7,null,null,null,null,null
single_drone_inspection_mapping_018,navigate,2026-01-12T15:49:00.000Z,null,drone_1,uav,single_drone_inspection_mapping_018_exec_8,inprogress,56.7,42.5,29.01,22.7,null,null,null,null,null
single_drone_inspection_mapping_018,navigate,2026-01-12T15:49:36.000Z,null,drone_1,uav,single_drone_inspection_mapping_018_exec_8,inprogress,55.7,28.33,19.34,22.7,null,null,null,null,null
single_drone_inspection_mapping_018,navigate,2026-01-12T15:50:12.000Z,null,drone_1,uav,single_drone_inspection_mapping_018_exec_8,inprogress,54.7,14.17,9.67,22.7,null,null,null,null,null
single_drone_inspection_mapping_018,navigate,2026-01-12T15:50:52.000Z,complete,drone_1,uav,single_drone_inspection_mapping_018_exec_8,done,53.6,0.0,0.0,22.7,null,null,null,null,null
single_drone_inspection_mapping_018,land,2026-01-12T15:50:53.000Z,start,drone_1,uav,single_drone_inspection_mapping_018_exec_9,inprogress,53.6,0.0,0.0,22.7,null,null,null,null,null
single_drone_inspection_mapping_018,land,2026-01-12T15:51:07.000Z,null,drone_1,uav,single_drone_inspection_mapping_018_exec_9,inprogress,53.2,0.0,0.0,11.35,null,null,null,null,null
single_drone_inspection_mapping_018,land,2026-01-12T15:51:22.000Z,complete,drone_1,uav,single_drone_inspection_mapping_018_exec_9,done,52.7,0.0,0.0,0.0,null,null,null,null,null
single_drone_inspection_mapping_019,takeoff,2026-01-12T16:06:00.000Z,start,drone_1,uav,single_drone_inspection_mapping_019_exec_1,inprogress,86.9,0.0,0.0,0.0,null,null,null,null,null
single_drone_inspection_mapping_019,takeoff,2026-01-12T16:06:19.000Z,complete,drone_1,uav,single_drone_inspection_mapping_019_exec_1,done,86.2,0.0,0.0,3.0,null,null,null,null,null
single_drone_inspection_mapping_019,ascend,2026-01-12T16:06:20.000Z,start,drone_1,uav,single_drone_inspection_mapping_019_exec_2,inprogress,86.2,0.0,0.0,3.0,null,null,null,null,null
single_drone_inspection_mapping_019,ascend,2026-01-12T16:06:33.000Z,null,drone_1,uav,single_drone_inspection_mapping_019_exec_2,inprogress,85.7,0.0,0.0,10.98,null,null,null,null,null
single_drone_inspection_mapping_019,ascend,2026-01-12T16:06:47.000Z,complete,drone_1,uav,single_drone_inspection_mapping_019_exec_2,done,85.3,0.0,0.0,18.97,null,null,null,null,null
single_drone_inspection_mapping_019,navigate,2026-01-12T16:06:48.000Z,start,drone_1,uav,single_drone_inspection_mapping_019_exec_3,inprogress,85.3,0.0,0.0,18.97,null,null,null,null,null
single_drone_inspection_mapping_019,navigate,2026-01-12T16:07:18.000Z,null,drone_1,uav,single_drone_inspection_mapping_019_exec_3,inprogress,84.2,6.82,5.78,18.97,null,null,null,null,null
single_drone_inspection_mapping_019,navigate,2026-01-12T16:07:48.000Z,null,drone_1,uav,single_drone_inspection_mapping_019_exec_3,inprogress,83.2,13.64,11.55,18.97,null,null,null,null,null
single_drone_inspection_mapping_019,navigate,2026-01-12T16:08:18.000Z,null,drone_1,uav,single_drone_inspection_mapping_019_exec_3,inprogress,82.2,20.46,17.33,18.97,null,null,null,null,null
single_drone_inspection_mapping_019,navigate,2026-01-12T16:08:48.000Z,null,drone_1,uav,single_drone_inspection_mapping_019_exec_3,inprogress,81.2,27.28,23.1,18.97,null,null,null,null,null
single_drone_inspection_mapping_019,navigate,2026-01-12T16:09:18.000Z,null,drone_1,uav,single_drone_inspection_mapping_019_exec_3,inprogress,80.2,34.1,28.88,18.97,null,null,null,null,null
single_drone_inspection_mapping_019,navigate,2026-01-12T16:09:48.000Z,null,drone_1,uav,single_drone_inspection_mapping_019_exec_3,inprogress,79.2,40.92,34.66,18.97,null,null,null,null,null
single_drone_inspection_mapping_019,navigate,2026-01-12T16:10:23.000Z,complete,drone_1,uav,single_drone_inspection_mapping_019_exec_3,done,78.1,47.74,40.43,18.97,null,null,null,null,null
single_drone_inspection_mapping_019,inspect,2026-01-12T16:10:24.000Z,start,drone_1,uav,single_drone_inspection_mapping_019_exec_4,inprogress,78.1,47.74,40.43,18.97,null,null,null,null,null
single_drone_inspection_mapping_019,inspect,2026-01-12T16:11:33.000Z,null,drone_1,uav,single_drone_inspection_mapping_019_exec_4,inprogress,77.0,47.74,40.43,18.97,null,null,null,null,null
single_drone_inspection_mapping_019,inspect,2026-01-12T16:12:42.000Z,complete,drone_1,uav,single_drone_inspection_mapping_019_exec_4,done,75.8,47.74,40.43,18.97,null,null,null,null,null
single_drone_inspection_mapping_019,capture_image,2026-01-12T16:12:43.000Z,start,drone_1,uav,single_drone_inspection_mapping_019_exec_5,inprogress,75.8,47.74,40.43,18.97,null,null,null,null,null
single_drone_inspection_mapping_019,capture_image,2026-01-12T16:13:08.000Z,complete,drone_1,uav,single_drone_inspection_mapping_019_exec_5,done,75.5,47.74,40.43,18.97,null,null,null,null,null
single_drone_inspection_mapping_019,inspect,2026-01-12T16:13:09.000Z,start,drone_1,uav,single_drone_inspection_mapping_019_exec_6,inprogress,75.5,47.74,40.43,18.97,null,null,null,null,null
single_drone_inspection_mapping_019,inspect,2026-01-12T16:13:46.000Z,null,drone_1,uav,single_drone_inspection_mapping_019_exec_6,inprogress,74.8,47.74,40.43,18.97,null,null,null,null,null
single_drone_inspection_mapping_019,inspect,2026-01-12T16:14:23.000Z,null,drone_1,uav,single_drone_inspection_mapping_019_exec_6,inprogress,74.1,47.74,40.43,18.97,null,null,null,null,null
single_drone_inspection_mapping_019,inspect,2026-01-12T16:15:02.000Z,complete,drone_1,uav,single_drone_inspection_mapping_019_exec_6,done,73.4,47.74,40.43,18.97,null,null,null,null,null
single_drone_inspection_mapping_019,capture_image,2026-01-12T16:15:03.000Z,start,drone_1,uav,single_drone_inspection_mapping_019_exec_7,inprogress,73.4,47.74,40.43,18.97,null,null,null,null,null
single_drone_inspection_mapping_019,capture_image,2026-01-12T16:15:24.000Z,complete,drone_1,uav,single_drone_inspection_mapping_019_exec_7,done,72.8,47.74,40.43,18.97,null,null,null,null,null
single_drone_inspection_mapping_019,hover,2026-01-12T16:15:25.000Z,start,drone_1,uav,single_drone_inspection_mapping_019_exec_8,inprogress,72.8,47.74,40.43,18.97,null,null,null,null,null
single_drone_inspection_mapping_019,hover,2026-01-12T16:15:47.000Z,null,drone_1,uav,single_drone_inspection_mapping_019_exec_8,inprogress,72.4,47.74,40.43,18.97,null,null,null,null,null
single_drone_inspection_mapping_019,hover,2026-01-12T16:16:09.000Z,complete,drone_1,uav,single_drone_inspection_mapping_019_exec_8,done,72.1,47.74,40.43,18.97,null,null,null,null,null
single_drone_inspection_mapping_019,map_area,2026-01-12T16:16:10.000Z,start,drone_1,uav,single_drone_inspection_mapping_019_exec_9,inprogress,72.1,47.74,40.43,18.97,null,null,null,null,null
single_drone_inspection_mapping_019,map_area,2026-01-12T16:16:53.000Z,null,drone_1,uav,single_drone_inspection_mapping_019_exec_9,inprogress,70.9,50.46,38.09,18.97,null,null,null,null,null
single_drone_inspection_mapping_019,map_area,2026-01-12T16:17:36.000Z,null,drone_1,uav,single_drone_inspection_mapping_019_exec_9,inprogress,69.7,53.19,35.75,18.97,null,null,null,null,null
single_drone_inspection_mapping_019,map_area,2026-01-12T16:18:19.000Z,null,drone_1,uav,single_drone_inspection_mapping_019_exec_9,inprogress,68.5,55.91,33.41,18.97,null,null,null,null,null
single_drone_inspection_mapping_019,map_area,2026-01-12T16:19:02.000Z,null,drone_1,uav,single_drone_inspection_mapping_019_exec_9,inprogress,67.3,58.64,31.07,18.97,null,null,null,null,null
single_drone_inspection_mapping_019,map_area,2026-01-12T16:19:45.000Z,null,drone_1,uav,single_drone_inspection_mapping_019_exec_9,inprogress,66.1,61.36,28.73,18.97,null,null,null,null,null
single_drone_inspection_mapping_019,map_area,2026-01-12T16:20:28.000Z,null,drone_1,uav,single_drone_inspection_mapping_019_exec_9,inprogress,64.9,64.09,26.39,18.97,null,null,null,null,null
single_drone_inspection_mapping_019,map_area,2026-01-12T16:21:11.000Z,null,drone_1,uav,single_drone_inspection_mapping_019_exec_9,inprogress,63.7,66.81,24.05,18.97,null,null,null,null,null
single_drone_inspection_mapping_019,map_area,2026-01-12T16:21:55.000Z,complete,drone_1,uav,single_drone_inspection_mapping_019_exec_9,done,62.5,69.54,21.71,18.97,null,null,null,null,null
single_drone_inspection_mapping_019,navigate,2026-01-12T16:21:56.000Z,start,drone_1,uav,single_drone_inspection_mapping_019_exec_10,inprogress,62.5,69.54,21.71,18.97,null,null,null,null,null
single_drone_inspection_mapping_019,navigate,2026-01-12T16:22:56.000Z,null,drone_1,uav,single_drone_inspection_mapping_019_exec_10,inprogress,60.9,46.36,14.47,18.97,null,null,null,null,null
single_drone_inspection_mapping_019,navigate,2026-01-12T16:23:56.000Z,null,drone_1,uav,single_drone_inspection_mapping_019_exec_10,inprogress,59.4,23.18,7.24,18.97,null,null,null,null,null
single_drone_inspection_mapping_019,navigate,2026-01-12T16:24:58.000Z,complete,drone_1,uav,single_drone_inspection_mapping_019_exec_10,done,57.8,0.0,0.0,18.97,null,null,null,null,null
single_drone_inspection_mapping_019,land,2026-01-12T16:24:59.000Z,start,drone_1,uav,single_drone_inspection_mapping_019_exec_11,inprogress,57.8,0.0,0.0,18.97,null,null,null,null,null
single_drone_inspection_mapping_019,land,2026-01-12T16:25:21.000Z,null,drone_1,uav,single_drone_inspection_mapping_019_exec_11,inprogress,57.4,0.0,0.0,9.48,null,null,null,null,null
single_drone_inspection_mapping_019,land,2026-01-12T16:25:44.000Z,complete,drone_1,uav,single_drone_inspection_mapping_019_exec_11,done,56.9,0.0,0.0,0.0,null,null,null,null,null
single_drone_inspection_mapping_020,takeoff,2026-01-12T16:38:00.000Z,start,drone_1,uav,single_drone_inspection_mapping_020_exec_1,inprogress,77.3,0.0,0.0,0.0,null,null,null,null,null
single_drone_inspection_mapping_020,takeoff,2026-01-12T16:38:23.000Z,complete,drone_1,uav,single_drone_inspection_mapping_020_exec_1,done,76.7,0.0,0.0,3.0,null,null,null,null,null
single_drone_inspection_mapping_020,ascend,2026-01-12T16:38:24.000Z,start,drone_1,uav,single_drone_inspection_mapping_020_exec_2,inprogress,76.7,0.0,0.0,3.0,null,null,null,null,null
single_drone_inspection_mapping_020,ascend,2026-01-12T16:38:38.000Z,null,drone_1,uav,single_drone_inspection_mapping_020_exec_2,inprogress,76.1,0.0,0.0,10.09,null,null,null,null,null
single_drone_inspection_mapping_020,ascend,2026-01-12T16:38:53.000Z,complete,drone_1,uav,single_drone_inspection_mapping_020_exec_2,done,75.5,0.0,0.0,17.19,null,null,null,null,null
single_drone_inspection_mapping_020,navigate,2026-01-12T16:38:54.000Z,start,drone_1,uav,single_drone_inspection_mapping_020_exec_3,inprogress,75.5,0.0,0.0,17.19,null,null,null,null,null
single_drone_inspection_mapping_020,navigate,2026-01-12T16:39:46.000Z,null,drone_1,uav,single_drone_inspection_mapping_020_exec_3,inprogress,74.0,12.43,12.66,17.19,null,null,null,null,null
single_drone_inspection_mapping_020,navigate,2026-01-12T16:40:38.000Z,null,drone_1,uav,single_drone_inspection_mapping_020_exec_3,inprogress,72.4,24.85,25.32,17.19,null,null,null,null,null
single_drone_inspection_mapping_020,navigate,2026-01-12T16:41:30.000Z,null,drone_1,uav,single_drone_inspection_mapping_020_exec_3,inprogress,70.8,37.28,37.98,17.19,null,null,null,null,null
single_drone_inspection_mapping_020,navigate,2026-01-12T16:42:22.000Z,complete,drone_1,uav,single_drone_inspection_mapping_020_exec_3,done,69.2,49.7,50.64,17.19,null,null,null,null,null
single_drone_inspection_mapping_020,inspect,2026-01-12T16:42:23.000Z,start,drone_1,uav,single_drone_inspection_mapping_020_exec_4,inprogress,69.2,49.7,50.64,17.19,null,null,null,null,null
single_drone_inspection_mapping_020,inspect,2026-01-12T16:43:21.000Z,null,drone_1,uav,single_drone_inspection_mapping_020_exec_4,inprogress,67.9,49.7,50.64,17.19,null,null,null,null,null
single_drone_inspection_mapping_020,inspect,2026-01-12T16:44:19.000Z,complete,drone_1,uav,single_drone_inspection_mapping_020_exec_4,done,66.6,49.7,50.64,17.19,null,null,null,null,null
single_drone_inspection_mapping_020,capture_image,2026-01-12T16:44:20.000Z,start,drone_1,uav,single_drone_inspection_mapping_020_exec_5,inprogress,66.6,49.7,50.64,17.19,null,null,null,null,null
single_drone_inspection_mapping_020,capture_image,2026-01-12T16:44:44.000Z,complete,drone_1,uav,single_drone_inspection_mapping_020_exec_5,done,66.1,49.7,50.64,17.19,null,null,null,null,null
single_drone_inspection_mapping_020,hover,2026-01-12T16:44:45.000Z,start,drone_1,uav,single_drone_inspection_mapping_020_exec_6,inprogress,66.1,49.7,50.64,17.19,null,null,null,null,null
single_drone_inspection_mapping_020,hover,2026-01-12T16:45:02.000Z,null,drone_1,uav,single_drone_inspection_mapping_020_exec_6,inprogress,65.6,49.7,50.64,17.19,null,null,null,null,null
single_drone_inspection_mapping_020,hover,2026-01-12T16:45:20.000Z,complete,drone_1,uav,single_drone_inspection_mapping_020_exec_6,done,65.0,49.7,50.64,17.19,null,null,null,null,null
single_drone_inspection_mapping_020,map_area,2026-01-12T16:45:21.000Z,start,drone_1,uav,single_drone_inspection_mapping_020_exec_7,inprogress,65.0,49.7,50.64,17.19,null,null,null,null,null
single_drone_inspection_mapping_020,map_area,2026-01-12T16:45:49.000Z,null,drone_1,uav,single_drone_inspection_mapping_020_exec_7,inprogress,64.1,50.75,51.78,17.19,null,null,null,null,null
single_drone_inspection_mapping_020,map_area,2026-01-12T16:46:17.000Z,null,drone_1,uav,single_drone_inspection_mapping_020_exec_7,inprogress,63.2,51.79,52.93,17.19,null,null,null,null,null
single_drone_inspection_mapping_020,map_area,2026-01-12T16:46:45.000Z,null,drone_1,uav,single_drone_inspection_mapping_020_exec_7,inprogress,62.3,52.84,54.07,17.19,null,null,null,null,null
single_drone_inspection_mapping_020,map_area,2026-01-12T16:47:13.000Z,null,drone_1,uav,single_drone_inspection_mapping_020_exec_7,inprogress,61.4,53.89,55.22,17.19,null,null,null,null,null
single_drone_inspection_mapping_020,map_area,2026-01-12T16:47:41.000Z,null,drone_1,uav,single_drone_inspection_mapping_020_exec_7,inprogress,60.5,54.93,56.37,17.19,null,null,null,null,null
single_drone_inspection_mapping_020,map_area,2026-01-12T16:48:09.000Z,null,drone_1,uav,single_drone_inspection_mapping_020_exec_7,inprogress,59.6,55.98,57.51,17.19,null,null,null,null,null
single_drone_inspection_mapping_020,map_area,2026-01-12T16:48:37.000Z,null,drone_1,uav,single_drone_inspection_mapping_020_exec_7,inprogress,58.6,57.03,58.66,17.19,null,null,null,null,null
single_drone_inspection_mapping_020,map_area,2026-01-12T16:49:09.000Z,complete,drone_1,uav,single_drone_inspection_mapping_020_exec_7,done,57.7,58.07,59.8,17.19,null,null,null,null,null
single_drone_inspection_mapping_020,navigate,2026-01-12T16:49:10.000Z,start,drone_1,uav,single_drone_inspection_mapping_020_exec_8,inprogress,57.7,58.07,59.8,17.19,null,null,null,null,null
single_drone_inspection_mapping_020,navigate,2026-01-12T16:49:50.000Z,null,drone_1,uav,single_drone_inspection_mapping_020_exec_8,inprogress,56.3,43.55,44.85,17.19,null,null,null,null,null
single_drone_inspection_mapping_020,navigate,2026-01-12T16:50:30.000Z,null,drone_1,uav,single_drone_inspection_mapping_020_exec_8,inprogress,54.9,29.04,29.9,17.19,null,null,null,null,null
single_drone_inspection_mapping_020,navigate,2026-01-12T16:51:10.000Z,null,drone_1,uav,single_drone_inspection_mapping_020_exec_8,inprogress,53.5,14.52,14.95,17.19,null,null,null,null,null
single_drone_inspection_mapping_020,navigate,2026-01-12T16:51:52.000Z,complete,drone_1,uav,single_drone_inspection_mapping_020_exec_8,done,52.1,0.0,0.0,17.19,null,null,null,null,null
single_drone_inspection_mapping_020,land,2026-01-12T16:51:53.000Z,start,drone_1,uav,single_drone_inspection_mapping_020_exec_9,inprogress,52.1,0.0,0.0,17.19,null,null,null,null,null
single_drone_inspection_mapping_020,land,2026-01-12T16:52:04.000Z,null,drone_1,uav,single_drone_inspection_mapping_020_exec_9,inprogress,51.7,0.0,0.0,8.59,null,null,null,null,null
single_drone_inspection_mapping_020,land,2026-01-12T16:52:16.000Z,complete,drone_1,uav,single_drone_inspection_mapping_020_exec_9,done,51.2,0.0,0.0,0.0,null,null,null,null,null
single_drone_inspection_mapping_021,takeoff,2026-01-12T17:10:00.000Z,start,drone_1,uav,single_drone_inspection_mapping_021_exec_1,inprogress,75.6,0.0,0.0,0.0,null,null,null,null,null
single_drone_inspection_mapping_021,takeoff,2026-01-12T17:10:33.000Z,complete,drone_1,uav,single_drone_inspection_mapping_021_exec_1,done,74.7,0.0,0.0,3.0,null,null,null,null,null
single_drone_inspection_mapping_021,ascend,2026-01-12T17:10:34.000Z,start,drone_1,uav,single_drone_inspection_mapping_021_exec_2,inprogress,74.7,0.0,0.0,3.0,null,null,null,null,null
single_drone_inspection_mapping_021,ascend,2026-01-12T17:10:55.000Z,null,drone_1,uav,single_drone_inspection_mapping_021_exec_2,inprogress,74.1,0.0,0.0,12.97,null,null,null,null,null
single_drone_inspection_mapping_021,ascend,2026-01-12T17:11:16.000Z,complete,drone_1,uav,single_drone_inspection_mapping_021_exec_2,done,73.5,0.0,0.0,22.93,null,null,null,null,null
single_drone_inspection_mapping_021,navigate,2026-01-12T17:11:17.000Z,start,drone_1,uav,single_drone_inspection_mapping_021_exec_3,inprogress,73.5,0.0,0.0,22.93,null,null,null,null,null
single_drone_inspection_mapping_021,navigate,2026-01-12T17:11:49.000Z,null,drone_1,uav,single_drone_inspection_mapping_021_exec_3,inprogress,72.2,7.44,8.57,22.93,null,null,null,null,null
single_drone_inspection_mapping_021,navigate,2026-01-12T17:12:21.000Z,null,drone_1,uav,single_drone_inspection_mapping_021_exec_3,inprogress,71.0,14.88,17.13,22.93,null,null,null,null,null
single_drone_inspection_mapping_021,navigate,2026-01-12T17:12:53.000Z,null,drone_1,uav,single_drone_inspection_mapping_021_exec_3,inprogress,69.7,22.32,25.7,22.93,null,null,null,null,null
single_drone_inspection_mapping_021,navigate,2026-01-12T17:13:25.000Z,null,drone_1,uav,single_drone_inspection_mapping_021_exec_3,inprogress,68.4,29.76,34.26,22.93,null,null,null,null,null
single_drone_inspection_mapping_021,navigate,2026-01-12T17:13:57.000Z,null,drone_1,uav,single_drone_inspection_mapping_021_exec_3,inprogress,67.1,37.21,42.83,22.93,null,null,null,null,null
single_drone_inspection_mapping_021,navigate,2026-01-12T17:14:32.000Z,complete,drone_1,uav,single_drone_inspection_mapping_021_exec_3,done,65.9,44.65,51.39,22.93,null,null,null,null,null
single_drone_inspection_mapping_021,inspect,2026-01-12T17:14:33.000Z,start,drone_1,uav,single_drone_inspection_mapping_021_exec_4,inprogress,65.9,44.65,51.39,22.93,null,null,null,null,null
single_drone_inspection_mapping_021,inspect,2026-01-12T17:15:03.000Z,null,drone_1,uav,single_drone_inspection_mapping_021_exec_4,inprogress,64.9,44.65,51.39,22.93,null,null,null,null,null
single_drone_inspection_mapping_021,inspect,2026-01-12T17:15:33.000Z,null,drone_1,uav,single_drone_inspection_mapping_021_exec_4,inprogress,63.9,44.65,51.39,22.93,null,null,null,null,null
single_drone_inspection_mapping_021,inspect,2026-01-12T17:16:04.000Z,complete,drone_1,uav,single_drone_inspection_mapping_021_exec_4,done,62.9,44.65,51.39,22.93,null,null,null,null,null
single_drone_inspection_mapping_021,capture_image,2026-01-12T17:16:05.000Z,start,drone_1,uav,single_drone_inspection_mapping_021_exec_5,inprogress,62.9,44.65,51.39,22.93,null,null,null,null,null
single_drone_inspection_mapping_021,capture_image,2026-01-12T17:16:24.000Z,complete,drone_1,uav,single_drone_inspection_mapping_021_exec_5,done,62.6,44.65,51.39,22.93,null,null,null,null,null
single_drone_inspection_mapping_021,hover,2026-01-12T17:16:25.000Z,start,drone_1,uav,single_drone_inspection_mapping_021_exec_6,inprogress,62.6,44.65,51.39,22.93,null,null,null,null,null
single_drone_inspection_mapping_021,hover,2026-01-12T17:16:51.000Z,complete,drone_1,uav,single_drone_inspection_mapping_021_exec_6,done,61.4,44.65,51.39,22.93,null,null,null,null,null
single_drone_inspection_mapping_021,map_area,2026-01-12T17:16:52.000Z,start,drone_1,uav,single_drone_inspection_mapping_021_exec_7,inprogress,61.4,44.65,51.39,22.93,null,null,null,null,null
single_drone_inspection_mapping_021,map_area,2026-01-12T17:17:57.000Z,null,drone_1,uav,single_drone_inspection_mapping_021_exec_7,inprogress,59.2,51.86,54.94,22.93,null,null,null,null,null
single_drone_inspection_mapping_021,map_area,2026-01-12T17:19:02.000Z,null,drone_1,uav,single_drone_inspection_mapping_021_exec_7,inprogress,57.0,59.08,58.49,22.93,null,null,null,null,null
single_drone_inspection_mapping_021,map_area,2026-01-12T17:20:07.000Z,null,drone_1,uav,single_drone_inspection_mapping_021_exec_7,inprogress,54.8,66.3,62.04,22.93,null,null,null,null,null
single_drone_inspection_mapping_021,map_area,2026-01-12T17:21:12.000Z,null,drone_1,uav,single_drone_inspection_mapping_021_exec_7,inprogress,52.6,73.52,65.58,22.93,null,null,null,null,null
single_drone_inspection_mapping_021,map_area,2026-01-12T17:22:17.000Z,complete,drone_1,uav,single_drone_inspection_mapping_021_exec_7,done,50.4,80.74,69.13,22.93,null,null,null,null,null
single_drone_inspection_mapping_021,navigate,2026-01-12T17:22:18.000Z,start,drone_1,uav,single_drone_inspection_mapping_021_exec_8,inprogress,50.4,80.74,69.13,22.93,null,null,null,null,null
single_drone_inspection_mapping_021,navigate,2026-01-12T17:22:52.000Z,null,drone_1,uav,single_drone_inspection_mapping_021_exec_8,inprogress,49.3,64.59,55.3,22.93,null,null,null,null,null
single_drone_inspection_mapping_021,navigate,2026-01-12T17:23:26.000Z,null,drone_1,uav,single_drone_inspection_mapping_021_exec_8,inprogress,48.2,48.44,41.48,22.93,null,null,null,null,null
single_drone_inspection_mapping_021,navigate,2026-01-12T17:24:00.000Z,null,drone_1,uav,single_drone_inspection_mapping_021_exec_8,inprogress,47.1,32.3,27.65,22.93,null,null,null,null,null
single_drone_inspection_mapping_021,navigate,2026-01-12T17:24:34.000Z,null,drone_1,uav,single_drone_inspection_mapping_021_exec_8,inprogress,46.0,16.15,13.83,22.93,null,null,null,null,null
single_drone_inspection_mapping_021,navigate,2026-01-12T17:25:10.000Z,complete,drone_1,uav,single_drone_inspection_mapping_021_exec_8,done,44.8,0.0,0.0,22.93,null,null,null,null,null
single_drone_inspection_mapping_021,land,2026-01-12T17:25:11.000Z,start,drone_1,uav,single_drone_inspection_mapping_021_exec_9,inprogress,44.8,0.0,0.0,22.93,null,null,null,null,null
single_drone_inspection_mapping_021,land,2026-01-12T17:25:24.000Z,null,drone_1,uav,single_drone_inspection_mapping_021_exec_9,inprogress,44.6,0.0,0.0,11.47,null,null,null,null,null
single_drone_inspection_mapping_021,land,2026-01-12T17:25:38.000Z,complete,drone_1,uav,single_drone_inspection_mapping_021_exec_9,done,44.3,0.0,0.0,0.0,null,null,null,null,null
single_drone_inspection_mapping_022,takeoff,2026-01-12T17:42:00.000Z,start,drone_1,uav,single_drone_inspection_mapping_022_exec_1,inprogress,78.3,0.0,0.0,0.0,null,null,null,null,null
single_drone_inspection_mapping_022,takeoff,2026-01-12T17:42:22.000Z,complete,drone_1,uav,single_drone_inspection_mapping_022_exec_1,done,77.4,0.0,0.0,3.0,null,null,null,null,null
single_drone_inspection_mapping_022,ascend,2026-01-12T17:42:23.000Z,start,drone_1,uav,single_drone_inspection_mapping_022_exec_2,inprogress,77.4,0.0,0.0,3.0,null,null,null,null,null
single_drone_inspection_mapping_022,ascend,2026-01-12T17:42:43.000Z,null,drone_1,uav,single_drone_inspection_mapping_022_exec_2,inprogress,76.9,0.0,0.0,11.55,null,null,null,null,null
single_drone_inspection_mapping_022,ascend,2026-01-12T17:43:04.000Z,complete,drone_1,uav,single_drone_inspection_mapping_022_exec_2,done,76.4,0.0,0.0,20.11,null,null,null,null,null
single_drone_inspection_mapping_022,navigate,2026-01-12T17:43:05.000Z,start,drone_1,uav,single_drone_inspection_mapping_022_exec_3,inprogress,76.4,0.0,0.0,20.11,null,null,null,null,null
single_drone_inspection_mapping_022,navigate,2026-01-12T17:43:54.000Z,null,drone_1,uav,single_drone_inspection_mapping_022_exec_3,inprogress,74.7,11.32,11.28,20.11,null,null,null,null,null
single_drone_inspection_mapping_022,navigate,2026-01-12T17:44:43.000Z,null,drone_1,uav,single_drone_inspection_mapping_022_exec_3,inprogress,72.9,22.65,22.56,20.11,null,null,null,null,null
single_drone_inspection_mapping_022,navigate,2026-01-12T17:45:32.000Z,null,drone_1,uav,single_drone_inspection_mapping_022_exec_3,inprogress,71.2,33.97,33.83,20.11,null,null,null,null,null
single_drone_inspection_mapping_022,navigate,2026-01-12T17:46:24.000Z,complete,drone_1,uav,single_drone_inspection_mapping_022_exec_3,done,69.4,45.3,45.11,20.11,null,null,null,null,null
single_drone_inspection_mapping_022,inspect,2026-01-12T17:46:25.000Z,start,drone_1,uav,single_drone_inspection_mapping_022_exec_4,inprogress,69.4,45.3,45.11,20.11,null,null,null,null,null
single_drone_inspection_mapping_022,inspect,2026-01-12T17:47:04.000Z,null,drone_1,uav,single_drone_inspection_mapping_022_exec_4,inprogress,68.4,45.3,45.11,20.11,null,null,null,null,null
single_drone_inspection_mapping_022,inspect,2026-01-12T17:47:43.000Z,null,drone_1,uav,single_drone_inspection_mapping_022_exec_4,inprogress,67.5,45.3,45.11,20.11,null,null,null,null,null
single_drone_inspection_mapping_022,inspect,2026-01-12T17:48:22.000Z,complete,drone_1,uav,single_drone_inspection_mapping_022_exec_4,done,66.5,45.3,45.11,20.11,null,null,null,null,null
single_drone_inspection_mapping_022,capture_image,2026-01-12T17:48:23.000Z,start,drone_1,uav,single_drone_inspection_mapping_022_exec_5,inprogress,66.5,45.3,45.11,20.11,null,null,null,null,null
single_drone_inspection_mapping_022,capture_image,2026-01-12T17:48:43.000Z,complete,drone_1,uav,single_drone_inspection_mapping_022_exec_5,done,66.1,45.3,45.11,20.11,null,null,null,null,null
single_drone_inspection_mapping_022,hover,2026-01-12T17:48:44.000Z,start,drone_1,uav,single_drone_inspection_mapping_022_exec_6,inprogress,66.1,45.3,45.11,20.11,null,null,null,null,null
single_drone_inspection_mapping_022,hover,2026-01-12T17:49:08.000Z,null,drone_1,uav,single_drone_inspection_mapping_022_exec_6,inprogress,65.5,45.3,45.11,20.11,null,null,null,null,null
single_drone_inspection_mapping_022,hover,2026-01-12T17:49:33.000Z,complete,drone_1,uav,single_drone_inspection_mapping_022_exec_6,done,65.0,45.3,45.11,20.11,null,null,null,null,null
single_drone_inspection_mapping_022,map_area,2026-01-12T17:49:34.000Z,start,drone_1,uav,single_drone_inspection_mapping_022_exec_7,inprogress,65.0,45.3,45.11,20.11,null,null,null,null,null
single_drone_inspection_mapping_022,map_area,2026-01-12T17:50:18.000Z,null,drone_1,uav,single_drone_inspection_mapping_022_exec_7,inprogress,64.1,49.69,41.42,20.11,null,null,null,null,null
single_drone_inspection_mapping_022,map_area,2026-01-12T17:51:02.000Z,null,drone_1,uav,single_drone_inspection_mapping_022_exec_7,inprogress,63.2,54.08,37.73,20.11,null,null,null,null,null
single_drone_inspection_mapping_022,map_area,2026-01-12T17:51:46.000Z,null,drone_1,uav,single_drone_inspection_mapping_022_exec_7,inprogress,62.3,58.47,34.04,20.11,null,null,null,null,null
single_drone_inspection_mapping_022,map_area,2026-01-12T17:52:30.000Z,null,drone_1,uav,single_drone_inspection_mapping_022_exec_7,inprogress,61.4,62.86,30.35,20.11,null,null,null,null,null
single_drone_inspection_mapping_022,map_area,2026-01-12T17:53:14.000Z,null,drone_1,uav,single_drone_inspection_mapping_022_exec_7,inprogress,60.5,67.25,26.66,20.11,null,null,null,null,null
single_drone_inspection_mapping_022,map_area,2026-01-12T17:53:58.000Z,null,drone_1,uav,single_drone_inspection_mapping_022_exec_7,inprogress,59.7,71.64,22.97,20.11,null,null,null,null,null
single_drone_inspection_mapping_022,map_area,2026-01-12T17:54:42.000Z,null,drone_1,uav,single_drone_inspection_mapping_022_exec_7,inprogress,58.8,76.03,19.28,20.11,null,null,null,null,null
single_drone_inspection_mapping_022,map_area,2026-01-12T17:55:30.000Z,complete,drone_1,uav,single_drone_inspection_mapping_022_exec_7,done,57.9,80.42,15.59,20.11,null,null,null,null,null
single_drone_inspection_mapping_022,navigate,2026-01-12T17:55:31.000Z,start,drone_1,uav,single_drone_inspection_mapping_022_exec_8,inprogress,57.9,80.42,15.59,20.11,null,null,null,null,null
single_drone_inspection_mapping_022,navigate,2026-01-12T17:56:19.000Z,null,drone_1,uav,single_drone_inspection_mapping_022_exec_8,inprogress,56.9,60.31,11.69,20.11,null,null,null,null,null
single_drone_inspection_mapping_022,navigate,2026-01-12T17:57:07.000Z,null,drone_1,uav,single_drone_inspection_mapping_022_exec_8,inprogress,56.0,40.21,7.79,20.11,null,null,null,null,null
single_drone_inspection_mapping_022,navigate,2026-01-12T17:57:55.000Z,null,drone_1,uav,single_drone_inspection_mapping_022_exec_8,inprogress,55.0,20.1,3.9,20.11,null,null,null,null,null
single_drone_inspection_mapping_022,navigate,2026-01-12T17:58:45.000Z,complete,drone_1,uav,single_drone_inspection_mapping_022_exec_8,done,54.1,0.0,0.0,20.11,null,null,null,null,null
single_drone_inspection_mapping_022,land,2026-01-12T17:58:46.000Z,start,drone_1,uav,single_drone_inspection_mapping_022_exec_9,inprogress,54.1,0.0,0.0,20.11,null,null,null,null,null
single_drone_inspection_mapping_022,land,2026-01-12T17:59:00.000Z,null,drone_1,uav,single_drone_inspection_mapping_022_exec_9,inprogress,53.7,0.0,0.0,10.05,null,null,null,null,null
single_drone_inspection_mapping_022,land,2026-01-12T17:59:15.000Z,complete,drone_1,uav,single_drone_inspection_mapping_022_exec_9,done,53.4,0.0,0.0,0.0,null,null,null,null,null
single_drone_inspection_mapping_023,takeoff,2026-01-12T18:14:00.000Z,start,drone_1,uav,single_drone_inspection_mapping_023_exec_1,inprogress,86.5,0.0,0.0,0.0,null,null,null,null,null
single_drone_inspection_mapping_023,takeoff,2026-01-12T18:14:33.000Z,complete,drone_1,uav,single_drone_inspection_mapping_023_exec_1,done,85.5,0.0,0.0,3.0,null,null,null,null,null
single_drone_inspection_mapping_023,ascend,2026-01-12T18:14:34.000Z,start,drone_1,uav,single_drone_inspection_mapping_023_exec_2,inprogress,85.5,0.0,0.0,3.0,null,null,null,null,null
single_drone_inspection_mapping_023,ascend,2026-01-12T18:14:56.000Z,null,drone_1,uav,single_drone_inspection_mapping_023_exec_2,inprogress,84.8,0.0,0.0,11.23,null,null,null,null,null
single_drone_inspection_mapping_023,ascend,2026-01-12T18:15:19.000Z,complete,drone_1,uav,single_drone_inspection_mapping_023_exec_2,done,84.1,0.0,0.0,19.47,null,null,null,null,null
single_drone_inspection_mapping_023,navigate,2026-01-12T18:15:20.000Z,start,drone_1,uav,single_drone_inspection_mapping_023_exec_3,inprogress,84.1,0.0,0.0,19.47,null,null,null,null,null
single_drone_inspection_mapping_023,navigate,2026-01-12T18:16:34.000Z,null,drone_1,uav,single_drone_inspection_mapping_023_exec_3,inprogress,82.7,5.48,6.0,19.47,null,null,null,null,null
single_drone_inspection_mapping_023,navigate,2026-01-12T18:17:48.000Z,null,drone_1,uav,single_drone_inspection_mapping_023_exec_3,inprogress,81.3,10.97,11.99,19.47,null,null,null,null,null
single_drone_inspection_mapping_023,navigate,2026-01-12T18:19:02.000Z,null,drone_1,uav,single_drone_inspection_mapping_023_exec_3,inprogress,79.9,16.45,17.99,19.47,null,null,null,null,null
single_drone_inspection_mapping_023,navigate,2026-01-12T18:20:17.000Z,complete,drone_1,uav,single_drone_inspection_mapping_023_exec_3,done,78.5,21.94,23.98,19.47,null,null,null,null,null
single_drone_inspection_mapping_023,inspect,2026-01-12T18:20:18.000Z,start,drone_1,uav,single_drone_inspection_mapping_023_exec_4,inprogress,78.5,21.94,23.98,19.47,null,null,null,null,null
single_drone_inspection_mapping_023,inspect,2026-01-12T18:21:00.000Z,null,drone_1,uav,single_drone_inspection_mapping_023_exec_4,inprogress,78.0,21.94,23.98,19.47,null,null,null,null,null
single_drone_inspection_mapping_023,inspect,2026-01-12T18:21:42.000Z,null,drone_1,uav,single_drone_inspection_mapping_023_exec_4,inprogress,77.5,21.94,23.98,19.47,null,null,null,null,null
single_drone_inspection_mapping_023,inspect,2026-01-12T18:22:24.000Z,complete,drone_1,uav,single_drone_inspection_mapping_023_exec_4,done,77.0,21.94,23.98,19.47,null,null,null,null,null
single_drone_inspection_mapping_023,capture_image,2026-01-12T18:22:25.000Z,start,drone_1,uav,single_drone_inspection_mapping_023_exec_5,inprogress,77.0,21.94,23.98,19.47,null,null,null,null,null
single_drone_inspection_mapping_023,capture_image,2026-01-12T18:22:48.000Z,complete,drone_1,uav,single_drone_inspection_mapping_023_exec_5,done,76.7,21.94,23.98,19.47,null,null,null,null,null
single_drone_inspection_mapping_023,hover,2026-01-12T18:22:49.000Z,start,drone_1,uav,single_drone_inspection_mapping_023_exec_6,inprogress,76.7,21.94,23.98,19.47,null,null,null,null,null
single_drone_inspection_mapping_023,hover,2026-01-12T18:23:04.000Z,null,drone_1,uav,single_drone_inspection_mapping_023_exec_6,inprogress,76.5,21.94,23.98,19.47,null,null,null,null,null
single_drone_inspection_mapping_023,hover,2026-01-12T18:23:19.000Z,complete,drone_1,uav,single_drone_inspection_mapping_023_exec_6,done,76.2,21.94,23.98,19.47,null,null,null,null,null
single_drone_inspection_mapping_023,map_area,2026-01-12T18:23:20.000Z,start,drone_1,uav,single_drone_inspection_mapping_023_exec_7,inprogress,76.2,21.94,23.98,19.47,null,null,null,null,null
single_drone_inspection_mapping_023,map_area,2026-01-12T18:24:04.000Z,null,drone_1,uav,single_drone_inspection_mapping_023_exec_7,inprogress,75.3,27.23,27.56,19.47,null,null,null,null,null
single_drone_inspection_mapping_023,map_area,2026-01-12T18:24:48.000Z,null,drone_1,uav,single_drone_inspection_mapping_023_exec_7,inprogress,74.3,32.51,31.13,19.47,null,null,null,null,null
single_drone_inspection_mapping_023,map_area,2026-01-12T18:25:32.000Z,null,drone_1,uav,single_drone_inspection_mapping_023_exec_7,inprogress,73.4,37.8,34.7,19.47,null,null,null,null,null
single_drone_inspection_mapping_023,map_area,2026-01-12T18:26:16.000Z,null,drone_1,uav,single_drone_inspection_mapping_023_exec_7,inprogress,72.5,43.09,38.28,19.47,null,null,null,null,null
single_drone_inspection_mapping_023,map_area,2026-01-12T18:27:00.000Z,null,drone_1,uav,single_drone_inspection_mapping_023_exec_7,inprogress,71.6,48.38,41.85,19.47,null,null,null,null,null
single_drone_inspection_mapping_023,map_area,2026-01-12T18:27:44.000Z,null,drone_1,uav,single_drone_inspection_mapping_023_exec_7,inprogress,70.7,53.67,45.43,19.47,null,null,null,null,null
single_drone_inspection_mapping_023,map_area,2026-01-12T18:28:32.000Z,complete,drone_1,uav,single_drone_inspection_mapping_023_exec_7,done,69.8,58.96,49.0,19.47,null,null,null,null,null
single_drone_inspection_mapping_023,navigate,2026-01-12T18:28:33.000Z,start,drone_1,uav,single_drone_inspection_mapping_023_exec_8,inprogress,69.8,58.96,49.0,19.47,null,null,null,null,null
single_drone_inspection_mapping_023,navigate,2026-01-12T18:29:33.000Z,null,drone_1,uav,single_drone_inspection_mapping_023_exec_8,inprogress,68.4,39.3,32.67,19.47,null,null,null,null,null
single_drone_inspection_mapping_023,navigate,2026-01-12T18:30:33.000Z,null,drone_1,uav,single_drone_inspection_mapping_023_exec_8,inprogress,67.0,19.65,16.33,19.47,null,null,null,null,null
single_drone_inspection_mapping_023,navigate,2026-01-12T18:31:35.000Z,complete,drone_1,uav,single_drone_inspection_mapping_023_exec_8,done,65.6,0.0,0.0,19.47,null,null,null,null,null
single_drone_inspection_mapping_023,land,2026-01-12T18:31:36.000Z,start,drone_1,uav,single_drone_inspection_mapping_023_exec_9,inprogress,65.6,0.0,0.0,19.47,null,null,null,null,null
single_drone_inspection_mapping_023,land,2026-01-12T18:31:50.000Z,null,drone_1,uav,single_drone_inspection_mapping_023_exec_9,inprogress,65.1,0.0,0.0,9.73,null,null,null,null,null
single_drone_inspection_mapping_023,land,2026-01-12T18:32:05.000Z,complete,drone_1,uav,single_drone_inspection_mapping_023_exec_9,done,64.7,0.0,0.0,0.0,null,null,null,null,null
single_drone_inspection_mapping_024,takeoff,2026-01-12T18:46:00.000Z,start,drone_1,uav,single_drone_inspection_mapping_024_exec_1,inprogress,92.2,0.0,0.0,0.0,null,null,null,null,null
single_drone_inspection_mapping_024,takeoff,2026-01-12T18:46:28.000Z,complete,drone_1,uav,single_drone_inspection_mapping_024_exec_1,done,91.3,0.0,0.0,3.0,null,null,null,null,null
single_drone_inspection_mapping_024,ascend,2026-01-12T18:46:29.000Z,start,drone_1,uav,single_drone_inspection_mapping_024_exec_2,inprogress,91.3,0.0,0.0,3.0,null,null,null,null,null
single_drone_inspection_mapping_024,ascend,2026-01-12T18:46:50.000Z,null,drone_1,uav,single_drone_inspection_mapping_024_exec_2,inprogress,90.8,0.0,0.0,9.62,null,null,null,null,null
single_drone_inspection_mapping_024,ascend,2026-01-12T18:47:11.000Z,complete,drone_1,uav,single_drone_inspection_mapping_024_exec_2,done,90.3,0.0,0.0,16.24,null,null,null,null,null
single_drone_inspection_mapping_024,navigate,2026-01-12T18:47:12.000Z,start,drone_1,uav,single_drone_inspection_mapping_024_exec_3,inprogress,90.3,0.0,0.0,16.24,null,null,null,null,null
single_drone_inspection_mapping_024,navigate,2026-01-12T18:48:25.000Z,null,drone_1,uav,single_drone_inspection_mapping_024_exec_3,inprogress,89.0,5.78,10.94,16.24,null,null,null,null,null
single_drone_inspection_mapping_024,navigate,2026-01-12T18:49:38.000Z,null,drone_1,uav,single_drone_inspection_mapping_024_exec_3,inprogress,87.8,11.56,21.87,16.24,null,null,null,null,null
single_drone_inspection_mapping_024,navigate,2026-01-12T18:50:51.000Z,null,drone_1,uav,single_drone_inspection_mapping_024_exec_3,inprogress,86.5,17.34,32.81,16.24,null,null,null,null,null
single_drone_inspection_mapping_024,navigate,2026-01-12T18:52:05.000Z,complete,drone_1,uav,single_drone_inspection_mapping_024_exec_3,done,85.3,23.12,43.75,16.24,null,null,null,null,null
single_drone_inspection_mapping_024,inspect,2026-01-12T18:52:06.000Z,start,drone_1,uav,single_drone_inspection_mapping_024_exec_4,inprogress,85.3,23.12,43.75,16.24,null,null,null,null,null
single_drone_inspection_mapping_024,inspect,2026-01-12T18:52:34.000Z,null,drone_1,uav,single_drone_inspection_mapping_024_exec_4,inprogress,84.4,23.12,43.75,16.24,null,null,null,null,null
single_drone_inspection_mapping_024,inspect,2026-01-12T18:53:02.000Z,null,drone_1,uav,single_drone_inspection_mapping_024_exec_4,inprogress,83.6,23.12,43.75,16.24,null,null,null,null,null
single_drone_inspection_mapping_024,inspect,2026-01-12T18:53:31.000Z,complete,drone_1,uav,single_drone_inspection_mapping_024_exec_4,done,82.7,23.12,43.75,16.24,null,null,null,null,null
single_drone_inspection_mapping_024,capture_image,2026-01-12T18:53:32.000Z,start,drone_1,uav,single_drone_inspection_mapping_024_exec_5,inprogress,82.7,23.12,43.75,16.24,null,null,null,null,null
single_drone_inspection_mapping_024,capture_image,2026-01-12T18:53:57.000Z,complete,drone_1,uav,single_drone_inspection_mapping_024_exec_5,done,82.5,23.12,43.75,16.24,null,null,null,null,null
single_drone_inspection_mapping_024,hover,2026-01-12T18:53:58.000Z,start,drone_1,uav,single_drone_inspection_mapping_024_exec_6,inprogress,82.5,23.12,43.75,16.24,null,null,null,null,null
single_drone_inspection_mapping_024,hover,2026-01-12T18:54:18.000Z,null,drone_1,uav,single_drone_inspection_mapping_024_exec_6,inprogress,81.9,23.12,43.75,16.24,null,null,null,null,null
single_drone_inspection_mapping_024,hover,2026-01-12T18:54:38.000Z,complete,drone_1,uav,single_drone_inspection_mapping_024_exec_6,done,81.4,23.12,43.75,16.24,null,null,null,null,null
single_drone_inspection_mapping_024,map_area,2026-01-12T18:54:39.000Z,start,drone_1,uav,single_drone_inspection_mapping_024_exec_7,inprogress,81.4,23.12,43.75,16.24,null,null,null,null,null
single_drone_inspection_mapping_024,map_area,2026-01-12T18:55:10.000Z,null,drone_1,uav,single_drone_inspection_mapping_024_exec_7,inprogress,80.1,29.84,40.3,16.24,null,null,null,null,null
single_drone_inspection_mapping_024,map_area,2026-01-12T18:55:41.000Z,null,drone_1,uav,single_drone_inspection_mapping_024_exec_7,inprogress,78.9,36.57,36.85,16.24,null,null,null,null,null
single_drone_inspection_mapping_024,map_area,2026-01-12T18:56:12.000Z,null,drone_1,uav,single_drone_inspection_mapping_024_exec_7,inprogress,77.7,43.29,33.4,16.24,null,null,null,null,null
single_drone_inspection_mapping_024,map_area,2026-01-12T18:56:43.000Z,null,drone_1,uav,single_drone_inspection_mapping_024_exec_7,inprogress,76.4,50.02,29.95,16.24,null,null,null,null,null
single_drone_inspection_mapping_024,map_area,2026-01-12T18:57:14.000Z,null,drone_1,uav,single_drone_inspection_mapping_024_exec_7,inprogress,75.2,56.75,26.5,16.24,null,null,null,null,null
single_drone_inspection_mapping_024,map_area,2026-01-12T18:57:45.000Z,null,drone_1,uav,single_drone_inspection_mapping_024_exec_7,inprogress,74.0,63.47,23.05,16.24,null,null,null,null,null
single_drone_inspection_mapping_024,map_area,2026-01-12T18:58:16.000Z,null,drone_1,uav,single_drone_inspection_mapping_024_exec_7,inprogress,72.7,70.2,19.6,16.24,null,null,null,null,null
single_drone_inspection_mapping_024,map_area,2026-01-12T18:58:54.000Z,complete,drone_1,uav,single_drone_inspection_mapping_024_exec_7,done,71.5,76.92,16.15,16.24,null,null,null,null,null
single_drone_inspection_mapping_024,navigate,2026-01-12T18:58:55.000Z,start,drone_1,uav,single_drone_inspection_mapping_024_exec_8,inprogress,71.5,76.92,16.15,16.24,null,null,null,null,null
single_drone_inspection_mapping_024,navigate,2026-01-12T18:59:29.000Z,null,drone_1,uav,single_drone_inspection_mapping_024_exec_8,inprogress,70.3,61.54,12.92,16.24,null,null,null,null,null
single_drone_inspection_mapping_024,navigate,2026-01-12T19:00:03.000Z,null,drone_1,uav,single_drone_inspection_mapping_024_exec_8,inprogress,69.1,46.15,9.69,16.24,null,null,null,null,null
single_drone_inspection_mapping_024,navigate,2026-01-12T19:00:37.000Z,null,drone_1,uav,single_drone_inspection_mapping_024_exec_8,inprogress,67.9,30.77,6.46,16.24,null,null,null,null,null
single_drone_inspection_mapping_024,navigate,2026-01-12T19:01:11.000Z,null,drone_1,uav,single_drone_inspection_mapping_024_exec_8,inprogress,66.7,15.38,3.23,16.24,null,null,null,null,null
single_drone_inspection_mapping_024,navigate,2026-01-12T19:01:49.000Z,complete,drone_1,uav,single_drone_inspection_mapping_024_exec_8,done,65.5,0.0,0.0,16.24,null,null,null,null,null
single_drone_inspection_mapping_024,land,2026-01-12T19:01:50.000Z,start,drone_1,uav,single_drone_inspection_mapping_024_exec_9,inprogress,65.5,0.0,0.0,16.24,null,null,null,null,null
single_drone_inspection_mapping_024,land,2026-01-12T19:02:02.000Z,null,drone_1,uav,single_drone_inspection_mapping_024_exec_9,inprogress,65.3,0.0,0.0,8.12,null,null,null,null,null
single_drone_inspection_mapping_024,land,2026-01-12T19:02:14.000Z,complete,drone_1,uav,single_drone_inspection_mapping_024_exec_9,done,65.0,0.0,0.0,0.0,null,null,null,null,null
single_drone_inspection_mapping_025,takeoff,2026-01-12T19:18:00.000Z,start,drone_1,uav,single_drone_inspection_mapping_025_exec_1,inprogress,86.0,0.0,0.0,0.0,null,null,null,null,null
single_drone_inspection_mapping_025,takeoff,2026-01-12T19:18:34.000Z,complete,drone_1,uav,single_drone_inspection_mapping_025_exec_1,done,85.1,0.0,0.0,3.0,null,null,null,null,null
single_drone_inspection_mapping_025,ascend,2026-01-12T19:18:35.000Z,start,drone_1,uav,single_drone_inspection_mapping_025_exec_2,inprogress,85.1,0.0,0.0,3.0,null,null,null,null,null
single_drone_inspection_mapping_025,ascend,2026-01-12T19:18:52.000Z,null,drone_1,uav,single_drone_inspection_mapping_025_exec_2,inprogress,84.7,0.0,0.0,11.28,null,null,null,null,null
single_drone_inspection_mapping_025,ascend,2026-01-12T19:19:09.000Z,complete,drone_1,uav,single_drone_inspection_mapping_025_exec_2,done,84.2,0.0,0.0,19.57,null,null,null,null,null
single_drone_inspection_mapping_025,navigate,2026-01-12T19:19:10.000Z,start,drone_1,uav,single_drone_inspection_mapping_025_exec_3,inprogress,84.2,0.0,0.0,19.57,null,null,null,null,null
single_drone_inspection_mapping_025,navigate,2026-01-12T19:20:08.000Z,null,drone_1,uav,single_drone_inspection_mapping_025_exec_3,inprogress,83.1,9.99,11.36,19.57,null,null,null,null,null
single_drone_inspection_mapping_025,navigate,2026-01-12T19:21:06.000Z,null,drone_1,uav,single_drone_inspection_mapping_025_exec_3,inprogress,82.0,19.97,22.72,19.57,null,null,null,null,null
single_drone_inspection_mapping_025,navigate,2026-01-12T19:22:04.000Z,null,drone_1,uav,single_drone_inspection_mapping_025_exec_3,inprogress,80.9,29.96,34.08,19.57,null,null,null,null,null
single_drone_inspection_mapping_025,navigate,2026-01-12T19:23:02.000Z,null,drone_1,uav,single_drone_inspection_mapping_025_exec_3,inprogress,79.8,39.94,45.44,19.57,null,null,null,null,null
single_drone_inspection_mapping_025,navigate,2026-01-12T19:24:03.000Z,complete,drone_1,uav,single_drone_inspection_mapping_025_exec_3,done,78.7,49.93,56.8,19.57,null,null,null,null,null
single_drone_inspection_mapping_025,inspect,2026-01-12T19:25:12.000Z,start,drone_1,uav,single_drone_inspection_mapping_025_exec_4,inprogress,78.7,49.93,56.8,19.57,null,null,null,null,null
single_drone_inspection_mapping_025,inspect,2026-01-12T19:25:40.000Z,null,drone_1,uav,single_drone_inspection_mapping_025_exec_4,inprogress,78.1,49.93,56.8,19.57,null,null,null,null,null
single_drone_inspection_mapping_025,inspect,2026-01-12T19:26:08.000Z,null,drone_1,uav,single_drone_inspection_mapping_025_exec_4,inprogress,77.4,49.93,56.8,19.57,null,null,null,null,null
single_drone_inspection_mapping_025,inspect,2026-01-12T19:26:37.000Z,complete,drone_1,uav,single_drone_inspection_mapping_025_exec_4,done,76.7,49.93,56.8,19.57,null,null,null,null,null
single_drone_inspection_mapping_025,capture_image,2026-01-12T19:26:38.000Z,start,drone_1,uav,single_drone_inspection_mapping_025_exec_5,inprogress,76.7,49.93,56.8,19.57,null,null,null,null,null
single_drone_inspection_mapping_025,capture_image,2026-01-12T19:27:01.000Z,complete,drone_1,uav,single_drone_inspection_mapping_025_exec_5,done,76.4,49.93,56.8,19.57,null,null,null,null,null
single_drone_inspection_mapping_025,inspect,2026-01-12T19:27:02.000Z,start,drone_1,uav,single_drone_inspection_mapping_025_exec_6,inprogress,76.4,49.93,56.8,19.57,null,null,null,null,null
single_drone_inspection_mapping_025,inspect,2026-01-12T19:27:40.000Z,null,drone_1,uav,single_drone_inspection_mapping_025_exec_6,inprogress,75.6,49.93,56.8,19.57,null,null,null,null,null
single_drone_inspection_mapping_025,inspect,2026-01-12T19:28:19.000Z,complete,drone_1,uav,single_drone_inspection_mapping_025_exec_6,done,74.8,49.93,56.8,19.57,null,null,null,null,null
single_drone_inspection_mapping_025,capture_image,2026-01-12T19:28:20.000Z,start,drone_1,uav,single_drone_inspection_mapping_025_exec_7,inprogress,74.8,49.93,56.8,19.57,null,null,null,null,null
single_drone_inspection_mapping_025,capture_image,2026-01-12T19:28:39.000Z,complete,drone_1,uav,single_drone_inspection_mapping_025_exec_7,done,74.3,49.93,56.8,19.57,null,null,null,null,null
single_drone_inspection_mapping_025,hover,2026-01-12T19:28:40.000Z,start,drone_1,uav,single_drone_inspection_mapping_025_exec_8,inprogress,74.3,49.93,56.8,19.57,null,null,null,null,null
single_drone_inspection_mapping_025,hover,2026-01-12T19:29:19.000Z,complete,drone_1,uav,single_drone_inspection_mapping_025_exec_8,done,73.5,49.93,56.8,19.57,null,null,null,null,null
single_drone_inspection_mapping_025,map_area,2026-01-12T19:29:20.000Z,start,drone_1,uav,single_drone_inspection_mapping_025_exec_9,inprogress,73.5,49.93,56.8,19.57,null,null,null,null,null
single_drone_inspection_mapping_025,map_area,2026-01-12T19:30:18.000Z,null,drone_1,uav,single_drone_inspection_mapping_025_exec_9,inprogress,71.8,54.23,57.48,19.57,null,null,null,null,null
single_drone_inspection_mapping_025,map_area,2026-01-12T19:31:16.000Z,null,drone_1,uav,single_drone_inspection_mapping_025_exec_9,inprogress,70.2,58.53,58.16,19.57,null,null,null,null,null
single_drone_inspection_mapping_025,map_area,2026-01-12T19:32:14.000Z,null,drone_1,uav,single_drone_inspection_mapping_025_exec_9,inprogress,68.6,62.82,58.83,19.57,null,null,null,null,null
single_drone_inspection_mapping_025,map_area,2026-01-12T19:33:12.000Z,null,drone_1,uav,single_drone_inspection_mapping_025_exec_9,inprogress,67.0,67.12,59.51,19.57,null,null,null,null,null
single_drone_inspection_mapping_025,map_area,2026-01-12T19:34:10.000Z,null,drone_1,uav,single_drone_inspection_mapping_025_exec_9,inprogress,65.3,71.42,60.19,19.57,null,null,null,null,null
single_drone_inspection_mapping_025,map_area,2026-01-12T19:35:10.000Z,complete,drone_1,uav,single_drone_inspection_mapping_025_exec_9,done,63.7,75.71,60.87,19.57,null,null,null,null,null
single_drone_inspection_mapping_025,navigate,2026-01-12T19:35:11.000Z,start,drone_1,uav,single_drone_inspection_mapping_025_exec_10,inprogress,63.7,75.71,60.87,19.57,null,null,null,null,null
single_drone_inspection_mapping_025,navigate,2026-01-12T19:36:02.000Z,null,drone_1,uav,single_drone_inspection_mapping_025_exec_10,inprogress,62.2,50.48,40.58,19.57,null,null,null,null,null
single_drone_inspection_mapping_025,navigate,2026-01-12T19:36:53.000Z,null,drone_1,uav,single_drone_inspection_mapping_025_exec_10,inprogress,60.7,25.24,20.29,19.57,null,null,null,null,null
single_drone_inspection_mapping_025,navigate,2026-01-12T19:37:44.000Z,complete,drone_1,uav,single_drone_inspection_mapping_025_exec_10,done,59.2,0.0,0.0,19.57,null,null,null,null,null
single_drone_inspection_mapping_025,land,2026-01-12T19:37:45.000Z,start,drone_1,uav,single_drone_inspection_mapping_025_exec_11,inprogress,59.2,0.0,0.0,19.57,null,null,null,null,null
single_drone_inspection_mapping_025,land,2026-01-12T19:37:56.000Z,null,drone_1,uav,single_drone_inspection_mapping_025_exec_11,inprogress,58.9,0.0,0.0,9.78,null,null,null,null,null
single_drone_inspection_mapping_025,land,2026-01-12T19:38:08.000Z,complete,drone_1,uav,single_drone_inspection_mapping_025_exec_11,done,58.6,0.0,0.0,0.0,null,null,null,null,null
single_drone_inspection_mapping_026,takeoff,2026-01-12T19:50:00.000Z,start,drone_1,uav,single_drone_inspection_mapping_026_exec_1,inprogress,88.4,0.0,0.0,0.0,null,null,null,null,null
single_drone_inspection_mapping_026,takeoff,2026-01-12T19:50:17.000Z,complete,drone_1,uav,single_drone_inspection_mapping_026_exec_1,done,87.6,0.0,0.0,3.0,null,null,null,null,null
single_drone_inspection_mapping_026,ascend,2026-01-12T19:50:18.000Z,start,drone_1,uav,single_drone_inspection_mapping_026_exec_2,inprogress,87.6,0.0,0.0,3.0,null,null,null,null,null
single_drone_inspection_mapping_026,ascend,2026-01-12T19:50:28.000Z,null,drone_1,uav,single_drone_inspection_mapping_026_exec_2,inprogress,86.8,0.0,0.0,15.41,null,null,null,null,null
single_drone_inspection_mapping_026,ascend,2026-01-12T19:50:38.000Z,complete,drone_1,uav,single_drone_inspection_mapping_026_exec_2,done,86.1,0.0,0.0,27.83,null,null,null,null,null
single_drone_inspection_mapping_026,navigate,2026-01-12T19:50:39.000Z,start,drone_1,uav,single_drone_inspection_mapping_026_exec_3,inprogress,86.1,0.0,0.0,27.83,null,null,null,null,null
single_drone_inspection_mapping_026,navigate,2026-01-12T19:51:33.000Z,null,drone_1,uav,single_drone_inspection_mapping_026_exec_3,inprogress,84.3,5.06,10.89,27.83,null,null,null,null,null
single_drone_inspection_mapping_026,navigate,2026-01-12T19:52:27.000Z,null,drone_1,uav,single_drone_inspection_mapping_026_exec_3,inprogress,82.5,10.11,21.77,27.83,null,null,null,null,null
single_drone_inspection_mapping_026,navigate,2026-01-12T19:53:21.000Z,null,drone_1,uav,single_drone_inspection_mapping_026_exec_3,inprogress,80.8,15.17,32.66,27.83,null,null,null,null,null
single_drone_inspection_mapping_026,navigate,2026-01-12T19:54:15.000Z,null,drone_1,uav,single_drone_inspection_mapping_026_exec_3,inprogress,79.0,20.22,43.55,27.83,null,null,null,null,null
single_drone_inspection_mapping_026,navigate,2026-01-12T19:55:12.000Z,complete,drone_1,uav,single_drone_inspection_mapping_026_exec_3,done,77.2,25.28,54.43,27.83,null,null,null,null,null
single_drone_inspection_mapping_026,inspect,2026-01-12T19:55:13.000Z,start,drone_1,uav,single_drone_inspection_mapping_026_exec_4,inprogress,77.2,25.28,54.43,27.83,null,null,null,null,null
single_drone_inspection_mapping_026,inspect,2026-01-12T19:55:52.000Z,null,drone_1,uav,single_drone_inspection_mapping_026_exec_4,inprogress,76.1,25.28,54.43,27.83,null,null,null,null,null
single_drone_inspection_mapping_026,inspect,2026-01-12T19:56:32.000Z,complete,drone_1,uav,single_drone_inspection_mapping_026_exec_4,done,74.9,25.28,54.43,27.83,null,null,null,null,null
single_drone_inspection_mapping_026,capture_image,2026-01-12T19:56:33.000Z,start,drone_1,uav,single_drone_inspection_mapping_026_exec_5,inprogress,74.9,25.28,54.43,27.83,null,null,null,null,null
single_drone_inspection_mapping_026,capture_image,2026-01-12T19:56:43.000Z,complete,drone_1,uav,single_drone_inspection_mapping_026_exec_5,done,74.6,25.28,54.43,27.83,null,null,null,null,null
single_drone_inspection_mapping_026,inspect,2026-01-12T19:56:44.000Z,start,drone_1,uav,single_drone_inspection_mapping_026_exec_6,inprogress,74.6,25.28,54.43,27.83,null,null,null,null,null
single_drone_inspection_mapping_026,inspect,2026-01-12T19:57:05.000Z,null,drone_1,uav,single_drone_inspection_mapping_026_exec_6,inprogress,73.9,25.28,54.43,27.83,null,null,null,null,null
single_drone_inspection_mapping_026,inspect,2026-01-12T19:57:26.000Z,null,drone_1,uav,single_drone_inspection_mapping_026_exec_6,inprogress,73.3,25.28,54.43,27.83,null,null,null,null,null
single_drone_inspection_mapping_026,inspect,2026-01-12T19:57:47.000Z,complete,drone_1,uav,single_drone_inspection_mapping_026_exec_6,done,72.6,25.28,54.43,27.83,null,null,null,null,null
single_drone_inspection_mapping_026,capture_image,2026-01-12T19:57:48.000Z,start,drone_1,uav,single_drone_inspection_mapping_026_exec_7,inprogress,72.6,25.28,54.43,27.83,null,null,null,null,null
single_drone_inspection_mapping_026,capture_image,2026-01-12T19:58:11.000Z,complete,drone_1,uav,single_drone_inspection_mapping_026_exec_7,done,72.3,25.28,54.43,27.83,null,null,null,null,null
single_drone_inspection_mapping_026,hover,2026-01-12T19:58:12.000Z,start,drone_1,uav,single_drone_inspection_mapping_026_exec_8,inprogress,72.3,25.28,54.43,27.83,null,null,null,null,null
single_drone_inspection_mapping_026,hover,2026-01-12T19:59:06.000Z,complete,drone_1,uav,single_drone_inspection_mapping_026_exec_8,done,71.6,25.28,54.43,27.83,null,null,null,null,null
single_drone_inspection_mapping_026,map_area,2026-01-12T19:59:07.000Z,start,drone_1,uav,single_drone_inspection_mapping_026_exec_9,inprogress,71.6,25.28,54.43,27.83,null,null,null,null,null
single_drone_inspection_mapping_026,map_area,2026-01-12T20:00:06.000Z,null,drone_1,uav,single_drone_inspection_mapping_026_exec_9,inprogress,69.9,33.64,53.23,27.83,null,null,null,null,null
single_drone_inspection_mapping_026,map_area,2026-01-12T20:01:05.000Z,null,drone_1,uav,single_drone_inspection_mapping_026_exec_9,inprogress,68.2,41.99,52.03,27.83,null,null,null,null,null
single_drone_inspection_mapping_026,map_area,2026-01-12T20:02:04.000Z,null,drone_1,uav,single_drone_inspection_mapping_026_exec_9,inprogress,66.4,50.35,50.83,27.83,null,null,null,null,null
single_drone_inspection_mapping_026,map_area,2026-01-12T20:03:03.000Z,null,drone_1,uav,single_drone_inspection_mapping_026_exec_9,inprogress,64.7,58.71,49.63,27.83,null,null,null,null,null
single_drone_inspection_mapping_026,map_area,2026-01-12T20:04:06.000Z,complete,drone_1,uav,single_drone_inspection_mapping_026_exec_9,done,63.0,67.07,48.43,27.83,null,null,null,null,null
single_drone_inspection_mapping_026,navigate,2026-01-12T20:04:07.000Z,start,drone_1,uav,single_drone_inspection_mapping_026_exec_10,inprogress,63.0,67.07,48.43,27.83,null,null,null,null,null
single_drone_inspection_mapping_026,navigate,2026-01-12T20:04:42.000Z,null,drone_1,uav,single_drone_inspection_mapping_026_exec_10,inprogress,62.2,53.65,38.75,27.83,null,null,null,null,null
single_drone_inspection_mapping_026,navigate,2026-01-12T20:05:17.000Z,null,drone_1,uav,single_drone_inspection_mapping_026_exec_10,inprogress,61.4,40.24,29.06,27.83,null,null,null,null,null
single_drone_inspection_mapping_026,navigate,2026-01-12T20:05:52.000Z,null,drone_1,uav,single_drone_inspection_mapping_026_exec_10,inprogress,60.6,26.83,19.37,27.83,null,null,null,null,null
single_drone_inspection_mapping_026,navigate,2026-01-12T20:06:27.000Z,null,drone_1,uav,single_drone_inspection_mapping_026_exec_10,inprogress,59.8,13.41,9.69,27.83,null,null,null,null,null
single_drone_inspection_mapping_026,navigate,2026-01-12T20:07:06.000Z,complete,drone_1,uav,single_drone_inspection_mapping_026_exec_10,done,59.0,0.0,0.0,27.83,null,null,null,null,null
single_drone_inspection_mapping_026,land,2026-01-12T20:07:07.000Z,start,drone_1,uav,single_drone_inspection_mapping_026_exec_11,inprogress,59.0,0.0,0.0,27.83,null,null,null,null,null
single_drone_inspection_mapping_026,land,2026-01-12T20:07:26.000Z,null,drone_1,uav,single_drone_inspection_mapping_026_exec_11,inprogress,58.6,0.0,0.0,13.91,null,null,null,null,null
single_drone_inspection_mapping_026,land,2026-01-12T20:07:45.000Z,complete,drone_1,uav,single_drone_inspection_mapping_026_exec_11,done,58.2,0.0,0.0,0.0,null,null,null,null,null
single_drone_inspection_mapping_027,takeoff,2026-01-12T20:22:00.000Z,start,drone_1,uav,single_drone_inspection_mapping_027_exec_1,inprogress,94.7,0.0,0.0,0.0,null,null,null,null,null
single_drone_inspection_mapping_027,takeoff,2026-01-12T20:22:35.000Z,complete,drone_1,uav,single_drone_inspection_mapping_027_exec_1,done,94.2,0.0,0.0,3.0,null,null,null,null,null
single_drone_inspection_mapping_027,ascend,2026-01-12T20:22:36.000Z,start,drone_1,uav,single_drone_inspection_mapping_027_exec_2,inprogress,94.2,0.0,0.0,3.0,null,null,null,null,null
single_drone_inspection_mapping_027,ascend,2026-01-12T20:22:57.000Z,null,drone_1,uav,single_drone_inspection_mapping_027_exec_2,inprogress,93.4,0.0,0.0,11.84,null,null,null,null,null
single_drone_inspection_mapping_027,ascend,2026-01-12T20:23:18.000Z,complete,drone_1,uav,single_drone_inspection_mapping_027_exec_2,done,92.6,0.0,0.0,20.69,null,null,null,null,null
single_drone_inspection_mapping_027,navigate,2026-01-12T20:23:19.000Z,start,drone_1,uav,single_drone_inspection_mapping_027_exec_3,inprogress,92.6,0.0,0.0,20.69,null,null,null,null,null
single_drone_inspection_mapping_027,navigate,2026-01-12T20:23:48.000Z,null,drone_1,uav,single_drone_inspection_mapping_027_exec_3,inprogress,91.5,4.22,4.25,20.69,null,null,null,null,null
single_drone_inspection_mapping_027,navigate,2026-01-12T20:24:17.000Z,null,drone_1,uav,single_drone_inspection_mapping_027_exec_3,inprogress,90.3,8.44,8.51,20.69,null,null,null,null,null
single_drone_inspection_mapping_027,navigate,2026-01-12T20:24:46.000Z,null,drone_1,uav,single_drone_inspection_mapping_027_exec_3,inprogress,89.1,12.66,12.76,20.69,null,null,null,null,null
single_drone_inspection_mapping_027,navigate,2026-01-12T20:25:15.000Z,null,drone_1,uav,single_drone_inspection_mapping_027_exec_3,inprogress,88.0,16.88,17.02,20.69,null,null,null,null,null
single_drone_inspection_mapping_027,navigate,2026-01-12T20:25:44.000Z,null,drone_1,uav,single_drone_inspection_mapping_027_exec_3,inprogress,86.8,21.1,21.27,20.69,null,null,null,null,null
single_drone_inspection_mapping_027,navigate,2026-01-12T20:26:13.000Z,null,drone_1,uav,single_drone_inspection_mapping_027_exec_3,inprogress,85.7,25.32,25.53,20.69,null,null,null,null,null
single_drone_inspection_mapping_027,navigate,2026-01-12T20:26:48.000Z,complete,drone_1,uav,single_drone_inspection_mapping_027_exec_3,done,84.5,29.55,29.78,20.69,null,null,null,null,null
single_drone_inspection_mapping_027,inspect,2026-01-12T20:27:51.000Z,start,drone_1,uav,single_drone_inspection_mapping_027_exec_4,inprogress,84.5,29.55,29.78,20.69,null,null,null,null,null
single_drone_inspection_mapping_027,inspect,2026-01-12T20:28:37.000Z,null,drone_1,uav,single_drone_inspection_mapping_027_exec_4,inprogress,83.8,29.55,29.78,20.69,null,null,null,null,null
single_drone_inspection_mapping_027,inspect,2026-01-12T20:29:23.000Z,complete,drone_1,uav,single_drone_inspection_mapping_027_exec_4,done,83.0,29.55,29.78,20.69,null,null,null,null,null
single_drone_inspection_mapping_027,capture_image,2026-01-12T20:29:24.000Z,start,drone_1,uav,single_drone_inspection_mapping_027_exec_5,inprogress,83.0,29.55,29.78,20.69,null,null,null,null,null
single_drone_inspection_mapping_027,capture_image,2026-01-12T20:29:38.000Z,complete,drone_1,uav,single_drone_inspection_mapping_027_exec_5,done,82.5,29.55,29.78,20.69,null,null,null,null,null
single_drone_inspection_mapping_027,inspect,2026-01-12T20:29:39.000Z,start,drone_1,uav,single_drone_inspection_mapping_027_exec_6,inprogress,82.5,29.55,29.78,20.69,null,null,null,null,null
single_drone_inspection_mapping_027,inspect,2026-01-12T20:30:19.000Z,null,drone_1,uav,single_drone_inspection_mapping_027_exec_6,inprogress,81.9,29.55,29.78,20.69,null,null,null,null,null
single_drone_inspection_mapping_027,inspect,2026-01-12T20:30:59.000Z,null,drone_1,uav,single_drone_inspection_mapping_027_exec_6,inprogress,81.3,29.55,29.78,20.69,null,null,null,null,null
single_drone_inspection_mapping_027,inspect,2026-01-12T20:31:39.000Z,complete,drone_1,uav,single_drone_inspection_mapping_027_exec_6,done,80.6,29.55,29.78,20.69,null,null,null,null,null
single_drone_inspection_mapping_027,capture_image,2026-01-12T20:31:40.000Z,start,drone_1,uav,single_drone_inspection_mapping_027_exec_7,inprogress,80.6,29.55,29.78,20.69,null,null,null,null,null
single_drone_inspection_mapping_027,capture_image,2026-01-12T20:31:58.000Z,complete,drone_1,uav,single_drone_inspection_mapping_027_exec_7,done,80.3,29.55,29.78,20.69,null,null,null,null,null
single_drone_inspection_mapping_027,hover,2026-01-12T20:31:59.000Z,start,drone_1,uav,single_drone_inspection_mapping_027_exec_8,inprogress,80.3,29.55,29.78,20.69,null,null,null,null,null
single_drone_inspection_mapping_027,hover,2026-01-12T20:32:36.000Z,complete,drone_1,uav,single_drone_inspection_mapping_027_exec_8,done,79.3,29.55,29.78,20.69,null,null,null,null,null
single_drone_inspection_mapping_027,map_area,2026-01-12T20:32:37.000Z,start,drone_1,uav,single_drone_inspection_mapping_027_exec_9,inprogress,79.3,29.55,29.78,20.69,null,null,null,null,null
single_drone_inspection_mapping_027,map_area,2026-01-12T20:33:09.000Z,null,drone_1,uav,single_drone_inspection_mapping_027_exec_9,inprogress,77.9,33.73,33.65,20.69,null,null,null,null,null
single_drone_inspection_mapping_027,map_area,2026-01-12T20:33:41.000Z,null,drone_1,uav,single_drone_inspection_mapping_027_exec_9,inprogress,76.4,37.91,37.52,20.69,null,null,null,null,null
single_drone_inspection_mapping_027,map_area,2026-01-12T20:34:13.000Z,null,drone_1,uav,single_drone_inspection_mapping_027_exec_9,inprogress,75.0,42.09,41.39,20.69,null,null,null,null,null
single_drone_inspection_mapping_027,map_area,2026-01-12T20:34:45.000Z,null,drone_1,uav,single_drone_inspection_mapping_027_exec_9,inprogress,73.6,46.27,45.26,20.69,null,null,null,null,null
single_drone_inspection_mapping_027,map_area,2026-01-12T20:35:17.000Z,null,drone_1,uav,single_drone_inspection_mapping_027_exec_9,inprogress,72.1,50.45,49.13,20.69,null,null,null,null,null
single_drone_inspection_mapping_027,map_area,2026-01-12T20:35:49.000Z,null,drone_1,uav,single_drone_inspection_mapping_027_exec_9,inprogress,70.7,54.63,53.0,20.69,null,null,null,null,null
single_drone_inspection_mapping_027,map_area,2026-01-12T20:36:24.000Z,complete,drone_1,uav,single_drone_inspection_mapping_027_exec_9,done,69.3,58.81,56.87,20.69,null,null,null,null,null
single_drone_inspection_mapping_027,navigate,2026-01-12T20:36:25.000Z,start,drone_1,uav,single_drone_inspection_mapping_027_exec_10,inprogress,69.3,58.81,56.87,20.69,null,null,null,null,null
single_drone_inspection_mapping_027,navigate,2026-01-12T20:37:04.000Z,null,drone_1,uav,single_drone_inspection_mapping_027_exec_10,inprogress,68.0,44.11,42.65,20.69,null,null,null,null,null
single_drone_inspection_mapping_027,navigate,2026-01-12T20:37:43.000Z,null,drone_1,uav,single_drone_inspection_mapping_027_exec_10,inprogress,66.7,29.4,28.43,20.69,null,null,null,null,null
single_drone_inspection_mapping_027,navigate,2026-01-12T20:38:22.000Z,null,drone_1,uav,single_drone_inspection_mapping_027_exec_10,inprogress,65.4,14.7,14.22,20.69,null,null,null,null,null
single_drone_inspection_mapping_027,navigate,2026-01-12T20:39:01.000Z,complete,drone_1,uav,single_drone_inspection_mapping_027_exec_10,done,64.1,0.0,0.0,20.69,null,null,null,null,null
single_drone_inspection_mapping_027,land,2026-01-12T20:39:02.000Z,start,drone_1,uav,single_drone_inspection_mapping_027_exec_11,inprogress,64.1,0.0,0.0,20.69,null,null,null,null,null
single_drone_inspection_mapping_027,land,2026-01-12T20:39:21.000Z,null,drone_1,uav,single_drone_inspection_mapping_027_exec_11,inprogress,63.7,0.0,0.0,10.34,null,null,null,null,null
single_drone_inspection_mapping_027,land,2026-01-12T20:39:40.000Z,complete,drone_1,uav,single_drone_inspection_mapping_027_exec_11,done,63.3,0.0,0.0,0.0,null,null,null,null,null
single_drone_inspection_mapping_028,takeoff,2026-01-12T20:54:00.000Z,start,drone_1,uav,single_drone_inspection_mapping_028_exec_1,inprogress,83.9,0.0,0.0,0.0,null,null,null,null,null
single_drone_inspection_mapping_028,takeoff,2026-01-12T20:54:31.000Z,complete,drone_1,uav,single_drone_inspection_mapping_028_exec_1,done,83.2,0.0,0.0,3.0,null,null,null,null,null
single_drone_inspection_mapping_028,ascend,2026-01-12T20:54:32.000Z,start,drone_1,uav,single_drone_inspection_mapping_028_exec_2,inprogress,83.2,0.0,0.0,3.0,null,null,null,null,null
single_drone_inspection_mapping_028,ascend,2026-01-12T20:54:49.000Z,null,drone_1,uav,single_drone_inspection_mapping_028_exec_2,inprogress,82.7,0.0,0.0,14.59,null,null,null,null,null
single_drone_inspection_mapping_028,ascend,2026-01-12T20:55:07.000Z,complete,drone_1,uav,single_drone_inspection_mapping_028_exec_2,done,82.2,0.0,0.0,26.17,null,null,null,null,null
single_drone_inspection_mapping_028,navigate,2026-01-12T20:55:08.000Z,start,drone_1,uav,single_drone_inspection_mapping_028_exec_3,inprogress,82.2,0.0,0.0,26.17,null,null,null,null,null
single_drone_inspection_mapping_028,navigate,2026-01-12T20:56:36.000Z,null,drone_1,uav,single_drone_inspection_mapping_028_exec_3,inprogress,80.7,6.57,12.73,26.17,null,null,null,null,null
single_drone_inspection_mapping_028,navigate,2026-01-12T20:58:04.000Z,null,drone_1,uav,single_drone_inspection_mapping_028_exec_3,inprogress,79.2,13.15,25.47,26.17,null,null,null,null,null
single_drone_inspection_mapping_028,navigate,2026-01-12T20:59:32.000Z,null,drone_1,uav,single_drone_inspection_mapping_028_exec_3,inprogress,77.6,19.72,38.2,26.17,null,null,null,null,null
single_drone_inspection_mapping_028,navigate,2026-01-12T21:01:00.000Z,complete,drone_1,uav,single_drone_inspection_mapping_028_exec_3,done,76.1,26.29,50.93,26.17,null,null,null,null,null
single_drone_inspection_mapping_028,inspect,2026-01-12T21:01:01.000Z,start,drone_1,uav,single_drone_inspection_mapping_028_exec_4,inprogress,76.1,26.29,50.93,26.17,null,null,null,null,null
single_drone_inspection_mapping_028,inspect,2026-01-12T21:01:38.000Z,null,drone_1,uav,single_drone_inspection_mapping_028_exec_4,inprogress,75.2,26.29,50.93,26.17,null,null,null,null,null
single_drone_inspection_mapping_028,inspect,2026-01-12T21:02:16.000Z,complete,drone_1,uav,single_drone_inspection_mapping_028_exec_4,done,74.2,26.29,50.93,26.17,null,null,null,null,null
single_drone_inspection_mapping_028,capture_image,2026-01-12T21:02:17.000Z,start,drone_1,uav,single_drone_inspection_mapping_028_exec_5,inprogress,74.2,26.29,50.93,26.17,null,null,null,null,null
single_drone_inspection_mapping_028,capture_image,2026-01-12T21:02:42.000Z,complete,drone_1,uav,single_drone_inspection_mapping_028_exec_5,done,73.9,26.29,50.93,26.17,null,null,null,null,null
single_drone_inspection_mapping_028,hover,2026-01-12T21:02:43.000Z,start,drone_1,uav,single_drone_inspection_mapping_028_exec_6,inprogress,73.9,26.29,50.93,26.17,null,null,null,null,null
single_drone_inspection_mapping_028,hover,2026-01-12T21:02:54.000Z,null,drone_1,uav,single_drone_inspection_mapping_028_exec_6,inprogress,73.5,26.29,50.93,26.17,null,null,null,null,null
single_drone_inspection_mapping_028,hover,2026-01-12T21:03:05.000Z,complete,drone_1,uav,single_drone_inspection_mapping_028_exec_6,done,73.2,26.29,50.93,26.17,null,null,null,null,null
single_drone_inspection_mapping_028,map_area,2026-01-12T21:03:06.000Z,start,drone_1,uav,single_drone_inspection_mapping_028_exec_7,inprogress,73.2,26.29,50.93,26.17,null,null,null,null,null
single_drone_inspection_mapping_028,map_area,2026-01-12T21:03:41.000Z,null,drone_1,uav,single_drone_inspection_mapping_028_exec_7,inprogress,71.9,30.55,53.02,26.17,null,null,null,null,null
single_drone_inspection_mapping_028,map_area,2026-01-12T21:04:16.000Z,null,drone_1,uav,single_drone_inspection_mapping_028_exec_7,inprogress,70.6,34.81,55.11,26.17,null,null,null,null,null
single_drone_inspection_mapping_028,map_area,2026-01-12T21:04:51.000Z,null,drone_1,uav,single_drone_inspection_mapping_028_exec_7,inprogress,69.2,39.07,57.19,26.17,null,null,null,null,null
single_drone_inspection_mapping_028,map_area,2026-01-12T21:05:26.000Z,null,drone_1,uav,single_drone_inspection_mapping_028_exec_7,inprogress,67.9,43.33,59.28,26.17,null,null,null,null,null
single_drone_inspection_mapping_028,map_area,2026-01-12T21:06:01.000Z,null,drone_1,uav,single_drone_inspection_mapping_028_exec_7,inprogress,66.6,47.59,61.36,26.17,null,null,null,null,null
single_drone_inspection_mapping_028,map_area,2026-01-12T21:06:36.000Z,null,drone_1,uav,single_drone_inspection_mapping_028_exec_7,inprogress,65.3,51.85,63.45,26.17,null,null,null,null,null
single_drone_inspection_mapping_028,map_area,2026-01-12T21:07:11.000Z,null,drone_1,uav,single_drone_inspection_mapping_028_exec_7,inprogress,64.0,56.11,65.53,26.17,null,null,null,null,null
single_drone_inspection_mapping_028,map_area,2026-01-12T21:07:49.000Z,complete,drone_1,uav,single_drone_inspection_mapping_028_exec_7,done,62.6,60.37,67.62,26.17,null,null,null,null,null
single_drone_inspection_mapping_028,navigate,2026-01-12T21:07:50.000Z,start,drone_1,uav,single_drone_inspection_mapping_028_exec_8,inprogress,62.6,60.37,67.62,26.17,null,null,null,null,null
single_drone_inspection_mapping_028,navigate,2026-01-12T21:08:21.000Z,null,drone_1,uav,single_drone_inspection_mapping_028_exec_8,inprogress,61.8,48.3,54.1,26.17,null,null,null,null,null
single_drone_inspection_mapping_028,navigate,2026-01-12T21:08:52.000Z,null,drone_1,uav,single_drone_inspection_mapping_028_exec_8,inprogress,61.0,36.22,40.57,26.17,null,null,null,null,null
single_drone_inspection_mapping_028,navigate,2026-01-12T21:09:23.000Z,null,drone_1,uav,single_drone_inspection_mapping_028_exec_8,inprogress,60.2,24.15,27.05,26.17,null,null,null,null,null
single_drone_inspection_mapping_028,navigate,2026-01-12T21:09:54.000Z,null,drone_1,uav,single_drone_inspection_mapping_028_exec_8,inprogress,59.3,12.07,13.52,26.17,null,null,null,null,null
single_drone_inspection_mapping_028,navigate,2026-01-12T21:10:29.000Z,complete,drone_1,uav,single_drone_inspection_mapping_028_exec_8,done,58.5,0.0,0.0,26.17,null,null,null,null,null
single_drone_inspection_mapping_028,land,2026-01-12T21:10:30.000Z,start,drone_1,uav,single_drone_inspection_mapping_028_exec_9,inprogress,58.5,0.0,0.0,26.17,null,null,null,null,null
single_drone_inspection_mapping_028,land,2026-01-12T21:10:48.000Z,null,drone_1,uav,single_drone_inspection_mapping_028_exec_9,inprogress,58.1,0.0,0.0,13.09,null,null,null,null,null
single_drone_inspection_mapping_028,land,2026-01-12T21:11:06.000Z,complete,drone_1,uav,single_drone_inspection_mapping_028_exec_9,done,57.7,0.0,0.0,0.0,null,null,null,null,null
single_drone_inspection_mapping_029,takeoff,2026-01-12T21:26:00.000Z,start,drone_1,uav,single_drone_inspection_mapping_029_exec_1,inprogress,69.7,0.0,0.0,0.0,null,null,null,null,null
single_drone_inspection_mapping_029,takeoff,2026-01-12T21:26:22.000Z,complete,drone_1,uav,single_drone_inspection_mapping_029_exec_1,done,68.7,0.0,0.0,3.0,null,null,null,null,null
single_drone_inspection_mapping_029,ascend,2026-01-12T21:26:23.000Z,start,drone_1,uav,single_drone_inspection_mapping_029_exec_2,inprogress,68.7,0.0,0.0,3.0,null,null,null,null,null
single_drone_inspection_mapping_029,ascend,2026-01-12T21:26:33.000Z,null,drone_1,uav,single_drone_inspection_mapping_029_exec_2,inprogress,68.3,0.0,0.0,15.2,null,null,null,null,null
single_drone_inspection_mapping_029,ascend,2026-01-12T21:26:44.000Z,complete,drone_1,uav,single_drone_inspection_mapping_029_exec_2,done,67.8,0.0,0.0,27.4,null,null,null,null,null
single_drone_inspection_mapping_029,navigate,2026-01-12T21:26:45.000Z,start,drone_1,uav,single_drone_inspection_mapping_029_exec_3,inprogress,67.8,0.0,0.0,27.4,null,null,null,null,null
single_drone_inspection_mapping_029,navigate,2026-01-12T21:27:50.000Z,null,drone_1,uav,single_drone_inspection_mapping_029_exec_3,inprogress,65.9,9.65,7.82,27.4,null,null,null,null,null
single_drone_inspection_mapping_029,navigate,2026-01-12T21:28:55.000Z,null,drone_1,uav,single_drone_inspection_mapping_029_exec_3,inprogress,64.0,19.3,15.65,27.4,null,null,null,null,null
single_drone_inspection_mapping_029,navigate,2026-01-12T21:30:00.000Z,null,drone_1,uav,single_drone_inspection_mapping_029_exec_3,inprogress,62.0,28.95,23.47,27.4,null,null,null,null,null
single_drone_inspection_mapping_029,navigate,2026-01-12T21:31:08.000Z,complete,drone_1,uav,single_drone_inspection_mapping_029_exec_3,done,60.1,38.6,31.29,27.4,null,null,null,null,null
single_drone_inspection_mapping_029,inspect,2026-01-12T21:31:41.000Z,start,drone_1,uav,single_drone_inspection_mapping_029_exec_4,inprogress,60.1,38.6,31.29,27.4,null,null,null,null,null
single_drone_inspection_mapping_029,inspect,2026-01-12T21:32:16.000Z,null,drone_1,uav,single_drone_inspection_mapping_029_exec_4,inprogress,59.2,38.6,31.29,27.4,null,null,null,null,null
single_drone_inspection_mapping_029,inspect,2026-01-12T21:32:51.000Z,null,drone_1,uav,single_drone_inspection_mapping_029_exec_4,inprogress,58.3,38.6,31.29,27.4,null,null,null,null,null
single_drone_inspection_mapping_029,inspect,2026-01-12T21:33:28.000Z,complete,drone_1,uav,single_drone_inspection_mapping_029_exec_4,done,57.5,38.6,31.29,27.4,null,null,null,null,null
single_drone_inspection_mapping_029,capture_image,2026-01-12T21:33:29.000Z,start,drone_1,uav,single_drone_inspection_mapping_029_exec_5,inprogress,57.5,38.6,31.29,27.4,null,null,null,null,null
single_drone_inspection_mapping_029,capture_image,2026-01-12T21:33:46.000Z,complete,drone_1,uav,single_drone_inspection_mapping_029_exec_5,done,57.1,38.6,31.29,27.4,null,null,null,null,null
single_drone_inspection_mapping_029,hover,2026-01-12T21:33:47.000Z,start,drone_1,uav,single_drone_inspection_mapping_029_exec_6,inprogress,57.1,38.6,31.29,27.4,null,null,null,null,null
single_drone_inspection_mapping_029,hover,2026-01-12T21:34:19.000Z,complete,drone_1,uav,single_drone_inspection_mapping_029_exec_6,done,56.5,38.6,31.29,27.4,null,null,null,null,null
single_drone_inspection_mapping_029,map_area,2026-01-12T21:34:20.000Z,start,drone_1,uav,single_drone_inspection_mapping_029_exec_7,inprogress,56.5,38.6,31.29,27.4,null,null,null,null,null
single_drone_inspection_mapping_029,map_area,2026-01-12T21:35:24.000Z,null,drone_1,uav,single_drone_inspection_mapping_029_exec_7,inprogress,55.0,44.84,36.31,27.4,null,null,null,null,null
single_drone_inspection_mapping_029,map_area,2026-01-12T21:36:28.000Z,null,drone_1,uav,single_drone_inspection_mapping_029_exec_7,inprogress,53.6,51.08,41.32,27.4,null,null,null,null,null
single_drone_inspection_mapping_029,map_area,2026-01-12T21:37:32.000Z,null,drone_1,uav,single_drone_inspection_mapping_029_exec_7,inprogress,52.2,57.32,46.33,27.4,null,null,null,null,null
single_drone_inspection_mapping_029,map_area,2026-01-12T21:38:36.000Z,null,drone_1,uav,single_drone_inspection_mapping_029_exec_7,inprogress,50.7,63.56,51.34,27.4,null,null,null,null,null
single_drone_inspection_mapping_029,map_area,2026-01-12T21:39:44.000Z,complete,drone_1,uav,single_drone_inspection_mapping_029_exec_7,done,49.3,69.8,56.36,27.4,null,null,null,null,null
single_drone_inspection_mapping_029,navigate,2026-01-12T21:39:45.000Z,start,drone_1,uav,single_drone_inspection_mapping_029_exec_8,inprogress,49.3,69.8,56.36,27.4,null,null,null,null,null
single_drone_inspection_mapping_029,navigate,2026-01-12T21:40:20.000Z,null,drone_1,uav,single_drone_inspection_mapping_029_exec_8,inprogress,48.6,52.35,42.27,27.4,null,null,null,null,null
single_drone_inspection_mapping_029,navigate,2026-01-12T21:40:55.000Z,null,drone_1,uav,single_drone_inspection_mapping_029_exec_8,inprogress,47.8,34.9,28.18,27.4,null,null,null,null,null
single_drone_inspection_mapping_029,navigate,2026-01-12T21:41:30.000Z,null,drone_1,uav,single_drone_inspection_mapping_029_exec_8,inprogress,47.1,17.45,14.09,27.4,null,null,null,null,null
single_drone_inspection_mapping_029,navigate,2026-01-12T21:42:07.000Z,complete,drone_1,uav,single_drone_inspection_mapping_029_exec_8,done,46.3,0.0,0.0,27.4,null,null,null,null,null
single_drone_inspection_mapping_029,land,2026-01-12T21:42:08.000Z,start,drone_1,uav,single_drone_inspection_mapping_029_exec_9,inprogress,46.3,0.0,0.0,27.4,null,null,null,null,null
single_drone_inspection_mapping_029,land,2026-01-12T21:42:28.000Z,null,drone_1,uav,single_drone_inspection_mapping_029_exec_9,inprogress,46.0,0.0,0.0,13.7,null,null,null,null,null
single_drone_inspection_mapping_029,land,2026-01-12T21:42:49.000Z,complete,drone_1,uav,single_drone_inspection_mapping_029_exec_9,done,45.6,0.0,0.0,0.0,null,null,null,null,null
single_drone_inspection_mapping_030,takeoff,2026-01-12T21:58:00.000Z,start,drone_1,uav,single_drone_inspection_mapping_030_exec_1,inprogress,91.6,0.0,0.0,0.0,null,null,null,null,null
single_drone_inspection_mapping_030,takeoff,2026-01-12T21:58:24.000Z,complete,drone_1,uav,single_drone_inspection_mapping_030_exec_1,done,91.1,0.0,0.0,3.0,null,null,null,null,null
single_drone_inspection_mapping_030,ascend,2026-01-12T21:58:25.000Z,start,drone_1,uav,single_drone_inspection_mapping_030_exec_2,inprogress,91.1,0.0,0.0,3.0,null,null,null,null,null
single_drone_inspection_mapping_030,ascend,2026-01-12T21:58:43.000Z,null,drone_1,uav,single_drone_inspection_mapping_030_exec_2,inprogress,90.5,0.0,0.0,15.39,null,null,null,null,null
single_drone_inspection_mapping_030,ascend,2026-01-12T21:59:01.000Z,complete,drone_1,uav,single_drone_inspection_mapping_030_exec_2,done,89.9,0.0,0.0,27.78,null,null,null,null,null
single_drone_inspection_mapping_030,navigate,2026-01-12T21:59:02.000Z,start,drone_1,uav,single_drone_inspection_mapping_030_exec_3,inprogress,89.9,0.0,0.0,27.78,null,null,null,null,null
single_drone_inspection_mapping_030,navigate,2026-01-12T22:00:04.000Z,null,drone_1,uav,single_drone_inspection_mapping_030_exec_3,inprogress,88.6,14.61,14.73,27.78,null,null,null,null,null
single_drone_inspection_mapping_030,navigate,2026-01-12T22:01:06.000Z,null,drone_1,uav,single_drone_inspection_mapping_030_exec_3,inprogress,87.3,29.22,29.45,27.78,null,null,null,null,null
single_drone_inspection_mapping_030,navigate,2026-01-12T22:02:08.000Z,null,drone_1,uav,single_drone_inspection_mapping_030_exec_3,inprogress,86.0,43.84,44.18,27.78,null,null,null,null,null
single_drone_inspection_mapping_030,navigate,2026-01-12T22:03:13.000Z,complete,drone_1,uav,single_drone_inspection_mapping_030_exec_3,done,84.7,58.45,58.9,27.78,null,null,null,null,null
single_drone_inspection_mapping_030,inspect,2026-01-12T22:04:28.000Z,start,drone_1,uav,single_drone_inspection_mapping_030_exec_4,inprogress,84.7,58.45,58.9,27.78,null,null,null,null,null
single_drone_inspection_mapping_030,inspect,2026-01-12T22:05:13.000Z,null,drone_1,uav,single_drone_inspection_mapping_030_exec_4,inprogress,83.9,58.45,58.9,27.78,null,null,null,null,null
single_drone_inspection_mapping_030,inspect,2026-01-12T22:05:58.000Z,null,drone_1,uav,single_drone_inspection_mapping_030_exec_4,inprogress,83.0,58.45,58.9,27.78,null,null,null,null,null
single_drone_inspection_mapping_030,inspect,2026-01-12T22:06:44.000Z,complete,drone_1,uav,single_drone_inspection_mapping_030_exec_4,done,82.1,58.45,58.9,27.78,null,null,null,null,null
single_drone_inspection_mapping_030,capture_image,2026-01-12T22:06:45.000Z,start,drone_1,uav,single_drone_inspection_mapping_030_exec_5,inprogress,82.1,58.45,58.9,27.78,null,null,null,null,null
single_drone_inspection_mapping_030,capture_image,2026-01-12T22:07:06.000Z,complete,drone_1,uav,single_drone_inspection_mapping_030_exec_5,done,81.8,58.45,58.9,27.78,null,null,null,null,null
single_drone_inspection_mapping_030,hover,2026-01-12T22:07:07.000Z,start,drone_1,uav,single_drone_inspection_mapping_030_exec_6,inprogress,81.8,58.45,58.9,27.78,null,null,null,null,null
single_drone_inspection_mapping_030,hover,2026-01-12T22:07:37.000Z,null,drone_1,uav,single_drone_inspection_mapping_030_exec_6,inprogress,81.5,58.45,58.9,27.78,null,null,null,null,null
single_drone_inspection_mapping_030,hover,2026-01-12T22:08:07.000Z,complete,drone_1,uav,single_drone_inspection_mapping_030_exec_6,done,81.2,58.45,58.9,27.78,null,null,null,null,null
single_drone_inspection_mapping_030,map_area,2026-01-12T22:08:08.000Z,start,drone_1,uav,single_drone_inspection_mapping_030_exec_7,inprogress,81.2,58.45,58.9,27.78,null,null,null,null,null
single_drone_inspection_mapping_030,map_area,2026-01-12T22:09:21.000Z,null,drone_1,uav,single_drone_inspection_mapping_030_exec_7,inprogress,79.6,61.24,55.19,27.78,null,null,null,null,null
single_drone_inspection_mapping_030,map_area,2026-01-12T22:10:34.000Z,null,drone_1,uav,single_drone_inspection_mapping_030_exec_7,inprogress,77.9,64.04,51.47,27.78,null,null,null,null,null
single_drone_inspection_mapping_030,map_area,2026-01-12T22:11:47.000Z,null,drone_1,uav,single_drone_inspection_mapping_030_exec_7,inprogress,76.3,66.83,47.76,27.78,null,null,null,null,null
single_drone_inspection_mapping_030,map_area,2026-01-12T22:13:00.000Z,null,drone_1,uav,single_drone_inspection_mapping_030_exec_7,inprogress,74.7,69.63,44.04,27.78,null,null,null,null,null
single_drone_inspection_mapping_030,map_area,2026-01-12T22:14:13.000Z,complete,drone_1,uav,single_drone_inspection_mapping_030_exec_7,done,73.0,72.42,40.33,27.78,null,null,null,null,null
single_drone_inspection_mapping_030,navigate,2026-01-12T22:14:14.000Z,start,drone_1,uav,single_drone_inspection_mapping_030_exec_8,inprogress,73.0,72.42,40.33,27.78,null,null,null,null,null
single_drone_inspection_mapping_030,navigate,2026-01-12T22:15:04.000Z,null,drone_1,uav,single_drone_inspection_mapping_030_exec_8,inprogress,72.1,54.32,30.24,27.78,null,null,null,null,null
single_drone_inspection_mapping_030,navigate,2026-01-12T22:15:54.000Z,null,drone_1,uav,single_drone_inspection_mapping_030_exec_8,inprogress,71.1,36.21,20.16,27.78,null,null,null,null,null
single_drone_inspection_mapping_030,navigate,2026-01-12T22:16:44.000Z,null,drone_1,uav,single_drone_inspection_mapping_030_exec_8,inprogress,70.2,18.11,10.08,27.78,null,null,null,null,null
single_drone_inspection_mapping_030,navigate,2026-01-12T22:17:34.000Z,complete,drone_1,uav,single_drone_inspection_mapping_030_exec_8,done,69.3,0.0,0.0,27.78,null,null,null,null,null
single_drone_inspection_mapping_030,land,2026-01-12T22:17:35.000Z,start,drone_1,uav,single_drone_inspection_mapping_030_exec_9,inprogress,69.3,0.0,0.0,27.78,null,null,null,null,null
single_drone_inspection_mapping_030,land,2026-01-12T22:17:50.000Z,null,drone_1,uav,single_drone_inspection_mapping_030_exec_9,inprogress,68.8,0.0,0.0,13.89,null,null,null,null,null
single_drone_inspection_mapping_030,land,2026-01-12T22:18:05.000Z,complete,drone_1,uav,single_drone_inspection_mapping_030_exec_9,done,68.3,0.0,0.0,0.0,null,null,null,null,null
single_drone_inspection_mapping_031,takeoff,2026-01-12T22:30:00.000Z,start,drone_1,uav,single_drone_inspection_mapping_031_exec_1,inprogress,80.6,0.0,0.0,0.0,null,null,null,null,null
single_drone_inspection_mapping_031,takeoff,2026-01-12T22:30:25.000Z,complete,drone_1,uav,single_drone_inspection_mapping_031_exec_1,done,79.9,0.0,0.0,3.0,null,null,null,null,null
single_drone_inspection_mapping_031,ascend,2026-01-12T22:30:26.000Z,start,drone_1,uav,single_drone_inspection_mapping_031_exec_2,inprogress,79.9,0.0,0.0,3.0,null,null,null,null,null
single_drone_inspection_mapping_031,ascend,2026-01-12T22:30:40.000Z,null,drone_1,uav,single_drone_inspection_mapping_031_exec_2,inprogress,79.1,0.0,0.0,10.52,null,null,null,null,null
single_drone_inspection_mapping_031,ascend,2026-01-12T22:30:54.000Z,complete,drone_1,uav,single_drone_inspection_mapping_031_exec_2,done,78.3,0.0,0.0,18.04,null,null,null,null,null
single_drone_inspection_mapping_031,navigate,2026-01-12T22:30:55.000Z,start,drone_1,uav,single_drone_inspection_mapping_031_exec_3,inprogress,78.3,0.0,0.0,18.04,null,null,null,null,null
single_drone_inspection_mapping_031,navigate,2026-01-12T22:31:36.000Z,null,drone_1,uav,single_drone_inspection_mapping_031_exec_3,inprogress,76.9,5.09,10.16,18.04,null,null,null,null,null
single_drone_inspection_mapping_031,navigate,2026-01-12T22:32:17.000Z,null,drone_1,uav,single_drone_inspection_mapping_031_exec_3,inprogress,75.4,10.18,20.32,18.04,null,null,null,null,null
single_drone_inspection_mapping_031,navigate,2026-01-12T22:32:58.000Z,null,drone_1,uav,single_drone_inspection_mapping_031_exec_3,inprogress,74.0,15.27,30.48,18.04,null,null,null,null,null
single_drone_inspection_mapping_031,navigate,2026-01-12T22:33:39.000Z,null,drone_1,uav,single_drone_inspection_mapping_031_exec_3,inprogress,72.5,20.36,40.64,18.04,null,null,null,null,null
single_drone_inspection_mapping_031,navigate,2026-01-12T22:34:22.000Z,complete,drone_1,uav,single_drone_inspection_mapping_031_exec_3,done,71.1,25.44,50.81,18.04,null,null,null,null,null
single_drone_inspection_mapping_031,inspect,2026-01-12T22:34:23.000Z,start,drone_1,uav,single_drone_inspection_mapping_031_exec_4,inprogress,71.1,25.44,50.81,18.04,null,null,null,null,null
single_drone_inspection_mapping_031,inspect,2026-01-12T22:34:51.000Z,null,drone_1,uav,single_drone_inspection_mapping_031_exec_4,inprogress,70.1,25.44,50.81,18.04,null,null,null,null,null
single_drone_inspection_mapping_031,inspect,2026-01-12T22:35:19.000Z,null,drone_1,uav,single_drone_inspection_mapping_031_exec_4,inprogress,69.1,25.44,50.81,18.04,null,null,null,null,null
single_drone_inspection_mapping_031,inspect,2026-01-12T22:35:48.000Z,complete,drone_1,uav,single_drone_inspection_mapping_031_exec_4,done,68.1,25.44,50.81,18.04,null,null,null,null,null
single_drone_inspection_mapping_031,capture_image,2026-01-12T22:35:49.000Z,start,drone_1,uav,single_drone_inspection_mapping_031_exec_5,inprogress,68.1,25.44,50.81,18.04,null,null,null,null,null
single_drone_inspection_mapping_031,capture_image,2026-01-12T22:36:05.000Z,complete,drone_1,uav,single_drone_inspection_mapping_031_exec_5,done,67.8,25.44,50.81,18.04,null,null,null,null,null
single_drone_inspection_mapping_031,hover,2026-01-12T22:36:06.000Z,start,drone_1,uav,single_drone_inspection_mapping_031_exec_6,inprogress,67.8,25.44,50.81,18.04,null,null,null,null,null
single_drone_inspection_mapping_031,hover,2026-01-12T22:36:45.000Z,complete,drone_1,uav,single_drone_inspection_mapping_031_exec_6,done,67.1,25.44,50.81,18.04,null,null,null,null,null
single_drone_inspection_mapping_031,map_area,2026-01-12T22:36:46.000Z,start,drone_1,uav,single_drone_inspection_mapping_031_exec_7,inprogress,67.1,25.44,50.81,18.04,null,null,null,null,null
single_drone_inspection_mapping_031,map_area,2026-01-12T22:37:36.000Z,null,drone_1,uav,single_drone_inspection_mapping_031_exec_7,inprogress,66.0,34.63,44.91,18.04,null,null,null,null,null
single_drone_inspection_mapping_031,map_area,2026-01-12T22:38:26.000Z,null,drone_1,uav,single_drone_inspection_mapping_031_exec_7,inprogress,65.0,43.82,39.01,18.04,null,null,null,null,null
single_drone_inspection_mapping_031,map_area,2026-01-12T22:39:16.000Z,null,drone_1,uav,single_drone_inspection_mapping_031_exec_7,inprogress,63.9,53.01,33.12,18.04,null,null,null,null,null
single_drone_inspection_mapping_031,map_area,2026-01-12T22:40:06.000Z,null,drone_1,uav,single_drone_inspection_mapping_031_exec_7,inprogress,62.8,62.2,27.22,18.04,null,null,null,null,null
single_drone_inspection_mapping_031,map_area,2026-01-12T22:40:56.000Z,null,drone_1,uav,single_drone_inspection_mapping_031_exec_7,inprogress,61.7,71.39,21.32,18.04,null,null,null,null,null
single_drone_inspection_mapping_031,map_area,2026-01-12T22:41:49.000Z,complete,drone_1,uav,single_drone_inspection_mapping_031_exec_7,done,60.6,80.57,15.43,18.04,null,null,null,null,null
single_drone_inspection_mapping_031,navigate,2026-01-12T22:41:50.000Z,start,drone_1,uav,single_drone_inspection_mapping_031_exec_8,inprogress,60.6,80.57,15.43,18.04,null,null,null,null,null
single_drone_inspection_mapping_031,navigate,2026-01-12T22:42:47.000Z,null,drone_1,uav,single_drone_inspection_mapping_031_exec_8,inprogress,59.5,60.43,11.57,18.04,null,null,null,null,null
single_drone_inspection_mapping_031,navigate,2026-01-12T22:43:44.000Z,null,drone_1,uav,single_drone_inspection_mapping_031_exec_8,inprogress,58.4,40.29,7.71,18.04,null,null,null,null,null
single_drone_inspection_mapping_031,navigate,2026-01-12T22:44:41.000Z,null,drone_1,uav,single_drone_inspection_mapping_031_exec_8,inprogress,57.2,20.14,3.86,18.04,null,null,null,null,null
single_drone_inspection_mapping_031,navigate,2026-01-12T22:45:41.000Z,complete,drone_1,uav,single_drone_inspection_mapping_031_exec_8,done,56.1,0.0,0.0,18.04,null,null,null,null,null
single_drone_inspection_mapping_031,land,2026-01-12T22:45:42.000Z,start,drone_1,uav,single_drone_inspection_mapping_031_exec_9,inprogress,56.1,0.0,0.0,18.04,null,null,null,null,null
single_drone_inspection_mapping_031,land,2026-01-12T22:46:02.000Z,null,drone_1,uav,single_drone_inspection_mapping_031_exec_9,inprogress,55.8,0.0,0.0,9.02,null,null,null,null,null
single_drone_inspection_mapping_031,land,2026-01-12T22:46:23.000Z,complete,drone_1,uav,single_drone_inspection_mapping_031_exec_9,done,55.5,0.0,0.0,0.0,null,null,null,null,null
single_drone_inspection_mapping_032,takeoff,2026-01-12T23:02:00.000Z,start,drone_1,uav,single_drone_inspection_mapping_032_exec_1,inprogress,94.2,0.0,0.0,0.0,null,null,null,null,null
single_drone_inspection_mapping_032,takeoff,2026-01-12T23:02:20.000Z,complete,drone_1,uav,single_drone_inspection_mapping_032_exec_1,done,93.7,0.0,0.0,3.0,null,null,null,null,null
single_drone_inspection_mapping_032,ascend,2026-01-12T23:02:21.000Z,start,drone_1,uav,single_drone_inspection_mapping_032_exec_2,inprogress,93.7,0.0,0.0,3.0,null,null,null,null,null
single_drone_inspection_mapping_032,ascend,2026-01-12T23:02:37.000Z,null,drone_1,uav,single_drone_inspection_mapping_032_exec_2,inprogress,93.1,0.0,0.0,14.55,null,null,null,null,null
single_drone_inspection_mapping_032,ascend,2026-01-12T23:02:53.000Z,complete,drone_1,uav,single_drone_inspection_mapping_032_exec_2,done,92.5,0.0,0.0,26.11,null,null,null,null,null
single_drone_inspection_mapping_032,navigate,2026-01-12T23:02:54.000Z,start,drone_1,uav,single_drone_inspection_mapping_032_exec_3,inprogress,92.5,0.0,0.0,26.11,null,null,null,null,null
single_drone_inspection_mapping_032,navigate,2026-01-12T23:03:47.000Z,null,drone_1,uav,single_drone_inspection_mapping_032_exec_3,inprogress,91.2,10.5,5.95,26.11,null,null,null,null,null
single_drone_inspection_mapping_032,navigate,2026-01-12T23:04:40.000Z,null,drone_1,uav,single_drone_inspection_mapping_032_exec_3,inprogress,89.9,21.0,11.89,26.11,null,null,null,null,null
single_drone_inspection_mapping_032,navigate,2026-01-12T23:05:33.000Z,null,drone_1,uav,single_drone_inspection_mapping_032_exec_3,inprogress,88.7,31.5,17.84,26.11,null,null,null,null,null
single_drone_inspection_mapping_032,navigate,2026-01-12T23:06:29.000Z,complete,drone_1,uav,single_drone_inspection_mapping_032_exec_3,done,87.4,42.0,23.79,26.11,null,null,null,null,null
single_drone_inspection_mapping_032,inspect,2026-01-12T23:06:30.000Z,start,drone_1,uav,single_drone_inspection_mapping_032_exec_4,inprogress,87.4,42.0,23.79,26.11,null,null,null,null,null
single_drone_inspection_mapping_032,inspect,2026-01-12T23:07:19.000Z,null,drone_1,uav,single_drone_inspection_mapping_032_exec_4,inprogress,86.5,42.0,23.79,26.11,null,null,null,null,null
single_drone_inspection_mapping_032,inspect,2026-01-12T23:08:08.000Z,complete,drone_1,uav,single_drone_inspection_mapping_032_exec_4,done,85.6,42.0,23.79,26.11,null,null,null,null,null
single_drone_inspection_mapping_032,capture_image,2026-01-12T23:08:09.000Z,start,drone_1,uav,single_drone_inspection_mapping_032_exec_5,inprogress,85.6,42.0,23.79,26.11,null,null,null,null,null
single_drone_inspection_mapping_032,capture_image,2026-01-12T23:08:31.000Z,complete,drone_1,uav,single_drone_inspection_mapping_032_exec_5,done,85.3,42.0,23.79,26.11,null,null,null,null,null
single_drone_inspection_mapping_032,hover,2026-01-12T23:08:32.000Z,start,drone_1,uav,single_drone_inspection_mapping_032_exec_6,inprogress,85.3,42.0,23.79,26.11,null,null,null,null,null
single_drone_inspection_mapping_032,hover,2026-01-12T23:09:08.000Z,complete,drone_1,uav,single_drone_inspection_mapping_032_exec_6,done,84.8,42.0,23.79,26.11,null,null,null,null,null
single_drone_inspection_mapping_032,map_area,2026-01-12T23:09:09.000Z,start,drone_1,uav,single_drone_inspection_mapping_032_exec_7,inprogress,84.8,42.0,23.79,26.11,null,null,null,null,null
single_drone_inspection_mapping_032,map_area,2026-01-12T23:09:48.000Z,null,drone_1,uav,single_drone_inspection_mapping_032_exec_7,inprogress,83.0,47.39,27.31,26.11,null,null,null,null,null
single_drone_inspection_mapping_032,map_area,2026-01-12T23:10:27.000Z,null,drone_1,uav,single_drone_inspection_mapping_032_exec_7,inprogress,81.3,52.78,30.84,26.11,null,null,null,null,null
single_drone_inspection_mapping_032,map_area,2026-01-12T23:11:06.000Z,null,drone_1,uav,single_drone_inspection_mapping_032_exec_7,inprogress,79.5,58.17,34.36,26.11,null,null,null,null,null
single_drone_inspection_mapping_032,map_area,2026-01-12T23:11:45.000Z,null,drone_1,uav,single_drone_inspection_mapping_032_exec_7,inprogress,77.7,63.56,37.89,26.11,null,null,null,null,null
single_drone_inspection_mapping_032,map_area,2026-01-12T23:12:24.000Z,null,drone_1,uav,single_drone_inspection_mapping_032_exec_7,inprogress,76.0,68.95,41.41,26.11,null,null,null,null,null
single_drone_inspection_mapping_032,map_area,2026-01-12T23:13:05.000Z,complete,drone_1,uav,single_drone_inspection_mapping_032_exec_7,done,74.2,74.34,44.94,26.11,null,null,null,null,null
single_drone_inspection_mapping_032,navigate,2026-01-12T23:13:06.000Z,start,drone_1,uav,single_drone_inspection_mapping_032_exec_8,inprogress,74.2,74.34,44.94,26.11,null,null,null,null,null
single_drone_inspection_mapping_032,navigate,2026-01-12T23:14:03.000Z,null,drone_1,uav,single_drone_inspection_mapping_032_exec_8,inprogress,72.3,49.56,29.96,26.11,null,null,null,null,null
single_drone_inspection_mapping_032,navigate,2026-01-12T23:15:00.000Z,null,drone_1,uav,single_drone_inspection_mapping_032_exec_8,inprogress,70.4,24.78,14.98,26.11,null,null,null,null,null
single_drone_inspection_mapping_032,navigate,2026-01-12T23:15:58.000Z,complete,drone_1,uav,single_drone_inspection_mapping_032_exec_8,done,68.5,0.0,0.0,26.11,null,null,null,null,null
single_drone_inspection_mapping_032,land,2026-01-12T23:15:59.000Z,start,drone_1,uav,single_drone_inspection_mapping_032_exec_9,inprogress,68.5,0.0,0.0,26.11,null,null,null,null,null
single_drone_inspection_mapping_032,land,2026-01-12T23:16:21.000Z,null,drone_1,uav,single_drone_inspection_mapping_032_exec_9,inprogress,68.2,0.0,0.0,13.05,null,null,null,null,null
single_drone_inspection_mapping_032,land,2026-01-12T23:16:44.000Z,complete,drone_1,uav,single_drone_inspection_mapping_032_exec_9,done,67.9,0.0,0.0,0.0,null,null,null,null,null
single_drone_inspection_mapping_033,takeoff,2026-01-12T23:34:00.000Z,start,drone_1,uav,single_drone_inspection_mapping_033_exec_1,inprogress,69.4,0.0,0.0,0.0,null,null,null,null,null
single_drone_inspection_mapping_033,takeoff,2026-01-12T23:34:29.000Z,complete,drone_1,uav,single_drone_inspection_mapping_033_exec_1,done,68.8,0.0,0.0,3.0,null,null,null,null,null
single_drone_inspection_mapping_033,ascend,2026-01-12T23:34:30.000Z,start,drone_1,uav,single_drone_inspection_mapping_033_exec_2,inprogress,68.8,0.0,0.0,3.0,null,null,null,null,null
single_drone_inspection_mapping_033,ascend,2026-01-12T23:34:49.000Z,null,drone_1,uav,single_drone_inspection_mapping_033_exec_2,inprogress,68.1,0.0,0.0,11.82,null,null,null,null,null
single_drone_inspection_mapping_033,ascend,2026-01-12T23:35:08.000Z,complete,drone_1,uav,single_drone_inspection_mapping_033_exec_2,done,67.5,0.0,0.0,20.63,null,null,null,null,null
single_drone_inspection_mapping_033,navigate,2026-01-12T23:35:09.000Z,start,drone_1,uav,single_drone_inspection_mapping_033_exec_3,inprogress,67.5,0.0,0.0,20.63,null,null,null,null,null
single_drone_inspection_mapping_033,navigate,2026-01-12T23:36:03.000Z,null,drone_1,uav,single_drone_inspection_mapping_033_exec_3,inprogress,65.5,7.97,7.06,20.63,null,null,null,null,null
single_drone_inspection_mapping_033,navigate,2026-01-12T23:36:57.000Z,null,drone_1,uav,single_drone_inspection_mapping_033_exec_3,inprogress,63.6,15.94,14.12,20.63,null,null,null,null,null
single_drone_inspection_mapping_033,navigate,2026-01-12T23:37:51.000Z,null,drone_1,uav,single_drone_inspection_mapping_033_exec_3,inprogress,61.7,23.91,21.19,20.63,null,null,null,null,null
single_drone_inspection_mapping_033,navigate,2026-01-12T23:38:45.000Z,null,drone_1,uav,single_drone_inspection_mapping_033_exec_3,inprogress,59.8,31.88,28.25,20.63,null,null,null,null,null
single_drone_inspection_mapping_033,navigate,2026-01-12T23:39:39.000Z,complete,drone_1,uav,single_drone_inspection_mapping_033_exec_3,done,57.9,39.85,35.31,20.63,null,null,null,null,null
single_drone_inspection_mapping_033,inspect,2026-01-12T23:39:40.000Z,start,drone_1,uav,single_drone_inspection_mapping_033_exec_4,inprogress,57.9,39.85,35.31,20.63,null,null,null,null,null
single_drone_inspection_mapping_033,inspect,2026-01-12T23:40:43.000Z,null,drone_1,uav,single_drone_inspection_mapping_033_exec_4,inprogress,57.1,39.85,35.31,20.63,null,null,null,null,null
single_drone_inspection_mapping_033,inspect,2026-01-12T23:41:47.000Z,complete,drone_1,uav,single_drone_inspection_mapping_033_exec_4,done,56.4,39.85,35.31,20.63,null,null,null,null,null
single_drone_inspection_mapping_033,capture_image,2026-01-12T23:41:48.000Z,start,drone_1,uav,single_drone_inspection_mapping_033_exec_5,inprogress,56.4,39.85,35.31,20.63,null,null,null,null,null
single_drone_inspection_mapping_033,capture_image,2026-01-12T23:42:05.000Z,complete,drone_1,uav,single_drone_inspection_mapping_033_exec_5,done,55.9,39.85,35.31,20.63,null,null,null,null,null
single_drone_inspection_mapping_033,hover,2026-01-12T23:42:06.000Z,start,drone_1,uav,single_drone_inspection_mapping_033_exec_6,inprogress,55.9,39.85,35.31,20.63,null,null,null,null,null
single_drone_inspection_mapping_033,hover,2026-01-12T23:42:18.000Z,null,drone_1,uav,single_drone_inspection_mapping_033_exec_6,inprogress,55.5,39.85,35.31,20.63,null,null,null,null,null
single_drone_inspection_mapping_033,hover,2026-01-12T23:42:31.000Z,complete,drone_1,uav,single_drone_inspection_mapping_033_exec_6,done,55.1,39.85,35.31,20.63,null,null,null,null,null
single_drone_inspection_mapping_033,map_area,2026-01-12T23:42:32.000Z,start,drone_1,uav,single_drone_inspection_mapping_033_exec_7,inprogress,55.1,39.85,35.31,20.63,null,null,null,null,null
single_drone_inspection_mapping_033,map_area,2026-01-12T23:43:26.000Z,null,drone_1,uav,single_drone_inspection_mapping_033_exec_7,inprogress,53.6,46.78,35.88,20.63,null,null,null,null,null
single_drone_inspection_mapping_033,map_area,2026-01-12T23:44:20.000Z,null,drone_1,uav,single_drone_inspection_mapping_033_exec_7,inprogress,52.1,53.72,36.45,20.63,null,null,null,null,null
single_drone_inspection_mapping_033,map_area,2026-01-12T23:45:14.000Z,null,drone_1,uav,single_drone_inspection_mapping_033_exec_7,inprogress,50.5,60.66,37.03,20.63,null,null,null,null,null
single_drone_inspection_mapping_033,map_area,2026-01-12T23:46:08.000Z,null,drone_1,uav,single_drone_inspection_mapping_033_exec_7,inprogress,49.0,67.6,37.6,20.63,null,null,null,null,null
single_drone_inspection_mapping_033,map_area,2026-01-12T23:47:02.000Z,null,drone_1,uav,single_drone_inspection_mapping_033_exec_7,inprogress,47.5,74.54,38.17,20.63,null,null,null,null,null
single_drone_inspection_mapping_033,map_area,2026-01-12T23:47:59.000Z,complete,drone_1,uav,single_drone_inspection_mapping_033_exec_7,done,45.9,81.48,38.74,20.63,null,null,null,null,null
single_drone_inspection_mapping_033,navigate,2026-01-12T23:48:00.000Z,start,drone_1,uav,single_drone_inspection_mapping_033_exec_8,inprogress,45.9,81.48,38.74,20.63,null,null,null,null,null
single_drone_inspection_mapping_033,navigate,2026-01-12T23:48:40.000Z,null,drone_1,uav,single_drone_inspection_mapping_033_exec_8,inprogress,44.7,65.19,30.99,20.63,null,null,null,null,null
single_drone_inspection_mapping_033,navigate,2026-01-12T23:49:20.000Z,null,drone_1,uav,single_drone_inspection_mapping_033_exec_8,inprogress,43.5,48.89,23.25,20.63,null,null,null,null,null
single_drone_inspection_mapping_033,navigate,2026-01-12T23:50:00.000Z,null,drone_1,uav,single_drone_inspection_mapping_033_exec_8,inprogress,42.3,32.59,15.5,20.63,null,null,null,null,null
single_drone_inspection_mapping_033,navigate,2026-01-12T23:50:40.000Z,null,drone_1,uav,single_drone_inspection_mapping_033_exec_8,inprogress,41.1,16.3,7.75,20.63,null,null,null,null,null
single_drone_inspection_mapping_033,navigate,2026-01-12T23:51:23.000Z,complete,drone_1,uav,single_drone_inspection_mapping_033_exec_8,done,39.9,0.0,0.0,20.63,null,null,null,null,null
single_drone_inspection_mapping_033,land,2026-01-12T23:51:24.000Z,start,drone_1,uav,single_drone_inspection_mapping_033_exec_9,inprogress,39.9,0.0,0.0,20.63,null,null,null,null,null
single_drone_inspection_mapping_033,land,2026-01-12T23:51:42.000Z,null,drone_1,uav,single_drone_inspection_mapping_033_exec_9,inprogress,39.5,0.0,0.0,10.32,null,null,null,null,null
single_drone_inspection_mapping_033,land,2026-01-12T23:52:01.000Z,complete,drone_1,uav,single_drone_inspection_mapping_033_exec_9,done,39.0,0.0,0.0,0.0,null,null,null,null,null
single_drone_inspection_mapping_034,takeoff,2026-01-13T00:06:00.000Z,start,drone_1,uav,single_drone_inspection_mapping_034_exec_1,inprogress,99.7,0.0,0.0,0.0,null,null,null,null,null
single_drone_inspection_mapping_034,takeoff,2026-01-13T00:06:26.000Z,complete,drone_1,uav,single_drone_inspection_mapping_034_exec_1,done,98.9,0.0,0.0,3.0,null,null,null,null,null
single_drone_inspection_mapping_034,ascend,2026-01-13T00:06:27.000Z,start,drone_1,uav,single_drone_inspection_mapping_034_exec_2,inprogress,98.9,0.0,0.0,3.0,null,null,null,null,null
single_drone_inspection_mapping_034,ascend,2026-01-13T00:06:49.000Z,null,drone_1,uav,single_drone_inspection_mapping_034_exec_2,inprogress,98.1,0.0,0.0,12.15,null,null,null,null,null
single_drone_inspection_mapping_034,ascend,2026-01-13T00:07:12.000Z,complete,drone_1,uav,single_drone_inspection_mapping_034_exec_2,done,97.3,0.0,0.0,21.3,null,null,null,null,null
single_drone_inspection_mapping_034,navigate,2026-01-13T00:07:13.000Z,start,drone_1,uav,single_drone_inspection_mapping_034_exec_3,inprogress,97.3,0.0,0.0,21.3,null,null,null,null,null
single_drone_inspection_mapping_034,navigate,2026-01-13T00:08:05.000Z,null,drone_1,uav,single_drone_inspection_mapping_034_exec_3,inprogress,96.3,8.02,7.11,21.3,null,null,null,null,null
single_drone_inspection_mapping_034,navigate,2026-01-13T00:08:57.000Z,null,drone_1,uav,single_drone_inspection_mapping_034_exec_3,inprogress,95.3,16.04,14.21,21.3,null,null,null,null,null
single_drone_inspection_mapping_034,navigate,2026-01-13T00:09:49.000Z,null,drone_1,uav,single_drone_inspection_mapping_034_exec_3,inprogress,94.3,24.06,21.32,21.3,null,null,null,null,null
single_drone_inspection_mapping_034,navigate,2026-01-13T00:10:41.000Z,null,drone_1,uav,single_drone_inspection_mapping_034_exec_3,inprogress,93.2,32.08,28.43,21.3,null,null,null,null,null
single_drone_inspection_mapping_034,navigate,2026-01-13T00:11:34.000Z,complete,drone_1,uav,single_drone_inspection_mapping_034_exec_3,done,92.2,40.1,35.54,21.3,null,null,null,null,null
single_drone_inspection_mapping_034,inspect,2026-01-13T00:11:35.000Z,start,drone_1,uav,single_drone_inspection_mapping_034_exec_4,inprogress,92.2,40.1,35.54,21.3,null,null,null,null,null
single_drone_inspection_mapping_034,inspect,2026-01-13T00:12:27.000Z,null,drone_1,uav,single_drone_inspection_mapping_034_exec_4,inprogress,90.8,40.1,35.54,21.3,null,null,null,null,null
single_drone_inspection_mapping_034,inspect,2026-01-13T00:13:20.000Z,complete,drone_1,uav,single_drone_inspection_mapping_034_exec_4,done,89.5,40.1,35.54,21.3,null,null,null,null,null
single_drone_inspection_mapping_034,capture_image,2026-01-13T00:13:21.000Z,start,drone_1,uav,single_drone_inspection_mapping_034_exec_5,inprogress,89.5,40.1,35.54,21.3,null,null,null,null,null
single_drone_inspection_mapping_034,capture_image,2026-01-13T00:13:46.000Z,complete,drone_1,uav,single_drone_inspection_mapping_034_exec_5,done,89.1,40.1,35.54,21.3,null,null,null,null,null
single_drone_inspection_mapping_034,hover,2026-01-13T00:13:47.000Z,start,drone_1,uav,single_drone_inspection_mapping_034_exec_6,inprogress,89.1,40.1,35.54,21.3,null,null,null,null,null
single_drone_inspection_mapping_034,hover,2026-01-13T00:14:13.000Z,complete,drone_1,uav,single_drone_inspection_mapping_034_exec_6,done,88.1,40.1,35.54,21.3,null,null,null,null,null
single_drone_inspection_mapping_034,map_area,2026-01-13T00:14:14.000Z,start,drone_1,uav,single_drone_inspection_mapping_034_exec_7,inprogress,88.1,40.1,35.54,21.3,null,null,null,null,null
single_drone_inspection_mapping_034,map_area,2026-01-13T00:15:11.000Z,null,drone_1,uav,single_drone_inspection_mapping_034_exec_7,inprogress,86.1,49.07,42.12,21.3,null,null,null,null,null
single_drone_inspection_mapping_034,map_area,2026-01-13T00:16:08.000Z,null,drone_1,uav,single_drone_inspection_mapping_034_exec_7,inprogress,84.2,58.05,48.7,21.3,null,null,null,null,null
single_drone_inspection_mapping_034,map_area,2026-01-13T00:17:05.000Z,null,drone_1,uav,single_drone_inspection_mapping_034_exec_7,inprogress,82.2,67.03,55.28,21.3,null,null,null,null,null
single_drone_inspection_mapping_034,map_area,2026-01-13T00:18:02.000Z,null,drone_1,uav,single_drone_inspection_mapping_034_exec_7,inprogress,80.3,76.01,61.86,21.3,null,null,null,null,null
single_drone_inspection_mapping_034,map_area,2026-01-13T00:19:02.000Z,complete,drone_1,uav,single_drone_inspection_mapping_034_exec_7,done,78.3,84.99,68.44,21.3,null,null,null,null,null
single_drone_inspection_mapping_034,navigate,2026-01-13T00:19:03.000Z,start,drone_1,uav,single_drone_inspection_mapping_034_exec_8,inprogress,78.3,84.99,68.44,21.3,null,null,null,null,null
single_drone_inspection_mapping_034,navigate,2026-01-13T00:20:02.000Z,null,drone_1,uav,single_drone_inspection_mapping_034_exec_8,inprogress,76.8,63.74,51.33,21.3,null,null,null,null,null
single_drone_inspection_mapping_034,navigate,2026-01-13T00:21:01.000Z,null,drone_1,uav,single_drone_inspection_mapping_034_exec_8,inprogress,75.4,42.49,34.22,21.3,null,null,null,null,null
single_drone_inspection_mapping_034,navigate,2026-01-13T00:22:00.000Z,null,drone_1,uav,single_drone_inspection_mapping_034_exec_8,inprogress,73.9,21.25,17.11,21.3,null,null,null,null,null
single_drone_inspection_mapping_034,navigate,2026-01-13T00:23:02.000Z,complete,drone_1,uav,single_drone_inspection_mapping_034_exec_8,done,72.5,0.0,0.0,21.3,null,null,null,null,null
single_drone_inspection_mapping_034,land,2026-01-13T00:23:03.000Z,start,drone_1,uav,single_drone_inspection_mapping_034_exec_9,inprogress,72.5,0.0,0.0,21.3,null,null,null,null,null
single_drone_inspection_mapping_034,land,2026-01-13T00:23:15.000Z,null,drone_1,uav,single_drone_inspection_mapping_034_exec_9,inprogress,72.2,0.0,0.0,10.65,null,null,null,null,null
single_drone_inspection_mapping_034,land,2026-01-13T00:23:28.000Z,complete,drone_1,uav,single_drone_inspection_mapping_034_exec_9,done,71.9,0.0,0.0,0.0,null,null,null,null,null
single_drone_inspection_mapping_035,takeoff,2026-01-13T00:38:00.000Z,start,drone_1,uav,single_drone_inspection_mapping_035_exec_1,inprogress,87.0,0.0,0.0,0.0,null,null,null,null,null
single_drone_inspection_mapping_035,takeoff,2026-01-13T00:38:26.000Z,complete,drone_1,uav,single_drone_inspection_mapping_035_exec_1,done,85.9,0.0,0.0,3.0,null,null,null,null,null
single_drone_inspection_mapping_035,ascend,2026-01-13T00:38:27.000Z,start,drone_1,uav,single_drone_inspection_mapping_035_exec_2,inprogress,85.9,0.0,0.0,3.0,null,null,null,null,null
single_drone_inspection_mapping_035,ascend,2026-01-13T00:38:37.000Z,null,drone_1,uav,single_drone_inspection_mapping_035_exec_2,inprogress,85.4,0.0,0.0,13.57,null,null,null,null,null
single_drone_inspection_mapping_035,ascend,2026-01-13T00:38:47.000Z,complete,drone_1,uav,single_drone_inspection_mapping_035_exec_2,done,84.8,0.0,0.0,24.14,null,null,null,null,null
single_drone_inspection_mapping_035,navigate,2026-01-13T00:38:48.000Z,start,drone_1,uav,single_drone_inspection_mapping_035_exec_3,inprogress,84.8,0.0,0.0,24.14,null,null,null,null,null
single_drone_inspection_mapping_035,navigate,2026-01-13T00:39:39.000Z,null,drone_1,uav,single_drone_inspection_mapping_035_exec_3,inprogress,83.9,7.12,4.28,24.14,null,null,null,null,null
single_drone_inspection_mapping_035,navigate,2026-01-13T00:40:30.000Z,null,drone_1,uav,single_drone_inspection_mapping_035_exec_3,inprogress,82.9,14.24,8.56,24.14,null,null,null,null,null
single_drone_inspection_mapping_035,navigate,2026-01-13T00:41:21.000Z,null,drone_1,uav,single_drone_inspection_mapping_035_exec_3,inprogress,81.9,21.35,12.84,24.14,null,null,null,null,null
single_drone_inspection_mapping_035,navigate,2026-01-13T00:42:12.000Z,null,drone_1,uav,single_drone_inspection_mapping_035_exec_3,inprogress,80.9,28.47,17.12,24.14,null,null,null,null,null
single_drone_inspection_mapping_035,navigate,2026-01-13T00:43:03.000Z,null,drone_1,uav,single_drone_inspection_mapping_035_exec_3,inprogress,79.9,35.59,21.4,24.14,null,null,null,null,null
single_drone_inspection_mapping_035,navigate,2026-01-13T00:43:54.000Z,complete,drone_1,uav,single_drone_inspection_mapping_035_exec_3,done,79.0,42.71,25.68,24.14,null,null,null,null,null
single_drone_inspection_mapping_035,inspect,2026-01-13T00:44:18.000Z,start,drone_1,uav,single_drone_inspection_mapping_035_exec_4,inprogress,79.0,42.71,25.68,24.14,null,null,null,null,null
single_drone_inspection_mapping_035,inspect,2026-01-13T00:45:07.000Z,null,drone_1,uav,single_drone_inspection_mapping_035_exec_4,inprogress,78.2,42.71,25.68,24.14,null,null,null,null,null
single_drone_inspection_mapping_035,inspect,2026-01-13T00:45:57.000Z,complete,drone_1,uav,single_drone_inspection_mapping_035_exec_4,done,77.4,42.71,25.68,24.14,null,null,null,null,null
single_drone_inspection_mapping_035,capture_image,2026-01-13T00:45:58.000Z,start,drone_1,uav,single_drone_inspection_mapping_035_exec_5,inprogress,77.4,42.71,25.68,24.14,null,null,null,null,null
single_drone_inspection_mapping_035,capture_image,2026-01-13T00:46:23.000Z,complete,drone_1,uav,single_drone_inspection_mapping_035_exec_5,done,77.2,42.71,25.68,24.14,null,null,null,null,null
single_drone_inspection_mapping_035,hover,2026-01-13T00:46:24.000Z,start,drone_1,uav,single_drone_inspection_mapping_035_exec_6,inprogress,77.2,42.71,25.68,24.14,null,null,null,null,null
single_drone_inspection_mapping_035,hover,2026-01-13T00:46:39.000Z,null,drone_1,uav,single_drone_inspection_mapping_035_exec_6,inprogress,77.0,42.71,25.68,24.14,null,null,null,null,null
single_drone_inspection_mapping_035,hover,2026-01-13T00:46:55.000Z,complete,drone_1,uav,single_drone_inspection_mapping_035_exec_6,done,76.7,42.71,25.68,24.14,null,null,null,null,null
single_drone_inspection_mapping_035,map_area,2026-01-13T00:46:56.000Z,start,drone_1,uav,single_drone_inspection_mapping_035_exec_7,inprogress,76.7,42.71,25.68,24.14,null,null,null,null,null
single_drone_inspection_mapping_035,map_area,2026-01-13T00:47:38.000Z,null,drone_1,uav,single_drone_inspection_mapping_035_exec_7,inprogress,75.0,45.76,24.37,24.14,null,null,null,null,null
single_drone_inspection_mapping_035,map_area,2026-01-13T00:48:20.000Z,null,drone_1,uav,single_drone_inspection_mapping_035_exec_7,inprogress,73.4,48.82,23.07,24.14,null,null,null,null,null
single_drone_inspection_mapping_035,map_area,2026-01-13T00:49:02.000Z,null,drone_1,uav,single_drone_inspection_mapping_035_exec_7,inprogress,71.7,51.87,21.76,24.14,null,null,null,null,null
single_drone_inspection_mapping_035,map_area,2026-01-13T00:49:44.000Z,null,drone_1,uav,single_drone_inspection_mapping_035_exec_7,inprogress,70.1,54.93,20.45,24.14,null,null,null,null,null
single_drone_inspection_mapping_035,map_area,2026-01-13T00:50:26.000Z,null,drone_1,uav,single_drone_inspection_mapping_035_exec_7,inprogress,68.5,57.99,19.14,24.14,null,null,null,null,null
single_drone_inspection_mapping_035,map_area,2026-01-13T00:51:13.000Z,complete,drone_1,uav,single_drone_inspection_mapping_035_exec_7,done,66.8,61.04,17.83,24.14,null,null,null,null,null
single_drone_inspection_mapping_035,navigate,2026-01-13T00:51:14.000Z,start,drone_1,uav,single_drone_inspection_mapping_035_exec_8,inprogress,66.8,61.04,17.83,24.14,null,null,null,null,null
single_drone_inspection_mapping_035,navigate,2026-01-13T00:52:31.000Z,null,drone_1,uav,single_drone_inspection_mapping_035_exec_8,inprogress,65.4,40.7,11.89,24.14,null,null,null,null,null
single_drone_inspection_mapping_035,navigate,2026-01-13T00:53:48.000Z,null,drone_1,uav,single_drone_inspection_mapping_035_exec_8,inprogress,64.1,20.35,5.94,24.14,null,null,null,null,null
single_drone_inspection_mapping_035,navigate,2026-01-13T00:55:07.000Z,complete,drone_1,uav,single_drone_inspection_mapping_035_exec_8,done,62.7,0.0,0.0,24.14,null,null,null,null,null
single_drone_inspection_mapping_035,land,2026-01-13T00:55:08.000Z,start,drone_1,uav,single_drone_inspection_mapping_035_exec_9,inprogress,62.7,0.0,0.0,24.14,null,null,null,null,null
single_drone_inspection_mapping_035,land,2026-01-13T00:55:28.000Z,null,drone_1,uav,single_drone_inspection_mapping_035_exec_9,inprogress,62.3,0.0,0.0,12.07,null,null,null,null,null
single_drone_inspection_mapping_035,land,2026-01-13T00:55:49.000Z,complete,drone_1,uav,single_drone_inspection_mapping_035_exec_9,done,62.0,0.0,0.0,0.0,null,null,null,null,null
single_drone_inspection_mapping_036,takeoff,2026-01-13T01:10:00.000Z,start,drone_1,uav,single_drone_inspection_mapping_036_exec_1,inprogress,71.2,0.0,0.0,0.0,null,null,null,null,null
single_drone_inspection_mapping_036,takeoff,2026-01-13T01:10:24.000Z,complete,drone_1,uav,single_drone_inspection_mapping_036_exec_1,done,70.5,0.0,0.0,3.0,null,null,null,null,null
single_drone_inspection_mapping_036,ascend,2026-01-13T01:10:25.000Z,start,drone_1,uav,single_drone_inspection_mapping_036_exec_2,inprogress,70.5,0.0,0.0,3.0,null,null,null,null,null
single_drone_inspection_mapping_036,ascend,2026-01-13T01:10:37.000Z,null,drone_1,uav,single_drone_inspection_mapping_036_exec_2,inprogress,70.0,0.0,0.0,13.76,null,null,null,null,null
single_drone_inspection_mapping_036,ascend,2026-01-13T01:10:50.000Z,complete,drone_1,uav,single_drone_inspection_mapping_036_exec_2,done,69.4,0.0,0.0,24.52,null,null,null,null,null
single_drone_inspection_mapping_036,navigate,2026-01-13T01:10:51.000Z,start,drone_1,uav,single_drone_inspection_mapping_036_exec_3,inprogress,69.4,0.0,0.0,24.52,null,null,null,null,null
single_drone_inspection_mapping_036,navigate,2026-01-13T01:11:44.000Z,null,drone_1,uav,single_drone_inspection_mapping_036_exec_3,inprogress,68.4,7.6,6.58,24.52,null,null,null,null,null
single_drone_inspection_mapping_036,navigate,2026-01-13T01:12:37.000Z,null,drone_1,uav,single_drone_inspection_mapping_036_exec_3,inprogress,67.4,15.19,13.16,24.52,null,null,null,null,null
single_drone_inspection_mapping_036,navigate,2026-01-13T01:13:30.000Z,null,drone_1,uav,single_drone_inspection_mapping_036_exec_3,inprogress,66.3,22.79,19.74,24.52,null,null,null,null,null
single_drone_inspection_mapping_036,navigate,2026-01-13T01:14:23.000Z,null,drone_1,uav,single_drone_inspection_mapping_036_exec_3,inprogress,65.3,30.38,26.33,24.52,null,null,null,null,null
single_drone_inspection_mapping_036,navigate,2026-01-13T01:15:16.000Z,null,drone_1,uav,single_drone_inspection_mapping_036_exec_3,inprogress,64.3,37.98,32.91,24.52,null,null,null,null,null
single_drone_inspection_mapping_036,navigate,2026-01-13T01:16:14.000Z,complete,drone_1,uav,single_drone_inspection_mapping_036_exec_3,done,63.3,45.57,39.49,24.52,null,null,null,null,null
single_drone_inspection_mapping_036,inspect,2026-01-13T01:16:15.000Z,start,drone_1,uav,single_drone_inspection_mapping_036_exec_4,inprogress,63.3,45.57,39.49,24.52,null,null,null,null,null
single_drone_inspection_mapping_036,inspect,2026-01-13T01:16:45.000Z,null,drone_1,uav,single_drone_inspection_mapping_036_exec_4,inprogress,62.6,45.57,39.49,24.52,null,null,null,null,null
single_drone_inspection_mapping_036,inspect,2026-01-13T01:17:15.000Z,null,drone_1,uav,single_drone_inspection_mapping_036_exec_4,inprogress,62.0,45.57,39.49,24.52,null,null,null,null,null
single_drone_inspection_mapping_036,inspect,2026-01-13T01:17:47.000Z,complete,drone_1,uav,single_drone_inspection_mapping_036_exec_4,done,61.3,45.57,39.49,24.52,null,null,null,null,null
single_drone_inspection_mapping_036,capture_image,2026-01-13T01:17:48.000Z,start,drone_1,uav,single_drone_inspection_mapping_036_exec_5,inprogress,61.3,45.57,39.49,24.52,null,null,null,null,null
single_drone_inspection_mapping_036,capture_image,2026-01-13T01:18:07.000Z,complete,drone_1,uav,single_drone_inspection_mapping_036_exec_5,done,61.1,45.57,39.49,24.52,null,null,null,null,null
single_drone_inspection_mapping_036,hover,2026-01-13T01:18:08.000Z,start,drone_1,uav,single_drone_inspection_mapping_036_exec_6,inprogress,61.1,45.57,39.49,24.52,null,null,null,null,null
single_drone_inspection_mapping_036,hover,2026-01-13T01:18:53.000Z,complete,drone_1,uav,single_drone_inspection_mapping_036_exec_6,done,60.4,45.57,39.49,24.52,null,null,null,null,null
single_drone_inspection_mapping_036,map_area,2026-01-13T01:18:54.000Z,start,drone_1,uav,single_drone_inspection_mapping_036_exec_7,inprogress,60.4,45.57,39.49,24.52,null,null,null,null,null
single_drone_inspection_mapping_036,map_area,2026-01-13T01:19:44.000Z,null,drone_1,uav,single_drone_inspection_mapping_036_exec_7,inprogress,58.9,51.89,44.06,24.52,null,null,null,null,null
single_drone_inspection_mapping_036,map_area,2026-01-13T01:20:34.000Z,null,drone_1,uav,single_drone_inspection_mapping_036_exec_7,inprogress,57.4,58.2,48.63,24.52,null,null,null,null,null
single_drone_inspection_mapping_036,map_area,2026-01-13T01:21:24.000Z,null,drone_1,uav,single_drone_inspection_mapping_036_exec_7,inprogress,55.8,64.52,53.2,24.52,null,null,null,null,null
single_drone_inspection_mapping_036,map_area,2026-01-13T01:22:14.000Z,null,drone_1,uav,single_drone_inspection_mapping_036_exec_7,inprogress,54.3,70.83,57.78,24.52,null,null,null,null,null
single_drone_inspection_mapping_036,map_area,2026-01-13T01:23:04.000Z,null,drone_1,uav,single_drone_inspection_mapping_036_exec_7,inprogress,52.8,77.15,62.35,24.52,null,null,null,null,null
single_drone_inspection_mapping_036,map_area,2026-01-13T01:23:55.000Z,complete,drone_1,uav,single_drone_inspection_mapping_036_exec_7,done,51.2,83.46,66.92,24.52,null,null,null,null,null
single_drone_inspection_mapping_036,replan,2026-01-13T01:23:56.000Z,start,drone_1,uav,single_drone_inspection_mapping_036_exec_8,inprogress,51.2,83.46,66.92,24.52,null,null,null,null,null
single_drone_inspection_mapping_036,replan,2026-01-13T01:24:29.000Z,complete,drone_1,uav,single_drone_inspection_mapping_036_exec_8,done,51.0,83.46,66.92,24.52,null,null,null,null,null
single_drone_inspection_mapping_036,navigate,2026-01-13T01:24:30.000Z,start,drone_1,uav,single_drone_inspection_mapping_036_exec_9,inprogress,51.0,83.46,66.92,24.52,null,null,null,null,null
single_drone_inspection_mapping_036,navigate,2026-01-13T01:25:23.000Z,null,drone_1,uav,single_drone_inspection_mapping_036_exec_9,inprogress,49.6,55.64,44.61,24.52,null,null,null,null,null
single_drone_inspection_mapping_036,navigate,2026-01-13T01:26:16.000Z,null,drone_1,uav,single_drone_inspection_mapping_036_exec_9,inprogress,48.3,27.82,22.31,24.52,null,null,null,null,null
single_drone_inspection_mapping_036,navigate,2026-01-13T01:27:09.000Z,complete,drone_1,uav,single_drone_inspection_mapping_036_exec_9,done,46.9,0.0,0.0,24.52,null,null,null,null,null
single_drone_inspection_mapping_036,land,2026-01-13T01:27:10.000Z,start,drone_1,uav,single_drone_inspection_mapping_036_exec_10,inprogress,46.9,0.0,0.0,24.52,null,null,null,null,null
single_drone_inspection_mapping_036,land,2026-01-13T01:27:25.000Z,null,drone_1,uav,single_drone_inspection_mapping_036_exec_10,inprogress,46.6,0.0,0.0,12.26,null,null,null,null,null
single_drone_inspection_mapping_036,land,2026-01-13T01:27:40.000Z,complete,drone_1,uav,single_drone_inspection_mapping_036_exec_10,done,46.3,0.0,0.0,0.0,null,null,null,null,null
single_drone_inspection_mapping_037,takeoff,2026-01-13T01:42:00.000Z,start,drone_1,uav,single_drone_inspection_mapping_037_exec_1,inprogress,96.3,0.0,0.0,0.0,null,null,null,null,null
single_drone_inspection_mapping_037,takeoff,2026-01-13T01:42:17.000Z,complete,drone_1,uav,single_drone_inspection_mapping_037_exec_1,done,95.3,0.0,0.0,3.0,null,null,null,null,null
single_drone_inspection_mapping_037,ascend,2026-01-13T01:42:18.000Z,start,drone_1,uav,single_drone_inspection_mapping_037_exec_2,inprogress,95.3,0.0,0.0,3.0,null,null,null,null,null
single_drone_inspection_mapping_037,ascend,2026-01-13T01:42:38.000Z,null,drone_1,uav,single_drone_inspection_mapping_037_exec_2,inprogress,94.6,0.0,0.0,13.15,null,null,null,null,null
single_drone_inspection_mapping_037,ascend,2026-01-13T01:42:59.000Z,complete,drone_1,uav,single_drone_inspection_mapping_037_exec_2,done,93.8,0.0,0.0,23.31,null,null,null,null,null
single_drone_inspection_mapping_037,navigate,2026-01-13T01:43:00.000Z,start,drone_1,uav,single_drone_inspection_mapping_037_exec_3,inprogress,93.8,0.0,0.0,23.31,null,null,null,null,null
single_drone_inspection_mapping_037,navigate,2026-01-13T01:43:32.000Z,null,drone_1,uav,single_drone_inspection_mapping_037_exec_3,inprogress,92.8,6.31,5.1,23.31,null,null,null,null,null
single_drone_inspection_mapping_037,navigate,2026-01-13T01:44:04.000Z,null,drone_1,uav,single_drone_inspection_mapping_037_exec_3,inprogress,91.7,12.62,10.2,23.31,null,null,null,null,null
single_drone_inspection_mapping_037,navigate,2026-01-13T01:44:36.000Z,null,drone_1,uav,single_drone_inspection_mapping_037_exec_3,inprogress,90.7,18.93,15.3,23.31,null,null,null,null,null
single_drone_inspection_mapping_037,navigate,2026-01-13T01:45:08.000Z,null,drone_1,uav,single_drone_inspection_mapping_037_exec_3,inprogress,89.6,25.24,20.41,23.31,null,null,null,null,null
single_drone_inspection_mapping_037,navigate,2026-01-13T01:45:40.000Z,null,drone_1,uav,single_drone_inspection_mapping_037_exec_3,inprogress,88.6,31.55,25.51,23.31,null,null,null,null,null
single_drone_inspection_mapping_037,navigate,2026-01-13T01:46:17.000Z,complete,drone_1,uav,single_drone_inspection_mapping_037_exec_3,done,87.5,37.87,30.61,23.31,null,null,null,null,null
single_drone_inspection_mapping_037,inspect,2026-01-13T01:46:38.000Z,start,drone_1,uav,single_drone_inspection_mapping_037_exec_4,inprogress,87.5,37.87,30.61,23.31,null,null,null,null,null
single_drone_inspection_mapping_037,inspect,2026-01-13T01:47:03.000Z,null,drone_1,uav,single_drone_inspection_mapping_037_exec_4,inprogress,86.8,37.87,30.61,23.31,null,null,null,null,null
single_drone_inspection_mapping_037,inspect,2026-01-13T01:47:28.000Z,null,drone_1,uav,single_drone_inspection_mapping_037_exec_4,inprogress,86.1,37.87,30.61,23.31,null,null,null,null,null
single_drone_inspection_mapping_037,inspect,2026-01-13T01:47:54.000Z,complete,drone_1,uav,single_drone_inspection_mapping_037_exec_4,done,85.4,37.87,30.61,23.31,null,null,null,null,null
single_drone_inspection_mapping_037,capture_image,2026-01-13T01:47:55.000Z,start,drone_1,uav,single_drone_inspection_mapping_037_exec_5,inprogress,85.4,37.87,30.61,23.31,null,null,null,null,null
single_drone_inspection_mapping_037,capture_image,2026-01-13T01:48:18.000Z,complete,drone_1,uav,single_drone_inspection_mapping_037_exec_5,done,84.8,37.87,30.61,23.31,null,null,null,null,null
single_drone_inspection_mapping_037,hover,2026-01-13T01:48:19.000Z,start,drone_1,uav,single_drone_inspection_mapping_037_exec_6,inprogress,84.8,37.87,30.61,23.31,null,null,null,null,null
single_drone_inspection_mapping_037,hover,2026-01-13T01:48:46.000Z,null,drone_1,uav,single_drone_inspection_mapping_037_exec_6,inprogress,84.5,37.87,30.61,23.31,null,null,null,null,null
single_drone_inspection_mapping_037,hover,2026-01-13T01:49:13.000Z,complete,drone_1,uav,single_drone_inspection_mapping_037_exec_6,done,84.2,37.87,30.61,23.31,null,null,null,null,null
single_drone_inspection_mapping_037,map_area,2026-01-13T01:49:14.000Z,start,drone_1,uav,single_drone_inspection_mapping_037_exec_7,inprogress,84.2,37.87,30.61,23.31,null,null,null,null,null
single_drone_inspection_mapping_037,map_area,2026-01-13T01:50:11.000Z,null,drone_1,uav,single_drone_inspection_mapping_037_exec_7,inprogress,83.1,43.19,30.96,23.31,null,null,null,null,null
single_drone_inspection_mapping_037,map_area,2026-01-13T01:51:08.000Z,null,drone_1,uav,single_drone_inspection_mapping_037_exec_7,inprogress,82.0,48.51,31.31,23.31,null,null,null,null,null
single_drone_inspection_mapping_037,map_area,2026-01-13T01:52:05.000Z,null,drone_1,uav,single_drone_inspection_mapping_037_exec_7,inprogress,80.8,53.83,31.67,23.31,null,null,null,null,null
single_drone_inspection_mapping_037,map_area,2026-01-13T01:53:02.000Z,null,drone_1,uav,single_drone_inspection_mapping_037_exec_7,inprogress,79.7,59.15,32.02,23.31,null,null,null,null,null
single_drone_inspection_mapping_037,map_area,2026-01-13T01:53:59.000Z,null,drone_1,uav,single_drone_inspection_mapping_037_exec_7,inprogress,78.6,64.47,32.37,23.31,null,null,null,null,null
single_drone_inspection_mapping_037,map_area,2026-01-13T01:54:56.000Z,complete,drone_1,uav,single_drone_inspection_mapping_037_exec_7,done,77.4,69.79,32.72,23.31,null,null,null,null,null
single_drone_inspection_mapping_037,replan,2026-01-13T01:54:57.000Z,start,drone_1,uav,single_drone_inspection_mapping_037_exec_8,inprogress,77.4,69.79,32.72,23.31,null,null,null,null,null
single_drone_inspection_mapping_037,replan,2026-01-13T01:55:42.000Z,complete,drone_1,uav,single_drone_inspection_mapping_037_exec_8,done,77.2,69.79,32.72,23.31,null,null,null,null,null
single_drone_inspection_mapping_037,navigate,2026-01-13T01:55:43.000Z,start,drone_1,uav,single_drone_inspection_mapping_037_exec_9,inprogress,77.2,69.79,32.72,23.31,null,null,null,null,null
single_drone_inspection_mapping_037,navigate,2026-01-13T01:56:19.000Z,null,drone_1,uav,single_drone_inspection_mapping_037_exec_9,inprogress,76.3,52.34,24.54,23.31,null,null,null,null,null
single_drone_inspection_mapping_037,navigate,2026-01-13T01:56:55.000Z,null,drone_1,uav,single_drone_inspection_mapping_037_exec_9,inprogress,75.3,34.9,16.36,23.31,null,null,null,null,null
single_drone_inspection_mapping_037,navigate,2026-01-13T01:57:31.000Z,null,drone_1,uav,single_drone_inspection_mapping_037_exec_9,inprogress,74.4,17.45,8.18,23.31,null,null,null,null,null
single_drone_inspection_mapping_037,navigate,2026-01-13T01:58:08.000Z,complete,drone_1,uav,single_drone_inspection_mapping_037_exec_9,done,73.4,0.0,0.0,23.31,null,null,null,null,null
single_drone_inspection_mapping_037,land,2026-01-13T01:58:09.000Z,start,drone_1,uav,single_drone_inspection_mapping_037_exec_10,inprogress,73.4,0.0,0.0,23.31,null,null,null,null,null
single_drone_inspection_mapping_037,land,2026-01-13T01:58:20.000Z,null,drone_1,uav,single_drone_inspection_mapping_037_exec_10,inprogress,73.1,0.0,0.0,11.65,null,null,null,null,null
single_drone_inspection_mapping_037,land,2026-01-13T01:58:32.000Z,complete,drone_1,uav,single_drone_inspection_mapping_037_exec_10,done,72.9,0.0,0.0,0.0,null,null,null,null,null
single_drone_inspection_mapping_038,takeoff,2026-01-13T02:14:00.000Z,start,drone_1,uav,single_drone_inspection_mapping_038_exec_1,inprogress,73.4,0.0,0.0,0.0,null,null,null,null,null
single_drone_inspection_mapping_038,takeoff,2026-01-13T02:14:27.000Z,complete,drone_1,uav,single_drone_inspection_mapping_038_exec_1,done,72.8,0.0,0.0,3.0,null,null,null,null,null
single_drone_inspection_mapping_038,ascend,2026-01-13T02:14:28.000Z,start,drone_1,uav,single_drone_inspection_mapping_038_exec_2,inprogress,72.8,0.0,0.0,3.0,null,null,null,null,null
single_drone_inspection_mapping_038,ascend,2026-01-13T02:14:39.000Z,null,drone_1,uav,single_drone_inspection_mapping_038_exec_2,inprogress,72.1,0.0,0.0,12.56,null,null,null,null,null
single_drone_inspection_mapping_038,ascend,2026-01-13T02:14:50.000Z,complete,drone_1,uav,single_drone_inspection_mapping_038_exec_2,done,71.3,0.0,0.0,22.11,null,null,null,null,null
single_drone_inspection_mapping_038,navigate,2026-01-13T02:14:51.000Z,start,drone_1,uav,single_drone_inspection_mapping_038_exec_3,inprogress,71.3,0.0,0.0,22.11,null,null,null,null,null
single_drone_inspection_mapping_038,navigate,2026-01-13T02:16:06.000Z,null,drone_1,uav,single_drone_inspection_mapping_038_exec_3,inprogress,69.5,5.93,10.94,22.11,null,null,null,null,null
single_drone_inspection_mapping_038,navigate,2026-01-13T02:17:21.000Z,null,drone_1,uav,single_drone_inspection_mapping_038_exec_3,inprogress,67.8,11.86,21.88,22.11,null,null,null,null,null
single_drone_inspection_mapping_038,navigate,2026-01-13T02:18:36.000Z,null,drone_1,uav,single_drone_inspection_mapping_038_exec_3,inprogress,66.0,17.79,32.82,22.11,null,null,null,null,null
single_drone_inspection_mapping_038,navigate,2026-01-13T02:19:54.000Z,complete,drone_1,uav,single_drone_inspection_mapping_038_exec_3,done,64.2,23.72,43.76,22.11,null,null,null,null,null
single_drone_inspection_mapping_038,inspect,2026-01-13T02:19:55.000Z,start,drone_1,uav,single_drone_inspection_mapping_038_exec_4,inprogress,64.2,23.72,43.76,22.11,null,null,null,null,null
single_drone_inspection_mapping_038,inspect,2026-01-13T02:20:44.000Z,null,drone_1,uav,single_drone_inspection_mapping_038_exec_4,inprogress,63.6,23.72,43.76,22.11,null,null,null,null,null
single_drone_inspection_mapping_038,inspect,2026-01-13T02:21:33.000Z,null,drone_1,uav,single_drone_inspection_mapping_038_exec_4,inprogress,63.0,23.72,43.76,22.11,null,null,null,null,null
single_drone_inspection_mapping_038,inspect,2026-01-13T02:22:22.000Z,complete,drone_1,uav,single_drone_inspection_mapping_038_exec_4,done,62.4,23.72,43.76,22.11,null,null,null,null,null
single_drone_inspection_mapping_038,capture_image,2026-01-13T02:22:23.000Z,start,drone_1,uav,single_drone_inspection_mapping_038_exec_5,inprogress,62.4,23.72,43.76,22.11,null,null,null,null,null
single_drone_inspection_mapping_038,capture_image,2026-01-13T02:22:36.000Z,complete,drone_1,uav,single_drone_inspection_mapping_038_exec_5,done,62.1,23.72,43.76,22.11,null,null,null,null,null
single_drone_inspection_mapping_038,hover,2026-01-13T02:22:37.000Z,start,drone_1,uav,single_drone_inspection_mapping_038_exec_6,inprogress,62.1,23.72,43.76,22.11,null,null,null,null,null
single_drone_inspection_mapping_038,hover,2026-01-13T02:23:04.000Z,null,drone_1,uav,single_drone_inspection_mapping_038_exec_6,inprogress,61.6,23.72,43.76,22.11,null,null,null,null,null
single_drone_inspection_mapping_038,hover,2026-01-13T02:23:31.000Z,complete,drone_1,uav,single_drone_inspection_mapping_038_exec_6,done,61.1,23.72,43.76,22.11,null,null,null,null,null
single_drone_inspection_mapping_038,map_area,2026-01-13T02:23:32.000Z,start,drone_1,uav,single_drone_inspection_mapping_038_exec_7,inprogress,61.1,23.72,43.76,22.11,null,null,null,null,null
single_drone_inspection_mapping_038,map_area,2026-01-13T02:24:21.000Z,null,drone_1,uav,single_drone_inspection_mapping_038_exec_7,inprogress,60.1,30.98,43.68,22.11,null,null,null,null,null
single_drone_inspection_mapping_038,map_area,2026-01-13T02:25:10.000Z,null,drone_1,uav,single_drone_inspection_mapping_038_exec_7,inprogress,59.0,38.24,43.59,22.11,null,null,null,null,null
single_drone_inspection_mapping_038,map_area,2026-01-13T02:25:59.000Z,null,drone_1,uav,single_drone_inspection_mapping_038_exec_7,inprogress,57.9,45.5,43.5,22.11,null,null,null,null,null
single_drone_inspection_mapping_038,map_area,2026-01-13T02:26:48.000Z,null,drone_1,uav,single_drone_inspection_mapping_038_exec_7,inprogress,56.8,52.76,43.42,22.11,null,null,null,null,null
single_drone_inspection_mapping_038,map_area,2026-01-13T02:27:37.000Z,null,drone_1,uav,single_drone_inspection_mapping_038_exec_7,inprogress,55.7,60.02,43.33,22.11,null,null,null,null,null
single_drone_inspection_mapping_038,map_area,2026-01-13T02:28:28.000Z,complete,drone_1,uav,single_drone_inspection_mapping_038_exec_7,done,54.7,67.28,43.25,22.11,null,null,null,null,null
single_drone_inspection_mapping_038,navigate,2026-01-13T02:28:29.000Z,start,drone_1,uav,single_drone_inspection_mapping_038_exec_8,inprogress,54.7,67.28,43.25,22.11,null,null,null,null,null
single_drone_inspection_mapping_038,navigate,2026-01-13T02:29:39.000Z,null,drone_1,uav,single_drone_inspection_mapping_038_exec_8,inprogress,53.8,50.46,32.44,22.11,null,null,null,null,null
single_drone_inspection_mapping_038,navigate,2026-01-13T02:30:49.000Z,null,drone_1,uav,single_drone_inspection_mapping_038_exec_8,inprogress,52.9,33.64,21.62,22.11,null,null,null,null,null
single_drone_inspection_mapping_038,navigate,2026-01-13T02:31:59.000Z,null,drone_1,uav,single_drone_inspection_mapping_038_exec_8,inprogress,52.1,16.82,10.81,22.11,null,null,null,null,null
single_drone_inspection_mapping_038,navigate,2026-01-13T02:33:09.000Z,complete,drone_1,uav,single_drone_inspection_mapping_038_exec_8,done,51.2,0.0,0.0,22.11,null,null,null,null,null
single_drone_inspection_mapping_038,land,2026-01-13T02:33:10.000Z,start,drone_1,uav,single_drone_inspection_mapping_038_exec_9,inprogress,51.2,0.0,0.0,22.11,null,null,null,null,null
single_drone_inspection_mapping_038,land,2026-01-13T02:33:25.000Z,null,drone_1,uav,single_drone_inspection_mapping_038_exec_9,inprogress,50.9,0.0,0.0,11.06,null,null,null,null,null
single_drone_inspection_mapping_038,land,2026-01-13T02:33:41.000Z,complete,drone_1,uav,single_drone_inspection_mapping_038_exec_9,done,50.7,0.0,0.0,0.0,null,null,null,null,null
single_drone_inspection_mapping_039,takeoff,2026-01-13T02:46:00.000Z,start,drone_1,uav,single_drone_inspection_mapping_039_exec_1,inprogress,70.8,0.0,0.0,0.0,null,null,null,null,null
single_drone_inspection_mapping_039,takeoff,2026-01-13T02:46:35.000Z,complete,drone_1,uav,single_drone_inspection_mapping_039_exec_1,done,69.9,0.0,0.0,3.0,null,null,null,null,null
single_drone_inspection_mapping_039,ascend,2026-01-13T02:46:36.000Z,start,drone_1,uav,single_drone_inspection_mapping_039_exec_2,inprogress,69.9,0.0,0.0,3.0,null,null,null,null,null
single_drone_inspection_mapping_039,ascend,2026-01-13T02:46:49.000Z,null,drone_1,uav,single_drone_inspection_mapping_039_exec_2,inprogress,69.5,0.0,0.0,9.63,null,null,null,null,null
single_drone_inspection_mapping_039,ascend,2026-01-13T02:47:02.000Z,complete,drone_1,uav,single_drone_inspection_mapping_039_exec_2,done,69.0,0.0,0.0,16.26,null,null,null,null,null
single_drone_inspection_mapping_039,navigate,2026-01-13T02:47:03.000Z,start,drone_1,uav,single_drone_inspection_mapping_039_exec_3,inprogress,69.0,0.0,0.0,16.26,null,null,null,null,null
single_drone_inspection_mapping_039,navigate,2026-01-13T02:47:37.000Z,null,drone_1,uav,single_drone_inspection_mapping_039_exec_3,inprogress,67.5,7.59,9.85,16.26,null,null,null,null,null
single_drone_inspection_mapping_039,navigate,2026-01-13T02:48:11.000Z,null,drone_1,uav,single_drone_inspection_mapping_039_exec_3,inprogress,66.0,15.18,19.69,16.26,null,null,null,null,null
single_drone_inspection_mapping_039,navigate,2026-01-13T02:48:45.000Z,null,drone_1,uav,single_drone_inspection_mapping_039_exec_3,inprogress,64.5,22.76,29.54,16.26,null,null,null,null,null
single_drone_inspection_mapping_039,navigate,2026-01-13T02:49:19.000Z,null,drone_1,uav,single_drone_inspection_mapping_039_exec_3,inprogress,63.0,30.35,39.39,16.26,null,null,null,null,null
single_drone_inspection_mapping_039,navigate,2026-01-13T02:49:53.000Z,null,drone_1,uav,single_drone_inspection_mapping_039_exec_3,inprogress,61.5,37.94,49.24,16.26,null,null,null,null,null
single_drone_inspection_mapping_039,navigate,2026-01-13T02:50:32.000Z,complete,drone_1,uav,single_drone_inspection_mapping_039_exec_3,done,60.1,45.53,59.08,16.26,null,null,null,null,null
single_drone_inspection_mapping_039,inspect,2026-01-13T02:50:33.000Z,start,drone_1,uav,single_drone_inspection_mapping_039_exec_4,inprogress,60.1,45.53,59.08,16.26,null,null,null,null,null
single_drone_inspection_mapping_039,inspect,2026-01-13T02:51:24.000Z,null,drone_1,uav,single_drone_inspection_mapping_039_exec_4,inprogress,58.8,45.53,59.08,16.26,null,null,null,null,null
single_drone_inspection_mapping_039,inspect,2026-01-13T02:52:16.000Z,complete,drone_1,uav,single_drone_inspection_mapping_039_exec_4,done,57.6,45.53,59.08,16.26,null,null,null,null,null
single_drone_inspection_mapping_039,capture_image,2026-01-13T02:52:17.000Z,start,drone_1,uav,single_drone_inspection_mapping_039_exec_5,inprogress,57.6,45.53,59.08,16.26,null,null,null,null,null
single_drone_inspection_mapping_039,capture_image,2026-01-13T02:52:39.000Z,complete,drone_1,uav,single_drone_inspection_mapping_039_exec_5,done,57.3,45.53,59.08,16.26,null,null,null,null,null
single_drone_inspection_mapping_039,hover,2026-01-13T02:52:40.000Z,start,drone_1,uav,single_drone_inspection_mapping_039_exec_6,inprogress,57.3,45.53,59.08,16.26,null,null,null,null,null
single_drone_inspection_mapping_039,hover,2026-01-13T02:52:58.000Z,null,drone_1,uav,single_drone_inspection_mapping_039_exec_6,inprogress,56.9,45.53,59.08,16.26,null,null,null,null,null
single_drone_inspection_mapping_039,hover,2026-01-13T02:53:16.000Z,complete,drone_1,uav,single_drone_inspection_mapping_039_exec_6,done,56.5,45.53,59.08,16.26,null,null,null,null,null
single_drone_inspection_mapping_039,map_area,2026-01-13T02:53:17.000Z,start,drone_1,uav,single_drone_inspection_mapping_039_exec_7,inprogress,56.5,45.53,59.08,16.26,null,null,null,null,null
single_drone_inspection_mapping_039,map_area,2026-01-13T02:53:56.000Z,null,drone_1,uav,single_drone_inspection_mapping_039_exec_7,inprogress,55.2,48.46,55.89,16.26,null,null,null,null,null
single_drone_inspection_mapping_039,map_area,2026-01-13T02:54:35.000Z,null,drone_1,uav,single_drone_inspection_mapping_039_exec_7,inprogress,54.0,51.4,52.7,16.26,null,null,null,null,null
single_drone_inspection_mapping_039,map_area,2026-01-13T02:55:14.000Z,null,drone_1,uav,single_drone_inspection_mapping_039_exec_7,inprogress,52.7,54.34,49.51,16.26,null,null,null,null,null
single_drone_inspection_mapping_039,map_area,2026-01-13T02:55:53.000Z,null,drone_1,uav,single_drone_inspection_mapping_039_exec_7,inprogress,51.5,57.27,46.32,16.26,null,null,null,null,null
single_drone_inspection_mapping_039,map_area,2026-01-13T02:56:32.000Z,null,drone_1,uav,single_drone_inspection_mapping_039_exec_7,inprogress,50.2,60.21,43.13,16.26,null,null,null,null,null
single_drone_inspection_mapping_039,map_area,2026-01-13T02:57:11.000Z,null,drone_1,uav,single_drone_inspection_mapping_039_exec_7,inprogress,48.9,63.15,39.94,16.26,null,null,null,null,null
single_drone_inspection_mapping_039,map_area,2026-01-13T02:57:54.000Z,complete,drone_1,uav,single_drone_inspection_mapping_039_exec_7,done,47.7,66.08,36.75,16.26,null,null,null,null,null
single_drone_inspection_mapping_039,replan,2026-01-13T02:57:55.000Z,start,drone_1,uav,single_drone_inspection_mapping_039_exec_8,inprogress,47.7,66.08,36.75,16.26,null,null,null,null,null
single_drone_inspection_mapping_039,replan,2026-01-13T02:58:35.000Z,complete,drone_1,uav,single_drone_inspection_mapping_039_exec_8,done,47.1,66.08,36.75,16.26,null,null,null,null,null
single_drone_inspection_mapping_039,navigate,2026-01-13T02:58:36.000Z,start,drone_1,uav,single_drone_inspection_mapping_039_exec_9,inprogress,47.1,66.08,36.75,16.26,null,null,null,null,null
single_drone_inspection_mapping_039,navigate,2026-01-13T02:59:08.000Z,null,drone_1,uav,single_drone_inspection_mapping_039_exec_9,inprogress,46.3,52.87,29.4,16.26,null,null,null,null,null
single_drone_inspection_mapping_039,navigate,2026-01-13T02:59:40.000Z,null,drone_1,uav,single_drone_inspection_mapping_039_exec_9,inprogress,45.5,39.65,22.05,16.26,null,null,null,null,null
single_drone_inspection_mapping_039,navigate,2026-01-13T03:00:12.000Z,null,drone_1,uav,single_drone_inspection_mapping_039_exec_9,inprogress,44.7,26.43,14.7,16.26,null,null,null,null,null
single_drone_inspection_mapping_039,navigate,2026-01-13T03:00:44.000Z,null,drone_1,uav,single_drone_inspection_mapping_039_exec_9,inprogress,43.9,13.22,7.35,16.26,null,null,null,null,null
single_drone_inspection_mapping_039,navigate,2026-01-13T03:01:17.000Z,complete,drone_1,uav,single_drone_inspection_mapping_039_exec_9,done,43.1,0.0,0.0,16.26,null,null,null,null,null
single_drone_inspection_mapping_039,land,2026-01-13T03:01:18.000Z,start,drone_1,uav,single_drone_inspection_mapping_039_exec_10,inprogress,43.1,0.0,0.0,16.26,null,null,null,null,null
single_drone_inspection_mapping_039,land,2026-01-13T03:01:36.000Z,null,drone_1,uav,single_drone_inspection_mapping_039_exec_10,inprogress,42.8,0.0,0.0,8.13,null,null,null,null,null
single_drone_inspection_mapping_039,land,2026-01-13T03:01:55.000Z,complete,drone_1,uav,single_drone_inspection_mapping_039_exec_10,done,42.4,0.0,0.0,0.0,null,null,null,null,null
single_drone_inspection_mapping_040,takeoff,2026-01-13T03:18:00.000Z,start,drone_1,uav,single_drone_inspection_mapping_040_exec_1,inprogress,92.2,0.0,0.0,0.0,null,null,null,null,null
single_drone_inspection_mapping_040,takeoff,2026-01-13T03:18:22.000Z,complete,drone_1,uav,single_drone_inspection_mapping_040_exec_1,done,91.4,0.0,0.0,3.0,null,null,null,null,null
single_drone_inspection_mapping_040,ascend,2026-01-13T03:18:23.000Z,start,drone_1,uav,single_drone_inspection_mapping_040_exec_2,inprogress,91.4,0.0,0.0,3.0,null,null,null,null,null
single_drone_inspection_mapping_040,ascend,2026-01-13T03:18:39.000Z,null,drone_1,uav,single_drone_inspection_mapping_040_exec_2,inprogress,90.8,0.0,0.0,14.32,null,null,null,null,null
single_drone_inspection_mapping_040,ascend,2026-01-13T03:18:55.000Z,complete,drone_1,uav,single_drone_inspection_mapping_040_exec_2,done,90.2,0.0,0.0,25.64,null,null,null,null,null
single_drone_inspection_mapping_040,navigate,2026-01-13T03:18:56.000Z,start,drone_1,uav,single_drone_inspection_mapping_040_exec_3,inprogress,90.2,0.0,0.0,25.64,null,null,null,null,null
single_drone_inspection_mapping_040,navigate,2026-01-13T03:19:30.000Z,null,drone_1,uav,single_drone_inspection_mapping_040_exec_3,inprogress,89.3,5.92,7.81,25.64,null,null,null,null,null
single_drone_inspection_mapping_040,navigate,2026-01-13T03:20:04.000Z,null,drone_1,uav,single_drone_inspection_mapping_040_exec_3,inprogress,88.4,11.83,15.62,25.64,null,null,null,null,null
single_drone_inspection_mapping_040,navigate,2026-01-13T03:20:38.000Z,null,drone_1,uav,single_drone_inspection_mapping_040_exec_3,inprogress,87.5,17.75,23.43,25.64,null,null,null,null,null
single_drone_inspection_mapping_040,navigate,2026-01-13T03:21:12.000Z,null,drone_1,uav,single_drone_inspection_mapping_040_exec_3,inprogress,86.5,23.67,31.24,25.64,null,null,null,null,null
single_drone_inspection_mapping_040,navigate,2026-01-13T03:21:46.000Z,null,drone_1,uav,single_drone_inspection_mapping_040_exec_3,inprogress,85.6,29.59,39.05,25.64,null,null,null,null,null
single_drone_inspection_mapping_040,navigate,2026-01-13T03:22:20.000Z,null,drone_1,uav,single_drone_inspection_mapping_040_exec_3,inprogress,84.7,35.5,46.86,25.64,null,null,null,null,null
single_drone_inspection_mapping_040,navigate,2026-01-13T03:22:56.000Z,complete,drone_1,uav,single_drone_inspection_mapping_040_exec_3,done,83.7,41.42,54.68,25.64,null,null,null,null,null
single_drone_inspection_mapping_040,inspect,2026-01-13T03:22:57.000Z,start,drone_1,uav,single_drone_inspection_mapping_040_exec_4,inprogress,83.7,41.42,54.68,25.64,null,null,null,null,null
single_drone_inspection_mapping_040,inspect,2026-01-13T03:23:34.000Z,null,drone_1,uav,single_drone_inspection_mapping_040_exec_4,inprogress,82.9,41.42,54.68,25.64,null,null,null,null,null
single_drone_inspection_mapping_040,inspect,2026-01-13T03:24:11.000Z,complete,drone_1,uav,single_drone_inspection_mapping_040_exec_4,done,82.1,41.42,54.68,25.64,null,null,null,null,null
single_drone_inspection_mapping_040,capture_image,2026-01-13T03:24:12.000Z,start,drone_1,uav,single_drone_inspection_mapping_040_exec_5,inprogress,82.1,41.42,54.68,25.64,null,null,null,null,null
single_drone_inspection_mapping_040,capture_image,2026-01-13T03:24:36.000Z,complete,drone_1,uav,single_drone_inspection_mapping_040_exec_5,done,81.8,41.42,54.68,25.64,null,null,null,null,null
single_drone_inspection_mapping_040,hover,2026-01-13T03:24:37.000Z,start,drone_1,uav,single_drone_inspection_mapping_040_exec_6,inprogress,81.8,41.42,54.68,25.64,null,null,null,null,null
single_drone_inspection_mapping_040,hover,2026-01-13T03:25:05.000Z,complete,drone_1,uav,single_drone_inspection_mapping_040_exec_6,done,81.0,41.42,54.68,25.64,null,null,null,null,null
single_drone_inspection_mapping_040,map_area,2026-01-13T03:25:06.000Z,start,drone_1,uav,single_drone_inspection_mapping_040_exec_7,inprogress,81.0,41.42,54.68,25.64,null,null,null,null,null
single_drone_inspection_mapping_040,map_area,2026-01-13T03:25:55.000Z,null,drone_1,uav,single_drone_inspection_mapping_040_exec_7,inprogress,80.1,46.76,55.15,25.64,null,null,null,null,null
single_drone_inspection_mapping_040,map_area,2026-01-13T03:26:44.000Z,null,drone_1,uav,single_drone_inspection_mapping_040_exec_7,inprogress,79.2,52.11,55.63,25.64,null,null,null,null,null
single_drone_inspection_mapping_040,map_area,2026-01-13T03:27:33.000Z,null,drone_1,uav,single_drone_inspection_mapping_040_exec_7,inprogress,78.4,57.45,56.11,25.64,null,null,null,null,null
single_drone_inspection_mapping_040,map_area,2026-01-13T03:28:22.000Z,null,drone_1,uav,single_drone_inspection_mapping_040_exec_7,inprogress,77.5,62.79,56.59,25.64,null,null,null,null,null
single_drone_inspection_mapping_040,map_area,2026-01-13T03:29:11.000Z,null,drone_1,uav,single_drone_inspection_mapping_040_exec_7,inprogress,76.6,68.14,57.07,25.64,null,null,null,null,null
single_drone_inspection_mapping_040,map_area,2026-01-13T03:30:00.000Z,null,drone_1,uav,single_drone_inspection_mapping_040_exec_7,inprogress,75.7,73.48,57.55,25.64,null,null,null,null,null
single_drone_inspection_mapping_040,map_area,2026-01-13T03:30:49.000Z,null,drone_1,uav,single_drone_inspection_mapping_040_exec_7,inprogress,74.9,78.82,58.03,25.64,null,null,null,null,null
single_drone_inspection_mapping_040,map_area,2026-01-13T03:31:40.000Z,complete,drone_1,uav,single_drone_inspection_mapping_040_exec_7,done,74.0,84.16,58.51,25.64,null,null,null,null,null
single_drone_inspection_mapping_040,navigate,2026-01-13T03:31:41.000Z,start,drone_1,uav,single_drone_inspection_mapping_040_exec_8,inprogress,74.0,84.16,58.51,25.64,null,null,null,null,null
single_drone_inspection_mapping_040,navigate,2026-01-13T03:32:16.000Z,null,drone_1,uav,single_drone_inspection_mapping_040_exec_8,inprogress,73.2,67.33,46.81,25.64,null,null,null,null,null
single_drone_inspection_mapping_040,navigate,2026-01-13T03:32:51.000Z,null,drone_1,uav,single_drone_inspection_mapping_040_exec_8,inprogress,72.5,50.5,35.1,25.64,null,null,null,null,null
single_drone_inspection_mapping_040,navigate,2026-01-13T03:33:26.000Z,null,drone_1,uav,single_drone_inspection_mapping_040_exec_8,inprogress,71.7,33.67,23.4,25.64,null,null,null,null,null
single_drone_inspection_mapping_040,navigate,2026-01-13T03:34:01.000Z,null,drone_1,uav,single_drone_inspection_mapping_040_exec_8,inprogress,71.0,16.83,11.7,25.64,null,null,null,null,null
single_drone_inspection_mapping_040,navigate,2026-01-13T03:34:38.000Z,complete,drone_1,uav,single_drone_inspection_mapping_040_exec_8,done,70.2,0.0,0.0,25.64,null,null,null,null,null
single_drone_inspection_mapping_040,land,2026-01-13T03:34:39.000Z,start,drone_1,uav,single_drone_inspection_mapping_040_exec_9,inprogress,70.2,0.0,0.0,25.64,null,null,null,null,null
single_drone_inspection_mapping_040,land,2026-01-13T03:35:00.000Z,null,drone_1,uav,single_drone_inspection_mapping_040_exec_9,inprogress,69.7,0.0,0.0,12.82,null,null,null,null,null
single_drone_inspection_mapping_040,land,2026-01-13T03:35:22.000Z,complete,drone_1,uav,single_drone_inspection_mapping_040_exec_9,done,69.3,0.0,0.0,0.0,null,null,null,null,null
single_drone_inspection_mapping_041,takeoff,2026-01-13T03:50:00.000Z,start,drone_1,uav,single_drone_inspection_mapping_041_exec_1,inprogress,70.1,0.0,0.0,0.0,null,null,null,null,null
single_drone_inspection_mapping_041,takeoff,2026-01-13T03:50:27.000Z,complete,drone_1,uav,single_drone_inspection_mapping_041_exec_1,done,69.3,0.0,0.0,3.0,null,null,null,null,null
single_drone_inspection_mapping_041,ascend,2026-01-13T03:50:28.000Z,start,drone_1,uav,single_drone_inspection_mapping_041_exec_2,inprogress,69.3,0.0,0.0,3.0,null,null,null,null,null
single_drone_inspection_mapping_041,ascend,2026-01-13T03:50:46.000Z,null,drone_1,uav,single_drone_inspection_mapping_041_exec_2,inprogress,68.8,0.0,0.0,11.12,null,null,null,null,null
single_drone_inspection_mapping_041,ascend,2026-01-13T03:51:05.000Z,complete,drone_1,uav,single_drone_inspection_mapping_041_exec_2,done,68.3,0.0,0.0,19.24,null,null,null,null,null
single_drone_inspection_mapping_041,navigate,2026-01-13T03:51:06.000Z,start,drone_1,uav,single_drone_inspection_mapping_041_exec_3,inprogress,68.3,0.0,0.0,19.24,null,null,null,null,null
single_drone_inspection_mapping_041,navigate,2026-01-13T03:51:54.000Z,null,drone_1,uav,single_drone_inspection_mapping_041_exec_3,inprogress,67.5,5.48,7.85,19.24,null,null,null,null,null
single_drone_inspection_mapping_041,navigate,2026-01-13T03:52:42.000Z,null,drone_1,uav,single_drone_inspection_mapping_041_exec_3,inprogress,66.7,10.95,15.7,19.24,null,null,null,null,null
single_drone_inspection_mapping_041,navigate,2026-01-13T03:53:30.000Z,null,drone_1,uav,single_drone_inspection_mapping_041_exec_3,inprogress,65.9,16.43,23.55,19.24,null,null,null,null,null
single_drone_inspection_mapping_041,navigate,2026-01-13T03:54:18.000Z,null,drone_1,uav,single_drone_inspection_mapping_041_exec_3,inprogress,65.1,21.9,31.39,19.24,null,null,null,null,null
single_drone_inspection_mapping_041,navigate,2026-01-13T03:55:06.000Z,null,drone_1,uav,single_drone_inspection_mapping_041_exec_3,inprogress,64.3,27.38,39.24,19.24,null,null,null,null,null
single_drone_inspection_mapping_041,navigate,2026-01-13T03:55:54.000Z,null,drone_1,uav,single_drone_inspection_mapping_041_exec_3,inprogress,63.5,32.85,47.09,19.24,null,null,null,null,null
single_drone_inspection_mapping_041,navigate,2026-01-13T03:56:45.000Z,complete,drone_1,uav,single_drone_inspection_mapping_041_exec_3,done,62.7,38.33,54.94,19.24,null,null,null,null,null
single_drone_inspection_mapping_041,inspect,2026-01-13T03:57:42.000Z,start,drone_1,uav,single_drone_inspection_mapping_041_exec_4,inprogress,62.7,38.33,54.94,19.24,null,null,null,null,null
single_drone_inspection_mapping_041,inspect,2026-01-13T03:58:54.000Z,null,drone_1,uav,single_drone_inspection_mapping_041_exec_4,inprogress,61.3,38.33,54.94,19.24,null,null,null,null,null
single_drone_inspection_mapping_041,inspect,2026-01-13T04:00:07.000Z,complete,drone_1,uav,single_drone_inspection_mapping_041_exec_4,done,59.8,38.33,54.94,19.24,null,null,null,null,null
single_drone_inspection_mapping_041,capture_image,2026-01-13T04:00:08.000Z,start,drone_1,uav,single_drone_inspection_mapping_041_exec_5,inprogress,59.8,38.33,54.94,19.24,null,null,null,null,null
single_drone_inspection_mapping_041,capture_image,2026-01-13T04:00:21.000Z,complete,drone_1,uav,single_drone_inspection_mapping_041_exec_5,done,59.3,38.33,54.94,19.24,null,null,null,null,null
single_drone_inspection_mapping_041,hover,2026-01-13T04:00:22.000Z,start,drone_1,uav,single_drone_inspection_mapping_041_exec_6,inprogress,59.3,38.33,54.94,19.24,null,null,null,null,null
single_drone_inspection_mapping_041,hover,2026-01-13T04:00:40.000Z,null,drone_1,uav,single_drone_inspection_mapping_041_exec_6,inprogress,58.8,38.33,54.94,19.24,null,null,null,null,null
single_drone_inspection_mapping_041,hover,2026-01-13T04:00:58.000Z,complete,drone_1,uav,single_drone_inspection_mapping_041_exec_6,done,58.4,38.33,54.94,19.24,null,null,null,null,null
single_drone_inspection_mapping_041,map_area,2026-01-13T04:00:59.000Z,start,drone_1,uav,single_drone_inspection_mapping_041_exec_7,inprogress,58.4,38.33,54.94,19.24,null,null,null,null,null
single_drone_inspection_mapping_041,map_area,2026-01-13T04:01:44.000Z,null,drone_1,uav,single_drone_inspection_mapping_041_exec_7,inprogress,57.6,43.71,55.91,19.24,null,null,null,null,null
single_drone_inspection_mapping_041,map_area,2026-01-13T04:02:29.000Z,null,drone_1,uav,single_drone_inspection_mapping_041_exec_7,inprogress,56.8,49.1,56.87,19.24,null,null,null,null,null
single_drone_inspection_mapping_041,map_area,2026-01-13T04:03:14.000Z,null,drone_1,uav,single_drone_inspection_mapping_041_exec_7,inprogress,56.0,54.48,57.84,19.24,null,null,null,null,null
single_drone_inspection_mapping_041,map_area,2026-01-13T04:03:59.000Z,null,drone_1,uav,single_drone_inspection_mapping_041_exec_7,inprogress,55.3,59.87,58.81,19.24,null,null,null,null,null
single_drone_inspection_mapping_041,map_area,2026-01-13T04:04:44.000Z,null,drone_1,uav,single_drone_inspection_mapping_041_exec_7,inprogress,54.5,65.25,59.77,19.24,null,null,null,null,null
single_drone_inspection_mapping_041,map_area,2026-01-13T04:05:29.000Z,null,drone_1,uav,single_drone_inspection_mapping_041_exec_7,inprogress,53.7,70.63,60.74,19.24,null,null,null,null,null
single_drone_inspection_mapping_041,map_area,2026-01-13T04:06:14.000Z,null,drone_1,uav,single_drone_inspection_mapping_041_exec_7,inprogress,53.0,76.02,61.71,19.24,null,null,null,null,null
single_drone_inspection_mapping_041,map_area,2026-01-13T04:07:05.000Z,complete,drone_1,uav,single_drone_inspection_mapping_041_exec_7,done,52.2,81.4,62.67,19.24,null,null,null,null,null
single_drone_inspection_mapping_041,navigate,2026-01-13T04:07:06.000Z,start,drone_1,uav,single_drone_inspection_mapping_041_exec_8,inprogress,52.2,81.4,62.67,19.24,null,null,null,null,null
single_drone_inspection_mapping_041,navigate,2026-01-13T04:07:41.000Z,null,drone_1,uav,single_drone_inspection_mapping_041_exec_8,inprogress,51.2,65.12,50.14,19.24,null,null,null,null,null
single_drone_inspection_mapping_041,navigate,2026-01-13T04:08:16.000Z,null,drone_1,uav,single_drone_inspection_mapping_041_exec_8,inprogress,50.2,48.84,37.6,19.24,null,null,null,null,null
single_drone_inspection_mapping_041,navigate,2026-01-13T04:08:51.000Z,null,drone_1,uav,single_drone_inspection_mapping_041_exec_8,inprogress,49.3,32.56,25.07,19.24,null,null,null,null,null
single_drone_inspection_mapping_041,navigate,2026-01-13T04:09:26.000Z,null,drone_1,uav,single_drone_inspection_mapping_041_exec_8,inprogress,48.3,16.28,12.53,19.24,null,null,null,null,null
single_drone_inspection_mapping_041,navigate,2026-01-13T04:10:02.000Z,complete,drone_1,uav,single_drone_inspection_mapping_041_exec_8,done,47.4,0.0,0.0,19.24,null,null,null,null,null
single_drone_inspection_mapping_041,land,2026-01-13T04:10:03.000Z,start,drone_1,uav,single_drone_inspection_mapping_041_exec_9,inprogress,47.4,0.0,0.0,19.24,null,null,null,null,null
single_drone_inspection_mapping_041,land,2026-01-13T04:10:24.000Z,null,drone_1,uav,single_drone_inspection_mapping_041_exec_9,inprogress,47.0,0.0,0.0,9.62,null,null,null,null,null
single_drone_inspection_mapping_041,land,2026-01-13T04:10:45.000Z,complete,drone_1,uav,single_drone_inspection_mapping_041_exec_9,done,46.7,0.0,0.0,0.0,null,null,null,null,null
single_drone_inspection_mapping_042,takeoff,2026-01-13T04:22:00.000Z,start,drone_1,uav,single_drone_inspection_mapping_042_exec_1,inprogress,80.7,0.0,0.0,0.0,null,null,null,null,null
single_drone_inspection_mapping_042,takeoff,2026-01-13T04:22:25.000Z,complete,drone_1,uav,single_drone_inspection_mapping_042_exec_1,done,79.8,0.0,0.0,3.0,null,null,null,null,null
single_drone_inspection_mapping_042,ascend,2026-01-13T04:22:26.000Z,start,drone_1,uav,single_drone_inspection_mapping_042_exec_2,inprogress,79.8,0.0,0.0,3.0,null,null,null,null,null
single_drone_inspection_mapping_042,ascend,2026-01-13T04:22:36.000Z,null,drone_1,uav,single_drone_inspection_mapping_042_exec_2,inprogress,79.0,0.0,0.0,13.85,null,null,null,null,null
single_drone_inspection_mapping_042,ascend,2026-01-13T04:22:47.000Z,complete,drone_1,uav,single_drone_inspection_mapping_042_exec_2,done,78.2,0.0,0.0,24.69,null,null,null,null,null
single_drone_inspection_mapping_042,navigate,2026-01-13T04:22:48.000Z,start,drone_1,uav,single_drone_inspection_mapping_042_exec_3,inprogress,78.2,0.0,0.0,24.69,null,null,null,null,null
single_drone_inspection_mapping_042,navigate,2026-01-13T04:23:30.000Z,null,drone_1,uav,single_drone_inspection_mapping_042_exec_3,inprogress,77.1,9.31,3.47,24.69,null,null,null,null,null
single_drone_inspection_mapping_042,navigate,2026-01-13T04:24:12.000Z,null,drone_1,uav,single_drone_inspection_mapping_042_exec_3,inprogress,76.1,18.63,6.94,24.69,null,null,null,null,null
single_drone_inspection_mapping_042,navigate,2026-01-13T04:24:54.000Z,null,drone_1,uav,single_drone_inspection_mapping_042_exec_3,inprogress,75.0,27.94,10.4,24.69,null,null,null,null,null
single_drone_inspection_mapping_042,navigate,2026-01-13T04:25:36.000Z,null,drone_1,uav,single_drone_inspection_mapping_042_exec_3,inprogress,73.9,37.25,13.87,24.69,null,null,null,null,null
single_drone_inspection_mapping_042,navigate,2026-01-13T04:26:18.000Z,null,drone_1,uav,single_drone_inspection_mapping_042_exec_3,inprogress,72.9,46.57,17.34,24.69,null,null,null,null,null
single_drone_inspection_mapping_042,navigate,2026-01-13T04:27:05.000Z,complete,drone_1,uav,single_drone_inspection_mapping_042_exec_3,done,71.8,55.88,20.81,24.69,null,null,null,null,null
single_drone_inspection_mapping_042,inspect,2026-01-13T04:27:06.000Z,start,drone_1,uav,single_drone_inspection_mapping_042_exec_4,inprogress,71.8,55.88,20.81,24.69,null,null,null,null,null
single_drone_inspection_mapping_042,inspect,2026-01-13T04:27:47.000Z,null,drone_1,uav,single_drone_inspection_mapping_042_exec_4,inprogress,71.0,55.88,20.81,24.69,null,null,null,null,null
single_drone_inspection_mapping_042,inspect,2026-01-13T04:28:28.000Z,complete,drone_1,uav,single_drone_inspection_mapping_042_exec_4,done,70.1,55.88,20.81,24.69,null,null,null,null,null
single_drone_inspection_mapping_042,capture_image,2026-01-13T04:28:29.000Z,start,drone_1,uav,single_drone_inspection_mapping_042_exec_5,inprogress,70.1,55.88,20.81,24.69,null,null,null,null,null
single_drone_inspection_mapping_042,capture_image,2026-01-13T04:28:53.000Z,complete,drone_1,uav,single_drone_inspection_mapping_042_exec_5,done,69.6,55.88,20.81,24.69,null,null,null,null,null
single_drone_inspection_mapping_042,hover,2026-01-13T04:28:54.000Z,start,drone_1,uav,single_drone_inspection_mapping_042_exec_6,inprogress,69.6,55.88,20.81,24.69,null,null,null,null,null
single_drone_inspection_mapping_042,hover,2026-01-13T04:29:19.000Z,complete,drone_1,uav,single_drone_inspection_mapping_042_exec_6,done,68.8,55.88,20.81,24.69,null,null,null,null,null
single_drone_inspection_mapping_042,map_area,2026-01-13T04:29:20.000Z,start,drone_1,uav,single_drone_inspection_mapping_042_exec_7,inprogress,68.8,55.88,20.81,24.69,null,null,null,null,null
single_drone_inspection_mapping_042,map_area,2026-01-13T04:30:00.000Z,null,drone_1,uav,single_drone_inspection_mapping_042_exec_7,inprogress,67.6,58.5,24.0,24.69,null,null,null,null,null
single_drone_inspection_mapping_042,map_area,2026-01-13T04:30:40.000Z,null,drone_1,uav,single_drone_inspection_mapping_042_exec_7,inprogress,66.3,61.13,27.18,24.69,null,null,null,null,null
single_drone_inspection_mapping_042,map_area,2026-01-13T04:31:20.000Z,null,drone_1,uav,single_drone_inspection_mapping_042_exec_7,inprogress,65.1,63.75,30.37,24.69,null,null,null,null,null
single_drone_inspection_mapping_042,map_area,2026-01-13T04:32:00.000Z,null,drone_1,uav,single_drone_inspection_mapping_042_exec_7,inprogress,63.9,66.37,33.55,24.69,null,null,null,null,null
single_drone_inspection_mapping_042,map_area,2026-01-13T04:32:40.000Z,null,drone_1,uav,single_drone_inspection_mapping_042_exec_7,inprogress,62.7,69.0,36.74,24.69,null,null,null,null,null
single_drone_inspection_mapping_042,map_area,2026-01-13T04:33:20.000Z,null,drone_1,uav,single_drone_inspection_mapping_042_exec_7,inprogress,61.4,71.62,39.93,24.69,null,null,null,null,null
single_drone_inspection_mapping_042,map_area,2026-01-13T04:34:00.000Z,null,drone_1,uav,single_drone_inspection_mapping_042_exec_7,inprogress,60.2,74.24,43.11,24.69,null,null,null,null,null
single_drone_inspection_mapping_042,map_area,2026-01-13T04:34:44.000Z,complete,drone_1,uav,single_drone_inspection_mapping_042_exec_7,done,59.0,76.86,46.3,24.69,null,null,null,null,null
single_drone_inspection_mapping_042,navigate,2026-01-13T04:34:45.000Z,start,drone_1,uav,single_drone_inspection_mapping_042_exec_8,inprogress,59.0,76.86,46.3,24.69,null,null,null,null,null
single_drone_inspection_mapping_042,navigate,2026-01-13T04:35:15.000Z,null,drone_1,uav,single_drone_inspection_mapping_042_exec_8,inprogress,57.9,61.49,37.04,24.69,null,null,null,null,null
single_drone_inspection_mapping_042,navigate,2026-01-13T04:35:45.000Z,null,drone_1,uav,single_drone_inspection_mapping_042_exec_8,inprogress,56.8,46.12,27.78,24.69,null,null,null,null,null
single_drone_inspection_mapping_042,navigate,2026-01-13T04:36:15.000Z,null,drone_1,uav,single_drone_inspection_mapping_042_exec_8,inprogress,55.8,30.75,18.52,24.69,null,null,null,null,null
single_drone_inspection_mapping_042,navigate,2026-01-13T04:36:45.000Z,null,drone_1,uav,single_drone_inspection_mapping_042_exec_8,inprogress,54.7,15.37,9.26,24.69,null,null,null,null,null
single_drone_inspection_mapping_042,navigate,2026-01-13T04:37:19.000Z,complete,drone_1,uav,single_drone_inspection_mapping_042_exec_8,done,53.6,0.0,0.0,24.69,null,null,null,null,null
single_drone_inspection_mapping_042,land,2026-01-13T04:37:20.000Z,start,drone_1,uav,single_drone_inspection_mapping_042_exec_9,inprogress,53.6,0.0,0.0,24.69,null,null,null,null,null
single_drone_inspection_mapping_042,land,2026-01-13T04:37:31.000Z,null,drone_1,uav,single_drone_inspection_mapping_042_exec_9,inprogress,53.3,0.0,0.0,12.35,null,null,null,null,null
single_drone_inspection_mapping_042,land,2026-01-13T04:37:42.000Z,complete,drone_1,uav,single_drone_inspection_mapping_042_exec_9,done,53.0,0.0,0.0,0.0,null,null,null,null,null
single_drone_inspection_mapping_043,takeoff,2026-01-13T04:54:00.000Z,start,drone_1,uav,single_drone_inspection_mapping_043_exec_1,inprogress,84.2,0.0,0.0,0.0,null,null,null,null,null
single_drone_inspection_mapping_043,takeoff,2026-01-13T04:54:19.000Z,complete,drone_1,uav,single_drone_inspection_mapping_043_exec_1,done,83.2,0.0,0.0,3.0,null,null,null,null,null
single_drone_inspection_mapping_043,ascend,2026-01-13T04:54:20.000Z,start,drone_1,uav,single_drone_inspection_mapping_043_exec_2,inprogress,83.2,0.0,0.0,3.0,null,null,null,null,null
single_drone_inspection_mapping_043,ascend,2026-01-13T04:54:38.000Z,null,drone_1,uav,single_drone_inspection_mapping_043_exec_2,inprogress,82.8,0.0,0.0,14.72,null,null,null,null,null
single_drone_inspection_mapping_043,ascend,2026-01-13T04:54:56.000Z,complete,drone_1,uav,single_drone_inspection_mapping_043_exec_2,done,82.4,0.0,0.0,26.43,null,null,null,null,null
single_drone_inspection_mapping_043,navigate,2026-01-13T04:54:57.000Z,start,drone_1,uav,single_drone_inspection_mapping_043_exec_3,inprogress,82.4,0.0,0.0,26.43,null,null,null,null,null
single_drone_inspection_mapping_043,navigate,2026-01-13T04:55:57.000Z,null,drone_1,uav,single_drone_inspection_mapping_043_exec_3,inprogress,80.6,6.93,13.33,26.43,null,null,null,null,null
single_drone_inspection_mapping_043,navigate,2026-01-13T04:56:57.000Z,null,drone_1,uav,single_drone_inspection_mapping_043_exec_3,inprogress,78.8,13.86,26.66,26.43,null,null,null,null,null
single_drone_inspection_mapping_043,navigate,2026-01-13T04:57:57.000Z,null,drone_1,uav,single_drone_inspection_mapping_043_exec_3,inprogress,77.0,20.78,39.99,26.43,null,null,null,null,null
single_drone_inspection_mapping_043,navigate,2026-01-13T04:59:00.000Z,complete,drone_1,uav,single_drone_inspection_mapping_043_exec_3,done,75.1,27.71,53.32,26.43,null,null,null,null,null
single_drone_inspection_mapping_043,inspect,2026-01-13T04:59:01.000Z,start,drone_1,uav,single_drone_inspection_mapping_043_exec_4,inprogress,75.1,27.71,53.32,26.43,null,null,null,null,null
single_drone_inspection_mapping_043,inspect,2026-01-13T04:59:32.000Z,null,drone_1,uav,single_drone_inspection_mapping_043_exec_4,inprogress,74.5,27.71,53.32,26.43,null,null,null,null,null
single_drone_inspection_mapping_043,inspect,2026-01-13T05:00:03.000Z,null,drone_1,uav,single_drone_inspection_mapping_043_exec_4,inprogress,73.8,27.71,53.32,26.43,null,null,null,null,null
single_drone_inspection_mapping_043,inspect,2026-01-13T05:00:36.000Z,complete,drone_1,uav,single_drone_inspection_mapping_043_exec_4,done,73.1,27.71,53.32,26.43,null,null,null,null,null
single_drone_inspection_mapping_043,capture_image,2026-01-13T05:00:37.000Z,start,drone_1,uav,single_drone_inspection_mapping_043_exec_5,inprogress,73.1,27.71,53.32,26.43,null,null,null,null,null
single_drone_inspection_mapping_043,capture_image,2026-01-13T05:01:01.000Z,complete,drone_1,uav,single_drone_inspection_mapping_043_exec_5,done,72.7,27.71,53.32,26.43,null,null,null,null,null
single_drone_inspection_mapping_043,hover,2026-01-13T05:01:02.000Z,start,drone_1,uav,single_drone_inspection_mapping_043_exec_6,inprogress,72.7,27.71,53.32,26.43,null,null,null,null,null
single_drone_inspection_mapping_043,hover,2026-01-13T05:01:23.000Z,null,drone_1,uav,single_drone_inspection_mapping_043_exec_6,inprogress,72.2,27.71,53.32,26.43,null,null,null,null,null
single_drone_inspection_mapping_043,hover,2026-01-13T05:01:45.000Z,complete,drone_1,uav,single_drone_inspection_mapping_043_exec_6,done,71.8,27.71,53.32,26.43,null,null,null,null,null
single_drone_inspection_mapping_043,map_area,2026-01-13T05:01:46.000Z,start,drone_1,uav,single_drone_inspection_mapping_043_exec_7,inprogress,71.8,27.71,53.32,26.43,null,null,null,null,null
single_drone_inspection_mapping_043,map_area,2026-01-13T05:02:19.000Z,null,drone_1,uav,single_drone_inspection_mapping_043_exec_7,inprogress,70.7,31.59,48.13,26.43,null,null,null,null,null
single_drone_inspection_mapping_043,map_area,2026-01-13T05:02:52.000Z,null,drone_1,uav,single_drone_inspection_mapping_043_exec_7,inprogress,69.5,35.46,42.95,26.43,null,null,null,null,null
single_drone_inspection_mapping_043,map_area,2026-01-13T05:03:25.000Z,null,drone_1,uav,single_drone_inspection_mapping_043_exec_7,inprogress,68.4,39.34,37.76,26.43,null,null,null,null,null
single_drone_inspection_mapping_043,map_area,2026-01-13T05:03:58.000Z,null,drone_1,uav,single_drone_inspection_mapping_043_exec_7,inprogress,67.3,43.21,32.58,26.43,null,null,null,null,null
single_drone_inspection_mapping_043,map_area,2026-01-13T05:04:31.000Z,null,drone_1,uav,single_drone_inspection_mapping_043_exec_7,inprogress,66.2,47.09,27.39,26.43,null,null,null,null,null
single_drone_inspection_mapping_043,map_area,2026-01-13T05:05:04.000Z,null,drone_1,uav,single_drone_inspection_mapping_043_exec_7,inprogress,65.1,50.96,22.2,26.43,null,null,null,null,null
single_drone_inspection_mapping_043,map_area,2026-01-13T05:05:37.000Z,null,drone_1,uav,single_drone_inspection_mapping_043_exec_7,inprogress,64.0,54.84,17.02,26.43,null,null,null,null,null
single_drone_inspection_mapping_043,map_area,2026-01-13T05:06:11.000Z,complete,drone_1,uav,single_drone_inspection_mapping_043_exec_7,done,62.8,58.72,11.83,26.43,null,null,null,null,null
single_drone_inspection_mapping_043,navigate,2026-01-13T05:06:12.000Z,start,drone_1,uav,single_drone_inspection_mapping_043_exec_8,inprogress,62.8,58.72,11.83,26.43,null,null,null,null,null
single_drone_inspection_mapping_043,navigate,2026-01-13T05:06:57.000Z,null,drone_1,uav,single_drone_inspection_mapping_043_exec_8,inprogress,61.5,44.04,8.88,26.43,null,null,null,null,null
single_drone_inspection_mapping_043,navigate,2026-01-13T05:07:42.000Z,null,drone_1,uav,single_drone_inspection_mapping_043_exec_8,inprogress,60.2,29.36,5.92,26.43,null,null,null,null,null
single_drone_inspection_mapping_043,navigate,2026-01-13T05:08:27.000Z,null,drone_1,uav,single_drone_inspection_mapping_043_exec_8,inprogress,58.9,14.68,2.96,26.43,null,null,null,null,null
single_drone_inspection_mapping_043,navigate,2026-01-13T05:09:13.000Z,complete,drone_1,uav,single_drone_inspection_mapping_043_exec_8,done,57.6,0.0,0.0,26.43,null,null,null,null,null
single_drone_inspection_mapping_043,land,2026-01-13T05:09:14.000Z,start,drone_1,uav,single_drone_inspection_mapping_043_exec_9,inprogress,57.6,0.0,0.0,26.43,null,null,null,null,null
single_drone_inspection_mapping_043,land,2026-01-13T05:09:35.000Z,null,drone_1,uav,single_drone_inspection_mapping_043_exec_9,inprogress,57.3,0.0,0.0,13.22,null,null,null,null,null
single_drone_inspection_mapping_043,land,2026-01-13T05:09:56.000Z,complete,drone_1,uav,single_drone_inspection_mapping_043_exec_9,done,57.0,0.0,0.0,0.0,null,null,null,null,null
single_drone_inspection_mapping_044,takeoff,2026-01-13T05:26:00.000Z,start,drone_1,uav,single_drone_inspection_mapping_044_exec_1,inprogress,68.9,0.0,0.0,0.0,null,null,null,null,null
single_drone_inspection_mapping_044,takeoff,2026-01-13T05:26:16.000Z,complete,drone_1,uav,single_drone_inspection_mapping_044_exec_1,done,68.3,0.0,0.0,3.0,null,null,null,null,null
single_drone_inspection_mapping_044,ascend,2026-01-13T05:26:17.000Z,start,drone_1,uav,single_drone_inspection_mapping_044_exec_2,inprogress,68.3,0.0,0.0,3.0,null,null,null,null,null
single_drone_inspection_mapping_044,ascend,2026-01-13T05:26:36.000Z,null,drone_1,uav,single_drone_inspection_mapping_044_exec_2,inprogress,67.8,0.0,0.0,14.07,null,null,null,null,null
single_drone_inspection_mapping_044,ascend,2026-01-13T05:26:55.000Z,complete,drone_1,uav,single_drone_inspection_mapping_044_exec_2,done,67.3,0.0,0.0,25.14,null,null,null,null,null
single_drone_inspection_mapping_044,navigate,2026-01-13T05:26:56.000Z,start,drone_1,uav,single_drone_inspection_mapping_044_exec_3,inprogress,67.3,0.0,0.0,25.14,null,null,null,null,null
single_drone_inspection_mapping_044,navigate,2026-01-13T05:27:45.000Z,null,drone_1,uav,single_drone_inspection_mapping_044_exec_3,inprogress,66.2,4.12,4.14,25.14,null,null,null,null,null
single_drone_inspection_mapping_044,navigate,2026-01-13T05:28:34.000Z,null,drone_1,uav,single_drone_inspection_mapping_044_exec_3,inprogress,65.1,8.24,8.29,25.14,null,null,null,null,null
single_drone_inspection_mapping_044,navigate,2026-01-13T05:29:23.000Z,null,drone_1,uav,single_drone_inspection_mapping_044_exec_3,inprogress,64.1,12.37,12.43,25.14,null,null,null,null,null
single_drone_inspection_mapping_044,navigate,2026-01-13T05:30:12.000Z,null,drone_1,uav,single_drone_inspection_mapping_044_exec_3,inprogress,63.0,16.49,16.57,25.14,null,null,null,null,null
single_drone_inspection_mapping_044,navigate,2026-01-13T05:31:01.000Z,null,drone_1,uav,single_drone_inspection_mapping_044_exec_3,inprogress,61.9,20.61,20.72,25.14,null,null,null,null,null
single_drone_inspection_mapping_044,navigate,2026-01-13T05:31:50.000Z,null,drone_1,uav,single_drone_inspection_mapping_044_exec_3,inprogress,60.8,24.73,24.86,25.14,null,null,null,null,null
single_drone_inspection_mapping_044,navigate,2026-01-13T05:32:42.000Z,complete,drone_1,uav,single_drone_inspection_mapping_044_exec_3,done,59.7,28.85,29.0,25.14,null,null,null,null,null
single_drone_inspection_mapping_044,inspect,2026-01-13T05:32:43.000Z,start,drone_1,uav,single_drone_inspection_mapping_044_exec_4,inprogress,59.7,28.85,29.0,25.14,null,null,null,null,null
single_drone_inspection_mapping_044,inspect,2026-01-13T05:33:06.000Z,null,drone_1,uav,single_drone_inspection_mapping_044_exec_4,inprogress,58.8,28.85,29.0,25.14,null,null,null,null,null
single_drone_inspection_mapping_044,inspect,2026-01-13T05:33:29.000Z,null,drone_1,uav,single_drone_inspection_mapping_044_exec_4,inprogress,57.8,28.85,29.0,25.14,null,null,null,null,null
single_drone_inspection_mapping_044,inspect,2026-01-13T05:33:54.000Z,complete,drone_1,uav,single_drone_inspection_mapping_044_exec_4,done,56.9,28.85,29.0,25.14,null,null,null,null,null
single_drone_inspection_mapping_044,capture_image,2026-01-13T05:33:55.000Z,start,drone_1,uav,single_drone_inspection_mapping_044_exec_5,inprogress,56.9,28.85,29.0,25.14,null,null,null,null,null
single_drone_inspection_mapping_044,capture_image,2026-01-13T05:34:10.000Z,complete,drone_1,uav,single_drone_inspection_mapping_044_exec_5,done,56.4,28.85,29.0,25.14,null,null,null,null,null
single_drone_inspection_mapping_044,inspect,2026-01-13T05:34:11.000Z,start,drone_1,uav,single_drone_inspection_mapping_044_exec_6,inprogress,56.4,28.85,29.0,25.14,null,null,null,null,null
single_drone_inspection_mapping_044,inspect,2026-01-13T05:34:36.000Z,null,drone_1,uav,single_drone_inspection_mapping_044_exec_6,inprogress,55.7,28.85,29.0,25.14,null,null,null,null,null
single_drone_inspection_mapping_044,inspect,2026-01-13T05:35:01.000Z,null,drone_1,uav,single_drone_inspection_mapping_044_exec_6,inprogress,55.0,28.85,29.0,25.14,null,null,null,null,null
single_drone_inspection_mapping_044,inspect,2026-01-13T05:35:27.000Z,complete,drone_1,uav,single_drone_inspection_mapping_044_exec_6,done,54.2,28.85,29.0,25.14,null,null,null,null,null
single_drone_inspection_mapping_044,capture_image,2026-01-13T05:35:28.000Z,start,drone_1,uav,single_drone_inspection_mapping_044_exec_7,inprogress,54.2,28.85,29.0,25.14,null,null,null,null,null
single_drone_inspection_mapping_044,capture_image,2026-01-13T05:35:46.000Z,complete,drone_1,uav,single_drone_inspection_mapping_044_exec_7,done,53.9,28.85,29.0,25.14,null,null,null,null,null
single_drone_inspection_mapping_044,hover,2026-01-13T05:35:47.000Z,start,drone_1,uav,single_drone_inspection_mapping_044_exec_8,inprogress,53.9,28.85,29.0,25.14,null,null,null,null,null
single_drone_inspection_mapping_044,hover,2026-01-13T05:36:23.000Z,complete,drone_1,uav,single_drone_inspection_mapping_044_exec_8,done,53.0,28.85,29.0,25.14,null,null,null,null,null
single_drone_inspection_mapping_044,map_area,2026-01-13T05:36:24.000Z,start,drone_1,uav,single_drone_inspection_mapping_044_exec_9,inprogress,53.0,28.85,29.0,25.14,null,null,null,null,null
single_drone_inspection_mapping_044,map_area,2026-01-13T05:37:13.000Z,null,drone_1,uav,single_drone_inspection_mapping_044_exec_9,inprogress,51.9,33.53,29.24,25.14,null,null,null,null,null
single_drone_inspection_mapping_044,map_area,2026-01-13T05:38:02.000Z,null,drone_1,uav,single_drone_inspection_mapping_044_exec_9,inprogress,50.8,38.21,29.48,25.14,null,null,null,null,null
single_drone_inspection_mapping_044,map_area,2026-01-13T05:38:51.000Z,null,drone_1,uav,single_drone_inspection_mapping_044_exec_9,inprogress,49.7,42.89,29.72,25.14,null,null,null,null,null
single_drone_inspection_mapping_044,map_area,2026-01-13T05:39:40.000Z,null,drone_1,uav,single_drone_inspection_mapping_044_exec_9,inprogress,48.6,47.57,29.96,25.14,null,null,null,null,null
single_drone_inspection_mapping_044,map_area,2026-01-13T05:40:29.000Z,null,drone_1,uav,single_drone_inspection_mapping_044_exec_9,inprogress,47.5,52.25,30.2,25.14,null,null,null,null,null
single_drone_inspection_mapping_044,map_area,2026-01-13T05:41:18.000Z,null,drone_1,uav,single_drone_inspection_mapping_044_exec_9,inprogress,46.3,56.93,30.44,25.14,null,null,null,null,null
single_drone_inspection_mapping_044,map_area,2026-01-13T05:42:07.000Z,null,drone_1,uav,single_drone_inspection_mapping_044_exec_9,inprogress,45.2,61.61,30.68,25.14,null,null,null,null,null
single_drone_inspection_mapping_044,map_area,2026-01-13T05:42:57.000Z,complete,drone_1,uav,single_drone_inspection_mapping_044_exec_9,done,44.1,66.29,30.92,25.14,null,null,null,null,null
single_drone_inspection_mapping_044,replan,2026-01-13T05:42:58.000Z,start,drone_1,uav,single_drone_inspection_mapping_044_exec_10,inprogress,44.1,66.29,30.92,25.14,null,null,null,null,null
single_drone_inspection_mapping_044,replan,2026-01-13T05:43:37.000Z,complete,drone_1,uav,single_drone_inspection_mapping_044_exec_10,done,43.4,66.29,30.92,25.14,null,null,null,null,null
single_drone_inspection_mapping_044,navigate,2026-01-13T05:43:38.000Z,start,drone_1,uav,single_drone_inspection_mapping_044_exec_11,inprogress,43.4,66.29,30.92,25.14,null,null,null,null,null
single_drone_inspection_mapping_044,navigate,2026-01-13T05:44:25.000Z,null,drone_1,uav,single_drone_inspection_mapping_044_exec_11,inprogress,42.4,53.04,24.74,25.14,null,null,null,null,null
single_drone_inspection_mapping_044,navigate,2026-01-13T05:45:12.000Z,null,drone_1,uav,single_drone_inspection_mapping_044_exec_11,inprogress,41.5,39.78,18.55,25.14,null,null,null,null,null
single_drone_inspection_mapping_044,navigate,2026-01-13T05:45:59.000Z,null,drone_1,uav,single_drone_inspection_mapping_044_exec_11,inprogress,40.5,26.52,12.37,25.14,null,null,null,null,null
single_drone_inspection_mapping_044,navigate,2026-01-13T05:46:46.000Z,null,drone_1,uav,single_drone_inspection_mapping_044_exec_11,inprogress,39.5,13.26,6.18,25.14,null,null,null,null,null
single_drone_inspection_mapping_044,navigate,2026-01-13T05:47:33.000Z,complete,drone_1,uav,single_drone_inspection_mapping_044_exec_11,done,38.5,0.0,0.0,25.14,null,null,null,null,null
single_drone_inspection_mapping_044,land,2026-01-13T05:47:34.000Z,start,drone_1,uav,single_drone_inspection_mapping_044_exec_12,inprogress,38.5,0.0,0.0,25.14,null,null,null,null,null
single_drone_inspection_mapping_044,land,2026-01-13T05:47:53.000Z,null,drone_1,uav,single_drone_inspection_mapping_044_exec_12,inprogress,38.2,0.0,0.0,12.57,null,null,null,null,null
single_drone_inspection_mapping_044,land,2026-01-13T05:48:13.000Z,complete,drone_1,uav,single_drone_inspection_mapping_044_exec_12,done,37.9,0.0,0.0,0.0,null,null,null,null,null
single_drone_inspection_mapping_045,takeoff,2026-01-13T05:58:00.000Z,start,drone_1,uav,single_drone_inspection_mapping_045_exec_1,inprogress,89.9,0.0,0.0,0.0,null,null,null,null,null
single_drone_inspection_mapping_045,takeoff,2026-01-13T05:58:30.000Z,complete,drone_1,uav,single_drone_inspection_mapping_045_exec_1,done,89.4,0.0,0.0,3.0,null,null,null,null,null
single_drone_inspection_mapping_045,ascend,2026-01-13T05:58:31.000Z,start,drone_1,uav,single_drone_inspection_mapping_045_exec_2,inprogress,89.4,0.0,0.0,3.0,null,null,null,null,null
single_drone_inspection_mapping_045,ascend,2026-01-13T05:58:45.000Z,null,drone_1,uav,single_drone_inspection_mapping_045_exec_2,inprogress,88.6,0.0,0.0,13.16,null,null,null,null,null
single_drone_inspection_mapping_045,ascend,2026-01-13T05:58:59.000Z,complete,drone_1,uav,single_drone_inspection_mapping_045_exec_2,done,87.9,0.0,0.0,23.33,null,null,null,null,null
single_drone_inspection_mapping_045,navigate,2026-01-13T05:59:00.000Z,start,drone_1,uav,single_drone_inspection_mapping_045_exec_3,inprogress,87.9,0.0,0.0,23.33,null,null,null,null,null
single_drone_inspection_mapping_045,navigate,2026-01-13T05:59:51.000Z,null,drone_1,uav,single_drone_inspection_mapping_045_exec_3,inprogress,86.7,6.09,9.69,23.33,null,null,null,null,null
single_drone_inspection_mapping_045,navigate,2026-01-13T06:00:42.000Z,null,drone_1,uav,single_drone_inspection_mapping_045_exec_3,inprogress,85.6,12.18,19.38,23.33,null,null,null,null,null
single_drone_inspection_mapping_045,navigate,2026-01-13T06:01:33.000Z,null,drone_1,uav,single_drone_inspection_mapping_045_exec_3,inprogress,84.4,18.27,29.07,23.33,null,null,null,null,null
single_drone_inspection_mapping_045,navigate,2026-01-13T06:02:24.000Z,null,drone_1,uav,single_drone_inspection_mapping_045_exec_3,inprogress,83.3,24.36,38.76,23.33,null,null,null,null,null
single_drone_inspection_mapping_045,navigate,2026-01-13T06:03:16.000Z,complete,drone_1,uav,single_drone_inspection_mapping_045_exec_3,done,82.1,30.45,48.44,23.33,null,null,null,null,null
single_drone_inspection_mapping_045,inspect,2026-01-13T06:03:17.000Z,start,drone_1,uav,single_drone_inspection_mapping_045_exec_4,inprogress,82.1,30.45,48.44,23.33,null,null,null,null,null
single_drone_inspection_mapping_045,inspect,2026-01-13T06:03:42.000Z,null,drone_1,uav,single_drone_inspection_mapping_045_exec_4,inprogress,81.3,30.45,48.44,23.33,null,null,null,null,null
single_drone_inspection_mapping_045,inspect,2026-01-13T06:04:07.000Z,null,drone_1,uav,single_drone_inspection_mapping_045_exec_4,inprogress,80.5,30.45,48.44,23.33,null,null,null,null,null
single_drone_inspection_mapping_045,inspect,2026-01-13T06:04:34.000Z,complete,drone_1,uav,single_drone_inspection_mapping_045_exec_4,done,79.6,30.45,48.44,23.33,null,null,null,null,null
single_drone_inspection_mapping_045,capture_image,2026-01-13T06:04:35.000Z,start,drone_1,uav,single_drone_inspection_mapping_045_exec_5,inprogress,79.6,30.45,48.44,23.33,null,null,null,null,null
single_drone_inspection_mapping_045,capture_image,2026-01-13T06:04:49.000Z,complete,drone_1,uav,single_drone_inspection_mapping_045_exec_5,done,79.1,30.45,48.44,23.33,null,null,null,null,null
single_drone_inspection_mapping_045,hover,2026-01-13T06:04:50.000Z,start,drone_1,uav,single_drone_inspection_mapping_045_exec_6,inprogress,79.1,30.45,48.44,23.33,null,null,null,null,null
single_drone_inspection_mapping_045,hover,2026-01-13T06:05:13.000Z,null,drone_1,uav,single_drone_inspection_mapping_045_exec_6,inprogress,78.8,30.45,48.44,23.33,null,null,null,null,null
single_drone_inspection_mapping_045,hover,2026-01-13T06:05:36.000Z,complete,drone_1,uav,single_drone_inspection_mapping_045_exec_6,done,78.4,30.45,48.44,23.33,null,null,null,null,null
single_drone_inspection_mapping_045,map_area,2026-01-13T06:05:37.000Z,start,drone_1,uav,single_drone_inspection_mapping_045_exec_7,inprogress,78.4,30.45,48.44,23.33,null,null,null,null,null
single_drone_inspection_mapping_045,map_area,2026-01-13T06:06:15.000Z,null,drone_1,uav,single_drone_inspection_mapping_045_exec_7,inprogress,77.1,39.53,44.63,23.33,null,null,null,null,null
single_drone_inspection_mapping_045,map_area,2026-01-13T06:06:53.000Z,null,drone_1,uav,single_drone_inspection_mapping_045_exec_7,inprogress,75.8,48.61,40.82,23.33,null,null,null,null,null
single_drone_inspection_mapping_045,map_area,2026-01-13T06:07:31.000Z,null,drone_1,uav,single_drone_inspection_mapping_045_exec_7,inprogress,74.5,57.68,37.0,23.33,null,null,null,null,null
single_drone_inspection_mapping_045,map_area,2026-01-13T06:08:09.000Z,null,drone_1,uav,single_drone_inspection_mapping_045_exec_7,inprogress,73.2,66.76,33.19,23.33,null,null,null,null,null
single_drone_inspection_mapping_045,map_area,2026-01-13T06:08:47.000Z,null,drone_1,uav,single_drone_inspection_mapping_045_exec_7,inprogress,71.9,75.84,29.38,23.33,null,null,null,null,null
single_drone_inspection_mapping_045,map_area,2026-01-13T06:09:26.000Z,complete,drone_1,uav,single_drone_inspection_mapping_045_exec_7,done,70.7,84.92,25.57,23.33,null,null,null,null,null
single_drone_inspection_mapping_045,navigate,2026-01-13T06:09:27.000Z,start,drone_1,uav,single_drone_inspection_mapping_045_exec_8,inprogress,70.7,84.92,25.57,23.33,null,null,null,null,null
single_drone_inspection_mapping_045,navigate,2026-01-13T06:10:22.000Z,null,drone_1,uav,single_drone_inspection_mapping_045_exec_8,inprogress,69.6,67.94,20.45,23.33,null,null,null,null,null
single_drone_inspection_mapping_045,navigate,2026-01-13T06:11:17.000Z,null,drone_1,uav,single_drone_inspection_mapping_045_exec_8,inprogress,68.5,50.95,15.34,23.33,null,null,null,null,null
single_drone_inspection_mapping_045,navigate,2026-01-13T06:12:12.000Z,null,drone_1,uav,single_drone_inspection_mapping_045_exec_8,inprogress,67.4,33.97,10.23,23.33,null,null,null,null,null
single_drone_inspection_mapping_045,navigate,2026-01-13T06:13:07.000Z,null,drone_1,uav,single_drone_inspection_mapping_045_exec_8,inprogress,66.4,16.98,5.11,23.33,null,null,null,null,null
single_drone_inspection_mapping_045,navigate,2026-01-13T06:14:03.000Z,complete,drone_1,uav,single_drone_inspection_mapping_045_exec_8,done,65.3,0.0,0.0,23.33,null,null,null,null,null
single_drone_inspection_mapping_045,land,2026-01-13T06:14:04.000Z,start,drone_1,uav,single_drone_inspection_mapping_045_exec_9,inprogress,65.3,0.0,0.0,23.33,null,null,null,null,null
single_drone_inspection_mapping_045,land,2026-01-13T06:14:24.000Z,null,drone_1,uav,single_drone_inspection_mapping_045_exec_9,inprogress,65.0,0.0,0.0,11.66,null,null,null,null,null
single_drone_inspection_mapping_045,land,2026-01-13T06:14:45.000Z,complete,drone_1,uav,single_drone_inspection_mapping_045_exec_9,done,64.6,0.0,0.0,0.0,null,null,null,null,null
single_drone_inspection_mapping_046,takeoff,2026-01-13T06:30:00.000Z,start,drone_1,uav,single_drone_inspection_mapping_046_exec_1,inprogress,77.6,0.0,0.0,0.0,null,null,null,null,null
single_drone_inspection_mapping_046,takeoff,2026-01-13T06:30:20.000Z,complete,drone_1,uav,single_drone_inspection_mapping_046_exec_1,done,76.6,0.0,0.0,3.0,null,null,null,null,null
single_drone_inspection_mapping_046,ascend,2026-01-13T06:30:21.000Z,start,drone_1,uav,single_drone_inspection_mapping_046_exec_2,inprogress,76.6,0.0,0.0,3.0,null,null,null,null,null
single_drone_inspection_mapping_046,ascend,2026-01-13T06:30:39.000Z,null,drone_1,uav,single_drone_inspection_mapping_046_exec_2,inprogress,76.2,0.0,0.0,10.18,null,null,null,null,null
single_drone_inspection_mapping_046,ascend,2026-01-13T06:30:58.000Z,complete,drone_1,uav,single_drone_inspection_mapping_046_exec_2,done,75.7,0.0,0.0,17.35,null,null,null,null,null
single_drone_inspection_mapping_046,navigate,2026-01-13T06:30:59.000Z,start,drone_1,uav,single_drone_inspection_mapping_046_exec_3,inprogress,75.7,0.0,0.0,17.35,null,null,null,null,null
single_drone_inspection_mapping_046,navigate,2026-01-13T06:31:36.000Z,null,drone_1,uav,single_drone_inspection_mapping_046_exec_3,inprogress,74.3,4.19,5.06,17.35,null,null,null,null,null
single_drone_inspection_mapping_046,navigate,2026-01-13T06:32:13.000Z,null,drone_1,uav,single_drone_inspection_mapping_046_exec_3,inprogress,73.0,8.37,10.12,17.35,null,null,null,null,null
single_drone_inspection_mapping_046,navigate,2026-01-13T06:32:50.000Z,null,drone_1,uav,single_drone_inspection_mapping_046_exec_3,inprogress,71.6,12.56,15.17,17.35,null,null,null,null,null
single_drone_inspection_mapping_046,navigate,2026-01-13T06:33:27.000Z,null,drone_1,uav,single_drone_inspection_mapping_046_exec_3,inprogress,70.2,16.75,20.23,17.35,null,null,null,null,null
single_drone_inspection_mapping_046,navigate,2026-01-13T06:34:04.000Z,null,drone_1,uav,single_drone_inspection_mapping_046_exec_3,inprogress,68.8,20.93,25.29,17.35,null,null,null,null,null
single_drone_inspection_mapping_046,navigate,2026-01-13T06:34:45.000Z,complete,drone_1,uav,single_drone_inspection_mapping_046_exec_3,done,67.5,25.12,30.35,17.35,null,null,null,null,null
single_drone_inspection_mapping_046,inspect,2026-01-13T06:35:20.000Z,start,drone_1,uav,single_drone_inspection_mapping_046_exec_4,inprogress,67.5,25.12,30.35,17.35,null,null,null,null,null
single_drone_inspection_mapping_046,inspect,2026-01-13T06:35:56.000Z,null,drone_1,uav,single_drone_inspection_mapping_046_exec_4,inprogress,66.6,25.12,30.35,17.35,null,null,null,null,null
single_drone_inspection_mapping_046,inspect,2026-01-13T06:36:32.000Z,null,drone_1,uav,single_drone_inspection_mapping_046_exec_4,inprogress,65.7,25.12,30.35,17.35,null,null,null,null,null
single_drone_inspection_mapping_046,inspect,2026-01-13T06:37:09.000Z,complete,drone_1,uav,single_drone_inspection_mapping_046_exec_4,done,64.8,25.12,30.35,17.35,null,null,null,null,null
single_drone_inspection_mapping_046,capture_image,2026-01-13T06:37:10.000Z,start,drone_1,uav,single_drone_inspection_mapping_046_exec_5,inprogress,64.8,25.12,30.35,17.35,null,null,null,null,null
single_drone_inspection_mapping_046,capture_image,2026-01-13T06:37:30.000Z,complete,drone_1,uav,single_drone_inspection_mapping_046_exec_5,done,64.4,25.12,30.35,17.35,null,null,null,null,null
single_drone_inspection_mapping_046,hover,2026-01-13T06:37:31.000Z,start,drone_1,uav,single_drone_inspection_mapping_046_exec_6,inprogress,64.4,25.12,30.35,17.35,null,null,null,null,null
single_drone_inspection_mapping_046,hover,2026-01-13T06:37:54.000Z,complete,drone_1,uav,single_drone_inspection_mapping_046_exec_6,done,63.6,25.12,30.35,17.35,null,null,null,null,null
single_drone_inspection_mapping_046,map_area,2026-01-13T06:37:55.000Z,start,drone_1,uav,single_drone_inspection_mapping_046_exec_7,inprogress,63.6,25.12,30.35,17.35,null,null,null,null,null
single_drone_inspection_mapping_046,map_area,2026-01-13T06:38:48.000Z,null,drone_1,uav,single_drone_inspection_mapping_046_exec_7,inprogress,61.5,33.88,27.69,17.35,null,null,null,null,null
single_drone_inspection_mapping_046,map_area,2026-01-13T06:39:41.000Z,null,drone_1,uav,single_drone_inspection_mapping_046_exec_7,inprogress,59.5,42.64,25.03,17.35,null,null,null,null,null
single_drone_inspection_mapping_046,map_area,2026-01-13T06:40:34.000Z,null,drone_1,uav,single_drone_inspection_mapping_046_exec_7,inprogress,57.4,51.39,22.38,17.35,null,null,null,null,null
single_drone_inspection_mapping_046,map_area,2026-01-13T06:41:27.000Z,null,drone_1,uav,single_drone_inspection_mapping_046_exec_7,inprogress,55.3,60.15,19.72,17.35,null,null,null,null,null
single_drone_inspection_mapping_046,map_area,2026-01-13T06:42:24.000Z,complete,drone_1,uav,single_drone_inspection_mapping_046_exec_7,done,53.3,68.91,17.07,17.35,null,null,null,null,null
single_drone_inspection_mapping_046,navigate,2026-01-13T06:42:25.000Z,start,drone_1,uav,single_drone_inspection_mapping_046_exec_8,inprogress,53.3,68.91,17.07,17.35,null,null,null,null,null
single_drone_inspection_mapping_046,navigate,2026-01-13T06:43:19.000Z,null,drone_1,uav,single_drone_inspection_mapping_046_exec_8,inprogress,52.5,51.68,12.8,17.35,null,null,null,null,null
single_drone_inspection_mapping_046,navigate,2026-01-13T06:44:13.000Z,null,drone_1,uav,single_drone_inspection_mapping_046_exec_8,inprogress,51.7,34.46,8.53,17.35,null,null,null,null,null
single_drone_inspection_mapping_046,navigate,2026-01-13T06:45:07.000Z,null,drone_1,uav,single_drone_inspection_mapping_046_exec_8,inprogress,50.9,17.23,4.27,17.35,null,null,null,null,null
single_drone_inspection_mapping_046,navigate,2026-01-13T06:46:01.000Z,complete,drone_1,uav,single_drone_inspection_mapping_046_exec_8,done,50.1,0.0,0.0,17.35,null,null,null,null,null
single_drone_inspection_mapping_046,land,2026-01-13T06:46:02.000Z,start,drone_1,uav,single_drone_inspection_mapping_046_exec_9,inprogress,50.1,0.0,0.0,17.35,null,null,null,null,null
single_drone_inspection_mapping_046,land,2026-01-13T06:46:14.000Z,null,drone_1,uav,single_drone_inspection_mapping_046_exec_9,inprogress,49.8,0.0,0.0,8.68,null,null,null,null,null
single_drone_inspection_mapping_046,land,2026-01-13T06:46:26.000Z,complete,drone_1,uav,single_drone_inspection_mapping_046_exec_9,done,49.5,0.0,0.0,0.0,null,null,null,null,null
single_drone_inspection_mapping_047,takeoff,2026-01-13T07:02:00.000Z,start,drone_1,uav,single_drone_inspection_mapping_047_exec_1,inprogress,74.4,0.0,0.0,0.0,null,null,null,null,null
single_drone_inspection_mapping_047,takeoff,2026-01-13T07:02:28.000Z,complete,drone_1,uav,single_drone_inspection_mapping_047_exec_1,done,73.3,0.0,0.0,3.0,null,null,null,null,null
single_drone_inspection_mapping_047,ascend,2026-01-13T07:02:29.000Z,start,drone_1,uav,single_drone_inspection_mapping_047_exec_2,inprogress,73.3,0.0,0.0,3.0,null,null,null,null,null
single_drone_inspection_mapping_047,ascend,2026-01-13T07:02:46.000Z,null,drone_1,uav,single_drone_inspection_mapping_047_exec_2,inprogress,72.6,0.0,0.0,9.93,null,null,null,null,null
single_drone_inspection_mapping_047,ascend,2026-01-13T07:03:03.000Z,complete,drone_1,uav,single_drone_inspection_mapping_047_exec_2,done,71.8,0.0,0.0,16.86,null,null,null,null,null
single_drone_inspection_mapping_047,navigate,2026-01-13T07:03:04.000Z,start,drone_1,uav,single_drone_inspection_mapping_047_exec_3,inprogress,71.8,0.0,0.0,16.86,null,null,null,null,null
single_drone_inspection_mapping_047,navigate,2026-01-13T07:03:41.000Z,null,drone_1,uav,single_drone_inspection_mapping_047_exec_3,inprogress,70.5,4.54,3.87,16.86,null,null,null,null,null
single_drone_inspection_mapping_047,navigate,2026-01-13T07:04:18.000Z,null,drone_1,uav,single_drone_inspection_mapping_047_exec_3,inprogress,69.1,9.07,7.74,16.86,null,null,null,null,null
single_drone_inspection_mapping_047,navigate,2026-01-13T07:04:55.000Z,null,drone_1,uav,single_drone_inspection_mapping_047_exec_3,inprogress,67.7,13.61,11.62,16.86,null,null,null,null,null
single_drone_inspection_mapping_047,navigate,2026-01-13T07:05:32.000Z,null,drone_1,uav,single_drone_inspection_mapping_047_exec_3,inprogress,66.4,18.14,15.49,16.86,null,null,null,null,null
single_drone_inspection_mapping_047,navigate,2026-01-13T07:06:09.000Z,null,drone_1,uav,single_drone_inspection_mapping_047_exec_3,inprogress,65.0,22.68,19.36,16.86,null,null,null,null,null
single_drone_inspection_mapping_047,navigate,2026-01-13T07:06:49.000Z,complete,drone_1,uav,single_drone_inspection_mapping_047_exec_3,done,63.7,27.21,23.23,16.86,null,null,null,null,null
single_drone_inspection_mapping_047,inspect,2026-01-13T07:07:27.000Z,start,drone_1,uav,single_drone_inspection_mapping_047_exec_4,inprogress,63.7,27.21,23.23,16.86,null,null,null,null,null
single_drone_inspection_mapping_047,inspect,2026-01-13T07:08:15.000Z,null,drone_1,uav,single_drone_inspection_mapping_047_exec_4,inprogress,62.5,27.21,23.23,16.86,null,null,null,null,null
single_drone_inspection_mapping_047,inspect,2026-01-13T07:09:03.000Z,complete,drone_1,uav,single_drone_inspection_mapping_047_exec_4,done,61.3,27.21,23.23,16.86,null,null,null,null,null
single_drone_inspection_mapping_047,capture_image,2026-01-13T07:09:04.000Z,start,drone_1,uav,single_drone_inspection_mapping_047_exec_5,inprogress,61.3,27.21,23.23,16.86,null,null,null,null,null
single_drone_inspection_mapping_047,capture_image,2026-01-13T07:09:19.000Z,complete,drone_1,uav,single_drone_inspection_mapping_047_exec_5,done,60.9,27.21,23.23,16.86,null,null,null,null,null
single_drone_inspection_mapping_047,hover,2026-01-13T07:09:20.000Z,start,drone_1,uav,single_drone_inspection_mapping_047_exec_6,inprogress,60.9,27.21,23.23,16.86,null,null,null,null,null
single_drone_inspection_mapping_047,hover,2026-01-13T07:09:50.000Z,null,drone_1,uav,single_drone_inspection_mapping_047_exec_6,inprogress,60.5,27.21,23.23,16.86,null,null,null,null,null
single_drone_inspection_mapping_047,hover,2026-01-13T07:10:20.000Z,complete,drone_1,uav,single_drone_inspection_mapping_047_exec_6,done,60.1,27.21,23.23,16.86,null,null,null,null,null
single_drone_inspection_mapping_047,map_area,2026-01-13T07:10:21.000Z,start,drone_1,uav,single_drone_inspection_mapping_047_exec_7,inprogress,60.1,27.21,23.23,16.86,null,null,null,null,null
single_drone_inspection_mapping_047,map_area,2026-01-13T07:11:03.000Z,null,drone_1,uav,single_drone_inspection_mapping_047_exec_7,inprogress,59.4,31.02,26.19,16.86,null,null,null,null,null
single_drone_inspection_mapping_047,map_area,2026-01-13T07:11:45.000Z,null,drone_1,uav,single_drone_inspection_mapping_047_exec_7,inprogress,58.6,34.82,29.14,16.86,null,null,null,null,null
single_drone_inspection_mapping_047,map_area,2026-01-13T07:12:27.000Z,null,drone_1,uav,single_drone_inspection_mapping_047_exec_7,inprogress,57.9,38.62,32.1,16.86,null,null,null,null,null
single_drone_inspection_mapping_047,map_area,2026-01-13T07:13:09.000Z,null,drone_1,uav,single_drone_inspection_mapping_047_exec_7,inprogress,57.1,42.43,35.05,16.86,null,null,null,null,null
single_drone_inspection_mapping_047,map_area,2026-01-13T07:13:51.000Z,null,drone_1,uav,single_drone_inspection_mapping_047_exec_7,inprogress,56.3,46.23,38.01,16.86,null,null,null,null,null
single_drone_inspection_mapping_047,map_area,2026-01-13T07:14:33.000Z,null,drone_1,uav,single_drone_inspection_mapping_047_exec_7,inprogress,55.6,50.03,40.96,16.86,null,null,null,null,null
single_drone_inspection_mapping_047,map_area,2026-01-13T07:15:15.000Z,null,drone_1,uav,single_drone_inspection_mapping_047_exec_7,inprogress,54.8,53.84,43.91,16.86,null,null,null,null,null
single_drone_inspection_mapping_047,map_area,2026-01-13T07:16:03.000Z,complete,drone_1,uav,single_drone_inspection_mapping_047_exec_7,done,54.1,57.64,46.87,16.86,null,null,null,null,null
single_drone_inspection_mapping_047,navigate,2026-01-13T07:16:04.000Z,start,drone_1,uav,single_drone_inspection_mapping_047_exec_8,inprogress,54.1,57.64,46.87,16.86,null,null,null,null,null
single_drone_inspection_mapping_047,navigate,2026-01-13T07:17:22.000Z,null,drone_1,uav,single_drone_inspection_mapping_047_exec_8,inprogress,52.2,38.43,31.25,16.86,null,null,null,null,null
single_drone_inspection_mapping_047,navigate,2026-01-13T07:18:40.000Z,null,drone_1,uav,single_drone_inspection_mapping_047_exec_8,inprogress,50.3,19.21,15.62,16.86,null,null,null,null,null
single_drone_inspection_mapping_047,navigate,2026-01-13T07:19:59.000Z,complete,drone_1,uav,single_drone_inspection_mapping_047_exec_8,done,48.4,0.0,0.0,16.86,null,null,null,null,null
single_drone_inspection_mapping_047,land,2026-01-13T07:20:00.000Z,start,drone_1,uav,single_drone_inspection_mapping_047_exec_9,inprogress,48.4,0.0,0.0,16.86,null,null,null,null,null
single_drone_inspection_mapping_047,land,2026-01-13T07:20:22.000Z,null,drone_1,uav,single_drone_inspection_mapping_047_exec_9,inprogress,48.0,0.0,0.0,8.43,null,null,null,null,null
single_drone_inspection_mapping_047,land,2026-01-13T07:20:44.000Z,complete,drone_1,uav,single_drone_inspection_mapping_047_exec_9,done,47.5,0.0,0.0,0.0,null,null,null,null,null
single_drone_inspection_mapping_048,takeoff,2026-01-13T07:34:00.000Z,start,drone_1,uav,single_drone_inspection_mapping_048_exec_1,inprogress,74.1,0.0,0.0,0.0,null,null,null,null,null
single_drone_inspection_mapping_048,takeoff,2026-01-13T07:34:15.000Z,complete,drone_1,uav,single_drone_inspection_mapping_048_exec_1,done,73.2,0.0,0.0,3.0,null,null,null,null,null
single_drone_inspection_mapping_048,ascend,2026-01-13T07:34:16.000Z,start,drone_1,uav,single_drone_inspection_mapping_048_exec_2,inprogress,73.2,0.0,0.0,3.0,null,null,null,null,null
single_drone_inspection_mapping_048,ascend,2026-01-13T07:34:29.000Z,null,drone_1,uav,single_drone_inspection_mapping_048_exec_2,inprogress,72.5,0.0,0.0,10.47,null,null,null,null,null
single_drone_inspection_mapping_048,ascend,2026-01-13T07:34:43.000Z,complete,drone_1,uav,single_drone_inspection_mapping_048_exec_2,done,71.7,0.0,0.0,17.94,null,null,null,null,null
single_drone_inspection_mapping_048,navigate,2026-01-13T07:34:44.000Z,start,drone_1,uav,single_drone_inspection_mapping_048_exec_3,inprogress,71.7,0.0,0.0,17.94,null,null,null,null,null
single_drone_inspection_mapping_048,navigate,2026-01-13T07:35:35.000Z,null,drone_1,uav,single_drone_inspection_mapping_048_exec_3,inprogress,70.7,6.5,4.82,17.94,null,null,null,null,null
single_drone_inspection_mapping_048,navigate,2026-01-13T07:36:26.000Z,null,drone_1,uav,single_drone_inspection_mapping_048_exec_3,inprogress,69.6,12.99,9.64,17.94,null,null,null,null,null
single_drone_inspection_mapping_048,navigate,2026-01-13T07:37:17.000Z,null,drone_1,uav,single_drone_inspection_mapping_048_exec_3,inprogress,68.5,19.49,14.46,17.94,null,null,null,null,null
single_drone_inspection_mapping_048,navigate,2026-01-13T07:38:08.000Z,null,drone_1,uav,single_drone_inspection_mapping_048_exec_3,inprogress,67.5,25.99,19.29,17.94,null,null,null,null,null
single_drone_inspection_mapping_048,navigate,2026-01-13T07:39:02.000Z,complete,drone_1,uav,single_drone_inspection_mapping_048_exec_3,done,66.4,32.48,24.11,17.94,null,null,null,null,null
single_drone_inspection_mapping_048,inspect,2026-01-13T07:40:23.000Z,start,drone_1,uav,single_drone_inspection_mapping_048_exec_4,inprogress,66.4,32.48,24.11,17.94,null,null,null,null,null
single_drone_inspection_mapping_048,inspect,2026-01-13T07:40:58.000Z,null,drone_1,uav,single_drone_inspection_mapping_048_exec_4,inprogress,65.5,32.48,24.11,17.94,null,null,null,null,null
single_drone_inspection_mapping_048,inspect,2026-01-13T07:41:33.000Z,null,drone_1,uav,single_drone_inspection_mapping_048_exec_4,inprogress,64.7,32.48,24.11,17.94,null,null,null,null,null
single_drone_inspection_mapping_048,inspect,2026-01-13T07:42:10.000Z,complete,drone_1,uav,single_drone_inspection_mapping_048_exec_4,done,63.8,32.48,24.11,17.94,null,null,null,null,null
single_drone_inspection_mapping_048,capture_image,2026-01-13T07:42:11.000Z,start,drone_1,uav,single_drone_inspection_mapping_048_exec_5,inprogress,63.8,32.48,24.11,17.94,null,null,null,null,null
single_drone_inspection_mapping_048,capture_image,2026-01-13T07:42:31.000Z,complete,drone_1,uav,single_drone_inspection_mapping_048_exec_5,done,63.4,32.48,24.11,17.94,null,null,null,null,null
single_drone_inspection_mapping_048,hover,2026-01-13T07:42:32.000Z,start,drone_1,uav,single_drone_inspection_mapping_048_exec_6,inprogress,63.4,32.48,24.11,17.94,null,null,null,null,null
single_drone_inspection_mapping_048,hover,2026-01-13T07:42:57.000Z,null,drone_1,uav,single_drone_inspection_mapping_048_exec_6,inprogress,62.9,32.48,24.11,17.94,null,null,null,null,null
single_drone_inspection_mapping_048,hover,2026-01-13T07:43:23.000Z,complete,drone_1,uav,single_drone_inspection_mapping_048_exec_6,done,62.4,32.48,24.11,17.94,null,null,null,null,null
single_drone_inspection_mapping_048,map_area,2026-01-13T07:43:24.000Z,start,drone_1,uav,single_drone_inspection_mapping_048_exec_7,inprogress,62.4,32.48,24.11,17.94,null,null,null,null,null
single_drone_inspection_mapping_048,map_area,2026-01-13T07:43:56.000Z,null,drone_1,uav,single_drone_inspection_mapping_048_exec_7,inprogress,61.6,35.8,29.82,17.94,null,null,null,null,null
single_drone_inspection_mapping_048,map_area,2026-01-13T07:44:28.000Z,null,drone_1,uav,single_drone_inspection_mapping_048_exec_7,inprogress,60.9,39.12,35.52,17.94,null,null,null,null,null
single_drone_inspection_mapping_048,map_area,2026-01-13T07:45:00.000Z,null,drone_1,uav,single_drone_inspection_mapping_048_exec_7,inprogress,60.1,42.43,41.23,17.94,null,null,null,null,null
single_drone_inspection_mapping_048,map_area,2026-01-13T07:45:32.000Z,null,drone_1,uav,single_drone_inspection_mapping_048_exec_7,inprogress,59.4,45.75,46.94,17.94,null,null,null,null,null
single_drone_inspection_mapping_048,map_area,2026-01-13T07:46:04.000Z,null,drone_1,uav,single_drone_inspection_mapping_048_exec_7,inprogress,58.6,49.06,52.65,17.94,null,null,null,null,null
single_drone_inspection_mapping_048,map_area,2026-01-13T07:46:36.000Z,null,drone_1,uav,single_drone_inspection_mapping_048_exec_7,inprogress,57.8,52.38,58.35,17.94,null,null,null,null,null
single_drone_inspection_mapping_048,map_area,2026-01-13T07:47:08.000Z,null,drone_1,uav,single_drone_inspection_mapping_048_exec_7,inprogress,57.1,55.7,64.06,17.94,null,null,null,null,null
single_drone_inspection_mapping_048,map_area,2026-01-13T07:47:46.000Z,complete,drone_1,uav,single_drone_inspection_mapping_048_exec_7,done,56.3,59.01,69.77,17.94,null,null,null,null,null
single_drone_inspection_mapping_048,navigate,2026-01-13T07:47:47.000Z,start,drone_1,uav,single_drone_inspection_mapping_048_exec_8,inprogress,56.3,59.01,69.77,17.94,null,null,null,null,null
single_drone_inspection_mapping_048,navigate,2026-01-13T07:48:44.000Z,null,drone_1,uav,single_drone_inspection_mapping_048_exec_8,inprogress,54.6,39.34,46.51,17.94,null,null,null,null,null
single_drone_inspection_mapping_048,navigate,2026-01-13T07:49:41.000Z,null,drone_1,uav,single_drone_inspection_mapping_048_exec_8,inprogress,52.8,19.67,23.26,17.94,null,null,null,null,null
single_drone_inspection_mapping_048,navigate,2026-01-13T07:50:40.000Z,complete,drone_1,uav,single_drone_inspection_mapping_048_exec_8,done,51.1,0.0,0.0,17.94,null,null,null,null,null
single_drone_inspection_mapping_048,land,2026-01-13T07:50:41.000Z,start,drone_1,uav,single_drone_inspection_mapping_048_exec_9,inprogress,51.1,0.0,0.0,17.94,null,null,null,null,null
single_drone_inspection_mapping_048,land,2026-01-13T07:51:00.000Z,null,drone_1,uav,single_drone_inspection_mapping_048_exec_9,inprogress,50.7,0.0,0.0,8.97,null,null,null,null,null
single_drone_inspection_mapping_048,land,2026-01-13T07:51:19.000Z,complete,drone_1,uav,single_drone_inspection_mapping_048_exec_9,done,50.4,0.0,0.0,0.0,null,null,null,null,null
single_drone_inspection_mapping_049,takeoff,2026-01-13T08:06:00.000Z,start,drone_1,uav,single_drone_inspection_mapping_049_exec_1,inprogress,71.9,0.0,0.0,0.0,null,null,null,null,null
single_drone_inspection_mapping_049,takeoff,2026-01-13T08:06:35.000Z,complete,drone_1,uav,single_drone_inspection_mapping_049_exec_1,done,71.0,0.0,0.0,3.0,null,null,null,null,null
single_drone_inspection_mapping_049,ascend,2026-01-13T08:06:36.000Z,start,drone_1,uav,single_drone_inspection_mapping_049_exec_2,inprogress,71.0,0.0,0.0,3.0,null,null,null,null,null
single_drone_inspection_mapping_049,ascend,2026-01-13T08:06:52.000Z,null,drone_1,uav,single_drone_inspection_mapping_049_exec_2,inprogress,70.5,0.0,0.0,14.7,null,null,null,null,null
single_drone_inspection_mapping_049,ascend,2026-01-13T08:07:08.000Z,complete,drone_1,uav,single_drone_inspection_mapping_049_exec_2,done,70.0,0.0,0.0,26.4,null,null,null,null,null
single_drone_inspection_mapping_049,navigate,2026-01-13T08:07:09.000Z,start,drone_1,uav,single_drone_inspection_mapping_049_exec_3,inprogress,70.0,0.0,0.0,26.4,null,null,null,null,null
single_drone_inspection_mapping_049,navigate,2026-01-13T08:08:36.000Z,null,drone_1,uav,single_drone_inspection_mapping_049_exec_3,inprogress,67.9,10.35,5.49,26.4,null,null,null,null,null
single_drone_inspection_mapping_049,navigate,2026-01-13T08:10:03.000Z,null,drone_1,uav,single_drone_inspection_mapping_049_exec_3,inprogress,65.8,20.69,10.97,26.4,null,null,null,null,null
single_drone_inspection_mapping_049,navigate,2026-01-13T08:11:30.000Z,null,drone_1,uav,single_drone_inspection_mapping_049_exec_3,inprogress,63.8,31.04,16.46,26.4,null,null,null,null,null
single_drone_inspection_mapping_049,navigate,2026-01-13T08:12:58.000Z,complete,drone_1,uav,single_drone_inspection_mapping_049_exec_3,done,61.7,41.39,21.94,26.4,null,null,null,null,null
single_drone_inspection_mapping_049,inspect,2026-01-13T08:14:03.000Z,start,drone_1,uav,single_drone_inspection_mapping_049_exec_4,inprogress,61.7,41.39,21.94,26.4,null,null,null,null,null
single_drone_inspection_mapping_049,inspect,2026-01-13T08:14:31.000Z,null,drone_1,uav,single_drone_inspection_mapping_049_exec_4,inprogress,61.0,41.39,21.94,26.4,null,null,null,null,null
single_drone_inspection_mapping_049,inspect,2026-01-13T08:14:59.000Z,null,drone_1,uav,single_drone_inspection_mapping_049_exec_4,inprogress,60.2,41.39,21.94,26.4,null,null,null,null,null
single_drone_inspection_mapping_049,inspect,2026-01-13T08:15:27.000Z,complete,drone_1,uav,single_drone_inspection_mapping_049_exec_4,done,59.5,41.39,21.94,26.4,null,null,null,null,null
single_drone_inspection_mapping_049,capture_image,2026-01-13T08:15:28.000Z,start,drone_1,uav,single_drone_inspection_mapping_049_exec_5,inprogress,59.5,41.39,21.94,26.4,null,null,null,null,null
single_drone_inspection_mapping_049,capture_image,2026-01-13T08:15:41.000Z,complete,drone_1,uav,single_drone_inspection_mapping_049_exec_5,done,59.1,41.39,21.94,26.4,null,null,null,null,null
single_drone_inspection_mapping_049,hover,2026-01-13T08:15:42.000Z,start,drone_1,uav,single_drone_inspection_mapping_049_exec_6,inprogress,59.1,41.39,21.94,26.4,null,null,null,null,null
single_drone_inspection_mapping_049,hover,2026-01-13T08:16:42.000Z,complete,drone_1,uav,single_drone_inspection_mapping_049_exec_6,done,58.4,41.39,21.94,26.4,null,null,null,null,null
single_drone_inspection_mapping_049,map_area,2026-01-13T08:16:43.000Z,start,drone_1,uav,single_drone_inspection_mapping_049_exec_7,inprogress,58.4,41.39,21.94,26.4,null,null,null,null,null
single_drone_inspection_mapping_049,map_area,2026-01-13T08:18:00.000Z,null,drone_1,uav,single_drone_inspection_mapping_049_exec_7,inprogress,56.5,45.03,27.9,26.4,null,null,null,null,null
single_drone_inspection_mapping_049,map_area,2026-01-13T08:19:17.000Z,null,drone_1,uav,single_drone_inspection_mapping_049_exec_7,inprogress,54.7,48.67,33.85,26.4,null,null,null,null,null
single_drone_inspection_mapping_049,map_area,2026-01-13T08:20:34.000Z,null,drone_1,uav,single_drone_inspection_mapping_049_exec_7,inprogress,52.8,52.31,39.8,26.4,null,null,null,null,null
single_drone_inspection_mapping_049,map_area,2026-01-13T08:21:51.000Z,null,drone_1,uav,single_drone_inspection_mapping_049_exec_7,inprogress,50.9,55.95,45.76,26.4,null,null,null,null,null
single_drone_inspection_mapping_049,map_area,2026-01-13T08:23:12.000Z,complete,drone_1,uav,single_drone_inspection_mapping_049_exec_7,done,49.1,59.59,51.71,26.4,null,null,null,null,null
single_drone_inspection_mapping_049,navigate,2026-01-13T08:23:13.000Z,start,drone_1,uav,single_drone_inspection_mapping_049_exec_8,inprogress,49.1,59.59,51.71,26.4,null,null,null,null,null
single_drone_inspection_mapping_049,navigate,2026-01-13T08:23:56.000Z,null,drone_1,uav,single_drone_inspection_mapping_049_exec_8,inprogress,47.7,44.7,38.78,26.4,null,null,null,null,null
single_drone_inspection_mapping_049,navigate,2026-01-13T08:24:39.000Z,null,drone_1,uav,single_drone_inspection_mapping_049_exec_8,inprogress,46.3,29.8,25.86,26.4,null,null,null,null,null
single_drone_inspection_mapping_049,navigate,2026-01-13T08:25:22.000Z,null,drone_1,uav,single_drone_inspection_mapping_049_exec_8,inprogress,45.0,14.9,12.93,26.4,null,null,null,null,null
single_drone_inspection_mapping_049,navigate,2026-01-13T08:26:08.000Z,complete,drone_1,uav,single_drone_inspection_mapping_049_exec_8,done,43.6,0.0,0.0,26.4,null,null,null,null,null
single_drone_inspection_mapping_049,land,2026-01-13T08:26:09.000Z,start,drone_1,uav,single_drone_inspection_mapping_049_exec_9,inprogress,43.6,0.0,0.0,26.4,null,null,null,null,null
single_drone_inspection_mapping_049,land,2026-01-13T08:26:20.000Z,null,drone_1,uav,single_drone_inspection_mapping_049_exec_9,inprogress,43.2,0.0,0.0,13.2,null,null,null,null,null
single_drone_inspection_mapping_049,land,2026-01-13T08:26:32.000Z,complete,drone_1,uav,single_drone_inspection_mapping_049_exec_9,done,42.8,0.0,0.0,0.0,null,null,null,null,null
single_drone_inspection_mapping_050,takeoff,2026-01-13T08:38:00.000Z,start,drone_1,uav,single_drone_inspection_mapping_050_exec_1,inprogress,87.8,0.0,0.0,0.0,null,null,null,null,null
single_drone_inspection_mapping_050,takeoff,2026-01-13T08:38:24.000Z,complete,drone_1,uav,single_drone_inspection_mapping_050_exec_1,done,87.2,0.0,0.0,3.0,null,null,null,null,null
single_drone_inspection_mapping_050,ascend,2026-01-13T08:38:25.000Z,start,drone_1,uav,single_drone_inspection_mapping_050_exec_2,inprogress,87.2,0.0,0.0,3.0,null,null,null,null,null
single_drone_inspection_mapping_050,ascend,2026-01-13T08:38:36.000Z,null,drone_1,uav,single_drone_inspection_mapping_050_exec_2,inprogress,86.6,0.0,0.0,12.24,null,null,null,null,null
single_drone_inspection_mapping_050,ascend,2026-01-13T08:38:48.000Z,complete,drone_1,uav,single_drone_inspection_mapping_050_exec_2,done,85.9,0.0,0.0,21.47,null,null,null,null,null
single_drone_inspection_mapping_050,navigate,2026-01-13T08:38:49.000Z,start,drone_1,uav,single_drone_inspection_mapping_050_exec_3,inprogress,85.9,0.0,0.0,21.47,null,null,null,null,null
single_drone_inspection_mapping_050,navigate,2026-01-13T08:39:27.000Z,null,drone_1,uav,single_drone_inspection_mapping_050_exec_3,inprogress,85.0,7.3,7.61,21.47,null,null,null,null,null
single_drone_inspection_mapping_050,navigate,2026-01-13T08:40:05.000Z,null,drone_1,uav,single_drone_inspection_mapping_050_exec_3,inprogress,84.1,14.61,15.22,21.47,null,null,null,null,null
single_drone_inspection_mapping_050,navigate,2026-01-13T08:40:43.000Z,null,drone_1,uav,single_drone_inspection_mapping_050_exec_3,inprogress,83.1,21.91,22.83,21.47,null,null,null,null,null
single_drone_inspection_mapping_050,navigate,2026-01-13T08:41:21.000Z,null,drone_1,uav,single_drone_inspection_mapping_050_exec_3,inprogress,82.2,29.21,30.43,21.47,null,null,null,null,null
single_drone_inspection_mapping_050,navigate,2026-01-13T08:41:59.000Z,null,drone_1,uav,single_drone_inspection_mapping_050_exec_3,inprogress,81.3,36.51,38.04,21.47,null,null,null,null,null
single_drone_inspection_mapping_050,navigate,2026-01-13T08:42:37.000Z,null,drone_1,uav,single_drone_inspection_mapping_050_exec_3,inprogress,80.4,43.82,45.65,21.47,null,null,null,null,null
single_drone_inspection_mapping_050,navigate,2026-01-13T08:43:20.000Z,complete,drone_1,uav,single_drone_inspection_mapping_050_exec_3,done,79.4,51.12,53.26,21.47,null,null,null,null,null
single_drone_inspection_mapping_050,inspect,2026-01-13T08:44:12.000Z,start,drone_1,uav,single_drone_inspection_mapping_050_exec_4,inprogress,79.4,51.12,53.26,21.47,null,null,null,null,null
single_drone_inspection_mapping_050,inspect,2026-01-13T08:44:44.000Z,null,drone_1,uav,single_drone_inspection_mapping_050_exec_4,inprogress,78.8,51.12,53.26,21.47,null,null,null,null,null
single_drone_inspection_mapping_050,inspect,2026-01-13T08:45:16.000Z,null,drone_1,uav,single_drone_inspection_mapping_050_exec_4,inprogress,78.1,51.12,53.26,21.47,null,null,null,null,null
single_drone_inspection_mapping_050,inspect,2026-01-13T08:45:48.000Z,complete,drone_1,uav,single_drone_inspection_mapping_050_exec_4,done,77.4,51.12,53.26,21.47,null,null,null,null,null
single_drone_inspection_mapping_050,capture_image,2026-01-13T08:45:49.000Z,start,drone_1,uav,single_drone_inspection_mapping_050_exec_5,inprogress,77.4,51.12,53.26,21.47,null,null,null,null,null
single_drone_inspection_mapping_050,capture_image,2026-01-13T08:45:59.000Z,complete,drone_1,uav,single_drone_inspection_mapping_050_exec_5,done,77.2,51.12,53.26,21.47,null,null,null,null,null
single_drone_inspection_mapping_050,inspect,2026-01-13T08:46:00.000Z,start,drone_1,uav,single_drone_inspection_mapping_050_exec_6,inprogress,77.2,51.12,53.26,21.47,null,null,null,null,null
single_drone_inspection_mapping_050,inspect,2026-01-13T08:46:22.000Z,null,drone_1,uav,single_drone_inspection_mapping_050_exec_6,inprogress,76.8,51.12,53.26,21.47,null,null,null,null,null
single_drone_inspection_mapping_050,inspect,2026-01-13T08:46:44.000Z,null,drone_1,uav,single_drone_inspection_mapping_050_exec_6,inprogress,76.3,51.12,53.26,21.47,null,null,null,null,null
single_drone_inspection_mapping_050,inspect,2026-01-13T08:47:07.000Z,complete,drone_1,uav,single_drone_inspection_mapping_050_exec_6,done,75.8,51.12,53.26,21.47,null,null,null,null,null
single_drone_inspection_mapping_050,capture_image,2026-01-13T08:47:08.000Z,start,drone_1,uav,single_drone_inspection_mapping_050_exec_7,inprogress,75.8,51.12,53.26,21.47,null,null,null,null,null
single_drone_inspection_mapping_050,capture_image,2026-01-13T08:47:20.000Z,complete,drone_1,uav,single_drone_inspection_mapping_050_exec_7,done,75.3,51.12,53.26,21.47,null,null,null,null,null
single_drone_inspection_mapping_050,hover,2026-01-13T08:47:21.000Z,start,drone_1,uav,single_drone_inspection_mapping_050_exec_8,inprogress,75.3,51.12,53.26,21.47,null,null,null,null,null
single_drone_inspection_mapping_050,hover,2026-01-13T08:47:57.000Z,complete,drone_1,uav,single_drone_inspection_mapping_050_exec_8,done,74.5,51.12,53.26,21.47,null,null,null,null,null
single_drone_inspection_mapping_050,map_area,2026-01-13T08:47:58.000Z,start,drone_1,uav,single_drone_inspection_mapping_050_exec_9,inprogress,74.5,51.12,53.26,21.47,null,null,null,null,null
single_drone_inspection_mapping_050,map_area,2026-01-13T08:48:40.000Z,null,drone_1,uav,single_drone_inspection_mapping_050_exec_9,inprogress,73.3,51.99,53.28,21.47,null,null,null,null,null
single_drone_inspection_mapping_050,map_area,2026-01-13T08:49:22.000Z,null,drone_1,uav,single_drone_inspection_mapping_050_exec_9,inprogress,72.1,52.87,53.3,21.47,null,null,null,null,null
single_drone_inspection_mapping_050,map_area,2026-01-13T08:50:04.000Z,null,drone_1,uav,single_drone_inspection_mapping_050_exec_9,inprogress,70.9,53.75,53.33,21.47,null,null,null,null,null
single_drone_inspection_mapping_050,map_area,2026-01-13T08:50:46.000Z,null,drone_1,uav,single_drone_inspection_mapping_050_exec_9,inprogress,69.7,54.62,53.35,21.47,null,null,null,null,null
single_drone_inspection_mapping_050,map_area,2026-01-13T08:51:28.000Z,null,drone_1,uav,single_drone_inspection_mapping_050_exec_9,inprogress,68.5,55.5,53.37,21.47,null,null,null,null,null
single_drone_inspection_mapping_050,map_area,2026-01-13T08:52:10.000Z,null,drone_1,uav,single_drone_inspection_mapping_050_exec_9,inprogress,67.4,56.38,53.39,21.47,null,null,null,null,null
single_drone_inspection_mapping_050,map_area,2026-01-13T08:52:53.000Z,complete,drone_1,uav,single_drone_inspection_mapping_050_exec_9,done,66.2,57.25,53.41,21.47,null,null,null,null,null
single_drone_inspection_mapping_050,replan,2026-01-13T08:52:54.000Z,start,drone_1,uav,single_drone_inspection_mapping_050_exec_10,inprogress,66.2,57.25,53.41,21.47,null,null,null,null,null
single_drone_inspection_mapping_050,replan,2026-01-13T08:53:17.000Z,complete,drone_1,uav,single_drone_inspection_mapping_050_exec_10,done,65.5,57.25,53.41,21.47,null,null,null,null,null
single_drone_inspection_mapping_050,navigate,2026-01-13T08:53:18.000Z,start,drone_1,uav,single_drone_inspection_mapping_050_exec_11,inprogress,65.5,57.25,53.41,21.47,null,null,null,null,null
single_drone_inspection_mapping_050,navigate,2026-01-13T08:54:11.000Z,null,drone_1,uav,single_drone_inspection_mapping_050_exec_11,inprogress,64.2,42.94,40.06,21.47,null,null,null,null,null
single_drone_inspection_mapping_050,navigate,2026-01-13T08:55:04.000Z,null,drone_1,uav,single_drone_inspection_mapping_050_exec_11,inprogress,62.8,28.63,26.71,21.47,null,null,null,null,null
single_drone_inspection_mapping_050,navigate,2026-01-13T08:55:57.000Z,null,drone_1,uav,single_drone_inspection_mapping_050_exec_11,inprogress,61.5,14.31,13.35,21.47,null,null,null,null,null
single_drone_inspection_mapping_050,navigate,2026-01-13T08:56:52.000Z,complete,drone_1,uav,single_drone_inspection_mapping_050_exec_11,done,60.1,0.0,0.0,21.47,null,null,null,null,null
single_drone_inspection_mapping_050,land,2026-01-13T08:56:53.000Z,start,drone_1,uav,single_drone_inspection_mapping_050_exec_12,inprogress,60.1,0.0,0.0,21.47,null,null,null,null,null
single_drone_inspection_mapping_050,land,2026-01-13T08:57:08.000Z,null,drone_1,uav,single_drone_inspection_mapping_050_exec_12,inprogress,59.8,0.0,0.0,10.74,null,null,null,null,null
single_drone_inspection_mapping_050,land,2026-01-13T08:57:23.000Z,complete,drone_1,uav,single_drone_inspection_mapping_050_exec_12,done,59.4,0.0,0.0,0.0,null,null,null,null,null
single_drone_inspection_mapping_051,takeoff,2026-01-13T09:10:00.000Z,start,drone_1,uav,single_drone_inspection_mapping_051_exec_1,inprogress,71.7,0.0,0.0,0.0,null,null,null,null,null
single_drone_inspection_mapping_051,takeoff,2026-01-13T09:10:16.000Z,complete,drone_1,uav,single_drone_inspection_mapping_051_exec_1,done,71.2,0.0,0.0,3.0,null,null,null,null,null
single_drone_inspection_mapping_051,ascend,2026-01-13T09:10:17.000Z,start,drone_1,uav,single_drone_inspection_mapping_051_exec_2,inprogress,71.2,0.0,0.0,3.0,null,null,null,null,null
single_drone_inspection_mapping_051,ascend,2026-01-13T09:10:29.000Z,null,drone_1,uav,single_drone_inspection_mapping_051_exec_2,inprogress,70.7,0.0,0.0,13.31,null,null,null,null,null
single_drone_inspection_mapping_051,ascend,2026-01-13T09:10:41.000Z,complete,drone_1,uav,single_drone_inspection_mapping_051_exec_2,done,70.3,0.0,0.0,23.62,null,null,null,null,null
single_drone_inspection_mapping_051,navigate,2026-01-13T09:10:42.000Z,start,drone_1,uav,single_drone_inspection_mapping_051_exec_3,inprogress,70.3,0.0,0.0,23.62,null,null,null,null,null
single_drone_inspection_mapping_051,navigate,2026-01-13T09:11:15.000Z,null,drone_1,uav,single_drone_inspection_mapping_051_exec_3,inprogress,68.8,5.72,6.25,23.62,null,null,null,null,null
single_drone_inspection_mapping_051,navigate,2026-01-13T09:11:48.000Z,null,drone_1,uav,single_drone_inspection_mapping_051_exec_3,inprogress,67.2,11.43,12.5,23.62,null,null,null,null,null
single_drone_inspection_mapping_051,navigate,2026-01-13T09:12:21.000Z,null,drone_1,uav,single_drone_inspection_mapping_051_exec_3,inprogress,65.7,17.15,18.75,23.62,null,null,null,null,null
single_drone_inspection_mapping_051,navigate,2026-01-13T09:12:54.000Z,null,drone_1,uav,single_drone_inspection_mapping_051_exec_3,inprogress,64.2,22.87,25.01,23.62,null,null,null,null,null
single_drone_inspection_mapping_051,navigate,2026-01-13T09:13:27.000Z,null,drone_1,uav,single_drone_inspection_mapping_051_exec_3,inprogress,62.7,28.58,31.26,23.62,null,null,null,null,null
single_drone_inspection_mapping_051,navigate,2026-01-13T09:14:05.000Z,complete,drone_1,uav,single_drone_inspection_mapping_051_exec_3,done,61.2,34.3,37.51,23.62,null,null,null,null,null
single_drone_inspection_mapping_051,inspect,2026-01-13T09:14:51.000Z,start,drone_1,uav,single_drone_inspection_mapping_051_exec_4,inprogress,61.2,34.3,37.51,23.62,null,null,null,null,null
single_drone_inspection_mapping_051,inspect,2026-01-13T09:15:31.000Z,null,drone_1,uav,single_drone_inspection_mapping_051_exec_4,inprogress,60.6,34.3,37.51,23.62,null,null,null,null,null
single_drone_inspection_mapping_051,inspect,2026-01-13T09:16:11.000Z,null,drone_1,uav,single_drone_inspection_mapping_051_exec_4,inprogress,59.9,34.3,37.51,23.62,null,null,null,null,null
single_drone_inspection_mapping_051,inspect,2026-01-13T09:16:52.000Z,complete,drone_1,uav,single_drone_inspection_mapping_051_exec_4,done,59.3,34.3,37.51,23.62,null,null,null,null,null
single_drone_inspection_mapping_051,capture_image,2026-01-13T09:16:53.000Z,start,drone_1,uav,single_drone_inspection_mapping_051_exec_5,inprogress,59.3,34.3,37.51,23.62,null,null,null,null,null
single_drone_inspection_mapping_051,capture_image,2026-01-13T09:17:15.000Z,complete,drone_1,uav,single_drone_inspection_mapping_051_exec_5,done,58.8,34.3,37.51,23.62,null,null,null,null,null
single_drone_inspection_mapping_051,hover,2026-01-13T09:17:16.000Z,start,drone_1,uav,single_drone_inspection_mapping_051_exec_6,inprogress,58.8,34.3,37.51,23.62,null,null,null,null,null
single_drone_inspection_mapping_051,hover,2026-01-13T09:17:46.000Z,complete,drone_1,uav,single_drone_inspection_mapping_051_exec_6,done,58.2,34.3,37.51,23.62,null,null,null,null,null
single_drone_inspection_mapping_051,map_area,2026-01-13T09:17:47.000Z,start,drone_1,uav,single_drone_inspection_mapping_051_exec_7,inprogress,58.2,34.3,37.51,23.62,null,null,null,null,null
single_drone_inspection_mapping_051,map_area,2026-01-13T09:19:08.000Z,null,drone_1,uav,single_drone_inspection_mapping_051_exec_7,inprogress,56.0,40.97,42.64,23.62,null,null,null,null,null
single_drone_inspection_mapping_051,map_area,2026-01-13T09:20:29.000Z,null,drone_1,uav,single_drone_inspection_mapping_051_exec_7,inprogress,53.9,47.64,47.77,23.62,null,null,null,null,null
single_drone_inspection_mapping_051,map_area,2026-01-13T09:21:50.000Z,null,drone_1,uav,single_drone_inspection_mapping_051_exec_7,inprogress,51.7,54.31,52.9,23.62,null,null,null,null,null
single_drone_inspection_mapping_051,map_area,2026-01-13T09:23:11.000Z,null,drone_1,uav,single_drone_inspection_mapping_051_exec_7,inprogress,49.5,60.98,58.04,23.62,null,null,null,null,null
single_drone_inspection_mapping_051,map_area,2026-01-13T09:24:32.000Z,complete,drone_1,uav,single_drone_inspection_mapping_051_exec_7,done,47.3,67.65,63.17,23.62,null,null,null,null,null
single_drone_inspection_mapping_051,navigate,2026-01-13T09:24:33.000Z,start,drone_1,uav,single_drone_inspection_mapping_051_exec_8,inprogress,47.3,67.65,63.17,23.62,null,null,null,null,null
single_drone_inspection_mapping_051,navigate,2026-01-13T09:25:14.000Z,null,drone_1,uav,single_drone_inspection_mapping_051_exec_8,inprogress,45.9,50.74,47.38,23.62,null,null,null,null,null
single_drone_inspection_mapping_051,navigate,2026-01-13T09:25:55.000Z,null,drone_1,uav,single_drone_inspection_mapping_051_exec_8,inprogress,44.4,33.83,31.58,23.62,null,null,null,null,null
single_drone_inspection_mapping_051,navigate,2026-01-13T09:26:36.000Z,null,drone_1,uav,single_drone_inspection_mapping_051_exec_8,inprogress,43.0,16.91,15.79,23.62,null,null,null,null,null
single_drone_inspection_mapping_051,navigate,2026-01-13T09:27:19.000Z,complete,drone_1,uav,single_drone_inspection_mapping_051_exec_8,done,41.6,0.0,0.0,23.62,null,null,null,null,null
single_drone_inspection_mapping_051,land,2026-01-13T09:27:20.000Z,start,drone_1,uav,single_drone_inspection_mapping_051_exec_9,inprogress,41.6,0.0,0.0,23.62,null,null,null,null,null
single_drone_inspection_mapping_051,land,2026-01-13T09:27:37.000Z,null,drone_1,uav,single_drone_inspection_mapping_051_exec_9,inprogress,41.1,0.0,0.0,11.81,null,null,null,null,null
single_drone_inspection_mapping_051,land,2026-01-13T09:27:55.000Z,complete,drone_1,uav,single_drone_inspection_mapping_051_exec_9,done,40.7,0.0,0.0,0.0,null,null,null,null,null
single_drone_inspection_mapping_052,takeoff,2026-01-13T09:42:00.000Z,start,drone_1,uav,single_drone_inspection_mapping_052_exec_1,inprogress,89.7,0.0,0.0,0.0,null,null,null,null,null
single_drone_inspection_mapping_052,takeoff,2026-01-13T09:42:20.000Z,complete,drone_1,uav,single_drone_inspection_mapping_052_exec_1,done,88.8,0.0,0.0,3.0,null,null,null,null,null
single_drone_inspection_mapping_052,ascend,2026-01-13T09:42:21.000Z,start,drone_1,uav,single_drone_inspection_mapping_052_exec_2,inprogress,88.8,0.0,0.0,3.0,null,null,null,null,null
single_drone_inspection_mapping_052,ascend,2026-01-13T09:42:43.000Z,null,drone_1,uav,single_drone_inspection_mapping_052_exec_2,inprogress,88.4,0.0,0.0,11.33,null,null,null,null,null
single_drone_inspection_mapping_052,ascend,2026-01-13T09:43:05.000Z,complete,drone_1,uav,single_drone_inspection_mapping_052_exec_2,done,88.0,0.0,0.0,19.66,null,null,null,null,null
single_drone_inspection_mapping_052,navigate,2026-01-13T09:43:06.000Z,start,drone_1,uav,single_drone_inspection_mapping_052_exec_3,inprogress,88.0,0.0,0.0,19.66,null,null,null,null,null
single_drone_inspection_mapping_052,navigate,2026-01-13T09:43:36.000Z,null,drone_1,uav,single_drone_inspection_mapping_052_exec_3,inprogress,86.6,6.77,7.65,19.66,null,null,null,null,null
single_drone_inspection_mapping_052,navigate,2026-01-13T09:44:06.000Z,null,drone_1,uav,single_drone_inspection_mapping_052_exec_3,inprogress,85.3,13.54,15.3,19.66,null,null,null,null,null
single_drone_inspection_mapping_052,navigate,2026-01-13T09:44:36.000Z,null,drone_1,uav,single_drone_inspection_mapping_052_exec_3,inprogress,83.9,20.31,22.95,19.66,null,null,null,null,null
single_drone_inspection_mapping_052,navigate,2026-01-13T09:45:06.000Z,null,drone_1,uav,single_drone_inspection_mapping_052_exec_3,inprogress,82.5,27.07,30.6,19.66,null,null,null,null,null
single_drone_inspection_mapping_052,navigate,2026-01-13T09:45:36.000Z,null,drone_1,uav,single_drone_inspection_mapping_052_exec_3,inprogress,81.2,33.84,38.24,19.66,null,null,null,null,null
single_drone_inspection_mapping_052,navigate,2026-01-13T09:46:06.000Z,null,drone_1,uav,single_drone_inspection_mapping_052_exec_3,inprogress,79.8,40.61,45.89,19.66,null,null,null,null,null
single_drone_inspection_mapping_052,navigate,2026-01-13T09:46:39.000Z,complete,drone_1,uav,single_drone_inspection_mapping_052_exec_3,done,78.4,47.38,53.54,19.66,null,null,null,null,null
single_drone_inspection_mapping_052,inspect,2026-01-13T09:47:26.000Z,start,drone_1,uav,single_drone_inspection_mapping_052_exec_4,inprogress,78.4,47.38,53.54,19.66,null,null,null,null,null
single_drone_inspection_mapping_052,inspect,2026-01-13T09:48:29.000Z,null,drone_1,uav,single_drone_inspection_mapping_052_exec_4,inprogress,77.6,47.38,53.54,19.66,null,null,null,null,null
single_drone_inspection_mapping_052,inspect,2026-01-13T09:49:32.000Z,complete,drone_1,uav,single_drone_inspection_mapping_052_exec_4,done,76.8,47.38,53.54,19.66,null,null,null,null,null
single_drone_inspection_mapping_052,capture_image,2026-01-13T09:49:33.000Z,start,drone_1,uav,single_drone_inspection_mapping_052_exec_5,inprogress,76.8,47.38,53.54,19.66,null,null,null,null,null
single_drone_inspection_mapping_052,capture_image,2026-01-13T09:49:53.000Z,complete,drone_1,uav,single_drone_inspection_mapping_052_exec_5,done,76.6,47.38,53.54,19.66,null,null,null,null,null
single_drone_inspection_mapping_052,hover,2026-01-13T09:49:54.000Z,start,drone_1,uav,single_drone_inspection_mapping_052_exec_6,inprogress,76.6,47.38,53.54,19.66,null,null,null,null,null
single_drone_inspection_mapping_052,hover,2026-01-13T09:50:50.000Z,complete,drone_1,uav,single_drone_inspection_mapping_052_exec_6,done,75.4,47.38,53.54,19.66,null,null,null,null,null
single_drone_inspection_mapping_052,map_area,2026-01-13T09:50:51.000Z,start,drone_1,uav,single_drone_inspection_mapping_052_exec_7,inprogress,75.4,47.38,53.54,19.66,null,null,null,null,null
single_drone_inspection_mapping_052,map_area,2026-01-13T09:51:46.000Z,null,drone_1,uav,single_drone_inspection_mapping_052_exec_7,inprogress,74.2,50.72,53.7,19.66,null,null,null,null,null
single_drone_inspection_mapping_052,map_area,2026-01-13T09:52:41.000Z,null,drone_1,uav,single_drone_inspection_mapping_052_exec_7,inprogress,73.0,54.05,53.85,19.66,null,null,null,null,null
single_drone_inspection_mapping_052,map_area,2026-01-13T09:53:36.000Z,null,drone_1,uav,single_drone_inspection_mapping_052_exec_7,inprogress,71.7,57.39,54.0,19.66,null,null,null,null,null
single_drone_inspection_mapping_052,map_area,2026-01-13T09:54:31.000Z,null,drone_1,uav,single_drone_inspection_mapping_052_exec_7,inprogress,70.5,60.73,54.16,19.66,null,null,null,null,null
single_drone_inspection_mapping_052,map_area,2026-01-13T09:55:26.000Z,null,drone_1,uav,single_drone_inspection_mapping_052_exec_7,inprogress,69.3,64.07,54.31,19.66,null,null,null,null,null
single_drone_inspection_mapping_052,map_area,2026-01-13T09:56:21.000Z,null,drone_1,uav,single_drone_inspection_mapping_052_exec_7,inprogress,68.1,67.41,54.46,19.66,null,null,null,null,null
single_drone_inspection_mapping_052,map_area,2026-01-13T09:57:22.000Z,complete,drone_1,uav,single_drone_inspection_mapping_052_exec_7,done,66.8,70.74,54.62,19.66,null,null,null,null,null
single_drone_inspection_mapping_052,navigate,2026-01-13T09:57:23.000Z,start,drone_1,uav,single_drone_inspection_mapping_052_exec_8,inprogress,66.8,70.74,54.62,19.66,null,null,null,null,null
single_drone_inspection_mapping_052,navigate,2026-01-13T09:58:04.000Z,null,drone_1,uav,single_drone_inspection_mapping_052_exec_8,inprogress,65.6,53.06,40.96,19.66,null,null,null,null,null
single_drone_inspection_mapping_052,navigate,2026-01-13T09:58:45.000Z,null,drone_1,uav,single_drone_inspection_mapping_052_exec_8,inprogress,64.3,35.37,27.31,19.66,null,null,null,null,null
single_drone_inspection_mapping_052,navigate,2026-01-13T09:59:26.000Z,null,drone_1,uav,single_drone_inspection_mapping_052_exec_8,inprogress,63.1,17.69,13.65,19.66,null,null,null,null,null
single_drone_inspection_mapping_052,navigate,2026-01-13T10:00:07.000Z,complete,drone_1,uav,single_drone_inspection_mapping_052_exec_8,done,61.9,0.0,0.0,19.66,null,null,null,null,null
single_drone_inspection_mapping_052,land,2026-01-13T10:00:08.000Z,start,drone_1,uav,single_drone_inspection_mapping_052_exec_9,inprogress,61.9,0.0,0.0,19.66,null,null,null,null,null
single_drone_inspection_mapping_052,land,2026-01-13T10:00:21.000Z,null,drone_1,uav,single_drone_inspection_mapping_052_exec_9,inprogress,61.5,0.0,0.0,9.83,null,null,null,null,null
single_drone_inspection_mapping_052,land,2026-01-13T10:00:35.000Z,complete,drone_1,uav,single_drone_inspection_mapping_052_exec_9,done,61.1,0.0,0.0,0.0,null,null,null,null,null
single_drone_inspection_mapping_053,takeoff,2026-01-13T10:14:00.000Z,start,drone_1,uav,single_drone_inspection_mapping_053_exec_1,inprogress,89.2,0.0,0.0,0.0,null,null,null,null,null
single_drone_inspection_mapping_053,takeoff,2026-01-13T10:14:35.000Z,complete,drone_1,uav,single_drone_inspection_mapping_053_exec_1,done,88.5,0.0,0.0,3.0,null,null,null,null,null
single_drone_inspection_mapping_053,ascend,2026-01-13T10:14:36.000Z,start,drone_1,uav,single_drone_inspection_mapping_053_exec_2,inprogress,88.5,0.0,0.0,3.0,null,null,null,null,null
single_drone_inspection_mapping_053,ascend,2026-01-13T10:14:54.000Z,null,drone_1,uav,single_drone_inspection_mapping_053_exec_2,inprogress,87.9,0.0,0.0,14.8,null,null,null,null,null
single_drone_inspection_mapping_053,ascend,2026-01-13T10:15:13.000Z,complete,drone_1,uav,single_drone_inspection_mapping_053_exec_2,done,87.2,0.0,0.0,26.6,null,null,null,null,null
single_drone_inspection_mapping_053,navigate,2026-01-13T10:15:14.000Z,start,drone_1,uav,single_drone_inspection_mapping_053_exec_3,inprogress,87.2,0.0,0.0,26.6,null,null,null,null,null
single_drone_inspection_mapping_053,navigate,2026-01-13T10:15:56.000Z,null,drone_1,uav,single_drone_inspection_mapping_053_exec_3,inprogress,85.9,2.92,8.2,26.6,null,null,null,null,null
single_drone_inspection_mapping_053,navigate,2026-01-13T10:16:38.000Z,null,drone_1,uav,single_drone_inspection_mapping_053_exec_3,inprogress,84.5,5.85,16.39,26.6,null,null,null,null,null
single_drone_inspection_mapping_053,navigate,2026-01-13T10:17:20.000Z,null,drone_1,uav,single_drone_inspection_mapping_053_exec_3,inprogress,83.2,8.77,24.59,26.6,null,null,null,null,null
single_drone_inspection_mapping_053,navigate,2026-01-13T10:18:02.000Z,null,drone_1,uav,single_drone_inspection_mapping_053_exec_3,inprogress,81.9,11.69,32.79,26.6,null,null,null,null,null
single_drone_inspection_mapping_053,navigate,2026-01-13T10:18:44.000Z,null,drone_1,uav,single_drone_inspection_mapping_053_exec_3,inprogress,80.5,14.62,40.98,26.6,null,null,null,null,null
single_drone_inspection_mapping_053,navigate,2026-01-13T10:19:26.000Z,null,drone_1,uav,single_drone_inspection_mapping_053_exec_3,inprogress,79.2,17.54,49.18,26.6,null,null,null,null,null
single_drone_inspection_mapping_053,navigate,2026-01-13T10:20:14.000Z,complete,drone_1,uav,single_drone_inspection_mapping_053_exec_3,done,77.9,20.47,57.37,26.6,null,null,null,null,null
single_drone_inspection_mapping_053,inspect,2026-01-13T10:21:06.000Z,start,drone_1,uav,single_drone_inspection_mapping_053_exec_4,inprogress,77.9,20.47,57.37,26.6,null,null,null,null,null
single_drone_inspection_mapping_053,inspect,2026-01-13T10:22:01.000Z,null,drone_1,uav,single_drone_inspection_mapping_053_exec_4,inprogress,76.9,20.47,57.37,26.6,null,null,null,null,null
single_drone_inspection_mapping_053,inspect,2026-01-13T10:22:57.000Z,complete,drone_1,uav,single_drone_inspection_mapping_053_exec_4,done,75.9,20.47,57.37,26.6,null,null,null,null,null
single_drone_inspection_mapping_053,capture_image,2026-01-13T10:22:58.000Z,start,drone_1,uav,single_drone_inspection_mapping_053_exec_5,inprogress,75.9,20.47,57.37,26.6,null,null,null,null,null
single_drone_inspection_mapping_053,capture_image,2026-01-13T10:23:16.000Z,complete,drone_1,uav,single_drone_inspection_mapping_053_exec_5,done,75.7,20.47,57.37,26.6,null,null,null,null,null
single_drone_inspection_mapping_053,hover,2026-01-13T10:23:17.000Z,start,drone_1,uav,single_drone_inspection_mapping_053_exec_6,inprogress,75.7,20.47,57.37,26.6,null,null,null,null,null
single_drone_inspection_mapping_053,hover,2026-01-13T10:23:52.000Z,complete,drone_1,uav,single_drone_inspection_mapping_053_exec_6,done,74.8,20.47,57.37,26.6,null,null,null,null,null
single_drone_inspection_mapping_053,map_area,2026-01-13T10:23:53.000Z,start,drone_1,uav,single_drone_inspection_mapping_053_exec_7,inprogress,74.8,20.47,57.37,26.6,null,null,null,null,null
single_drone_inspection_mapping_053,map_area,2026-01-13T10:24:38.000Z,null,drone_1,uav,single_drone_inspection_mapping_053_exec_7,inprogress,74.0,27.2,54.48,26.6,null,null,null,null,null
single_drone_inspection_mapping_053,map_area,2026-01-13T10:25:23.000Z,null,drone_1,uav,single_drone_inspection_mapping_053_exec_7,inprogress,73.2,33.92,51.58,26.6,null,null,null,null,null
single_drone_inspection_mapping_053,map_area,2026-01-13T10:26:08.000Z,null,drone_1,uav,single_drone_inspection_mapping_053_exec_7,inprogress,72.4,40.65,48.68,26.6,null,null,null,null,null
single_drone_inspection_mapping_053,map_area,2026-01-13T10:26:53.000Z,null,drone_1,uav,single_drone_inspection_mapping_053_exec_7,inprogress,71.6,47.38,45.79,26.6,null,null,null,null,null
single_drone_inspection_mapping_053,map_area,2026-01-13T10:27:38.000Z,null,drone_1,uav,single_drone_inspection_mapping_053_exec_7,inprogress,70.8,54.11,42.89,26.6,null,null,null,null,null
single_drone_inspection_mapping_053,map_area,2026-01-13T10:28:23.000Z,null,drone_1,uav,single_drone_inspection_mapping_053_exec_7,inprogress,70.0,60.84,39.99,26.6,null,null,null,null,null
single_drone_inspection_mapping_053,map_area,2026-01-13T10:29:08.000Z,null,drone_1,uav,single_drone_inspection_mapping_053_exec_7,inprogress,69.2,67.57,37.09,26.6,null,null,null,null,null
single_drone_inspection_mapping_053,map_area,2026-01-13T10:29:59.000Z,complete,drone_1,uav,single_drone_inspection_mapping_053_exec_7,done,68.4,74.3,34.2,26.6,null,null,null,null,null
single_drone_inspection_mapping_053,navigate,2026-01-13T10:30:00.000Z,start,drone_1,uav,single_drone_inspection_mapping_053_exec_8,inprogress,68.4,74.3,34.2,26.6,null,null,null,null,null
single_drone_inspection_mapping_053,navigate,2026-01-13T10:31:13.000Z,null,drone_1,uav,single_drone_inspection_mapping_053_exec_8,inprogress,66.4,49.53,22.8,26.6,null,null,null,null,null
single_drone_inspection_mapping_053,navigate,2026-01-13T10:32:26.000Z,null,drone_1,uav,single_drone_inspection_mapping_053_exec_8,inprogress,64.4,24.77,11.4,26.6,null,null,null,null,null
single_drone_inspection_mapping_053,navigate,2026-01-13T10:33:40.000Z,complete,drone_1,uav,single_drone_inspection_mapping_053_exec_8,done,62.5,0.0,0.0,26.6,null,null,null,null,null
single_drone_inspection_mapping_053,land,2026-01-13T10:33:41.000Z,start,drone_1,uav,single_drone_inspection_mapping_053_exec_9,inprogress,62.5,0.0,0.0,26.6,null,null,null,null,null
single_drone_inspection_mapping_053,land,2026-01-13T10:34:02.000Z,null,drone_1,uav,single_drone_inspection_mapping_053_exec_9,inprogress,62.0,0.0,0.0,13.3,null,null,null,null,null
single_drone_inspection_mapping_053,land,2026-01-13T10:34:24.000Z,complete,drone_1,uav,single_drone_inspection_mapping_053_exec_9,done,61.6,0.0,0.0,0.0,null,null,null,null,null
single_drone_inspection_mapping_054,takeoff,2026-01-13T10:46:00.000Z,start,drone_1,uav,single_drone_inspection_mapping_054_exec_1,inprogress,71.3,0.0,0.0,0.0,null,null,null,null,null
single_drone_inspection_mapping_054,takeoff,2026-01-13T10:46:28.000Z,complete,drone_1,uav,single_drone_inspection_mapping_054_exec_1,done,70.8,0.0,0.0,3.0,null,null,null,null,null
single_drone_inspection_mapping_054,ascend,2026-01-13T10:46:29.000Z,start,drone_1,uav,single_drone_inspection_mapping_054_exec_2,inprogress,70.8,0.0,0.0,3.0,null,null,null,null,null
single_drone_inspection_mapping_054,ascend,2026-01-13T10:46:47.000Z,null,drone_1,uav,single_drone_inspection_mapping_054_exec_2,inprogress,70.3,0.0,0.0,9.0,null,null,null,null,null
single_drone_inspection_mapping_054,ascend,2026-01-13T10:47:06.000Z,complete,drone_1,uav,single_drone_inspection_mapping_054_exec_2,done,69.9,0.0,0.0,15.0,null,null,null,null,null
single_drone_inspection_mapping_054,navigate,2026-01-13T10:47:07.000Z,start,drone_1,uav,single_drone_inspection_mapping_054_exec_3,inprogress,69.9,0.0,0.0,15.0,null,null,null,null,null
single_drone_inspection_mapping_054,navigate,2026-01-13T10:48:09.000Z,null,drone_1,uav,single_drone_inspection_mapping_054_exec_3,inprogress,68.2,8.83,8.95,15.0,null,null,null,null,null
single_drone_inspection_mapping_054,navigate,2026-01-13T10:49:11.000Z,null,drone_1,uav,single_drone_inspection_mapping_054_exec_3,inprogress,66.6,17.67,17.91,15.0,null,null,null,null,null
single_drone_inspection_mapping_054,navigate,2026-01-13T10:50:13.000Z,null,drone_1,uav,single_drone_inspection_mapping_054_exec_3,inprogress,64.9,26.5,26.86,15.0,null,null,null,null,null
single_drone_inspection_mapping_054,navigate,2026-01-13T10:51:15.000Z,null,drone_1,uav,single_drone_inspection_mapping_054_exec_3,inprogress,63.3,35.33,35.81,15.0,null,null,null,null,null
single_drone_inspection_mapping_054,navigate,2026-01-13T10:52:17.000Z,complete,drone_1,uav,single_drone_inspection_mapping_054_exec_3,done,61.6,44.17,44.76,15.0,null,null,null,null,null
single_drone_inspection_mapping_054,inspect,2026-01-13T10:52:18.000Z,start,drone_1,uav,single_drone_inspection_mapping_054_exec_4,inprogress,61.6,44.17,44.76,15.0,null,null,null,null,null
single_drone_inspection_mapping_054,inspect,2026-01-13T10:52:55.000Z,null,drone_1,uav,single_drone_inspection_mapping_054_exec_4,inprogress,60.7,44.17,44.76,15.0,null,null,null,null,null
single_drone_inspection_mapping_054,inspect,2026-01-13T10:53:32.000Z,null,drone_1,uav,single_drone_inspection_mapping_054_exec_4,inprogress,59.8,44.17,44.76,15.0,null,null,null,null,null
single_drone_inspection_mapping_054,inspect,2026-01-13T10:54:11.000Z,complete,drone_1,uav,single_drone_inspection_mapping_054_exec_4,done,58.9,44.17,44.76,15.0,null,null,null,null,null
single_drone_inspection_mapping_054,capture_image,2026-01-13T10:54:12.000Z,start,drone_1,uav,single_drone_inspection_mapping_054_exec_5,inprogress,58.9,44.17,44.76,15.0,null,null,null,null,null
single_drone_inspection_mapping_054,capture_image,2026-01-13T10:54:29.000Z,complete,drone_1,uav,single_drone_inspection_mapping_054_exec_5,done,58.3,44.17,44.76,15.0,null,null,null,null,null
single_drone_inspection_mapping_054,hover,2026-01-13T10:54:30.000Z,start,drone_1,uav,single_drone_inspection_mapping_054_exec_6,inprogress,58.3,44.17,44.76,15.0,null,null,null,null,null
single_drone_inspection_mapping_054,hover,2026-01-13T10:54:51.000Z,null,drone_1,uav,single_drone_inspection_mapping_054_exec_6,inprogress,58.1,44.17,44.76,15.0,null,null,null,null,null
single_drone_inspection_mapping_054,hover,2026-01-13T10:55:13.000Z,complete,drone_1,uav,single_drone_inspection_mapping_054_exec_6,done,57.8,44.17,44.76,15.0,null,null,null,null,null
single_drone_inspection_mapping_054,map_area,2026-01-13T10:55:14.000Z,start,drone_1,uav,single_drone_inspection_mapping_054_exec_7,inprogress,57.8,44.17,44.76,15.0,null,null,null,null,null
single_drone_inspection_mapping_054,map_area,2026-01-13T10:56:23.000Z,null,drone_1,uav,single_drone_inspection_mapping_054_exec_7,inprogress,56.8,49.81,44.97,15.0,null,null,null,null,null
single_drone_inspection_mapping_054,map_area,2026-01-13T10:57:32.000Z,null,drone_1,uav,single_drone_inspection_mapping_054_exec_7,inprogress,55.8,55.45,45.17,15.0,null,null,null,null,null
single_drone_inspection_mapping_054,map_area,2026-01-13T10:58:41.000Z,null,drone_1,uav,single_drone_inspection_mapping_054_exec_7,inprogress,54.8,61.1,45.38,15.0,null,null,null,null,null
single_drone_inspection_mapping_054,map_area,2026-01-13T10:59:50.000Z,null,drone_1,uav,single_drone_inspection_mapping_054_exec_7,inprogress,53.8,66.74,45.59,15.0,null,null,null,null,null
single_drone_inspection_mapping_054,map_area,2026-01-13T11:00:59.000Z,null,drone_1,uav,single_drone_inspection_mapping_054_exec_7,inprogress,52.8,72.38,45.79,15.0,null,null,null,null,null
single_drone_inspection_mapping_054,map_area,2026-01-13T11:02:08.000Z,complete,drone_1,uav,single_drone_inspection_mapping_054_exec_7,done,51.8,78.02,46.0,15.0,null,null,null,null,null
single_drone_inspection_mapping_054,navigate,2026-01-13T11:02:09.000Z,start,drone_1,uav,single_drone_inspection_mapping_054_exec_8,inprogress,51.8,78.02,46.0,15.0,null,null,null,null,null
single_drone_inspection_mapping_054,navigate,2026-01-13T11:02:51.000Z,null,drone_1,uav,single_drone_inspection_mapping_054_exec_8,inprogress,50.8,62.42,36.8,15.0,null,null,null,null,null
single_drone_inspection_mapping_054,navigate,2026-01-13T11:03:33.000Z,null,drone_1,uav,single_drone_inspection_mapping_054_exec_8,inprogress,49.9,46.81,27.6,15.0,null,null,null,null,null
single_drone_inspection_mapping_054,navigate,2026-01-13T11:04:15.000Z,null,drone_1,uav,single_drone_inspection_mapping_054_exec_8,inprogress,49.0,31.21,18.4,15.0,null,null,null,null,null
single_drone_inspection_mapping_054,navigate,2026-01-13T11:04:57.000Z,null,drone_1,uav,single_drone_inspection_mapping_054_exec_8,inprogress,48.1,15.6,9.2,15.0,null,null,null,null,null
single_drone_inspection_mapping_054,navigate,2026-01-13T11:05:43.000Z,complete,drone_1,uav,single_drone_inspection_mapping_054_exec_8,done,47.2,0.0,0.0,15.0,null,null,null,null,null
single_drone_inspection_mapping_054,land,2026-01-13T11:05:44.000Z,start,drone_1,uav,single_drone_inspection_mapping_054_exec_9,inprogress,47.2,0.0,0.0,15.0,null,null,null,null,null
single_drone_inspection_mapping_054,land,2026-01-13T11:06:05.000Z,null,drone_1,uav,single_drone_inspection_mapping_054_exec_9,inprogress,46.9,0.0,0.0,7.5,null,null,null,null,null
single_drone_inspection_mapping_054,land,2026-01-13T11:06:26.000Z,complete,drone_1,uav,single_drone_inspection_mapping_054_exec_9,done,46.6,0.0,0.0,0.0,null,null,null,null,null
single_drone_inspection_mapping_055,takeoff,2026-01-13T11:18:00.000Z,start,drone_1,uav,single_drone_inspection_mapping_055_exec_1,inprogress,96.7,0.0,0.0,0.0,null,null,null,null,null
single_drone_inspection_mapping_055,takeoff,2026-01-13T11:18:30.000Z,complete,drone_1,uav,single_drone_inspection_mapping_055_exec_1,done,96.1,0.0,0.0,3.0,null,null,null,null,null
single_drone_inspection_mapping_055,ascend,2026-01-13T11:18:31.000Z,start,drone_1,uav,single_drone_inspection_mapping_055_exec_2,inprogress,96.1,0.0,0.0,3.0,null,null,null,null,null
single_drone_inspection_mapping_055,ascend,2026-01-13T11:18:52.000Z,null,drone_1,uav,single_drone_inspection_mapping_055_exec_2,inprogress,95.6,0.0,0.0,13.83,null,null,null,null,null
single_drone_inspection_mapping_055,ascend,2026-01-13T11:19:13.000Z,complete,drone_1,uav,single_drone_inspection_mapping_055_exec_2,done,95.0,0.0,0.0,24.65,null,null,null,null,null
single_drone_inspection_mapping_055,navigate,2026-01-13T11:19:14.000Z,start,drone_1,uav,single_drone_inspection_mapping_055_exec_3,inprogress,95.0,0.0,0.0,24.65,null,null,null,null,null
single_drone_inspection_mapping_055,navigate,2026-01-13T11:20:10.000Z,null,drone_1,uav,single_drone_inspection_mapping_055_exec_3,inprogress,93.5,6.03,5.57,24.65,null,null,null,null,null
single_drone_inspection_mapping_055,navigate,2026-01-13T11:21:06.000Z,null,drone_1,uav,single_drone_inspection_mapping_055_exec_3,inprogress,92.1,12.07,11.13,24.65,null,null,null,null,null
single_drone_inspection_mapping_055,navigate,2026-01-13T11:22:02.000Z,null,drone_1,uav,single_drone_inspection_mapping_055_exec_3,inprogress,90.6,18.1,16.7,24.65,null,null,null,null,null
single_drone_inspection_mapping_055,navigate,2026-01-13T11:22:58.000Z,null,drone_1,uav,single_drone_inspection_mapping_055_exec_3,inprogress,89.2,24.14,22.27,24.65,null,null,null,null,null
single_drone_inspection_mapping_055,navigate,2026-01-13T11:23:54.000Z,complete,drone_1,uav,single_drone_inspection_mapping_055_exec_3,done,87.7,30.17,27.84,24.65,null,null,null,null,null
single_drone_inspection_mapping_055,inspect,2026-01-13T11:23:55.000Z,start,drone_1,uav,single_drone_inspection_mapping_055_exec_4,inprogress,87.7,30.17,27.84,24.65,null,null,null,null,null
single_drone_inspection_mapping_055,inspect,2026-01-13T11:24:51.000Z,null,drone_1,uav,single_drone_inspection_mapping_055_exec_4,inprogress,86.4,30.17,27.84,24.65,null,null,null,null,null
single_drone_inspection_mapping_055,inspect,2026-01-13T11:25:48.000Z,complete,drone_1,uav,single_drone_inspection_mapping_055_exec_4,done,85.1,30.17,27.84,24.65,null,null,null,null,null
single_drone_inspection_mapping_055,capture_image,2026-01-13T11:25:49.000Z,start,drone_1,uav,single_drone_inspection_mapping_055_exec_5,inprogress,85.1,30.17,27.84,24.65,null,null,null,null,null
single_drone_inspection_mapping_055,capture_image,2026-01-13T11:26:00.000Z,complete,drone_1,uav,single_drone_inspection_mapping_055_exec_5,done,84.5,30.17,27.84,24.65,null,null,null,null,null
single_drone_inspection_mapping_055,hover,2026-01-13T11:26:01.000Z,start,drone_1,uav,single_drone_inspection_mapping_055_exec_6,inprogress,84.5,30.17,27.84,24.65,null,null,null,null,null
single_drone_inspection_mapping_055,hover,2026-01-13T11:26:25.000Z,null,drone_1,uav,single_drone_inspection_mapping_055_exec_6,inprogress,84.0,30.17,27.84,24.65,null,null,null,null,null
single_drone_inspection_mapping_055,hover,2026-01-13T11:26:49.000Z,complete,drone_1,uav,single_drone_inspection_mapping_055_exec_6,done,83.5,30.17,27.84,24.65,null,null,null,null,null
single_drone_inspection_mapping_055,map_area,2026-01-13T11:26:50.000Z,start,drone_1,uav,single_drone_inspection_mapping_055_exec_7,inprogress,83.5,30.17,27.84,24.65,null,null,null,null,null
single_drone_inspection_mapping_055,map_area,2026-01-13T11:27:48.000Z,null,drone_1,uav,single_drone_inspection_mapping_055_exec_7,inprogress,81.7,37.25,32.59,24.65,null,null,null,null,null
single_drone_inspection_mapping_055,map_area,2026-01-13T11:28:46.000Z,null,drone_1,uav,single_drone_inspection_mapping_055_exec_7,inprogress,79.9,44.34,37.33,24.65,null,null,null,null,null
single_drone_inspection_mapping_055,map_area,2026-01-13T11:29:44.000Z,null,drone_1,uav,single_drone_inspection_mapping_055_exec_7,inprogress,78.1,51.42,42.08,24.65,null,null,null,null,null
single_drone_inspection_mapping_055,map_area,2026-01-13T11:30:42.000Z,null,drone_1,uav,single_drone_inspection_mapping_055_exec_7,inprogress,76.3,58.5,46.83,24.65,null,null,null,null,null
single_drone_inspection_mapping_055,map_area,2026-01-13T11:31:40.000Z,null,drone_1,uav,single_drone_inspection_mapping_055_exec_7,inprogress,74.5,65.58,51.58,24.65,null,null,null,null,null
single_drone_inspection_mapping_055,map_area,2026-01-13T11:32:39.000Z,complete,drone_1,uav,single_drone_inspection_mapping_055_exec_7,done,72.7,72.66,56.33,24.65,null,null,null,null,null
single_drone_inspection_mapping_055,replan,2026-01-13T11:32:40.000Z,start,drone_1,uav,single_drone_inspection_mapping_055_exec_8,inprogress,72.7,72.66,56.33,24.65,null,null,null,null,null
single_drone_inspection_mapping_055,replan,2026-01-13T11:33:21.000Z,complete,drone_1,uav,single_drone_inspection_mapping_055_exec_8,done,72.5,72.66,56.33,24.65,null,null,null,null,null
single_drone_inspection_mapping_055,navigate,2026-01-13T11:33:22.000Z,start,drone_1,uav,single_drone_inspection_mapping_055_exec_9,inprogress,72.5,72.66,56.33,24.65,null,null,null,null,null
single_drone_inspection_mapping_055,navigate,2026-01-13T11:34:12.000Z,null,drone_1,uav,single_drone_inspection_mapping_055_exec_9,inprogress,71.6,58.13,45.06,24.65,null,null,null,null,null
single_drone_inspection_mapping_055,navigate,2026-01-13T11:35:02.000Z,null,drone_1,uav,single_drone_inspection_mapping_055_exec_9,inprogress,70.7,43.6,33.8,24.65,null,null,null,null,null
single_drone_inspection_mapping_055,navigate,2026-01-13T11:35:52.000Z,null,drone_1,uav,single_drone_inspection_mapping_055_exec_9,inprogress,69.8,29.07,22.53,24.65,null,null,null,null,null
single_drone_inspection_mapping_055,navigate,2026-01-13T11:36:42.000Z,null,drone_1,uav,single_drone_inspection_mapping_055_exec_9,inprogress,68.9,14.53,11.27,24.65,null,null,null,null,null
single_drone_inspection_mapping_055,navigate,2026-01-13T11:37:32.000Z,complete,drone_1,uav,single_drone_inspection_mapping_055_exec_9,done,68.0,0.0,0.0,24.65,null,null,null,null,null
single_drone_inspection_mapping_055,land,2026-01-13T11:37:33.000Z,start,drone_1,uav,single_drone_inspection_mapping_055_exec_10,inprogress,68.0,0.0,0.0,24.65,null,null,null,null,null
single_drone_inspection_mapping_055,land,2026-01-13T11:37:51.000Z,null,drone_1,uav,single_drone_inspection_mapping_055_exec_10,inprogress,67.6,0.0,0.0,12.33,null,null,null,null,null
single_drone_inspection_mapping_055,land,2026-01-13T11:38:09.000Z,complete,drone_1,uav,single_drone_inspection_mapping_055_exec_10,done,67.2,0.0,0.0,0.0,null,null,null,null,null
