case_id,concept:name,time:timestamp,lifecycle:transition,robot_id,org:resource,execution_id,state,battery,x,y,z,msg_id,msg_payload,msg_role,msg_sender,msg_receiver
single_ground_robot_delivery_patrol_001,boot,2026-01-10T08:00:00.000Z,start,rover_1,ground_rover,single_ground_robot_delivery_patrol_001_exec_1,inprogress,89.9,0.0,0.0,0.0,null,null,null,null,null
single_ground_robot_delivery_patrol_001,boot,2026-01-10T08:00:20.000Z,complete,rover_1,ground_rover,single_ground_robot_delivery_patrol_001_exec_1,done,89.7,0.0,0.0,0.0,null,null,null,null,null
single_ground_robot_delivery_patrol_001,navigate,2026-01-10T08:00:21.000Z,start,rover_1,ground_rover,single_ground_robot_delivery_patrol_001_exec_2,inprogress,89.7,0.0,0.0,0.0,null,null,null,null,null
single_ground_robot_delivery_patrol_001,navigate,2026-01-10T08:01:32.000Z,null,rover_1,ground_rover,single_ground_robot_delivery_patrol_001_exec_2,inprogress,87.8,5.63,1.73,0.0,null,null,null,null,null
single_ground_robot_delivery_patrol_001,navigate,2026-01-10T08:02:43.000Z,null,rover_1,ground_rover,single_ground_robot_delivery_patrol_001_exec_2,inprogress,85.9,11.27,3.47,0.0,null,null,null,null,null
single_ground_robot_delivery_patrol_001,navigate,2026-01-10T08:03:56.000Z,complete,rover_1,ground_rover,single_ground_robot_delivery_patrol_001_exec_2,done,84.0,16.9,5.2,0.0,null,null,null,null,null
single_ground_robot_delivery_patrol_001,pickup,2026-01-10T08:03:57.000Z,start,rover_1,ground_rover,single_ground_robot_delivery_patrol_001_exec_3,inprogress,84.0,16.9,5.2,0.0,null,null,null,null,null
single_ground_robot_delivery_patrol_001,pickup,2026-01-10T08:04:17.000Z,null,rover_1,ground_rover,single_ground_robot_delivery_patrol_001_exec_3,inprogress,83.8,16.9,5.2,0.0,null,null,null,null,null
single_ground_robot_delivery_patrol_001,pickup,2026-01-10T08:04:37.000Z,complete,rover_1,ground_rover,single_ground_robot_delivery_patrol_001_exec_3,done,83.6,16.9,5.2,0.0,null,null,null,null,null
single_ground_robot_delivery_patrol_001,patrol,2026-01-10T08:04:38.000Z,start,rover_1,ground_rover,single_ground_robot_delivery_patrol_001_exec_4,inprogress,83.6,16.9,5.2,0.0,null,null,null,null,null
single_ground_robot_delivery_patrol_001,patrol,2026-01-10T08:05:15.000Z,null,rover_1,ground_rover,single_ground_robot_delivery_patrol_001_exec_4,inprogress,82.9,17.85,5.55,0.0,null,null,null,null,null
single_ground_robot_delivery_patrol_001,patrol,2026-01-10T08:05:52.000Z,null,rover_1,ground_rover,single_ground_robot_delivery_patrol_001_exec_4,inprogress,82.3,18.8,5.89,0.0,null,null,null,null,null
single_ground_robot_delivery_patrol_001,patrol,2026-01-10T08:06:29.000Z,null,rover_1,ground_rover,single_ground_robot_delivery_patrol_001_exec_4,inprogress,81.6,19.75,6.23,0.0,null,null,null,null,null
single_ground_robot_delivery_patrol_001,patrol,2026-01-10T08:07:07.000Z,complete,rover_1,ground_rover,single_ground_robot_delivery_patrol_001_exec_4,done,81.0,20.7,6.57,0.0,null,null,null,null,null
single_ground_robot_delivery_patrol_001,navigate,2026-01-10T08:07:08.000Z,start,rover_1,ground_rover,single_ground_robot_delivery_patrol_001_exec_5,inprogress,81.0,20.7,6.57,0.0,null,null,null,null,null
single_ground_robot_delivery_patrol_001,navigate,2026-01-10T08:08:03.000Z,null,rover_1,ground_rover,single_ground_robot_delivery_patrol_001_exec_5,inprogress,79.3,22.1,9.05,0.0,null,null,null,null,null
single_ground_robot_delivery_patrol_001,navigate,2026-01-10T08:08:58.000Z,null,rover_1,ground_rover,single_ground_robot_delivery_patrol_001_exec_5,inprogress,77.6,23.5,11.53,0.0,null,null,null,null,null
single_ground_robot_delivery_patrol_001,navigate,2026-01-10T08:09:53.000Z,null,rover_1,ground_rover,single_ground_robot_delivery_patrol_001_exec_5,inprogress,75.9,24.9,14.01,0.0,null,null,null,null,null
single_ground_robot_delivery_patrol_001,navigate,2026-01-10T08:10:49.000Z,complete,rover_1,ground_rover,single_ground_robot_delivery_patrol_001_exec_5,done,74.2,26.29,16.49,0.0,null,null,null,null,null
single_ground_robot_delivery_patrol_001,deliver,2026-01-10T08:10:50.000Z,start,rover_1,ground_rover,single_ground_robot_delivery_patrol_001_exec_6,inprogress,74.2,26.29,16.49,0.0,null,null,null,null,null
single_ground_robot_delivery_patrol_001,deliver,2026-01-10T08:11:15.000Z,null,rover_1,ground_rover,single_ground_robot_delivery_patrol_001_exec_6,inprogress,73.9,26.29,16.49,0.0,null,null,null,null,null
single_ground_robot_delivery_patrol_001,deliver,2026-01-10T08:11:41.000Z,complete,rover_1,ground_rover,single_ground_robot_delivery_patrol_001_exec_6,done,73.7,26.29,16.49,0.0,null,null,null,null,null
single_ground_robot_delivery_patrol_001,patrol,2026-01-10T08:11:42.000Z,start,rover_1,ground_rover,single_ground_robot_delivery_patrol_001_exec_7,inprogress,73.7,26.29,16.49,0.0,null,null,null,null,null
single_ground_robot_delivery_patrol_001,patrol,2026-01-10T08:13:15.000Z,null,rover_1,ground_rover,single_ground_robot_delivery_patrol_001_exec_7,inprogress,72.4,24.66,14.88,0.0,null,null,null,null,null
single_ground_robot_delivery_patrol_001,patrol,2026-01-10T08:14:48.000Z,complete,rover_1,ground_rover,single_ground_robot_delivery_patrol_001_exec_7,done,71.2,23.03,13.27,0.0,null,null,null,null,null
single_ground_robot_delivery_patrol_001,navigate,2026-01-10T08:14:49.000Z,start,rover_1,ground_rover,single_ground_robot_delivery_patrol_001_exec_8,inprogress,71.2,23.03,13.27,0.0,null,null,null,null,null
single_ground_robot_delivery_patrol_001,navigate,2026-01-10T08:16:01.000Z,null,rover_1,ground_rover,single_ground_robot_delivery_patrol_001_exec_8,inprogress,69.9,15.36,8.84,0.0,null,null,null,null,null
single_ground_robot_delivery_patrol_001,navigate,2026-01-10T08:17:13.000Z,null,rover_1,ground_rover,single_ground_robot_delivery_patrol_001_exec_8,inprogress,68.6,7.68,4.42,0.0,null,null,null,null,null
single_ground_robot_delivery_patrol_001,navigate,2026-01-10T08:18:26.000Z,complete,rover_1,ground_rover,single_ground_robot_delivery_patrol_001_exec_8,done,67.3,0.0,0.0,0.0,null,null,null,null,null
single_ground_robot_delivery_patrol_001,dock,2026-01-10T08:18:27.000Z,start,rover_1,ground_rover,single_ground_robot_delivery_patrol_001_exec_9,inprogress,67.3,0.0,0.0,0.0,null,null,null,null,null
single_ground_robot_delivery_patrol_001,dock,2026-01-10T08:18:59.000Z,complete,rover_1,ground_rover,single_ground_robot_delivery_patrol_001_exec_9,done,67.2,0.0,0.0,0.0,null,null,null,null,null
single_ground_robot_delivery_patrol_002,boot,2026-01-10T08:25:00.000Z,start,rover_1,ground_rover,single_ground_robot_delivery_patrol_002_exec_1,inprogress,75.5,0.0,0.0,0.0,null,null,null,null,null
single_ground_robot_delivery_patrol_002,boot,2026-01-10T08:25:32.000Z,complete,rover_1,ground_rover,single_ground_robot_delivery_patrol_002_exec_1,done,75.3,0.0,0.0,0.0,null,null,null,null,null
single_ground_robot_delivery_patrol_002,navigate,2026-01-10T08:25:33.000Z,start,rover_1,ground_rover,single_ground_robot_delivery_patrol_002_exec_2,inprogress,75.3,0.0,0.0,0.0,null,null,null,null,null
single_ground_robot_delivery_patrol_002,navigate,2026-01-10T08:26:41.000Z,null,rover_1,ground_rover,single_ground_robot_delivery_patrol_002_exec_2,inprogress,74.2,1.79,1.13,0.0,null,null,null,null,null
single_ground_robot_delivery_patrol_002,navigate,2026-01-10T08:27:49.000Z,null,rover_1,ground_rover,single_ground_robot_delivery_patrol_002_exec_2,inprogress,73.2,3.58,2.26,0.0,null,null,null,null,null
single_ground_robot_delivery_patrol_002,navigate,2026-01-10T08:28:57.000Z,null,rover_1,ground_rover,single_ground_robot_delivery_patrol_002_exec_2,inprogress,72.1,5.37,3.38,0.0,null,null,null,null,null
single_ground_robot_delivery_patrol_002,navigate,2026-01-10T08:30:05.000Z,null,rover_1,ground_rover,single_ground_robot_delivery_patrol_002_exec_2,inprogress,71.0,7.16,4.51,0.0,null,null,null,null,null
single_ground_robot_delivery_patrol_002,navigate,2026-01-10T08:31:13.000Z,complete,rover_1,ground_rover,single_ground_robot_delivery_patrol_002_exec_2,done,70.0,8.95,5.64,0.0,null,null,null,null,null
single_ground_robot_delivery_patrol_002,pickup,2026-01-10T08:31:14.000Z,start,rover_1,ground_rover,single_ground_robot_delivery_patrol_002_exec_3,inprogress,70.0,8.95,5.64,0.0,null,null,null,null,null
single_ground_robot_delivery_patrol_002,pickup,2026-01-10T08:31:51.000Z,complete,rover_1,ground_rover,single_ground_robot_delivery_patrol_002_exec_3,done,69.0,8.95,5.64,0.0,null,null,null,null,null
single_ground_robot_delivery_patrol_002,navigate,2026-01-10T08:31:52.000Z,start,rover_1,ground_rover,single_ground_robot_delivery_patrol_002_exec_4,inprogress,69.0,8.95,5.64,0.0,null,null,null,null,null
single_ground_robot_delivery_patrol_002,navigate,2026-01-10T08:33:10.000Z,null,rover_1,ground_rover,single_ground_robot_delivery_patrol_002_exec_4,inprogress,67.6,14.96,8.18,0.0,null,null,null,null,null
single_ground_robot_delivery_patrol_002,navigate,2026-01-10T08:34:28.000Z,null,rover_1,ground_rover,single_ground_robot_delivery_patrol_002_exec_4,inprogress,66.2,20.97,10.72,0.0,null,null,null,null,null
single_ground_robot_delivery_patrol_002,navigate,2026-01-10T08:35:46.000Z,null,rover_1,ground_rover,single_ground_robot_delivery_patrol_002_exec_4,inprogress,64.9,26.98,13.26,0.0,null,null,null,null,null
single_ground_robot_delivery_patrol_002,navigate,2026-01-10T08:37:05.000Z,complete,rover_1,ground_rover,single_ground_robot_delivery_patrol_002_exec_4,done,63.5,33.0,15.8,0.0,null,null,null,null,null
single_ground_robot_delivery_patrol_002,deliver,2026-01-10T08:37:06.000Z,start,rover_1,ground_rover,single_ground_robot_delivery_patrol_002_exec_5,inprogress,63.5,33.0,15.8,0.0,null,null,null,null,null
single_ground_robot_delivery_patrol_002,deliver,2026-01-10T08:37:27.000Z,null,rover_1,ground_rover,single_ground_robot_delivery_patrol_002_exec_5,inprogress,63.0,33.0,15.8,0.0,null,null,null,null,null
single_ground_robot_delivery_patrol_002,deliver,2026-01-10T08:37:49.000Z,complete,rover_1,ground_rover,single_ground_robot_delivery_patrol_002_exec_5,done,62.6,33.0,15.8,0.0,null,null,null,null,null
single_ground_robot_delivery_patrol_002,patrol,2026-01-10T08:37:50.000Z,start,rover_1,ground_rover,single_ground_robot_delivery_patrol_002_exec_6,inprogress,62.6,33.0,15.8,0.0,null,null,null,null,null
single_ground_robot_delivery_patrol_002,patrol,2026-01-10T08:38:19.000Z,null,rover_1,ground_rover,single_ground_robot_delivery_patrol_002_exec_6,inprogress,62.2,33.27,15.87,0.0,null,null,null,null,null
single_ground_robot_delivery_patrol_002,patrol,2026-01-10T08:38:48.000Z,null,rover_1,ground_rover,single_ground_robot_delivery_patrol_002_exec_6,inprogress,61.9,33.54,15.94,0.0,null,null,null,null,null
single_ground_robot_delivery_patrol_002,patrol,2026-01-10T08:39:17.000Z,null,rover_1,ground_rover,single_ground_robot_delivery_patrol_002_exec_6,inprogress,61.5,33.81,16.01,0.0,null,null,null,null,null
single_ground_robot_delivery_patrol_002,patrol,2026-01-10T08:39:48.000Z,complete,rover_1,ground_rover,single_ground_robot_delivery_patrol_002_exec_6,done,61.2,34.08,16.07,0.0,null,null,null,null,null
single_ground_robot_delivery_patrol_002,navigate,2026-01-10T08:39:49.000Z,start,rover_1,ground_rover,single_ground_robot_delivery_patrol_002_exec_7,inprogress,61.2,34.08,16.07,0.0,null,null,null,null,null
single_ground_robot_delivery_patrol_002,navigate,2026-01-10T08:40:56.000Z,null,rover_1,ground_rover,single_ground_robot_delivery_patrol_002_exec_7,inprogress,60.5,25.56,12.06,0.0,null,null,null,null,null
single_ground_robot_delivery_patrol_002,navigate,2026-01-10T08:42:03.000Z,null,rover_1,ground_rover,single_ground_robot_delivery_patrol_002_exec_7,inprogress,59.8,17.04,8.04,0.0,null,null,null,null,null
single_ground_robot_delivery_patrol_002,navigate,2026-01-10T08:43:10.000Z,null,rover_1,ground_rover,single_ground_robot_delivery_patrol_002_exec_7,inprogress,59.1,8.52,4.02,0.0,null,null,null,null,null
single_ground_robot_delivery_patrol_002,navigate,2026-01-10T08:44:17.000Z,complete,rover_1,ground_rover,single_ground_robot_delivery_patrol_002_exec_7,done,58.5,0.0,0.0,0.0,null,null,null,null,null
single_ground_robot_delivery_patrol_002,dock,2026-01-10T08:44:18.000Z,start,rover_1,ground_rover,single_ground_robot_delivery_patrol_002_exec_8,inprogress,58.5,0.0,0.0,0.0,null,null,null,null,null
single_ground_robot_delivery_patrol_002,dock,2026-01-10T08:44:53.000Z,complete,rover_1,ground_rover,single_ground_robot_delivery_patrol_002_exec_8,done,58.4,0.0,0.0,0.0,null,null,null,null,null
single_ground_robot_delivery_patrol_003,boot,2026-01-10T08:50:00.000Z,start,rover_1,ground_rover,single_ground_robot_delivery_patrol_003_exec_1,inprogress,91.3,0.0,0.0,0.0,null,null,null,null,null
single_ground_robot_delivery_patrol_003,boot,2026-01-10T08:50:27.000Z,complete,rover_1,ground_rover,single_ground_robot_delivery_patrol_003_exec_1,done,91.1,0.0,0.0,0.0,null,null,null,null,null
single_ground_robot_delivery_patrol_003,navigate,2026-01-10T08:50:28.000Z,start,rover_1,ground_rover,single_ground_robot_delivery_patrol_003_exec_2,inprogress,91.1,0.0,0.0,0.0,null,null,null,null,null
single_ground_robot_delivery_patrol_003,navigate,2026-01-10T08:52:34.000Z,null,rover_1,ground_rover,single_ground_robot_delivery_patrol_003_exec_2,inprogress,89.8,5.41,3.53,0.0,null,null,null,null,null
single_ground_robot_delivery_patrol_003,navigate,2026-01-10T08:54:40.000Z,null,rover_1,ground_rover,single_ground_robot_delivery_patrol_003_exec_2,inprogress,88.5,10.81,7.06,0.0,null,null,null,null,null
single_ground_robot_delivery_patrol_003,navigate,2026-01-10T08:56:46.000Z,complete,rover_1,ground_rover,single_ground_robot_delivery_patrol_003_exec_2,done,87.2,16.22,10.59,0.0,null,null,null,null,null
single_ground_robot_delivery_patrol_003,obstacle_avoidance,2026-01-10T08:56:47.000Z,start,rover_1,ground_rover,single_ground_robot_delivery_patrol_003_exec_3,inprogress,87.2,16.22,10.59,0.0,null,null,null,null,null
single_ground_robot_delivery_patrol_003,obstacle_avoidance,2026-01-10T08:57:01.000Z,null,rover_1,ground_rover,single_ground_robot_delivery_patrol_003_exec_3,inprogress,86.7,16.1,11.35,0.0,null,null,null,null,null
single_ground_robot_delivery_patrol_003,obstacle_avoidance,2026-01-10T08:57:15.000Z,null,rover_1,ground_rover,single_ground_robot_delivery_patrol_003_exec_3,inprogress,86.2,15.98,12.12,0.0,null,null,null,null,null
single_ground_robot_delivery_patrol_003,obstacle_avoidance,2026-01-10T08:57:29.000Z,null,rover_1,ground_rover,single_ground_robot_delivery_patrol_003_exec_3,inprogress,85.8,15.86,12.89,0.0,null,null,null,null,null
single_ground_robot_delivery_patrol_003,obstacle_avoidance,2026-01-10T08:57:44.000Z,complete,rover_1,ground_rover,single_ground_robot_delivery_patrol_003_exec_3,done,85.3,15.74,13.66,0.0,null,null,null,null,null
single_ground_robot_delivery_patrol_003,pickup,2026-01-10T08:57:45.000Z,start,rover_1,ground_rover,single_ground_robot_delivery_patrol_003_exec_4,inprogress,85.3,15.74,13.66,0.0,null,null,null,null,null
single_ground_robot_delivery_patrol_003,pickup,2026-01-10T08:58:40.000Z,complete,rover_1,ground_rover,single_ground_robot_delivery_patrol_003_exec_4,done,84.4,15.74,13.66,0.0,null,null,null,null,null
single_ground_robot_delivery_patrol_003,navigate,2026-01-10T08:58:41.000Z,start,rover_1,ground_rover,single_ground_robot_delivery_patrol_003_exec_5,inprogress,84.4,15.74,13.66,0.0,null,null,null,null,null
single_ground_robot_delivery_patrol_003,navigate,2026-01-10T08:59:41.000Z,null,rover_1,ground_rover,single_ground_robot_delivery_patrol_003_exec_5,inprogress,83.5,17.6,13.82,0.0,null,null,null,null,null
single_ground_robot_delivery_patrol_003,navigate,2026-01-10T09:00:41.000Z,null,rover_1,ground_rover,single_ground_robot_delivery_patrol_003_exec_5,inprogress,82.7,19.45,13.99,0.0,null,null,null,null,null
single_ground_robot_delivery_patrol_003,navigate,2026-01-10T09:01:41.000Z,null,rover_1,ground_rover,single_ground_robot_delivery_patrol_003_exec_5,inprogress,81.9,21.31,14.15,0.0,null,null,null,null,null
single_ground_robot_delivery_patrol_003,navigate,2026-01-10T09:02:41.000Z,null,rover_1,ground_rover,single_ground_robot_delivery_patrol_003_exec_5,inprogress,81.0,23.17,14.32,0.0,null,null,null,null,null
single_ground_robot_delivery_patrol_003,navigate,2026-01-10T09:03:41.000Z,null,rover_1,ground_rover,single_ground_robot_delivery_patrol_003_exec_5,inprogress,80.2,25.03,14.48,0.0,null,null,null,null,null
single_ground_robot_delivery_patrol_003,navigate,2026-01-10T09:04:44.000Z,complete,rover_1,ground_rover,single_ground_robot_delivery_patrol_003_exec_5,done,79.3,26.88,14.65,0.0,null,null,null,null,null
single_ground_robot_delivery_patrol_003,deliver,2026-01-10T09:04:45.000Z,start,rover_1,ground_rover,single_ground_robot_delivery_patrol_003_exec_6,inprogress,79.3,26.88,14.65,0.0,null,null,null,null,null
single_ground_robot_delivery_patrol_003,deliver,2026-01-10T09:05:18.000Z,null,rover_1,ground_rover,single_ground_robot_delivery_patrol_003_exec_6,inprogress,78.8,26.88,14.65,0.0,null,null,null,null,null
single_ground_robot_delivery_patrol_003,deliver,2026-01-10T09:05:52.000Z,complete,rover_1,ground_rover,single_ground_robot_delivery_patrol_003_exec_6,done,78.3,26.88,14.65,0.0,null,null,null,null,null
single_ground_robot_delivery_patrol_003,patrol,2026-01-10T09:05:53.000Z,start,rover_1,ground_rover,single_ground_robot_delivery_patrol_003_exec_7,inprogress,78.3,26.88,14.65,0.0,null,null,null,null,null
single_ground_robot_delivery_patrol_003,patrol,2026-01-10T09:07:00.000Z,null,rover_1,ground_rover,single_ground_robot_delivery_patrol_003_exec_7,inprogress,77.7,26.13,15.98,0.0,null,null,null,null,null
single_ground_robot_delivery_patrol_003,patrol,2026-01-10T09:08:07.000Z,null,rover_1,ground_rover,single_ground_robot_delivery_patrol_003_exec_7,inprogress,77.0,25.39,17.3,0.0,null,null,null,null,null
single_ground_robot_delivery_patrol_003,patrol,2026-01-10T09:09:15.000Z,complete,rover_1,ground_rover,single_ground_robot_delivery_patrol_003_exec_7,done,76.4,24.64,18.63,0.0,null,null,null,null,null
single_ground_robot_delivery_patrol_003,navigate,2026-01-10T09:09:16.000Z,start,rover_1,ground_rover,single_ground_robot_delivery_patrol_003_exec_8,inprogress,76.4,24.64,18.63,0.0,null,null,null,null,null
single_ground_robot_delivery_patrol_003,navigate,2026-01-10T09:10:13.000Z,null,rover_1,ground_rover,single_ground_robot_delivery_patrol_003_exec_8,inprogress,75.0,16.42,12.42,0.0,null,null,null,null,null
single_ground_robot_delivery_patrol_003,navigate,2026-01-10T09:11:10.000Z,null,rover_1,ground_rover,single_ground_robot_delivery_patrol_003_exec_8,inprogress,73.6,8.21,6.21,0.0,null,null,null,null,null
single_ground_robot_delivery_patrol_003,navigate,2026-01-10T09:12:09.000Z,complete,rover_1,ground_rover,single_ground_robot_delivery_patrol_003_exec_8,done,72.2,0.0,0.0,0.0,null,null,null,null,null
single_ground_robot_delivery_patrol_003,dock,2026-01-10T09:12:10.000Z,start,rover_1,ground_rover,single_ground_robot_delivery_patrol_003_exec_9,inprogress,72.2,0.0,0.0,0.0,null,null,null,null,null
single_ground_robot_delivery_patrol_003,dock,2026-01-10T09:12:29.000Z,complete,rover_1,ground_rover,single_ground_robot_delivery_patrol_003_exec_9,done,72.1,0.0,0.0,0.0,null,null,null,null,null
single_ground_robot_delivery_patrol_004,boot,2026-01-10T09:15:00.000Z,start,rover_1,ground_rover,single_ground_robot_delivery_patrol_004_exec_1,inprogress,89.6,0.0,0.0,0.0,null,null,null,null,null
single_ground_robot_delivery_patrol_004,boot,2026-01-10T09:15:45.000Z,complete,rover_1,ground_rover,single_ground_robot_delivery_patrol_004_exec_1,done,89.4,0.0,0.0,0.0,null,null,null,null,null
single_ground_robot_delivery_patrol_004,navigate,2026-01-10T09:15:46.000Z,start,rover_1,ground_rover,single_ground_robot_delivery_patrol_004_exec_2,inprogress,89.4,0.0,0.0,0.0,null,null,null,null,null
single_ground_robot_delivery_patrol_004,navigate,2026-01-10T09:16:32.000Z,null,rover_1,ground_rover,single_ground_robot_delivery_patrol_004_exec_2,inprogress,88.5,2.69,1.39,0.0,null,null,null,null,null
single_ground_robot_delivery_patrol_004,navigate,2026-01-10T09:17:18.000Z,null,rover_1,ground_rover,single_ground_robot_delivery_patrol_004_exec_2,inprogress,87.6,5.39,2.79,0.0,null,null,null,null,null
single_ground_robot_delivery_patrol_004,navigate,2026-01-10T09:18:04.000Z,null,rover_1,ground_rover,single_ground_robot_delivery_patrol_004_exec_2,inprogress,86.7,8.08,4.18,0.0,null,null,null,null,null
single_ground_robot_delivery_patrol_004,navigate,2026-01-10T09:18:50.000Z,null,rover_1,ground_rover,single_ground_robot_delivery_patrol_004_exec_2,inprogress,85.8,10.78,5.58,0.0,null,null,null,null,null
single_ground_robot_delivery_patrol_004,navigate,2026-01-10T09:19:36.000Z,null,rover_1,ground_rover,single_ground_robot_delivery_patrol_004_exec_2,inprogress,84.9,13.47,6.97,0.0,null,null,null,null,null
single_ground_robot_delivery_patrol_004,navigate,2026-01-10T09:20:24.000Z,complete,rover_1,ground_rover,single_ground_robot_delivery_patrol_004_exec_2,done,84.0,16.17,8.37,0.0,null,null,null,null,null
single_ground_robot_delivery_patrol_004,pickup,2026-01-10T09:20:25.000Z,start,rover_1,ground_rover,single_ground_robot_delivery_patrol_004_exec_3,inprogress,84.0,16.17,8.37,0.0,null,null,null,null,null
single_ground_robot_delivery_patrol_004,pickup,2026-01-10T09:21:16.000Z,complete,rover_1,ground_rover,single_ground_robot_delivery_patrol_004_exec_3,done,83.0,16.17,8.37,0.0,null,null,null,null,null
single_ground_robot_delivery_patrol_004,patrol,2026-01-10T09:21:17.000Z,start,rover_1,ground_rover,single_ground_robot_delivery_patrol_004_exec_4,inprogress,83.0,16.17,8.37,0.0,null,null,null,null,null
single_ground_robot_delivery_patrol_004,patrol,2026-01-10T09:21:56.000Z,null,rover_1,ground_rover,single_ground_robot_delivery_patrol_004_exec_4,inprogress,82.7,16.92,8.31,0.0,null,null,null,null,null
single_ground_robot_delivery_patrol_004,patrol,2026-01-10T09:22:35.000Z,null,rover_1,ground_rover,single_ground_robot_delivery_patrol_004_exec_4,inprogress,82.4,17.68,8.25,0.0,null,null,null,null,null
single_ground_robot_delivery_patrol_004,patrol,2026-01-10T09:23:14.000Z,null,rover_1,ground_rover,single_ground_robot_delivery_patrol_004_exec_4,inprogress,82.0,18.43,8.19,0.0,null,null,null,null,null
single_ground_robot_delivery_patrol_004,patrol,2026-01-10T09:23:55.000Z,complete,rover_1,ground_rover,single_ground_robot_delivery_patrol_004_exec_4,done,81.7,19.19,8.13,0.0,null,null,null,null,null
single_ground_robot_delivery_patrol_004,temporary_stop,2026-01-10T09:23:56.000Z,start,rover_1,ground_rover,single_ground_robot_delivery_patrol_004_exec_5,inprogress,81.7,19.19,8.13,0.0,null,null,null,null,null
single_ground_robot_delivery_patrol_004,temporary_stop,2026-01-10T09:24:54.000Z,complete,rover_1,ground_rover,single_ground_robot_delivery_patrol_004_exec_5,done,81.4,19.19,8.13,0.0,null,null,null,null,null
single_ground_robot_delivery_patrol_004,navigate,2026-01-10T09:24:55.000Z,start,rover_1,ground_rover,single_ground_robot_delivery_patrol_004_exec_6,inprogress,81.4,19.19,8.13,0.0,null,null,null,null,null
single_ground_robot_delivery_patrol_004,navigate,2026-01-10T09:25:53.000Z,null,rover_1,ground_rover,single_ground_robot_delivery_patrol_004_exec_6,inprogress,80.6,19.59,9.82,0.0,null,null,null,null,null
single_ground_robot_delivery_patrol_004,navigate,2026-01-10T09:26:51.000Z,null,rover_1,ground_rover,single_ground_robot_delivery_patrol_004_exec_6,inprogress,79.8,19.99,11.5,0.0,null,null,null,null,null
single_ground_robot_delivery_patrol_004,navigate,2026-01-10T09:27:49.000Z,null,rover_1,ground_rover,single_ground_robot_delivery_patrol_004_exec_6,inprogress,79.0,20.39,13.19,0.0,null,null,null,null,null
single_ground_robot_delivery_patrol_004,navigate,2026-01-10T09:28:47.000Z,null,rover_1,ground_rover,single_ground_robot_delivery_patrol_004_exec_6,inprogress,78.2,20.79,14.88,0.0,null,null,null,null,null
single_ground_robot_delivery_patrol_004,navigate,2026-01-10T09:29:45.000Z,null,rover_1,ground_rover,single_ground_robot_delivery_patrol_004_exec_6,inprogress,77.4,21.19,16.57,0.0,null,null,null,null,null
single_ground_robot_delivery_patrol_004,navigate,2026-01-10T09:30:44.000Z,complete,rover_1,ground_rover,single_ground_robot_delivery_patrol_004_exec_6,done,76.6,21.6,18.25,0.0,null,null,null,null,null
single_ground_robot_delivery_patrol_004,deliver,2026-01-10T09:30:45.000Z,start,rover_1,ground_rover,single_ground_robot_delivery_patrol_004_exec_7,inprogress,76.6,21.6,18.25,0.0,null,null,null,null,null
single_ground_robot_delivery_patrol_004,deliver,2026-01-10T09:31:38.000Z,complete,rover_1,ground_rover,single_ground_robot_delivery_patrol_004_exec_7,done,75.8,21.6,18.25,0.0,null,null,null,null,null
single_ground_robot_delivery_patrol_004,patrol,2026-01-10T09:31:39.000Z,start,rover_1,ground_rover,single_ground_robot_delivery_patrol_004_exec_8,inprogress,75.8,21.6,18.25,0.0,null,null,null,null,null
single_ground_robot_delivery_patrol_004,patrol,2026-01-10T09:33:36.000Z,null,rover_1,ground_rover,single_ground_robot_delivery_patrol_004_exec_8,inprogress,75.2,21.99,18.21,0.0,null,null,null,null,null
single_ground_robot_delivery_patrol_004,patrol,2026-01-10T09:35:34.000Z,complete,rover_1,ground_rover,single_ground_robot_delivery_patrol_004_exec_8,done,74.6,22.39,18.16,0.0,null,null,null,null,null
single_ground_robot_delivery_patrol_004,navigate,2026-01-10T09:35:35.000Z,start,rover_1,ground_rover,single_ground_robot_delivery_patrol_004_exec_9,inprogress,74.6,22.39,18.16,0.0,null,null,null,null,null
single_ground_robot_delivery_patrol_004,navigate,2026-01-10T09:36:35.000Z,null,rover_1,ground_rover,single_ground_robot_delivery_patrol_004_exec_9,inprogress,74.0,16.79,13.62,0.0,null,null,null,null,null
single_ground_robot_delivery_patrol_004,navigate,2026-01-10T09:37:35.000Z,null,rover_1,ground_rover,single_ground_robot_delivery_patrol_004_exec_9,inprogress,73.3,11.19,9.08,0.0,null,null,null,null,null
single_ground_robot_delivery_patrol_004,navigate,2026-01-10T09:38:35.000Z,null,rover_1,ground_rover,single_ground_robot_delivery_patrol_004_exec_9,inprogress,72.7,5.6,4.54,0.0,null,null,null,null,null
single_ground_robot_delivery_patrol_004,navigate,2026-01-10T09:39:37.000Z,complete,rover_1,ground_rover,single_ground_robot_delivery_patrol_004_exec_9,done,72.0,0.0,0.0,0.0,null,null,null,null,null
single_ground_robot_delivery_patrol_004,dock,2026-01-10T09:39:38.000Z,start,rover_1,ground_rover,single_ground_robot_delivery_patrol_004_exec_10,inprogress,72.0,0.0,0.0,0.0,null,null,null,null,null
single_ground_robot_delivery_patrol_004,dock,2026-01-10T09:40:00.000Z,complete,rover_1,ground_rover,single_ground_robot_delivery_patrol_004_exec_10,done,71.9,0.0,0.0,0.0,null,null,null,null,null
single_ground_robot_delivery_patrol_005,boot,2026-01-10T09:40:00.000Z,start,rover_1,ground_rover,single_ground_robot_delivery_patrol_005_exec_1,inprogress,96.6,0.0,0.0,0.0,null,null,null,null,null
single_ground_robot_delivery_patrol_005,boot,2026-01-10T09:40:22.000Z,complete,rover_1,ground_rover,single_ground_robot_delivery_patrol_005_exec_1,done,96.4,0.0,0.0,0.0,null,null,null,null,null
single_ground_robot_delivery_patrol_005,navigate,2026-01-10T09:40:23.000Z,start,rover_1,ground_rover,single_ground_robot_delivery_patrol_005_exec_2,inprogress,96.4,0.0,0.0,0.0,null,null,null,null,null
single_ground_robot_delivery_patrol_005,navigate,2026-01-10T09:41:12.000Z,null,rover_1,ground_rover,single_ground_robot_delivery_patrol_005_exec_2,inprogress,95.5,2.26,1.84,0.0,null,null,null,null,null
single_ground_robot_delivery_patrol_005,navigate,2026-01-10T09:42:01.000Z,null,rover_1,ground_rover,single_ground_robot_delivery_patrol_005_exec_2,inprogress,94.6,4.51,3.69,0.0,null,null,null,null,null
single_ground_robot_delivery_patrol_005,navigate,2026-01-10T09:42:50.000Z,null,rover_1,ground_rover,single_ground_robot_delivery_patrol_005_exec_2,inprogress,93.7,6.77,5.53,0.0,null,null,null,null,null
single_ground_robot_delivery_patrol_005,navigate,2026-01-10T09:43:40.000Z,complete,rover_1,ground_rover,single_ground_robot_delivery_patrol_005_exec_2,done,92.9,9.03,7.37,0.0,null,null,null,null,null
single_ground_robot_delivery_patrol_005,pickup,2026-01-10T09:43:41.000Z,start,rover_1,ground_rover,single_ground_robot_delivery_patrol_005_exec_3,inprogress,92.9,9.03,7.37,0.0,null,null,null,null,null
single_ground_robot_delivery_patrol_005,pickup,2026-01-10T09:44:51.000Z,complete,rover_1,ground_rover,single_ground_robot_delivery_patrol_005_exec_3,done,92.3,9.03,7.37,0.0,null,null,null,null,null
single_ground_robot_delivery_patrol_005,navigate,2026-01-10T09:44:52.000Z,start,rover_1,ground_rover,single_ground_robot_delivery_patrol_005_exec_4,inprogress,92.3,9.03,7.37,0.0,null,null,null,null,null
single_ground_robot_delivery_patrol_005,navigate,2026-01-10T09:45:37.000Z,null,rover_1,ground_rover,single_ground_robot_delivery_patrol_005_exec_4,inprogress,91.4,11.39,9.04,0.0,null,null,null,null,null
single_ground_robot_delivery_patrol_005,navigate,2026-01-10T09:46:22.000Z,null,rover_1,ground_rover,single_ground_robot_delivery_patrol_005_exec_4,inprogress,90.5,13.74,10.71,0.0,null,null,null,null,null
single_ground_robot_delivery_patrol_005,navigate,2026-01-10T09:47:07.000Z,null,rover_1,ground_rover,single_ground_robot_delivery_patrol_005_exec_4,inprogress,89.6,16.1,12.38,0.0,null,null,null,null,null
single_ground_robot_delivery_patrol_005,navigate,2026-01-10T09:47:52.000Z,null,rover_1,ground_rover,single_ground_robot_delivery_patrol_005_exec_4,inprogress,88.8,18.46,14.05,0.0,null,null,null,null,null
single_ground_robot_delivery_patrol_005,navigate,2026-01-10T09:48:37.000Z,null,rover_1,ground_rover,single_ground_robot_delivery_patrol_005_exec_4,inprogress,87.9,20.82,15.72,0.0,null,null,null,null,null
single_ground_robot_delivery_patrol_005,navigate,2026-01-10T09:49:23.000Z,complete,rover_1,ground_rover,single_ground_robot_delivery_patrol_005_exec_4,done,87.0,23.18,17.39,0.0,null,null,null,null,null
single_ground_robot_delivery_patrol_005,deliver,2026-01-10T09:49:24.000Z,start,rover_1,ground_rover,single_ground_robot_delivery_patrol_005_exec_5,inprogress,87.0,23.18,17.39,0.0,null,null,null,null,null
single_ground_robot_delivery_patrol_005,deliver,2026-01-10T09:49:50.000Z,null,rover_1,ground_rover,single_ground_robot_delivery_patrol_005_exec_5,inprogress,86.5,23.18,17.39,0.0,null,null,null,null,null
single_ground_robot_delivery_patrol_005,deliver,2026-01-10T09:50:17.000Z,complete,rover_1,ground_rover,single_ground_robot_delivery_patrol_005_exec_5,done,86.0,23.18,17.39,0.0,null,null,null,null,null
single_ground_robot_delivery_patrol_005,patrol,2026-01-10T09:50:18.000Z,start,rover_1,ground_rover,single_ground_robot_delivery_patrol_005_exec_6,inprogress,86.0,23.18,17.39,0.0,null,null,null,null,null
single_ground_robot_delivery_patrol_005,patrol,2026-01-10T09:52:05.000Z,null,rover_1,ground_rover,single_ground_robot_delivery_patrol_005_exec_6,inprogress,85.5,22.17,15.65,0.0,null,null,null,null,null
single_ground_robot_delivery_patrol_005,patrol,2026-01-10T09:53:53.000Z,complete,rover_1,ground_rover,single_ground_robot_delivery_patrol_005_exec_6,done,84.9,21.16,13.91,0.0,null,null,null,null,null
single_ground_robot_delivery_patrol_005,navigate,2026-01-10T09:53:54.000Z,start,rover_1,ground_rover,single_ground_robot_delivery_patrol_005_exec_7,inprogress,84.9,21.16,13.91,0.0,null,null,null,null,null
single_ground_robot_delivery_patrol_005,navigate,2026-01-10T09:55:31.000Z,null,rover_1,ground_rover,single_ground_robot_delivery_patrol_005_exec_7,inprogress,83.8,14.11,9.27,0.0,null,null,null,null,null
single_ground_robot_delivery_patrol_005,navigate,2026-01-10T09:57:08.000Z,null,rover_1,ground_rover,single_ground_robot_delivery_patrol_005_exec_7,inprogress,82.6,7.05,4.64,0.0,null,null,null,null,null
single_ground_robot_delivery_patrol_005,navigate,2026-01-10T09:58:45.000Z,complete,rover_1,ground_rover,single_ground_robot_delivery_patrol_005_exec_7,done,81.5,0.0,0.0,0.0,null,null,null,null,null
single_ground_robot_delivery_patrol_005,dock,2026-01-10T09:58:46.000Z,start,rover_1,ground_rover,single_ground_robot_delivery_patrol_005_exec_8,inprogress,81.5,0.0,0.0,0.0,null,null,null,null,null
single_ground_robot_delivery_patrol_005,dock,2026-01-10T09:59:01.000Z,complete,rover_1,ground_rover,single_ground_robot_delivery_patrol_005_exec_8,done,81.4,0.0,0.0,0.0,null,null,null,null,null
single_ground_robot_delivery_patrol_006,boot,2026-01-10T10:05:00.000Z,start,rover_1,ground_rover,single_ground_robot_delivery_patrol_006_exec_1,inprogress,74.0,0.0,0.0,0.0,null,null,null,null,null
single_ground_robot_delivery_patrol_006,boot,2026-01-10T10:05:40.000Z,complete,rover_1,ground_rover,single_ground_robot_delivery_patrol_006_exec_1,done,73.8,0.0,0.0,0.0,null,null,null,null,null
single_ground_robot_delivery_patrol_006,navigate,2026-01-10T10:05:41.000Z,start,rover_1,ground_rover,single_ground_robot_delivery_patrol_006_exec_2,inprogress,73.8,0.0,0.0,0.0,null,null,null,null,null
single_ground_robot_delivery_patrol_006,navigate,2026-01-10T10:06:18.000Z,null,rover_1,ground_rover,single_ground_robot_delivery_patrol_006_exec_2,inprogress,73.1,1.74,0.72,0.0,null,null,null,null,null
single_ground_robot_delivery_patrol_006,navigate,2026-01-10T10:06:55.000Z,null,rover_1,ground_rover,single_ground_robot_delivery_patrol_006_exec_2,inprogress,72.5,3.48,1.44,0.0,null,null,null,null,null
single_ground_robot_delivery_patrol_006,navigate,2026-01-10T10:07:32.000Z,null,rover_1,ground_rover,single_ground_robot_delivery_patrol_006_exec_2,inprogress,71.8,5.22,2.16,0.0,null,null,null,null,null
single_ground_robot_delivery_patrol_006,navigate,2026-01-10T10:08:09.000Z,null,rover_1,ground_rover,single_ground_robot_delivery_patrol_006_exec_2,inprogress,71.2,6.97,2.89,0.0,null,null,null,null,null
single_ground_robot_delivery_patrol_006,navigate,2026-01-10T10:08:49.000Z,complete,rover_1,ground_rover,single_ground_robot_delivery_patrol_006_exec_2,done,70.5,8.71,3.61,0.0,null,null,null,null,null
single_ground_robot_delivery_patrol_006,pickup,2026-01-10T10:08:50.000Z,start,rover_1,ground_rover,single_ground_robot_delivery_patrol_006_exec_3,inprogress,70.5,8.71,3.61,0.0,null,null,null,null,null
single_ground_robot_delivery_patrol_006,pickup,2026-01-10T10:09:28.000Z,null,rover_1,ground_rover,single_ground_robot_delivery_patrol_006_exec_3,inprogress,70.2,8.71,3.61,0.0,null,null,null,null,null
single_ground_robot_delivery_patrol_006,pickup,2026-01-10T10:10:07.000Z,complete,rover_1,ground_rover,single_ground_robot_delivery_patrol_006_exec_3,done,69.9,8.71,3.61,0.0,null,null,null,null,null
single_ground_robot_delivery_patrol_006,patrol,2026-01-10T10:10:08.000Z,start,rover_1,ground_rover,single_ground_robot_delivery_patrol_006_exec_4,inprogress,69.9,8.71,3.61,0.0,null,null,null,null,null
single_ground_robot_delivery_patrol_006,patrol,2026-01-10T10:11:53.000Z,null,rover_1,ground_rover,single_ground_robot_delivery_patrol_006_exec_4,inprogress,69.2,10.88,5.03,0.0,null,null,null,null,null
single_ground_robot_delivery_patrol_006,patrol,2026-01-10T10:13:39.000Z,complete,rover_1,ground_rover,single_ground_robot_delivery_patrol_006_exec_4,done,68.5,13.06,6.45,0.0,null,null,null,null,null
single_ground_robot_delivery_patrol_006,temporary_stop,2026-01-10T10:13:40.000Z,start,rover_1,ground_rover,single_ground_robot_delivery_patrol_006_exec_5,inprogress,68.5,13.06,6.45,0.0,null,null,null,null,null
single_ground_robot_delivery_patrol_006,temporary_stop,2026-01-10T10:14:20.000Z,null,rover_1,ground_rover,single_ground_robot_delivery_patrol_006_exec_5,inprogress,68.4,13.06,6.45,0.0,null,null,null,null,null
single_ground_robot_delivery_patrol_006,temporary_stop,2026-01-10T10:15:00.000Z,complete,rover_1,ground_rover,single_ground_robot_delivery_patrol_006_exec_5,done,68.2,13.06,6.45,0.0,null,null,null,null,null
single_ground_robot_delivery_patrol_006,navigate,2026-01-10T10:15:01.000Z,start,rover_1,ground_rover,single_ground_robot_delivery_patrol_006_exec_6,inprogress,68.2,13.06,6.45,0.0,null,null,null,null,null
single_ground_robot_delivery_patrol_006,navigate,2026-01-10T10:16:37.000Z,null,rover_1,ground_rover,single_ground_robot_delivery_patrol_006_exec_6,inprogress,67.2,16.55,9.66,0.0,null,null,null,null,null
single_ground_robot_delivery_patrol_006,navigate,2026-01-10T10:18:13.000Z,null,rover_1,ground_rover,single_ground_robot_delivery_patrol_006_exec_6,inprogress,66.1,20.03,12.87,0.0,null,null,null,null,null
single_ground_robot_delivery_patrol_006,navigate,2026-01-10T10:19:49.000Z,null,rover_1,ground_rover,single_ground_robot_delivery_patrol_006_exec_6,inprogress,65.1,23.52,16.08,0.0,null,null,null,null,null
single_ground_robot_delivery_patrol_006,navigate,2026-01-10T10:21:26.000Z,complete,rover_1,ground_rover,single_ground_robot_delivery_patrol_006_exec_6,done,64.0,27.01,19.29,0.0,null,null,null,null,null
single_ground_robot_delivery_patrol_006,deliver,2026-01-10T10:21:27.000Z,start,rover_1,ground_rover,single_ground_robot_delivery_patrol_006_exec_7,inprogress,64.0,27.01,19.29,0.0,null,null,null,null,null
single_ground_robot_delivery_patrol_006,deliver,2026-01-10T10:22:18.000Z,complete,rover_1,ground_rover,single_ground_robot_delivery_patrol_006_exec_7,done,63.4,27.01,19.29,0.0,null,null,null,null,null
single_ground_robot_delivery_patrol_006,patrol,2026-01-10T10:22:19.000Z,start,rover_1,ground_rover,single_ground_robot_delivery_patrol_006_exec_8,inprogress,63.4,27.01,19.29,0.0,null,null,null,null,null
single_ground_robot_delivery_patrol_006,patrol,2026-01-10T10:22:56.000Z,null,rover_1,ground_rover,single_ground_robot_delivery_patrol_006_exec_8,inprogress,63.1,26.9,19.13,0.0,null,null,null,null,null
single_ground_robot_delivery_patrol_006,patrol,2026-01-10T10:23:33.000Z,null,rover_1,ground_rover,single_ground_robot_delivery_patrol_006_exec_8,inprogress,62.7,26.8,18.98,0.0,null,null,null,null,null
single_ground_robot_delivery_patrol_006,patrol,2026-01-10T10:24:10.000Z,null,rover_1,ground_rover,single_ground_robot_delivery_patrol_006_exec_8,inprogress,62.3,26.7,18.82,0.0,null,null,null,null,null
single_ground_robot_delivery_patrol_006,patrol,2026-01-10T10:24:47.000Z,complete,rover_1,ground_rover,single_ground_robot_delivery_patrol_006_exec_8,done,61.9,26.59,18.67,0.0,null,null,null,null,null
single_ground_robot_delivery_patrol_006,navigate,2026-01-10T10:24:48.000Z,start,rover_1,ground_rover,single_ground_robot_delivery_patrol_006_exec_9,inprogress,61.9,26.59,18.67,0.0,null,null,null,null,null
single_ground_robot_delivery_patrol_006,navigate,2026-01-10T10:25:59.000Z,null,rover_1,ground_rover,single_ground_robot_delivery_patrol_006_exec_9,inprogress,60.9,17.73,12.44,0.0,null,null,null,null,null
single_ground_robot_delivery_patrol_006,navigate,2026-01-10T10:27:10.000Z,null,rover_1,ground_rover,single_ground_robot_delivery_patrol_006_exec_9,inprogress,59.9,8.86,6.22,0.0,null,null,null,null,null
single_ground_robot_delivery_patrol_006,navigate,2026-01-10T10:28:21.000Z,complete,rover_1,ground_rover,single_ground_robot_delivery_patrol_006_exec_9,done,58.8,0.0,0.0,0.0,null,null,null,null,null
single_ground_robot_delivery_patrol_006,dock,2026-01-10T10:28:22.000Z,start,rover_1,ground_rover,single_ground_robot_delivery_patrol_006_exec_10,inprogress,58.8,0.0,0.0,0.0,null,null,null,null,null
single_ground_robot_delivery_patrol_006,dock,2026-01-10T10:28:54.000Z,complete,rover_1,ground_rover,single_ground_robot_delivery_patrol_006_exec_10,done,58.7,0.0,0.0,0.0,null,null,null,null,null
single_ground_robot_delivery_patrol_007,boot,2026-01-10T10:30:00.000Z,start,rover_1,ground_rover,single_ground_robot_delivery_patrol_007_exec_1,inprogress,74.7,0.0,0.0,0.0,null,null,null,null,null
single_ground_robot_delivery_patrol_007,boot,2026-01-10T10:30:40.000Z,complete,rover_1,ground_rover,single_ground_robot_delivery_patrol_007_exec_1,done,74.5,0.0,0.0,0.0,null,null,null,null,null
single_ground_robot_delivery_patrol_007,navigate,2026-01-10T10:30:41.000Z,start,rover_1,ground_rover,single_ground_robot_delivery_patrol_007_exec_2,inprogress,74.5,0.0,0.0,0.0,null,null,null,null,null
single_ground_robot_delivery_patrol_007,navigate,2026-01-10T10:31:31.000Z,null,rover_1,ground_rover,single_ground_robot_delivery_patrol_007_exec_2,inprogress,73.6,5.0,2.63,0.0,null,null,null,null,null
single_ground_robot_delivery_patrol_007,navigate,2026-01-10T10:32:21.000Z,null,rover_1,ground_rover,single_ground_robot_delivery_patrol_007_exec_2,inprogress,72.7,10.0,5.26,0.0,null,null,null,null,null
single_ground_robot_delivery_patrol_007,navigate,2026-01-10T10:33:11.000Z,null,rover_1,ground_rover,single_ground_robot_delivery_patrol_007_exec_2,inprogress,71.8,14.99,7.89,0.0,null,null,null,null,null
single_ground_robot_delivery_patrol_007,navigate,2026-01-10T10:34:04.000Z,complete,rover_1,ground_rover,single_ground_robot_delivery_patrol_007_exec_2,done,70.9,19.99,10.52,0.0,null,null,null,null,null
single_ground_robot_delivery_patrol_007,pickup,2026-01-10T10:34:05.000Z,start,rover_1,ground_rover,single_ground_robot_delivery_patrol_007_exec_3,inprogress,70.9,19.99,10.52,0.0,null,null,null,null,null
single_ground_robot_delivery_patrol_007,pickup,2026-01-10T10:34:29.000Z,null,rover_1,ground_rover,single_ground_robot_delivery_patrol_007_exec_3,inprogress,70.3,19.99,10.52,0.0,null,null,null,null,null
single_ground_robot_delivery_patrol_007,pickup,2026-01-10T10:34:53.000Z,complete,rover_1,ground_rover,single_ground_robot_delivery_patrol_007_exec_3,done,69.8,19.99,10.52,0.0,null,null,null,null,null
single_ground_robot_delivery_patrol_007,patrol,2026-01-10T10:34:54.000Z,start,rover_1,ground_rover,single_ground_robot_delivery_patrol_007_exec_4,inprogress,69.8,19.99,10.52,0.0,null,null,null,null,null
single_ground_robot_delivery_patrol_007,patrol,2026-01-10T10:35:24.000Z,null,rover_1,ground_rover,single_ground_robot_delivery_patrol_007_exec_4,inprogress,69.1,20.92,11.43,0.0,null,null,null,null,null
single_ground_robot_delivery_patrol_007,patrol,2026-01-10T10:35:54.000Z,null,rover_1,ground_rover,single_ground_robot_delivery_patrol_007_exec_4,inprogress,68.4,21.86,12.33,0.0,null,null,null,null,null
single_ground_robot_delivery_patrol_007,patrol,2026-01-10T10:36:24.000Z,complete,rover_1,ground_rover,single_ground_robot_delivery_patrol_007_exec_4,done,67.8,22.79,13.23,0.0,null,null,null,null,null
single_ground_robot_delivery_patrol_007,navigate,2026-01-10T10:36:25.000Z,start,rover_1,ground_rover,single_ground_robot_delivery_patrol_007_exec_5,inprogress,67.8,22.79,13.23,0.0,null,null,null,null,null
single_ground_robot_delivery_patrol_007,navigate,2026-01-10T10:37:45.000Z,null,rover_1,ground_rover,single_ground_robot_delivery_patrol_007_exec_5,inprogress,66.8,25.1,14.97,0.0,null,null,null,null,null
single_ground_robot_delivery_patrol_007,navigate,2026-01-10T10:39:05.000Z,null,rover_1,ground_rover,single_ground_robot_delivery_patrol_007_exec_5,inprogress,65.9,27.42,16.72,0.0,null,null,null,null,null
single_ground_robot_delivery_patrol_007,navigate,2026-01-10T10:40:25.000Z,null,rover_1,ground_rover,single_ground_robot_delivery_patrol_007_exec_5,inprogress,65.0,29.73,18.46,0.0,null,null,null,null,null
single_ground_robot_delivery_patrol_007,navigate,2026-01-10T10:41:45.000Z,null,rover_1,ground_rover,single_ground_robot_delivery_patrol_007_exec_5,inprogress,64.1,32.05,20.21,0.0,null,null,null,null,null
single_ground_robot_delivery_patrol_007,navigate,2026-01-10T10:43:08.000Z,complete,rover_1,ground_rover,single_ground_robot_delivery_patrol_007_exec_5,done,63.1,34.36,21.95,0.0,null,null,null,null,null
single_ground_robot_delivery_patrol_007,deliver,2026-01-10T10:43:09.000Z,start,rover_1,ground_rover,single_ground_robot_delivery_patrol_007_exec_6,inprogress,63.1,34.36,21.95,0.0,null,null,null,null,null
single_ground_robot_delivery_patrol_007,deliver,2026-01-10T10:43:57.000Z,complete,rover_1,ground_rover,single_ground_robot_delivery_patrol_007_exec_6,done,62.1,34.36,21.95,0.0,null,null,null,null,null
single_ground_robot_delivery_patrol_007,patrol,2026-01-10T10:43:58.000Z,start,rover_1,ground_rover,single_ground_robot_delivery_patrol_007_exec_7,inprogress,62.1,34.36,21.95,0.0,null,null,null,null,null
single_ground_robot_delivery_patrol_007,patrol,2026-01-10T10:45:57.000Z,null,rover_1,ground_rover,single_ground_robot_delivery_patrol_007_exec_7,inprogress,61.0,35.35,20.18,0.0,null,null,null,null,null
single_ground_robot_delivery_patrol_007,patrol,2026-01-10T10:47:56.000Z,complete,rover_1,ground_rover,single_ground_robot_delivery_patrol_007_exec_7,done,60.0,36.34,18.41,0.0,null,null,null,null,null
single_ground_robot_delivery_patrol_007,navigate,2026-01-10T10:47:57.000Z,start,rover_1,ground_rover,single_ground_robot_delivery_patrol_007_exec_8,inprogress,60.0,36.34,18.41,0.0,null,null,null,null,null
single_ground_robot_delivery_patrol_007,navigate,2026-01-10T10:48:52.000Z,null,rover_1,ground_rover,single_ground_robot_delivery_patrol_007_exec_8,inprogress,59.5,29.07,14.73,0.0,null,null,null,null,null
single_ground_robot_delivery_patrol_007,navigate,2026-01-10T10:49:47.000Z,null,rover_1,ground_rover,single_ground_robot_delivery_patrol_007_exec_8,inprogress,59.0,21.81,11.05,0.0,null,null,null,null,null
single_ground_robot_delivery_patrol_007,navigate,2026-01-10T10:50:42.000Z,null,rover_1,ground_rover,single_ground_robot_delivery_patrol_007_exec_8,inprogress,58.6,14.54,7.36,0.0,null,null,null,null,null
single_ground_robot_delivery_patrol_007,navigate,2026-01-10T10:51:37.000Z,null,rover_1,ground_rover,single_ground_robot_delivery_patrol_007_exec_8,inprogress,58.1,7.27,3.68,0.0,null,null,null,null,null
single_ground_robot_delivery_patrol_007,navigate,2026-01-10T10:52:35.000Z,complete,rover_1,ground_rover,single_ground_robot_delivery_patrol_007_exec_8,done,57.6,0.0,0.0,0.0,null,null,null,null,null
single_ground_robot_delivery_patrol_007,dock,2026-01-10T10:52:36.000Z,start,rover_1,ground_rover,single_ground_robot_delivery_patrol_007_exec_9,inprogress,57.6,0.0,0.0,0.0,null,null,null,null,null
single_ground_robot_delivery_patrol_007,dock,2026-01-10T10:53:07.000Z,complete,rover_1,ground_rover,single_ground_robot_delivery_patrol_007_exec_9,done,57.5,0.0,0.0,0.0,null,null,null,null,null
single_ground_robot_delivery_patrol_008,boot,2026-01-10T10:55:00.000Z,start,rover_1,ground_rover,single_ground_robot_delivery_patrol_008_exec_1,inprogress,74.2,0.0,0.0,0.0,null,null,null,null,null
single_ground_robot_delivery_patrol_008,boot,2026-01-10T10:55:25.000Z,complete,rover_1,ground_rover,single_ground_robot_delivery_patrol_008_exec_1,done,74.0,0.0,0.0,0.0,null,null,null,null,null
single_ground_robot_delivery_patrol_008,navigate,2026-01-10T10:55:26.000Z,start,rover_1,ground_rover,single_ground_robot_delivery_patrol_008_exec_2,inprogress,74.0,0.0,0.0,0.0,null,null,null,null,null
single_ground_robot_delivery_patrol_008,navigate,2026-01-10T10:57:06.000Z,null,rover_1,ground_rover,single_ground_robot_delivery_patrol_008_exec_2,inprogress,72.9,2.21,0.9,0.0,null,null,null,null,null
single_ground_robot_delivery_patrol_008,navigate,2026-01-10T10:58:46.000Z,null,rover_1,ground_rover,single_ground_robot_delivery_patrol_008_exec_2,inprogress,71.7,4.41,1.81,0.0,null,null,null,null,null
single_ground_robot_delivery_patrol_008,navigate,2026-01-10T11:00:26.000Z,null,rover_1,ground_rover,single_ground_robot_delivery_patrol_008_exec_2,inprogress,70.6,6.62,2.71,0.0,null,null,null,null,null
single_ground_robot_delivery_patrol_008,navigate,2026-01-10T11:02:06.000Z,complete,rover_1,ground_rover,single_ground_robot_delivery_patrol_008_exec_2,done,69.4,8.82,3.61,0.0,null,null,null,null,null
single_ground_robot_delivery_patrol_008,pickup,2026-01-10T11:02:07.000Z,start,rover_1,ground_rover,single_ground_robot_delivery_patrol_008_exec_3,inprogress,69.4,8.82,3.61,0.0,null,null,null,null,null
single_ground_robot_delivery_patrol_008,pickup,2026-01-10T11:03:18.000Z,complete,rover_1,ground_rover,single_ground_robot_delivery_patrol_008_exec_3,done,68.6,8.82,3.61,0.0,null,null,null,null,null
single_ground_robot_delivery_patrol_008,patrol,2026-01-10T11:03:19.000Z,start,rover_1,ground_rover,single_ground_robot_delivery_patrol_008_exec_4,inprogress,68.6,8.82,3.61,0.0,null,null,null,null,null
single_ground_robot_delivery_patrol_008,patrol,2026-01-10T11:03:55.000Z,null,rover_1,ground_rover,single_ground_robot_delivery_patrol_008_exec_4,inprogress,68.0,10.15,4.08,0.0,null,null,null,null,null
single_ground_robot_delivery_patrol_008,patrol,2026-01-10T11:04:31.000Z,null,rover_1,ground_rover,single_ground_robot_delivery_patrol_008_exec_4,inprogress,67.4,11.47,4.54,0.0,null,null,null,null,null
single_ground_robot_delivery_patrol_008,patrol,2026-01-10T11:05:09.000Z,complete,rover_1,ground_rover,single_ground_robot_delivery_patrol_008_exec_4,done,66.9,12.79,5.0,0.0,null,null,null,null,null
single_ground_robot_delivery_patrol_008,navigate,2026-01-10T11:05:10.000Z,start,rover_1,ground_rover,single_ground_robot_delivery_patrol_008_exec_5,inprogress,66.9,12.79,5.0,0.0,null,null,null,null,null
single_ground_robot_delivery_patrol_008,navigate,2026-01-10T11:05:52.000Z,null,rover_1,ground_rover,single_ground_robot_delivery_patrol_008_exec_5,inprogress,65.8,15.67,6.69,0.0,null,null,null,null,null
single_ground_robot_delivery_patrol_008,navigate,2026-01-10T11:06:34.000Z,null,rover_1,ground_rover,single_ground_robot_delivery_patrol_008_exec_5,inprogress,64.7,18.54,8.38,0.0,null,null,null,null,null
single_ground_robot_delivery_patrol_008,navigate,2026-01-10T11:07:16.000Z,null,rover_1,ground_rover,single_ground_robot_delivery_patrol_008_exec_5,inprogress,63.6,21.42,10.07,0.0,null,null,null,null,null
single_ground_robot_delivery_patrol_008,navigate,2026-01-10T11:07:58.000Z,null,rover_1,ground_rover,single_ground_robot_delivery_patrol_008_exec_5,inprogress,62.5,24.3,11.76,0.0,null,null,null,null,null
single_ground_robot_delivery_patrol_008,navigate,2026-01-10T11:08:40.000Z,null,rover_1,ground_rover,single_ground_robot_delivery_patrol_008_exec_5,inprogress,61.4,27.17,13.45,0.0,null,null,null,null,null
single_ground_robot_delivery_patrol_008,navigate,2026-01-10T11:09:23.000Z,complete,rover_1,ground_rover,single_ground_robot_delivery_patrol_008_exec_5,done,60.3,30.05,15.14,0.0,null,null,null,null,null
single_ground_robot_delivery_patrol_008,deliver,2026-01-10T11:09:24.000Z,start,rover_1,ground_rover,single_ground_robot_delivery_patrol_008_exec_6,inprogress,60.3,30.05,15.14,0.0,null,null,null,null,null
single_ground_robot_delivery_patrol_008,deliver,2026-01-10T11:09:53.000Z,null,rover_1,ground_rover,single_ground_robot_delivery_patrol_008_exec_6,inprogress,59.8,30.05,15.14,0.0,null,null,null,null,null
single_ground_robot_delivery_patrol_008,deliver,2026-01-10T11:10:23.000Z,complete,rover_1,ground_rover,single_ground_robot_delivery_patrol_008_exec_6,done,59.2,30.05,15.14,0.0,null,null,null,null,null
single_ground_robot_delivery_patrol_008,patrol,2026-01-10T11:10:24.000Z,start,rover_1,ground_rover,single_ground_robot_delivery_patrol_008_exec_7,inprogress,59.2,30.05,15.14,0.0,null,null,null,null,null
single_ground_robot_delivery_patrol_008,patrol,2026-01-10T11:11:23.000Z,null,rover_1,ground_rover,single_ground_robot_delivery_patrol_008_exec_7,inprogress,57.8,29.88,17.14,0.0,null,null,null,null,null
single_ground_robot_delivery_patrol_008,patrol,2026-01-10T11:12:22.000Z,complete,rover_1,ground_rover,single_ground_robot_delivery_patrol_008_exec_7,done,56.4,29.71,19.13,0.0,null,null,null,null,null
single_ground_robot_delivery_patrol_008,navigate,2026-01-10T11:12:23.000Z,start,rover_1,ground_rover,single_ground_robot_delivery_patrol_008_exec_8,inprogress,56.4,29.71,19.13,0.0,null,null,null,null,null
single_ground_robot_delivery_patrol_008,navigate,2026-01-10T11:12:56.000Z,null,rover_1,ground_rover,single_ground_robot_delivery_patrol_008_exec_8,inprogress,55.9,23.77,15.3,0.0,null,null,null,null,null
single_ground_robot_delivery_patrol_008,navigate,2026-01-10T11:13:29.000Z,null,rover_1,ground_rover,single_ground_robot_delivery_patrol_008_exec_8,inprogress,55.4,17.83,11.48,0.0,null,null,null,null,null
single_ground_robot_delivery_patrol_008,navigate,2026-01-10T11:14:02.000Z,null,rover_1,ground_rover,single_ground_robot_delivery_patrol_008_exec_8,inprogress,54.9,11.88,7.65,0.0,null,null,null,null,null
single_ground_robot_delivery_patrol_008,navigate,2026-01-10T11:14:35.000Z,null,rover_1,ground_rover,single_ground_robot_delivery_patrol_008_exec_8,inprogress,54.4,5.94,3.83,0.0,null,null,null,null,null
single_ground_robot_delivery_patrol_008,navigate,2026-01-10T11:15:11.000Z,complete,rover_1,ground_rover,single_ground_robot_delivery_patrol_008_exec_8,done,53.9,0.0,0.0,0.0,null,null,null,null,null
single_ground_robot_delivery_patrol_008,dock,2026-01-10T11:15:12.000Z,start,rover_1,ground_rover,single_ground_robot_delivery_patrol_008_exec_9,inprogress,53.9,0.0,0.0,0.0,null,null,null,null,null
single_ground_robot_delivery_patrol_008,dock,2026-01-10T11:15:35.000Z,complete,rover_1,ground_rover,single_ground_robot_delivery_patrol_008_exec_9,done,53.8,0.0,0.0,0.0,null,null,null,null,null
single_ground_robot_delivery_patrol_009,boot,2026-01-10T11:20:00.000Z,start,rover_1,ground_rover,single_ground_robot_delivery_patrol_009_exec_1,inprogress,75.7,0.0,0.0,0.0,null,null,null,null,null
single_ground_robot_delivery_patrol_009,boot,2026-01-10T11:20:31.000Z,complete,rover_1,ground_rover,single_ground_robot_delivery_patrol_009_exec_1,done,75.5,0.0,0.0,0.0,null,null,null,null,null
single_ground_robot_delivery_patrol_009,navigate,2026-01-10T11:20:32.000Z,start,rover_1,ground_rover,single_ground_robot_delivery_patrol_009_exec_2,inprogress,75.5,0.0,0.0,0.0,null,null,null,null,null
single_ground_robot_delivery_patrol_009,navigate,2026-01-10T11:21:26.000Z,null,rover_1,ground_rover,single_ground_robot_delivery_patrol_009_exec_2,inprogress,74.8,3.71,2.18,0.0,null,null,null,null,null
single_ground_robot_delivery_patrol_009,navigate,2026-01-10T11:22:20.000Z,null,rover_1,ground_rover,single_ground_robot_delivery_patrol_009_exec_2,inprogress,74.1,7.43,4.37,0.0,null,null,null,null,null
single_ground_robot_delivery_patrol_009,navigate,2026-01-10T11:23:14.000Z,null,rover_1,ground_rover,single_ground_robot_delivery_patrol_009_exec_2,inprogress,73.3,11.14,6.55,0.0,null,null,null,null,null
single_ground_robot_delivery_patrol_009,navigate,2026-01-10T11:24:08.000Z,null,rover_1,ground_rover,single_ground_robot_delivery_patrol_009_exec_2,inprogress,72.6,14.86,8.73,0.0,null,null,null,null,null
single_ground_robot_delivery_patrol_009,navigate,2026-01-10T11:25:06.000Z,complete,rover_1,ground_rover,single_ground_robot_delivery_patrol_009_exec_2,done,71.9,18.57,10.91,0.0,null,null,null,null,null
single_ground_robot_delivery_patrol_009,pickup,2026-01-10T11:25:07.000Z,start,rover_1,ground_rover,single_ground_robot_delivery_patrol_009_exec_3,inprogress,71.9,18.57,10.91,0.0,null,null,null,null,null
single_ground_robot_delivery_patrol_009,pickup,2026-01-10T11:25:47.000Z,null,rover_1,ground_rover,single_ground_robot_delivery_patrol_009_exec_3,inprogress,71.4,18.57,10.91,0.0,null,null,null,null,null
single_ground_robot_delivery_patrol_009,pickup,2026-01-10T11:26:27.000Z,complete,rover_1,ground_rover,single_ground_robot_delivery_patrol_009_exec_3,done,71.0,18.57,10.91,0.0,null,null,null,null,null
single_ground_robot_delivery_patrol_009,navigate,2026-01-10T11:26:28.000Z,start,rover_1,ground_rover,single_ground_robot_delivery_patrol_009_exec_4,inprogress,71.0,18.57,10.91,0.0,null,null,null,null,null
single_ground_robot_delivery_patrol_009,navigate,2026-01-10T11:28:05.000Z,null,rover_1,ground_rover,single_ground_robot_delivery_patrol_009_exec_4,inprogress,69.0,18.96,13.23,0.0,null,null,null,null,null
single_ground_robot_delivery_patrol_009,navigate,2026-01-10T11:29:42.000Z,null,rover_1,ground_rover,single_ground_robot_delivery_patrol_009_exec_4,inprogress,67.1,19.34,15.54,0.0,null,null,null,null,null
single_ground_robot_delivery_patrol_009,navigate,2026-01-10T11:31:19.000Z,null,rover_1,ground_rover,single_ground_robot_delivery_patrol_009_exec_4,inprogress,65.2,19.73,17.86,0.0,null,null,null,null,null
single_ground_robot_delivery_patrol_009,navigate,2026-01-10T11:32:57.000Z,complete,rover_1,ground_rover,single_ground_robot_delivery_patrol_009_exec_4,done,63.2,20.12,20.17,0.0,null,null,null,null,null
single_ground_robot_delivery_patrol_009,deliver,2026-01-10T11:32:58.000Z,start,rover_1,ground_rover,single_ground_robot_delivery_patrol_009_exec_5,inprogress,63.2,20.12,20.17,0.0,null,null,null,null,null
single_ground_robot_delivery_patrol_009,deliver,2026-01-10T11:33:17.000Z,null,rover_1,ground_rover,single_ground_robot_delivery_patrol_009_exec_5,inprogress,63.0,20.12,20.17,0.0,null,null,null,null,null
single_ground_robot_delivery_patrol_009,deliver,2026-01-10T11:33:36.000Z,complete,rover_1,ground_rover,single_ground_robot_delivery_patrol_009_exec_5,done,62.8,20.12,20.17,0.0,null,null,null,null,null
single_ground_robot_delivery_patrol_009,patrol,2026-01-10T11:33:37.000Z,start,rover_1,ground_rover,single_ground_robot_delivery_patrol_009_exec_6,inprogress,62.8,20.12,20.17,0.0,null,null,null,null,null
single_ground_robot_delivery_patrol_009,patrol,2026-01-10T11:34:08.000Z,null,rover_1,ground_rover,single_ground_robot_delivery_patrol_009_exec_6,inprogress,62.2,20.22,19.72,0.0,null,null,null,null,null
single_ground_robot_delivery_patrol_009,patrol,2026-01-10T11:34:39.000Z,null,rover_1,ground_rover,single_ground_robot_delivery_patrol_009_exec_6,inprogress,61.7,20.33,19.26,0.0,null,null,null,null,null
single_ground_robot_delivery_patrol_009,patrol,2026-01-10T11:35:10.000Z,null,rover_1,ground_rover,single_ground_robot_delivery_patrol_009_exec_6,inprogress,61.2,20.44,18.81,0.0,null,null,null,null,null
single_ground_robot_delivery_patrol_009,patrol,2026-01-10T11:35:44.000Z,complete,rover_1,ground_rover,single_ground_robot_delivery_patrol_009_exec_6,done,60.7,20.54,18.35,0.0,null,null,null,null,null
single_ground_robot_delivery_patrol_009,navigate,2026-01-10T11:35:45.000Z,start,rover_1,ground_rover,single_ground_robot_delivery_patrol_009_exec_7,inprogress,60.7,20.54,18.35,0.0,null,null,null,null,null
single_ground_robot_delivery_patrol_009,navigate,2026-01-10T11:37:04.000Z,null,rover_1,ground_rover,single_ground_robot_delivery_patrol_009_exec_7,inprogress,59.4,13.7,12.23,0.0,null,null,null,null,null
single_ground_robot_delivery_patrol_009,navigate,2026-01-10T11:38:23.000Z,null,rover_1,ground_rover,single_ground_robot_delivery_patrol_009_exec_7,inprogress,58.2,6.85,6.12,0.0,null,null,null,null,null
single_ground_robot_delivery_patrol_009,navigate,2026-01-10T11:39:42.000Z,complete,rover_1,ground_rover,single_ground_robot_delivery_patrol_009_exec_7,done,56.9,0.0,0.0,0.0,null,null,null,null,null
single_ground_robot_delivery_patrol_009,dock,2026-01-10T11:39:43.000Z,start,rover_1,ground_rover,single_ground_robot_delivery_patrol_009_exec_8,inprogress,56.9,0.0,0.0,0.0,null,null,null,null,null
single_ground_robot_delivery_patrol_009,dock,2026-01-10T11:40:06.000Z,complete,rover_1,ground_rover,single_ground_robot_delivery_patrol_009_exec_8,done,56.8,0.0,0.0,0.0,null,null,null,null,null
single_ground_robot_delivery_patrol_010,boot,2026-01-10T11:45:00.000Z,start,rover_1,ground_rover,single_ground_robot_delivery_patrol_010_exec_1,inprogress,86.2,0.0,0.0,0.0,null,null,null,null,null
single_ground_robot_delivery_patrol_010,boot,2026-01-10T11:45:28.000Z,complete,rover_1,ground_rover,single_ground_robot_delivery_patrol_010_exec_1,done,86.0,0.0,0.0,0.0,null,null,null,null,null
single_ground_robot_delivery_patrol_010,navigate,2026-01-10T11:45:29.000Z,start,rover_1,ground_rover,single_ground_robot_delivery_patrol_010_exec_2,inprogress,86.0,0.0,0.0,0.0,null,null,null,null,null
single_ground_robot_delivery_patrol_010,navigate,2026-01-10T11:46:02.000Z,null,rover_1,ground_rover,single_ground_robot_delivery_patrol_010_exec_2,inprogress,84.9,3.14,1.77,0.0,null,null,null,null,null
single_ground_robot_delivery_patrol_010,navigate,2026-01-10T11:46:35.000Z,null,rover_1,ground_rover,single_ground_robot_delivery_patrol_010_exec_2,inprogress,83.8,6.29,3.54,0.0,null,null,null,null,null
single_ground_robot_delivery_patrol_010,navigate,2026-01-10T11:47:08.000Z,null,rover_1,ground_rover,single_ground_robot_delivery_patrol_010_exec_2,inprogress,82.8,9.43,5.31,0.0,null,null,null,null,null
single_ground_robot_delivery_patrol_010,navigate,2026-01-10T11:47:41.000Z,null,rover_1,ground_rover,single_ground_robot_delivery_patrol_010_exec_2,inprogress,81.7,12.58,7.08,0.0,null,null,null,null,null
single_ground_robot_delivery_patrol_010,navigate,2026-01-10T11:48:14.000Z,null,rover_1,ground_rover,single_ground_robot_delivery_patrol_010_exec_2,inprogress,80.7,15.72,8.85,0.0,null,null,null,null,null
single_ground_robot_delivery_patrol_010,navigate,2026-01-10T11:48:52.000Z,complete,rover_1,ground_rover,single_ground_robot_delivery_patrol_010_exec_2,done,79.6,18.86,10.61,0.0,null,null,null,null,null
single_ground_robot_delivery_patrol_010,obstacle_avoidance,2026-01-10T11:48:53.000Z,start,rover_1,ground_rover,single_ground_robot_delivery_patrol_010_exec_3,inprogress,79.6,18.86,10.61,0.0,null,null,null,null,null
single_ground_robot_delivery_patrol_010,obstacle_avoidance,2026-01-10T11:49:24.000Z,null,rover_1,ground_rover,single_ground_robot_delivery_patrol_010_exec_3,inprogress,78.8,18.7,11.88,0.0,null,null,null,null,null
single_ground_robot_delivery_patrol_010,obstacle_avoidance,2026-01-10T11:49:56.000Z,complete,rover_1,ground_rover,single_ground_robot_delivery_patrol_010_exec_3,done,77.9,18.53,13.14,0.0,null,null,null,null,null
single_ground_robot_delivery_patrol_010,pickup,2026-01-10T11:49:57.000Z,start,rover_1,ground_rover,single_ground_robot_delivery_patrol_010_exec_4,inprogress,77.9,18.53,13.14,0.0,null,null,null,null,null
single_ground_robot_delivery_patrol_010,pickup,2026-01-10T11:50:32.000Z,null,rover_1,ground_rover,single_ground_robot_delivery_patrol_010_exec_4,inprogress,77.5,18.53,13.14,0.0,null,null,null,null,null
single_ground_robot_delivery_patrol_010,pickup,2026-01-10T11:51:07.000Z,complete,rover_1,ground_rover,single_ground_robot_delivery_patrol_010_exec_4,done,77.1,18.53,13.14,0.0,null,null,null,null,null
single_ground_robot_delivery_patrol_010,patrol,2026-01-10T11:51:08.000Z,start,rover_1,ground_rover,single_ground_robot_delivery_patrol_010_exec_5,inprogress,77.1,18.53,13.14,0.0,null,null,null,null,null
single_ground_robot_delivery_patrol_010,patrol,2026-01-10T11:51:40.000Z,null,rover_1,ground_rover,single_ground_robot_delivery_patrol_010_exec_5,inprogress,76.5,19.14,12.56,0.0,null,null,null,null,null
single_ground_robot_delivery_patrol_010,patrol,2026-01-10T11:52:12.000Z,null,rover_1,ground_rover,single_ground_robot_delivery_patrol_010_exec_5,inprogress,76.0,19.75,11.98,0.0,null,null,null,null,null
single_ground_robot_delivery_patrol_010,patrol,2026-01-10T11:52:44.000Z,null,rover_1,ground_rover,single_ground_robot_delivery_patrol_010_exec_5,inprogress,75.4,20.36,11.41,0.0,null,null,null,null,null
single_ground_robot_delivery_patrol_010,patrol,2026-01-10T11:53:16.000Z,complete,rover_1,ground_rover,single_ground_robot_delivery_patrol_010_exec_5,done,74.9,20.97,10.83,0.0,null,null,null,null,null
single_ground_robot_delivery_patrol_010,navigate,2026-01-10T11:53:17.000Z,start,rover_1,ground_rover,single_ground_robot_delivery_patrol_010_exec_6,inprogress,74.9,20.97,10.83,0.0,null,null,null,null,null
single_ground_robot_delivery_patrol_010,navigate,2026-01-10T11:54:03.000Z,null,rover_1,ground_rover,single_ground_robot_delivery_patrol_010_exec_6,inprogress,73.9,20.9,11.79,0.0,null,null,null,null,null
single_ground_robot_delivery_patrol_010,navigate,2026-01-10T11:54:49.000Z,null,rover_1,ground_rover,single_ground_robot_delivery_patrol_010_exec_6,inprogress,72.9,20.83,12.76,0.0,null,null,null,null,null
single_ground_robot_delivery_patrol_010,navigate,2026-01-10T11:55:35.000Z,null,rover_1,ground_rover,single_ground_robot_delivery_patrol_010_exec_6,inprogress,72.0,20.77,13.72,0.0,null,null,null,null,null
single_ground_robot_delivery_patrol_010,navigate,2026-01-10T11:56:21.000Z,null,rover_1,ground_rover,single_ground_robot_delivery_patrol_010_exec_6,inprogress,71.0,20.7,14.68,0.0,null,null,null,null,null
single_ground_robot_delivery_patrol_010,navigate,2026-01-10T11:57:07.000Z,complete,rover_1,ground_rover,single_ground_robot_delivery_patrol_010_exec_6,done,70.0,20.63,15.65,0.0,null,null,null,null,null
single_ground_robot_delivery_patrol_010,deliver,2026-01-10T11:57:08.000Z,start,rover_1,ground_rover,single_ground_robot_delivery_patrol_010_exec_7,inprogress,70.0,20.63,15.65,0.0,null,null,null,null,null
single_ground_robot_delivery_patrol_010,deliver,2026-01-10T11:57:53.000Z,complete,rover_1,ground_rover,single_ground_robot_delivery_patrol_010_exec_7,done,69.4,20.63,15.65,0.0,null,null,null,null,null
single_ground_robot_delivery_patrol_010,patrol,2026-01-10T11:57:54.000Z,start,rover_1,ground_rover,single_ground_robot_delivery_patrol_010_exec_8,inprogress,69.4,20.63,15.65,0.0,null,null,null,null,null
single_ground_robot_delivery_patrol_010,patrol,2026-01-10T11:58:45.000Z,null,rover_1,ground_rover,single_ground_robot_delivery_patrol_010_exec_8,inprogress,69.0,21.13,16.5,0.0,null,null,null,null,null
single_ground_robot_delivery_patrol_010,patrol,2026-01-10T11:59:36.000Z,null,rover_1,ground_rover,single_ground_robot_delivery_patrol_010_exec_8,inprogress,68.7,21.63,17.35,0.0,null,null,null,null,null
single_ground_robot_delivery_patrol_010,patrol,2026-01-10T12:00:27.000Z,null,rover_1,ground_rover,single_ground_robot_delivery_patrol_010_exec_8,inprogress,68.3,22.12,18.2,0.0,null,null,null,null,null
single_ground_robot_delivery_patrol_010,patrol,2026-01-10T12:01:18.000Z,complete,rover_1,ground_rover,single_ground_robot_delivery_patrol_010_exec_8,done,68.0,22.62,19.05,0.0,null,null,null,null,null
single_ground_robot_delivery_patrol_010,navigate,2026-01-10T12:01:19.000Z,start,rover_1,ground_rover,single_ground_robot_delivery_patrol_010_exec_9,inprogress,68.0,22.62,19.05,0.0,null,null,null,null,null
single_ground_robot_delivery_patrol_010,navigate,2026-01-10T12:02:22.000Z,null,rover_1,ground_rover,single_ground_robot_delivery_patrol_010_exec_9,inprogress,66.6,15.08,12.7,0.0,null,null,null,null,null
single_ground_robot_delivery_patrol_010,navigate,2026-01-10T12:03:25.000Z,null,rover_1,ground_rover,single_ground_robot_delivery_patrol_010_exec_9,inprogress,65.2,7.54,6.35,0.0,null,null,null,null,null
single_ground_robot_delivery_patrol_010,navigate,2026-01-10T12:04:30.000Z,complete,rover_1,ground_rover,single_ground_robot_delivery_patrol_010_exec_9,done,63.8,0.0,0.0,0.0,null,null,null,null,null
single_ground_robot_delivery_patrol_010,dock,2026-01-10T12:04:31.000Z,start,rover_1,ground_rover,single_ground_robot_delivery_patrol_010_exec_10,inprogress,63.8,0.0,0.0,0.0,null,null,null,null,null
single_ground_robot_delivery_patrol_010,dock,2026-01-10T12:04:46.000Z,complete,rover_1,ground_rover,single_ground_robot_delivery_patrol_010_exec_10,done,63.7,0.0,0.0,0.0,null,null,null,null,null
single_ground_robot_delivery_patrol_011,boot,2026-01-10T12:10:00.000Z,start,rover_1,ground_rover,single_ground_robot_delivery_patrol_011_exec_1,inprogress,77.0,0.0,0.0,0.0,null,null,null,null,null
single_ground_robot_delivery_patrol_011,boot,2026-01-10T12:10:30.000Z,complete,rover_1,ground_rover,single_ground_robot_delivery_patrol_011_exec_1,done,76.8,0.0,0.0,0.0,null,null,null,null,null
single_ground_robot_delivery_patrol_011,navigate,2026-01-10T12:10:31.000Z,start,rover_1,ground_rover,single_ground_robot_delivery_patrol_011_exec_2,inprogress,76.8,0.0,0.0,0.0,null,null,null,null,null
single_ground_robot_delivery_patrol_011,navigate,2026-01-10T12:11:58.000Z,null,rover_1,ground_rover,single_ground_robot_delivery_patrol_011_exec_2,inprogress,75.8,4.35,1.68,0.0,null,null,null,null,null
single_ground_robot_delivery_patrol_011,navigate,2026-01-10T12:13:25.000Z,null,rover_1,ground_rover,single_ground_robot_delivery_patrol_011_exec_2,inprogress,74.8,8.69,3.35,0.0,null,null,null,null,null
single_ground_robot_delivery_patrol_011,navigate,2026-01-10T12:14:52.000Z,null,rover_1,ground_rover,single_ground_robot_delivery_patrol_011_exec_2,inprogress,73.8,13.04,5.03,0.0,null,null,null,null,null
single_ground_robot_delivery_patrol_011,navigate,2026-01-10T12:16:22.000Z,complete,rover_1,ground_rover,single_ground_robot_delivery_patrol_011_exec_2,done,72.8,17.39,6.71,0.0,null,null,null,null,null
single_ground_robot_delivery_patrol_011,pickup,2026-01-10T12:16:23.000Z,start,rover_1,ground_rover,single_ground_robot_delivery_patrol_011_exec_3,inprogress,72.8,17.39,6.71,0.0,null,null,null,null,null
single_ground_robot_delivery_patrol_011,pickup,2026-01-10T12:16:43.000Z,null,rover_1,ground_rover,single_ground_robot_delivery_patrol_011_exec_3,inprogress,72.2,17.39,6.71,0.0,null,null,null,null,null
single_ground_robot_delivery_patrol_011,pickup,2026-01-10T12:17:04.000Z,complete,rover_1,ground_rover,single_ground_robot_delivery_patrol_011_exec_3,done,71.7,17.39,6.71,0.0,null,null,null,null,null
single_ground_robot_delivery_patrol_011,navigate,2026-01-10T12:17:05.000Z,start,rover_1,ground_rover,single_ground_robot_delivery_patrol_011_exec_4,inprogress,71.7,17.39,6.71,0.0,null,null,null,null,null
single_ground_robot_delivery_patrol_011,navigate,2026-01-10T12:18:14.000Z,null,rover_1,ground_rover,single_ground_robot_delivery_patrol_011_exec_4,inprogress,70.6,21.1,9.18,0.0,null,null,null,null,null
single_ground_robot_delivery_patrol_011,navigate,2026-01-10T12:19:23.000Z,null,rover_1,ground_rover,single_ground_robot_delivery_patrol_011_exec_4,inprogress,69.6,24.82,11.65,0.0,null,null,null,null,null
single_ground_robot_delivery_patrol_011,navigate,2026-01-10T12:20:32.000Z,null,rover_1,ground_rover,single_ground_robot_delivery_patrol_011_exec_4,inprogress,68.6,28.53,14.13,0.0,null,null,null,null,null
single_ground_robot_delivery_patrol_011,navigate,2026-01-10T12:21:43.000Z,complete,rover_1,ground_rover,single_ground_robot_delivery_patrol_011_exec_4,done,67.6,32.25,16.6,0.0,null,null,null,null,null
single_ground_robot_delivery_patrol_011,deliver,2026-01-10T12:21:44.000Z,start,rover_1,ground_rover,single_ground_robot_delivery_patrol_011_exec_5,inprogress,67.6,32.25,16.6,0.0,null,null,null,null,null
single_ground_robot_delivery_patrol_011,deliver,2026-01-10T12:22:05.000Z,null,rover_1,ground_rover,single_ground_robot_delivery_patrol_011_exec_5,inprogress,67.2,32.25,16.6,0.0,null,null,null,null,null
single_ground_robot_delivery_patrol_011,deliver,2026-01-10T12:22:26.000Z,complete,rover_1,ground_rover,single_ground_robot_delivery_patrol_011_exec_5,done,66.9,32.25,16.6,0.0,null,null,null,null,null
single_ground_robot_delivery_patrol_011,patrol,2026-01-10T12:22:27.000Z,start,rover_1,ground_rover,single_ground_robot_delivery_patrol_011_exec_6,inprogress,66.9,32.25,16.6,0.0,null,null,null,null,null
single_ground_robot_delivery_patrol_011,patrol,2026-01-10T12:23:06.000Z,null,rover_1,ground_rover,single_ground_robot_delivery_patrol_011_exec_6,inprogress,66.2,31.85,16.63,0.0,null,null,null,null,null
single_ground_robot_delivery_patrol_011,patrol,2026-01-10T12:23:45.000Z,null,rover_1,ground_rover,single_ground_robot_delivery_patrol_011_exec_6,inprogress,65.5,31.45,16.65,0.0,null,null,null,null,null
single_ground_robot_delivery_patrol_011,patrol,2026-01-10T12:24:24.000Z,complete,rover_1,ground_rover,single_ground_robot_delivery_patrol_011_exec_6,done,64.7,31.06,16.68,0.0,null,null,null,null,null
single_ground_robot_delivery_patrol_011,navigate,2026-01-10T12:24:25.000Z,start,rover_1,ground_rover,single_ground_robot_delivery_patrol_011_exec_7,inprogress,64.7,31.06,16.68,0.0,null,null,null,null,null
single_ground_robot_delivery_patrol_011,navigate,2026-01-10T12:25:36.000Z,null,rover_1,ground_rover,single_ground_robot_delivery_patrol_011_exec_7,inprogress,63.6,23.29,12.51,0.0,null,null,null,null,null
single_ground_robot_delivery_patrol_011,navigate,2026-01-10T12:26:47.000Z,null,rover_1,ground_rover,single_ground_robot_delivery_patrol_011_exec_7,inprogress,62.5,15.53,8.34,0.0,null,null,null,null,null
single_ground_robot_delivery_patrol_011,navigate,2026-01-10T12:27:58.000Z,null,rover_1,ground_rover,single_ground_robot_delivery_patrol_011_exec_7,inprogress,61.4,7.76,4.17,0.0,null,null,null,null,null
single_ground_robot_delivery_patrol_011,navigate,2026-01-10T12:29:12.000Z,complete,rover_1,ground_rover,single_ground_robot_delivery_patrol_011_exec_7,done,60.4,0.0,0.0,0.0,null,null,null,null,null
single_ground_robot_delivery_patrol_011,dock,2026-01-10T12:29:13.000Z,start,rover_1,ground_rover,single_ground_robot_delivery_patrol_011_exec_8,inprogress,60.4,0.0,0.0,0.0,null,null,null,null,null
single_ground_robot_delivery_patrol_011,dock,2026-01-10T12:29:31.000Z,complete,rover_1,ground_rover,single_ground_robot_delivery_patrol_011_exec_8,done,60.3,0.0,0.0,0.0,null,null,null,null,null
single_ground_robot_delivery_patrol_012,boot,2026-01-10T12:35:00.000Z,start,rover_1,ground_rover,single_ground_robot_delivery_patrol_012_exec_1,inprogress,96.6,0.0,0.0,0.0,null,null,null,null,null
single_ground_robot_delivery_patrol_012,boot,2026-01-10T12:35:28.000Z,complete,rover_1,ground_rover,single_ground_robot_delivery_patrol_012_exec_1,done,96.4,0.0,0.0,0.0,null,null,null,null,null
single_ground_robot_delivery_patrol_012,navigate,2026-01-10T12:35:29.000Z,start,rover_1,ground_rover,single_ground_robot_delivery_patrol_012_exec_2,inprogress,96.4,0.0,0.0,0.0,null,null,null,null,null
single_ground_robot_delivery_patrol_012,navigate,2026-01-10T12:36:51.000Z,null,rover_1,ground_rover,single_ground_robot_delivery_patrol_012_exec_2,inprogress,95.2,3.38,3.89,0.0,null,null,null,null,null
single_ground_robot_delivery_patrol_012,navigate,2026-01-10T12:38:13.000Z,null,rover_1,ground_rover,single_ground_robot_delivery_patrol_012_exec_2,inprogress,94.1,6.76,7.78,0.0,null,null,null,null,null
single_ground_robot_delivery_patrol_012,navigate,2026-01-10T12:39:36.000Z,complete,rover_1,ground_rover,single_ground_robot_delivery_patrol_012_exec_2,done,92.9,10.14,11.66,0.0,null,null,null,null,null
single_ground_robot_delivery_patrol_012,pickup,2026-01-10T12:39:37.000Z,start,rover_1,ground_rover,single_ground_robot_delivery_patrol_012_exec_3,inprogress,92.9,10.14,11.66,0.0,null,null,null,null,null
single_ground_robot_delivery_patrol_012,pickup,2026-01-10T12:40:04.000Z,null,rover_1,ground_rover,single_ground_robot_delivery_patrol_012_exec_3,inprogress,92.5,10.14,11.66,0.0,null,null,null,null,null
single_ground_robot_delivery_patrol_012,pickup,2026-01-10T12:40:32.000Z,complete,rover_1,ground_rover,single_ground_robot_delivery_patrol_012_exec_3,done,92.0,10.14,11.66,0.0,null,null,null,null,null
single_ground_robot_delivery_patrol_012,navigate,2026-01-10T12:40:33.000Z,start,rover_1,ground_rover,single_ground_robot_delivery_patrol_012_exec_4,inprogress,92.0,10.14,11.66,0.0,null,null,null,null,null
single_ground_robot_delivery_patrol_012,navigate,2026-01-10T12:41:09.000Z,null,rover_1,ground_rover,single_ground_robot_delivery_patrol_012_exec_4,inprogress,90.8,13.23,12.14,0.0,null,null,null,null,null
single_ground_robot_delivery_patrol_012,navigate,2026-01-10T12:41:45.000Z,null,rover_1,ground_rover,single_ground_robot_delivery_patrol_012_exec_4,inprogress,89.5,16.31,12.62,0.0,null,null,null,null,null
single_ground_robot_delivery_patrol_012,navigate,2026-01-10T12:42:21.000Z,null,rover_1,ground_rover,single_ground_robot_delivery_patrol_012_exec_4,inprogress,88.2,19.4,13.11,0.0,null,null,null,null,null
single_ground_robot_delivery_patrol_012,navigate,2026-01-10T12:42:57.000Z,null,rover_1,ground_rover,single_ground_robot_delivery_patrol_012_exec_4,inprogress,86.9,22.48,13.59,0.0,null,null,null,null,null
single_ground_robot_delivery_patrol_012,navigate,2026-01-10T12:43:33.000Z,null,rover_1,ground_rover,single_ground_robot_delivery_patrol_012_exec_4,inprogress,85.6,25.56,14.07,0.0,null,null,null,null,null
single_ground_robot_delivery_patrol_012,navigate,2026-01-10T12:44:13.000Z,complete,rover_1,ground_rover,single_ground_robot_delivery_patrol_012_exec_4,done,84.3,28.65,14.55,0.0,null,null,null,null,null
single_ground_robot_delivery_patrol_012,deliver,2026-01-10T12:44:14.000Z,start,rover_1,ground_rover,single_ground_robot_delivery_patrol_012_exec_5,inprogress,84.3,28.65,14.55,0.0,null,null,null,null,null
single_ground_robot_delivery_patrol_012,deliver,2026-01-10T12:45:18.000Z,complete,rover_1,ground_rover,single_ground_robot_delivery_patrol_012_exec_5,done,83.7,28.65,14.55,0.0,null,null,null,null,null
single_ground_robot_delivery_patrol_012,patrol,2026-01-10T12:45:19.000Z,start,rover_1,ground_rover,single_ground_robot_delivery_patrol_012_exec_6,inprogress,83.7,28.65,14.55,0.0,null,null,null,null,null
single_ground_robot_delivery_patrol_012,patrol,2026-01-10T12:45:48.000Z,null,rover_1,ground_rover,single_ground_robot_delivery_patrol_012_exec_6,inprogress,83.1,29.49,14.79,0.0,null,null,null,null,null
single_ground_robot_delivery_patrol_012,patrol,2026-01-10T12:46:17.000Z,null,rover_1,ground_rover,single_ground_robot_delivery_patrol_012_exec_6,inprogress,82.6,30.33,15.04,0.0,null,null,null,null,null
single_ground_robot_delivery_patrol_012,patrol,2026-01-10T12:46:46.000Z,null,rover_1,ground_rover,single_ground_robot_delivery_patrol_012_exec_6,inprogress,82.0,31.17,15.29,0.0,null,null,null,null,null
single_ground_robot_delivery_patrol_012,patrol,2026-01-10T12:47:16.000Z,complete,rover_1,ground_rover,single_ground_robot_delivery_patrol_012_exec_6,done,81.5,32.01,15.53,0.0,null,null,null,null,null
single_ground_robot_delivery_patrol_012,navigate,2026-01-10T12:47:17.000Z,start,rover_1,ground_rover,single_ground_robot_delivery_patrol_012_exec_7,inprogress,81.5,32.01,15.53,0.0,null,null,null,null,null
single_ground_robot_delivery_patrol_012,navigate,2026-01-10T12:47:53.000Z,null,rover_1,ground_rover,single_ground_robot_delivery_patrol_012_exec_7,inprogress,80.6,25.61,12.43,0.0,null,null,null,null,null
single_ground_robot_delivery_patrol_012,navigate,2026-01-10T12:48:29.000Z,null,rover_1,ground_rover,single_ground_robot_delivery_patrol_012_exec_7,inprogress,79.8,19.21,9.32,0.0,null,null,null,null,null
single_ground_robot_delivery_patrol_012,navigate,2026-01-10T12:49:05.000Z,null,rover_1,ground_rover,single_ground_robot_delivery_patrol_012_exec_7,inprogress,78.9,12.81,6.21,0.0,null,null,null,null,null
single_ground_robot_delivery_patrol_012,navigate,2026-01-10T12:49:41.000Z,null,rover_1,ground_rover,single_ground_robot_delivery_patrol_012_exec_7,inprogress,78.1,6.4,3.11,0.0,null,null,null,null,null
single_ground_robot_delivery_patrol_012,navigate,2026-01-10T12:50:18.000Z,complete,rover_1,ground_rover,single_ground_robot_delivery_patrol_012_exec_7,done,77.2,0.0,0.0,0.0,null,null,null,null,null
single_ground_robot_delivery_patrol_012,dock,2026-01-10T12:50:19.000Z,start,rover_1,ground_rover,single_ground_robot_delivery_patrol_012_exec_8,inprogress,77.2,0.0,0.0,0.0,null,null,null,null,null
single_ground_robot_delivery_patrol_012,dock,2026-01-10T12:50:50.000Z,complete,rover_1,ground_rover,single_ground_robot_delivery_patrol_012_exec_8,done,77.1,0.0,0.0,0.0,null,null,null,null,null
single_ground_robot_delivery_patrol_013,boot,2026-01-10T13:00:00.000Z,start,rover_1,ground_rover,single_ground_robot_delivery_patrol_013_exec_1,inprogress,80.7,0.0,0.0,0.0,null,null,null,null,null
single_ground_robot_delivery_patrol_013,boot,2026-01-10T13:00:33.000Z,complete,rover_1,ground_rover,single_ground_robot_delivery_patrol_013_exec_1,done,80.5,0.0,0.0,0.0,null,null,null,null,null
single_ground_robot_delivery_patrol_013,navigate,2026-01-10T13:00:34.000Z,start,rover_1,ground_rover,single_ground_robot_delivery_patrol_013_exec_2,inprogress,80.5,0.0,0.0,0.0,null,null,null,null,null
single_ground_robot_delivery_patrol_013,navigate,2026-01-10T13:01:54.000Z,null,rover_1,ground_rover,single_ground_robot_delivery_patrol_013_exec_2,inprogress,79.5,2.98,2.32,0.0,null,null,null,null,null
single_ground_robot_delivery_patrol_013,navigate,2026-01-10T13:03:14.000Z,null,rover_1,ground_rover,single_ground_robot_delivery_patrol_013_exec_2,inprogress,78.6,5.96,4.64,0.0,null,null,null,null,null
single_ground_robot_delivery_patrol_013,navigate,2026-01-10T13:04:34.000Z,null,rover_1,ground_rover,single_ground_robot_delivery_patrol_013_exec_2,inprogress,77.6,8.94,6.96,0.0,null,null,null,null,null
single_ground_robot_delivery_patrol_013,navigate,2026-01-10T13:05:55.000Z,complete,rover_1,ground_rover,single_ground_robot_delivery_patrol_013_exec_2,done,76.7,11.91,9.27,0.0,null,null,null,null,null
single_ground_robot_delivery_patrol_013,pickup,2026-01-10T13:05:56.000Z,start,rover_1,ground_rover,single_ground_robot_delivery_patrol_013_exec_3,inprogress,76.7,11.91,9.27,0.0,null,null,null,null,null
single_ground_robot_delivery_patrol_013,pickup,2026-01-10T13:06:55.000Z,complete,rover_1,ground_rover,single_ground_robot_delivery_patrol_013_exec_3,done,75.8,11.91,9.27,0.0,null,null,null,null,null
single_ground_robot_delivery_patrol_013,navigate,2026-01-10T13:06:56.000Z,start,rover_1,ground_rover,single_ground_robot_delivery_patrol_013_exec_4,inprogress,75.8,11.91,9.27,0.0,null,null,null,null,null
single_ground_robot_delivery_patrol_013,navigate,2026-01-10T13:07:57.000Z,null,rover_1,ground_rover,single_ground_robot_delivery_patrol_013_exec_4,inprogress,74.7,13.26,10.21,0.0,null,null,null,null,null
single_ground_robot_delivery_patrol_013,navigate,2026-01-10T13:08:58.000Z,null,rover_1,ground_rover,single_ground_robot_delivery_patrol_013_exec_4,inprogress,73.6,14.61,11.14,0.0,null,null,null,null,null
single_ground_robot_delivery_patrol_013,navigate,2026-01-10T13:09:59.000Z,null,rover_1,ground_rover,single_ground_robot_delivery_patrol_013_exec_4,inprogress,72.5,15.96,12.07,0.0,null,null,null,null,null
single_ground_robot_delivery_patrol_013,navigate,2026-01-10T13:11:00.000Z,null,rover_1,ground_rover,single_ground_robot_delivery_patrol_013_exec_4,inprogress,71.4,17.31,13.0,0.0,null,null,null,null,null
single_ground_robot_delivery_patrol_013,navigate,2026-01-10T13:12:01.000Z,null,rover_1,ground_rover,single_ground_robot_delivery_patrol_013_exec_4,inprogress,70.3,18.66,13.94,0.0,null,null,null,null,null
single_ground_robot_delivery_patrol_013,navigate,2026-01-10T13:13:04.000Z,complete,rover_1,ground_rover,single_ground_robot_delivery_patrol_013_exec_4,done,69.2,20.01,14.87,0.0,null,null,null,null,null
single_ground_robot_delivery_patrol_013,deliver,2026-01-10T13:13:05.000Z,start,rover_1,ground_rover,single_ground_robot_delivery_patrol_013_exec_5,inprogress,69.2,20.01,14.87,0.0,null,null,null,null,null
single_ground_robot_delivery_patrol_013,deliver,2026-01-10T13:13:34.000Z,null,rover_1,ground_rover,single_ground_robot_delivery_patrol_013_exec_5,inprogress,68.8,20.01,14.87,0.0,null,null,null,null,null
single_ground_robot_delivery_patrol_013,deliver,2026-01-10T13:14:04.000Z,complete,rover_1,ground_rover,single_ground_robot_delivery_patrol_013_exec_5,done,68.5,20.01,14.87,0.0,null,null,null,null,null
single_ground_robot_delivery_patrol_013,patrol,2026-01-10T13:14:05.000Z,start,rover_1,ground_rover,single_ground_robot_delivery_patrol_013_exec_6,inprogress,68.5,20.01,14.87,0.0,null,null,null,null,null
single_ground_robot_delivery_patrol_013,patrol,2026-01-10T13:14:43.000Z,null,rover_1,ground_rover,single_ground_robot_delivery_patrol_013_exec_6,inprogress,67.9,19.95,15.67,0.0,null,null,null,null,null
single_ground_robot_delivery_patrol_013,patrol,2026-01-10T13:15:21.000Z,null,rover_1,ground_rover,single_ground_robot_delivery_patrol_013_exec_6,inprogress,67.3,19.9,16.47,0.0,null,null,null,null,null
single_ground_robot_delivery_patrol_013,patrol,2026-01-10T13:15:59.000Z,null,rover_1,ground_rover,single_ground_robot_delivery_patrol_013_exec_6,inprogress,66.6,19.85,17.28,0.0,null,null,null,null,null
single_ground_robot_delivery_patrol_013,patrol,2026-01-10T13:16:39.000Z,complete,rover_1,ground_rover,single_ground_robot_delivery_patrol_013_exec_6,done,66.0,19.79,18.08,0.0,null,null,null,null,null
single_ground_robot_delivery_patrol_013,navigate,2026-01-10T13:16:40.000Z,start,rover_1,ground_rover,single_ground_robot_delivery_patrol_013_exec_7,inprogress,66.0,19.79,18.08,0.0,null,null,null,null,null
single_ground_robot_delivery_patrol_013,navigate,2026-01-10T13:17:18.000Z,null,rover_1,ground_rover,single_ground_robot_delivery_patrol_013_exec_7,inprogress,65.6,15.83,14.46,0.0,null,null,null,null,null
single_ground_robot_delivery_patrol_013,navigate,2026-01-10T13:17:56.000Z,null,rover_1,ground_rover,single_ground_robot_delivery_patrol_013_exec_7,inprogress,65.2,11.87,10.85,0.0,null,null,null,null,null
single_ground_robot_delivery_patrol_013,navigate,2026-01-10T13:18:34.000Z,null,rover_1,ground_rover,single_ground_robot_delivery_patrol_013_exec_7,inprogress,64.7,7.92,7.23,0.0,null,null,null,null,null
single_ground_robot_delivery_patrol_013,navigate,2026-01-10T13:19:12.000Z,null,rover_1,ground_rover,single_ground_robot_delivery_patrol_013_exec_7,inprogress,64.3,3.96,3.62,0.0,null,null,null,null,null
single_ground_robot_delivery_patrol_013,navigate,2026-01-10T13:19:53.000Z,complete,rover_1,ground_rover,single_ground_robot_delivery_patrol_013_exec_7,done,63.8,0.0,0.0,0.0,null,null,null,null,null
single_ground_robot_delivery_patrol_013,dock,2026-01-10T13:19:54.000Z,start,rover_1,ground_rover,single_ground_robot_delivery_patrol_013_exec_8,inprogress,63.8,0.0,0.0,0.0,null,null,null,null,null
single_ground_robot_delivery_patrol_013,dock,2026-01-10T13:20:25.000Z,complete,rover_1,ground_rover,single_ground_robot_delivery_patrol_013_exec_8,done,63.7,0.0,0.0,0.0,null,null,null,null,null
single_ground_robot_delivery_patrol_014,boot,2026-01-10T13:25:00.000Z,start,rover_1,ground_rover,single_ground_robot_delivery_patrol_014_exec_1,inprogress,90.6,0.0,0.0,0.0,null,null,null,null,null
single_ground_robot_delivery_patrol_014,boot,2026-01-10T13:25:39.000Z,complete,rover_1,ground_rover,single_ground_robot_delivery_patrol_014_exec_1,done,90.4,0.0,0.0,0.0,null,null,null,null,null
single_ground_robot_delivery_patrol_014,navigate,2026-01-10T13:25:40.000Z,start,rover_1,ground_rover,single_ground_robot_delivery_patrol_014_exec_2,inprogress,90.4,0.0,0.0,0.0,null,null,null,null,null
single_ground_robot_delivery_patrol_014,navigate,2026-01-10T13:27:13.000Z,null,rover_1,ground_rover,single_ground_robot_delivery_patrol_014_exec_2,inprogress,89.0,3.01,2.59,0.0,null,null,null,null,null
single_ground_robot_delivery_patrol_014,navigate,2026-01-10T13:28:46.000Z,null,rover_1,ground_rover,single_ground_robot_delivery_patrol_014_exec_2,inprogress,87.5,6.01,5.18,0.0,null,null,null,null,null
single_ground_robot_delivery_patrol_014,navigate,2026-01-10T13:30:19.000Z,null,rover_1,ground_rover,single_ground_robot_delivery_patrol_014_exec_2,inprogress,86.1,9.02,7.77,0.0,null,null,null,null,null
single_ground_robot_delivery_patrol_014,navigate,2026-01-10T13:31:52.000Z,complete,rover_1,ground_rover,single_ground_robot_delivery_patrol_014_exec_2,done,84.7,12.02,10.37,0.0,null,null,null,null,null
single_ground_robot_delivery_patrol_014,pickup,2026-01-10T13:31:53.000Z,start,rover_1,ground_rover,single_ground_robot_delivery_patrol_014_exec_3,inprogress,84.7,12.02,10.37,0.0,null,null,null,null,null
single_ground_robot_delivery_patrol_014,pickup,2026-01-10T13:32:40.000Z,complete,rover_1,ground_rover,single_ground_robot_delivery_patrol_014_exec_3,done,84.3,12.02,10.37,0.0,null,null,null,null,null
single_ground_robot_delivery_patrol_014,navigate,2026-01-10T13:32:41.000Z,start,rover_1,ground_rover,single_ground_robot_delivery_patrol_014_exec_4,inprogress,84.3,12.02,10.37,0.0,null,null,null,null,null
single_ground_robot_delivery_patrol_014,navigate,2026-01-10T13:33:44.000Z,null,rover_1,ground_rover,single_ground_robot_delivery_patrol_014_exec_4,inprogress,83.5,15.48,10.76,0.0,null,null,null,null,null
single_ground_robot_delivery_patrol_014,navigate,2026-01-10T13:34:47.000Z,null,rover_1,ground_rover,single_ground_robot_delivery_patrol_014_exec_4,inprogress,82.7,18.93,11.15,0.0,null,null,null,null,null
single_ground_robot_delivery_patrol_014,navigate,2026-01-10T13:35:50.000Z,null,rover_1,ground_rover,single_ground_robot_delivery_patrol_014_exec_4,inprogress,81.9,22.38,11.55,0.0,null,null,null,null,null
single_ground_robot_delivery_patrol_014,navigate,2026-01-10T13:36:53.000Z,null,rover_1,ground_rover,single_ground_robot_delivery_patrol_014_exec_4,inprogress,81.1,25.84,11.94,0.0,null,null,null,null,null
single_ground_robot_delivery_patrol_014,navigate,2026-01-10T13:37:56.000Z,null,rover_1,ground_rover,single_ground_robot_delivery_patrol_014_exec_4,inprogress,80.3,29.29,12.33,0.0,null,null,null,null,null
single_ground_robot_delivery_patrol_014,navigate,2026-01-10T13:39:02.000Z,complete,rover_1,ground_rover,single_ground_robot_delivery_patrol_014_exec_4,done,79.5,32.75,12.73,0.0,null,null,null,null,null
single_ground_robot_delivery_patrol_014,deliver,2026-01-10T13:39:03.000Z,start,rover_1,ground_rover,single_ground_robot_delivery_patrol_014_exec_5,inprogress,79.5,32.75,12.73,0.0,null,null,null,null,null
single_ground_robot_delivery_patrol_014,deliver,2026-01-10T13:39:30.000Z,null,rover_1,ground_rover,single_ground_robot_delivery_patrol_014_exec_5,inprogress,79.2,32.75,12.73,0.0,null,null,null,null,null
single_ground_robot_delivery_patrol_014,deliver,2026-01-10T13:39:57.000Z,complete,rover_1,ground_rover,single_ground_robot_delivery_patrol_014_exec_5,done,78.8,32.75,12.73,0.0,null,null,null,null,null
single_ground_robot_delivery_patrol_014,patrol,2026-01-10T13:39:58.000Z,start,rover_1,ground_rover,single_ground_robot_delivery_patrol_014_exec_6,inprogress,78.8,32.75,12.73,0.0,null,null,null,null,null
single_ground_robot_delivery_patrol_014,patrol,2026-01-10T13:40:32.000Z,null,rover_1,ground_rover,single_ground_robot_delivery_patrol_014_exec_6,inprogress,78.2,33.12,13.51,0.0,null,null,null,null,null
single_ground_robot_delivery_patrol_014,patrol,2026-01-10T13:41:06.000Z,null,rover_1,ground_rover,single_ground_robot_delivery_patrol_014_exec_6,inprogress,77.5,33.5,14.3,0.0,null,null,null,null,null
single_ground_robot_delivery_patrol_014,patrol,2026-01-10T13:41:40.000Z,null,rover_1,ground_rover,single_ground_robot_delivery_patrol_014_exec_6,inprogress,76.9,33.87,15.08,0.0,null,null,null,null,null
single_ground_robot_delivery_patrol_014,patrol,2026-01-10T13:42:15.000Z,complete,rover_1,ground_rover,single_ground_robot_delivery_patrol_014_exec_6,done,76.3,34.25,15.87,0.0,null,null,null,null,null
single_ground_robot_delivery_patrol_014,navigate,2026-01-10T13:42:16.000Z,start,rover_1,ground_rover,single_ground_robot_delivery_patrol_014_exec_7,inprogress,76.3,34.25,15.87,0.0,null,null,null,null,null
single_ground_robot_delivery_patrol_014,navigate,2026-01-10T13:43:00.000Z,null,rover_1,ground_rover,single_ground_robot_delivery_patrol_014_exec_7,inprogress,75.6,25.69,11.9,0.0,null,null,null,null,null
single_ground_robot_delivery_patrol_014,navigate,2026-01-10T13:43:44.000Z,null,rover_1,ground_rover,single_ground_robot_delivery_patrol_014_exec_7,inprogress,75.0,17.12,7.93,0.0,null,null,null,null,null
single_ground_robot_delivery_patrol_014,navigate,2026-01-10T13:44:28.000Z,null,rover_1,ground_rover,single_ground_robot_delivery_patrol_014_exec_7,inprogress,74.4,8.56,3.97,0.0,null,null,null,null,null
single_ground_robot_delivery_patrol_014,navigate,2026-01-10T13:45:13.000Z,complete,rover_1,ground_rover,single_ground_robot_delivery_patrol_014_exec_7,done,73.7,0.0,0.0,0.0,null,null,null,null,null
single_ground_robot_delivery_patrol_014,dock,2026-01-10T13:45:14.000Z,start,rover_1,ground_rover,single_ground_robot_delivery_patrol_014_exec_8,inprogress,73.7,0.0,0.0,0.0,null,null,null,null,null
single_ground_robot_delivery_patrol_014,dock,2026-01-10T13:45:45.000Z,complete,rover_1,ground_rover,single_ground_robot_delivery_patrol_014_exec_8,done,73.6,0.0,0.0,0.0,null,null,null,null,null
single_ground_robot_delivery_patrol_015,boot,2026-01-10T13:50:00.000Z,start,rover_1,ground_rover,single_ground_robot_delivery_patrol_015_exec_1,inprogress,85.0,0.0,0.0,0.0,null,null,null,null,null
single_ground_robot_delivery_patrol_015,boot,2026-01-10T13:50:37.000Z,complete,rover_1,ground_rover,single_ground_robot_delivery_patrol_015_exec_1,done,84.8,0.0,0.0,0.0,null,null,null,null,null
single_ground_robot_delivery_patrol_015,navigate,2026-01-10T13:50:38.000Z,start,rover_1,ground_rover,single_ground_robot_delivery_patrol_015_exec_2,inprogress,84.8,0.0,0.0,0.0,null,null,null,null,null
single_ground_robot_delivery_patrol_015,navigate,2026-01-10T13:51:52.000Z,null,rover_1,ground_rover,single_ground_robot_delivery_patrol_015_exec_2,inprogress,83.3,2.75,2.66,0.0,null,null,null,null,null
single_ground_robot_delivery_patrol_015,navigate,2026-01-10T13:53:06.000Z,null,rover_1,ground_rover,single_ground_robot_delivery_patrol_015_exec_2,inprogress,81.7,5.5,5.32,0.0,null,null,null,null,null
single_ground_robot_delivery_patrol_015,navigate,2026-01-10T13:54:20.000Z,null,rover_1,ground_rover,single_ground_robot_delivery_patrol_015_exec_2,inprogress,80.2,8.24,7.98,0.0,null,null,null,null,null
single_ground_robot_delivery_patrol_015,navigate,2026-01-10T13:55:34.000Z,complete,rover_1,ground_rover,single_ground_robot_delivery_patrol_015_exec_2,done,78.6,10.99,10.64,0.0,null,null,null,null,null
single_ground_robot_delivery_patrol_015,pickup,2026-01-10T13:55:35.000Z,start,rover_1,ground_rover,single_ground_robot_delivery_patrol_015_exec_3,inprogress,78.6,10.99,10.64,0.0,null,null,null,null,null
single_ground_robot_delivery_patrol_015,pickup,2026-01-10T13:56:10.000Z,null,rover_1,ground_rover,single_ground_robot_delivery_patrol_015_exec_3,inprogress,78.0,10.99,10.64,0.0,null,null,null,null,null
single_ground_robot_delivery_patrol_015,pickup,2026-01-10T13:56:45.000Z,complete,rover_1,ground_rover,single_ground_robot_delivery_patrol_015_exec_3,done,77.4,10.99,10.64,0.0,null,null,null,null,null
single_ground_robot_delivery_patrol_015,navigate,2026-01-10T13:56:46.000Z,start,rover_1,ground_rover,single_ground_robot_delivery_patrol_015_exec_4,inprogress,77.4,10.99,10.64,0.0,null,null,null,null,null
single_ground_robot_delivery_patrol_015,navigate,2026-01-10T13:57:58.000Z,null,rover_1,ground_rover,single_ground_robot_delivery_patrol_015_exec_4,inprogress,75.9,14.95,11.92,0.0,null,null,null,null,null
single_ground_robot_delivery_patrol_015,navigate,2026-01-10T13:59:10.000Z,null,rover_1,ground_rover,single_ground_robot_delivery_patrol_015_exec_4,inprogress,74.4,18.91,13.2,0.0,null,null,null,null,null
single_ground_robot_delivery_patrol_015,navigate,2026-01-10T14:00:22.000Z,null,rover_1,ground_rover,single_ground_robot_delivery_patrol_015_exec_4,inprogress,72.9,22.87,14.48,0.0,null,null,null,null,null
single_ground_robot_delivery_patrol_015,navigate,2026-01-10T14:01:34.000Z,null,rover_1,ground_rover,single_ground_robot_delivery_patrol_015_exec_4,inprogress,71.4,26.83,15.77,0.0,null,null,null,null,null
single_ground_robot_delivery_patrol_015,navigate,2026-01-10T14:02:46.000Z,complete,rover_1,ground_rover,single_ground_robot_delivery_patrol_015_exec_4,done,69.9,30.79,17.05,0.0,null,null,null,null,null
single_ground_robot_delivery_patrol_015,deliver,2026-01-10T14:02:47.000Z,start,rover_1,ground_rover,single_ground_robot_delivery_patrol_015_exec_5,inprogress,69.9,30.79,17.05,0.0,null,null,null,null,null
single_ground_robot_delivery_patrol_015,deliver,2026-01-10T14:03:17.000Z,null,rover_1,ground_rover,single_ground_robot_delivery_patrol_015_exec_5,inprogress,69.6,30.79,17.05,0.0,null,null,null,null,null
single_ground_robot_delivery_patrol_015,deliver,2026-01-10T14:03:47.000Z,complete,rover_1,ground_rover,single_ground_robot_delivery_patrol_015_exec_5,done,69.3,30.79,17.05,0.0,null,null,null,null,null
single_ground_robot_delivery_patrol_015,patrol,2026-01-10T14:03:48.000Z,start,rover_1,ground_rover,single_ground_robot_delivery_patrol_015_exec_6,inprogress,69.3,30.79,17.05,0.0,null,null,null,null,null
single_ground_robot_delivery_patrol_015,patrol,2026-01-10T14:04:28.000Z,null,rover_1,ground_rover,single_ground_robot_delivery_patrol_015_exec_6,inprogress,68.8,30.34,17.6,0.0,null,null,null,null,null
single_ground_robot_delivery_patrol_015,patrol,2026-01-10T14:05:08.000Z,null,rover_1,ground_rover,single_ground_robot_delivery_patrol_015_exec_6,inprogress,68.3,29.9,18.16,0.0,null,null,null,null,null
single_ground_robot_delivery_patrol_015,patrol,2026-01-10T14:05:48.000Z,null,rover_1,ground_rover,single_ground_robot_delivery_patrol_015_exec_6,inprogress,67.9,29.45,18.71,0.0,null,null,null,null,null
single_ground_robot_delivery_patrol_015,patrol,2026-01-10T14:06:31.000Z,complete,rover_1,ground_rover,single_ground_robot_delivery_patrol_015_exec_6,done,67.4,29.01,19.27,0.0,null,null,null,null,null
single_ground_robot_delivery_patrol_015,navigate,2026-01-10T14:06:32.000Z,start,rover_1,ground_rover,single_ground_robot_delivery_patrol_015_exec_7,inprogress,67.4,29.01,19.27,0.0,null,null,null,null,null
single_ground_robot_delivery_patrol_015,navigate,2026-01-10T14:07:24.000Z,null,rover_1,ground_rover,single_ground_robot_delivery_patrol_015_exec_7,inprogress,66.6,21.76,14.45,0.0,null,null,null,null,null
single_ground_robot_delivery_patrol_015,navigate,2026-01-10T14:08:16.000Z,null,rover_1,ground_rover,single_ground_robot_delivery_patrol_015_exec_7,inprogress,65.8,14.5,9.63,0.0,null,null,null,null,null
single_ground_robot_delivery_patrol_015,navigate,2026-01-10T14:09:08.000Z,null,rover_1,ground_rover,single_ground_robot_delivery_patrol_015_exec_7,inprogress,65.1,7.25,4.82,0.0,null,null,null,null,null
single_ground_robot_delivery_patrol_015,navigate,2026-01-10T14:10:03.000Z,complete,rover_1,ground_rover,single_ground_robot_delivery_patrol_015_exec_7,done,64.3,0.0,0.0,0.0,null,null,null,null,null
single_ground_robot_delivery_patrol_015,dock,2026-01-10T14:10:04.000Z,start,rover_1,ground_rover,single_ground_robot_delivery_patrol_015_exec_8,inprogress,64.3,0.0,0.0,0.0,null,null,null,null,null
single_ground_robot_delivery_patrol_015,dock,2026-01-10T14:10:28.000Z,complete,rover_1,ground_rover,single_ground_robot_delivery_patrol_015_exec_8,done,64.2,0.0,0.0,0.0,null,null,null,null,null
single_ground_robot_delivery_patrol_016,boot,2026-01-10T14:15:00.000Z,start,rover_1,ground_rover,single_ground_robot_delivery_patrol_016_exec_1,inprogress,78.6,0.0,0.0,0.0,null,null,null,null,null
single_ground_robot_delivery_patrol_016,boot,2026-01-10T14:15:30.000Z,complete,rover_1,ground_rover,single_ground_robot_delivery_patrol_016_exec_1,done,78.4,0.0,0.0,0.0,null,null,null,null,null
single_ground_robot_delivery_patrol_016,navigate,2026-01-10T14:15:31.000Z,start,rover_1,ground_rover,single_ground_robot_delivery_patrol_016_exec_2,inprogress,78.4,0.0,0.0,0.0,null,null,null,null,null
single_ground_robot_delivery_patrol_016,navigate,2026-01-10T14:16:24.000Z,null,rover_1,ground_rover,single_ground_robot_delivery_patrol_016_exec_2,inprogress,77.4,2.96,1.97,0.0,null,null,null,null,null
single_ground_robot_delivery_patrol_016,navigate,2026-01-10T14:17:17.000Z,null,rover_1,ground_rover,single_ground_robot_delivery_patrol_016_exec_2,inprogress,76.4,5.92,3.93,0.0,null,null,null,null,null
single_ground_robot_delivery_patrol_016,navigate,2026-01-10T14:18:10.000Z,null,rover_1,ground_rover,single_ground_robot_delivery_patrol_016_exec_2,inprogress,75.4,8.88,5.9,0.0,null,null,null,null,null
single_ground_robot_delivery_patrol_016,navigate,2026-01-10T14:19:06.000Z,complete,rover_1,ground_rover,single_ground_robot_delivery_patrol_016_exec_2,done,74.4,11.84,7.86,0.0,null,null,null,null,null
single_ground_robot_delivery_patrol_016,pickup,2026-01-10T14:19:07.000Z,start,rover_1,ground_rover,single_ground_robot_delivery_patrol_016_exec_3,inprogress,74.4,11.84,7.86,0.0,null,null,null,null,null
single_ground_robot_delivery_patrol_016,pickup,2026-01-10T14:20:27.000Z,complete,rover_1,ground_rover,single_ground_robot_delivery_patrol_016_exec_3,done,74.0,11.84,7.86,0.0,null,null,null,null,null
single_ground_robot_delivery_patrol_016,navigate,2026-01-10T14:20:28.000Z,start,rover_1,ground_rover,single_ground_robot_delivery_patrol_016_exec_4,inprogress,74.0,11.84,7.86,0.0,null,null,null,null,null
single_ground_robot_delivery_patrol_016,navigate,2026-01-10T14:21:37.000Z,null,rover_1,ground_rover,single_ground_robot_delivery_patrol_016_exec_4,inprogress,72.7,14.24,8.9,0.0,null,null,null,null,null
single_ground_robot_delivery_patrol_016,navigate,2026-01-10T14:22:46.000Z,null,rover_1,ground_rover,single_ground_robot_delivery_patrol_016_exec_4,inprogress,71.4,16.64,9.93,0.0,null,null,null,null,null
single_ground_robot_delivery_patrol_016,navigate,2026-01-10T14:23:55.000Z,null,rover_1,ground_rover,single_ground_robot_delivery_patrol_016_exec_4,inprogress,70.1,19.04,10.96,0.0,null,null,null,null,null
single_ground_robot_delivery_patrol_016,navigate,2026-01-10T14:25:04.000Z,null,rover_1,ground_rover,single_ground_robot_delivery_patrol_016_exec_4,inprogress,68.8,21.44,12.0,0.0,null,null,null,null,null
single_ground_robot_delivery_patrol_016,navigate,2026-01-10T14:26:13.000Z,null,rover_1,ground_rover,single_ground_robot_delivery_patrol_016_exec_4,inprogress,67.5,23.84,13.03,0.0,null,null,null,null,null
single_ground_robot_delivery_patrol_016,navigate,2026-01-10T14:27:25.000Z,complete,rover_1,ground_rover,single_ground_robot_delivery_patrol_016_exec_4,done,66.2,26.24,14.07,0.0,null,null,null,null,null
single_ground_robot_delivery_patrol_016,deliver,2026-01-10T14:27:26.000Z,start,rover_1,ground_rover,single_ground_robot_delivery_patrol_016_exec_5,inprogress,66.2,26.24,14.07,0.0,null,null,null,null,null
single_ground_robot_delivery_patrol_016,deliver,2026-01-10T14:27:41.000Z,null,rover_1,ground_rover,single_ground_robot_delivery_patrol_016_exec_5,inprogress,65.8,26.24,14.07,0.0,null,null,null,null,null
single_ground_robot_delivery_patrol_016,deliver,2026-01-10T14:27:57.000Z,complete,rover_1,ground_rover,single_ground_robot_delivery_patrol_016_exec_5,done,65.5,26.24,14.07,0.0,null,null,null,null,null
single_ground_robot_delivery_patrol_016,patrol,2026-01-10T14:27:58.000Z,start,rover_1,ground_rover,single_ground_robot_delivery_patrol_016_exec_6,inprogress,65.5,26.24,14.07,0.0,null,null,null,null,null
single_ground_robot_delivery_patrol_016,patrol,2026-01-10T14:29:01.000Z,null,rover_1,ground_rover,single_ground_robot_delivery_patrol_016_exec_6,inprogress,64.6,26.91,15.01,0.0,null,null,null,null,null
single_ground_robot_delivery_patrol_016,patrol,2026-01-10T14:30:04.000Z,null,rover_1,ground_rover,single_ground_robot_delivery_patrol_016_exec_6,inprogress,63.7,27.59,15.95,0.0,null,null,null,null,null
single_ground_robot_delivery_patrol_016,patrol,2026-01-10T14:31:08.000Z,complete,rover_1,ground_rover,single_ground_robot_delivery_patrol_016_exec_6,done,62.8,28.26,16.9,0.0,null,null,null,null,null
single_ground_robot_delivery_patrol_016,navigate,2026-01-10T14:31:09.000Z,start,rover_1,ground_rover,single_ground_robot_delivery_patrol_016_exec_7,inprogress,62.8,28.26,16.9,0.0,null,null,null,null,null
single_ground_robot_delivery_patrol_016,navigate,2026-01-10T14:32:00.000Z,null,rover_1,ground_rover,single_ground_robot_delivery_patrol_016_exec_7,inprogress,62.0,22.61,13.52,0.0,null,null,null,null,null
single_ground_robot_delivery_patrol_016,navigate,2026-01-10T14:32:51.000Z,null,rover_1,ground_rover,single_ground_robot_delivery_patrol_016_exec_7,inprogress,61.2,16.96,10.14,0.0,null,null,null,null,null
single_ground_robot_delivery_patrol_016,navigate,2026-01-10T14:33:42.000Z,null,rover_1,ground_rover,single_ground_robot_delivery_patrol_016_exec_7,inprogress,60.4,11.31,6.76,0.0,null,null,null,null,null
single_ground_robot_delivery_patrol_016,navigate,2026-01-10T14:34:33.000Z,null,rover_1,ground_rover,single_ground_robot_delivery_patrol_016_exec_7,inprogress,59.7,5.65,3.38,0.0,null,null,null,null,null
single_ground_robot_delivery_patrol_016,navigate,2026-01-10T14:35:26.000Z,complete,rover_1,ground_rover,single_ground_robot_delivery_patrol_016_exec_7,done,58.9,0.0,0.0,0.0,null,null,null,null,null
single_ground_robot_delivery_patrol_016,dock,2026-01-10T14:35:27.000Z,start,rover_1,ground_rover,single_ground_robot_delivery_patrol_016_exec_8,inprogress,58.9,0.0,0.0,0.0,null,null,null,null,null
single_ground_robot_delivery_patrol_016,dock,2026-01-10T14:35:59.000Z,complete,rover_1,ground_rover,single_ground_robot_delivery_patrol_016_exec_8,done,58.8,0.0,0.0,0.0,null,null,null,null,null
single_ground_robot_delivery_patrol_017,boot,2026-01-10T14:40:00.000Z,start,rover_1,ground_rover,single_ground_robot_delivery_patrol_017_exec_1,inprogress,94.4,0.0,0.0,0.0,null,null,null,null,null
single_ground_robot_delivery_patrol_017,boot,2026-01-10T14:40:27.000Z,complete,rover_1,ground_rover,single_ground_robot_delivery_patrol_017_exec_1,done,94.2,0.0,0.0,0.0,null,null,null,null,null
single_ground_robot_delivery_patrol_017,navigate,2026-01-10T14:40:28.000Z,start,rover_1,ground_rover,single_ground_robot_delivery_patrol_017_exec_2,inprogress,94.2,0.0,0.0,0.0,null,null,null,null,null
single_ground_robot_delivery_patrol_017,navigate,2026-01-10T14:42:09.000Z,null,rover_1,ground_rover,single_ground_robot_delivery_patrol_017_exec_2,inprogress,92.7,4.62,1.82,0.0,null,null,null,null,null
single_ground_robot_delivery_patrol_017,navigate,2026-01-10T14:43:50.000Z,null,rover_1,ground_rover,single_ground_robot_delivery_patrol_017_exec_2,inprogress,91.2,9.24,3.64,0.0,null,null,null,null,null
single_ground_robot_delivery_patrol_017,navigate,2026-01-10T14:45:32.000Z,complete,rover_1,ground_rover,single_ground_robot_delivery_patrol_017_exec_2,done,89.6,13.86,5.46,0.0,null,null,null,null,null
single_ground_robot_delivery_patrol_017,pickup,2026-01-10T14:45:33.000Z,start,rover_1,ground_rover,single_ground_robot_delivery_patrol_017_exec_3,inprogress,89.6,13.86,5.46,0.0,null,null,null,null,null
single_ground_robot_delivery_patrol_017,pickup,2026-01-10T14:46:33.000Z,complete,rover_1,ground_rover,single_ground_robot_delivery_patrol_017_exec_3,done,88.6,13.86,5.46,0.0,null,null,null,null,null
single_ground_robot_delivery_patrol_017,navigate,2026-01-10T14:46:34.000Z,start,rover_1,ground_rover,single_ground_robot_delivery_patrol_017_exec_4,inprogress,88.6,13.86,5.46,0.0,null,null,null,null,null
single_ground_robot_delivery_patrol_017,navigate,2026-01-10T14:48:11.000Z,null,rover_1,ground_rover,single_ground_robot_delivery_patrol_017_exec_4,inprogress,87.5,17.4,9.36,0.0,null,null,null,null,null
single_ground_robot_delivery_patrol_017,navigate,2026-01-10T14:49:48.000Z,null,rover_1,ground_rover,single_ground_robot_delivery_patrol_017_exec_4,inprogress,86.4,20.94,13.26,0.0,null,null,null,null,null
single_ground_robot_delivery_patrol_017,navigate,2026-01-10T14:51:25.000Z,null,rover_1,ground_rover,single_ground_robot_delivery_patrol_017_exec_4,inprogress,85.3,24.47,17.17,0.0,null,null,null,null,null
single_ground_robot_delivery_patrol_017,navigate,2026-01-10T14:53:03.000Z,complete,rover_1,ground_rover,single_ground_robot_delivery_patrol_017_exec_4,done,84.2,28.01,21.07,0.0,null,null,null,null,null
single_ground_robot_delivery_patrol_017,deliver,2026-01-10T14:53:04.000Z,start,rover_1,ground_rover,single_ground_robot_delivery_patrol_017_exec_5,inprogress,84.2,28.01,21.07,0.0,null,null,null,null,null
single_ground_robot_delivery_patrol_017,deliver,2026-01-10T14:54:01.000Z,complete,rover_1,ground_rover,single_ground_robot_delivery_patrol_017_exec_5,done,83.2,28.01,21.07,0.0,null,null,null,null,null
single_ground_robot_delivery_patrol_017,patrol,2026-01-10T14:54:02.000Z,start,rover_1,ground_rover,single_ground_robot_delivery_patrol_017_exec_6,inprogress,83.2,28.01,21.07,0.0,null,null,null,null,null
single_ground_robot_delivery_patrol_017,patrol,2026-01-10T14:55:15.000Z,null,rover_1,ground_rover,single_ground_robot_delivery_patrol_017_exec_6,inprogress,82.3,27.05,20.38,0.0,null,null,null,null,null
single_ground_robot_delivery_patrol_017,patrol,2026-01-10T14:56:28.000Z,complete,rover_1,ground_rover,single_ground_robot_delivery_patrol_017_exec_6,done,81.4,26.09,19.69,0.0,null,null,null,null,null
single_ground_robot_delivery_patrol_017,navigate,2026-01-10T14:56:29.000Z,start,rover_1,ground_rover,single_ground_robot_delivery_patrol_017_exec_7,inprogress,81.4,26.09,19.69,0.0,null,null,null,null,null
single_ground_robot_delivery_patrol_017,navigate,2026-01-10T14:57:28.000Z,null,rover_1,ground_rover,single_ground_robot_delivery_patrol_017_exec_7,inprogress,80.7,19.57,14.77,0.0,null,null,null,null,null
single_ground_robot_delivery_patrol_017,navigate,2026-01-10T14:58:27.000Z,null,rover_1,ground_rover,single_ground_robot_delivery_patrol_017_exec_7,inprogress,80.1,13.05,9.84,0.0,null,null,null,null,null
single_ground_robot_delivery_patrol_017,navigate,2026-01-10T14:59:26.000Z,null,rover_1,ground_rover,single_ground_robot_delivery_patrol_017_exec_7,inprogress,79.4,6.52,4.92,0.0,null,null,null,null,null
single_ground_robot_delivery_patrol_017,navigate,2026-01-10T15:00:25.000Z,complete,rover_1,ground_rover,single_ground_robot_delivery_patrol_017_exec_7,done,78.7,0.0,0.0,0.0,null,null,null,null,null
single_ground_robot_delivery_patrol_017,dock,2026-01-10T15:00:26.000Z,start,rover_1,ground_rover,single_ground_robot_delivery_patrol_017_exec_8,inprogress,78.7,0.0,0.0,0.0,null,null,null,null,null
single_ground_robot_delivery_patrol_017,dock,2026-01-10T15:00:54.000Z,complete,rover_1,ground_rover,single_ground_robot_delivery_patrol_017_exec_8,done,78.6,0.0,0.0,0.0,null,null,null,null,null
single_ground_robot_delivery_patrol_018,boot,2026-01-10T15:05:00.000Z,start,rover_1,ground_rover,single_ground_robot_delivery_patrol_018_exec_1,inprogress,79.1,0.0,0.0,0.0,null,null,null,null,null
single_ground_robot_delivery_patrol_018,boot,2026-01-10T15:05:22.000Z,complete,rover_1,ground_rover,single_ground_robot_delivery_patrol_018_exec_1,done,78.9,0.0,0.0,0.0,null,null,null,null,null
single_ground_robot_delivery_patrol_018,navigate,2026-01-10T15:05:23.000Z,start,rover_1,ground_rover,single_ground_robot_delivery_patrol_018_exec_2,inprogress,78.9,0.0,0.0,0.0,null,null,null,null,null
single_ground_robot_delivery_patrol_018,navigate,2026-01-10T15:06:01.000Z,null,rover_1,ground_rover,single_ground_robot_delivery_patrol_018_exec_2,inprogress,78.1,2.73,1.95,0.0,null,null,null,null,null
single_ground_robot_delivery_patrol_018,navigate,2026-01-10T15:06:39.000Z,null,rover_1,ground_rover,single_ground_robot_delivery_patrol_018_exec_2,inprogress,77.3,5.46,3.9,0.0,null,null,null,null,null
single_ground_robot_delivery_patrol_018,navigate,2026-01-10T15:07:17.000Z,null,rover_1,ground_rover,single_ground_robot_delivery_patrol_018_exec_2,inprogress,76.5,8.19,5.84,0.0,null,null,null,null,null
single_ground_robot_delivery_patrol_018,navigate,2026-01-10T15:07:55.000Z,null,rover_1,ground_rover,single_ground_robot_delivery_patrol_018_exec_2,inprogress,75.7,10.91,7.79,0.0,null,null,null,null,null
single_ground_robot_delivery_patrol_018,navigate,2026-01-10T15:08:36.000Z,complete,rover_1,ground_rover,single_ground_robot_delivery_patrol_018_exec_2,done,75.0,13.64,9.74,0.0,null,null,null,null,null
single_ground_robot_delivery_patrol_018,obstacle_avoidance,2026-01-10T15:08:37.000Z,start,rover_1,ground_rover,single_ground_robot_delivery_patrol_018_exec_3,inprogress,75.0,13.64,9.74,0.0,null,null,null,null,null
single_ground_robot_delivery_patrol_018,obstacle_avoidance,2026-01-10T15:08:53.000Z,null,rover_1,ground_rover,single_ground_robot_delivery_patrol_018_exec_3,inprogress,74.4,15.97,10.82,0.0,null,null,null,null,null
single_ground_robot_delivery_patrol_018,obstacle_avoidance,2026-01-10T15:09:10.000Z,complete,rover_1,ground_rover,single_ground_robot_delivery_patrol_018_exec_3,done,73.9,18.3,11.9,0.0,null,null,null,null,null
single_ground_robot_delivery_patrol_018,pickup,2026-01-10T15:09:11.000Z,start,rover_1,ground_rover,single_ground_robot_delivery_patrol_018_exec_4,inprogress,73.9,18.3,11.9,0.0,null,null,null,null,null
single_ground_robot_delivery_patrol_018,pickup,2026-01-10T15:09:47.000Z,complete,rover_1,ground_rover,single_ground_robot_delivery_patrol_018_exec_4,done,73.3,18.3,11.9,0.0,null,null,null,null,null
single_ground_robot_delivery_patrol_018,temporary_stop,2026-01-10T15:09:48.000Z,start,rover_1,ground_rover,single_ground_robot_delivery_patrol_018_exec_5,inprogress,73.3,18.3,11.9,0.0,null,null,null,null,null
single_ground_robot_delivery_patrol_018,temporary_stop,2026-01-10T15:10:14.000Z,null,rover_1,ground_rover,single_ground_robot_delivery_patrol_018_exec_5,inprogress,73.1,18.3,11.9,0.0,null,null,null,null,null
single_ground_robot_delivery_patrol_018,temporary_stop,2026-01-10T15:10:40.000Z,complete,rover_1,ground_rover,single_ground_robot_delivery_patrol_018_exec_5,done,73.0,18.3,11.9,0.0,null,null,null,null,null
single_ground_robot_delivery_patrol_018,navigate,2026-01-10T15:10:41.000Z,start,rover_1,ground_rover,single_ground_robot_delivery_patrol_018_exec_6,inprogress,73.0,18.3,11.9,0.0,null,null,null,null,null
single_ground_robot_delivery_patrol_018,navigate,2026-01-10T15:11:49.000Z,null,rover_1,ground_rover,single_ground_robot_delivery_patrol_018_exec_6,inprogress,72.2,20.5,12.2,0.0,null,null,null,null,null
single_ground_robot_delivery_patrol_018,navigate,2026-01-10T15:12:57.000Z,null,rover_1,ground_rover,single_ground_robot_delivery_patrol_018_exec_6,inprogress,71.5,22.7,12.49,0.0,null,null,null,null,null
single_ground_robot_delivery_patrol_018,navigate,2026-01-10T15:14:05.000Z,null,rover_1,ground_rover,single_ground_robot_delivery_patrol_018_exec_6,inprogress,70.7,24.9,12.79,0.0,null,null,null,null,null
single_ground_robot_delivery_patrol_018,navigate,2026-01-10T15:15:13.000Z,null,rover_1,ground_rover,single_ground_robot_delivery_patrol_018_exec_6,inprogress,70.0,27.1,13.09,0.0,null,null,null,null,null
single_ground_robot_delivery_patrol_018,navigate,2026-01-10T15:16:21.000Z,null,rover_1,ground_rover,single_ground_robot_delivery_patrol_018_exec_6,inprogress,69.2,29.3,13.38,0.0,null,null,null,null,null
single_ground_robot_delivery_patrol_018,navigate,2026-01-10T15:17:32.000Z,complete,rover_1,ground_rover,single_ground_robot_delivery_patrol_018_exec_6,done,68.5,31.5,13.68,0.0,null,null,null,null,null
single_ground_robot_delivery_patrol_018,deliver,2026-01-10T15:17:33.000Z,start,rover_1,ground_rover,single_ground_robot_delivery_patrol_018_exec_7,inprogress,68.5,31.5,13.68,0.0,null,null,null,null,null
single_ground_robot_delivery_patrol_018,deliver,2026-01-10T15:17:53.000Z,null,rover_1,ground_rover,single_ground_robot_delivery_patrol_018_exec_7,inprogress,68.3,31.5,13.68,0.0,null,null,null,null,null
single_ground_robot_delivery_patrol_018,deliver,2026-01-10T15:18:13.000Z,complete,rover_1,ground_rover,single_ground_robot_delivery_patrol_018_exec_7,done,68.0,31.5,13.68,0.0,null,null,null,null,null
single_ground_robot_delivery_patrol_018,patrol,2026-01-10T15:18:14.000Z,start,rover_1,ground_rover,single_ground_robot_delivery_patrol_018_exec_8,inprogress,68.0,31.5,13.68,0.0,null,null,null,null,null
single_ground_robot_delivery_patrol_018,patrol,2026-01-10T15:18:49.000Z,null,rover_1,ground_rover,single_ground_robot_delivery_patrol_018_exec_8,inprogress,67.5,31.71,14.77,0.0,null,null,null,null,null
single_ground_robot_delivery_patrol_018,patrol,2026-01-10T15:19:24.000Z,null,rover_1,ground_rover,single_ground_robot_delivery_patrol_018_exec_8,inprogress,66.9,31.91,15.85,0.0,null,null,null,null,null
single_ground_robot_delivery_patrol_018,patrol,2026-01-10T15:20:00.000Z,complete,rover_1,ground_rover,single_ground_robot_delivery_patrol_018_exec_8,done,66.3,32.11,16.94,0.0,null,null,null,null,null
single_ground_robot_delivery_patrol_018,navigate,2026-01-10T15:20:01.000Z,start,rover_1,ground_rover,single_ground_robot_delivery_patrol_018_exec_9,inprogress,66.3,32.11,16.94,0.0,null,null,null,null,null
single_ground_robot_delivery_patrol_018,navigate,2026-01-10T15:21:07.000Z,null,rover_1,ground_rover,single_ground_robot_delivery_patrol_018_exec_9,inprogress,65.2,21.41,11.29,0.0,null,null,null,null,null
single_ground_robot_delivery_patrol_018,navigate,2026-01-10T15:22:13.000Z,null,rover_1,ground_rover,single_ground_robot_delivery_patrol_018_exec_9,inprogress,64.0,10.7,5.65,0.0,null,null,null,null,null
single_ground_robot_delivery_patrol_018,navigate,2026-01-10T15:23:21.000Z,complete,rover_1,ground_rover,single_ground_robot_delivery_patrol_018_exec_9,done,62.9,0.0,0.0,0.0,null,null,null,null,null
single_ground_robot_delivery_patrol_018,dock,2026-01-10T15:23:22.000Z,start,rover_1,ground_rover,single_ground_robot_delivery_patrol_018_exec_10,inprogress,62.9,0.0,0.0,0.0,null,null,null,null,null
single_ground_robot_delivery_patrol_018,dock,2026-01-10T15:23:57.000Z,complete,rover_1,ground_rover,single_ground_robot_delivery_patrol_018_exec_10,done,62.8,0.0,0.0,0.0,null,null,null,null,null
single_ground_robot_delivery_patrol_019,boot,2026-01-10T15:30:00.000Z,start,rover_1,ground_rover,single_ground_robot_delivery_patrol_019_exec_1,inprogress,78.8,0.0,0.0,0.0,null,null,null,null,null
single_ground_robot_delivery_patrol_019,boot,2026-01-10T15:30:42.000Z,complete,rover_1,ground_rover,single_ground_robot_delivery_patrol_019_exec_1,done,78.6,0.0,0.0,0.0,null,null,null,null,null
single_ground_robot_delivery_patrol_019,navigate,2026-01-10T15:30:43.000Z,start,rover_1,ground_rover,single_ground_robot_delivery_patrol_019_exec_2,inprogress,78.6,0.0,0.0,0.0,null,null,null,null,null
single_ground_robot_delivery_patrol_019,navigate,2026-01-10T15:32:34.000Z,null,rover_1,ground_rover,single_ground_robot_delivery_patrol_019_exec_2,inprogress,76.5,5.76,3.55,0.0,null,null,null,null,null
single_ground_robot_delivery_patrol_019,navigate,2026-01-10T15:34:25.000Z,null,rover_1,ground_rover,single_ground_robot_delivery_patrol_019_exec_2,inprogress,74.5,11.51,7.1,0.0,null,null,null,null,null
single_ground_robot_delivery_patrol_019,navigate,2026-01-10T15:36:16.000Z,complete,rover_1,ground_rover,single_ground_robot_delivery_patrol_019_exec_2,done,72.4,17.27,10.65,0.0,null,null,null,null,null
single_ground_robot_delivery_patrol_019,pickup,2026-01-10T15:36:17.000Z,start,rover_1,ground_rover,single_ground_robot_delivery_patrol_019_exec_3,inprogress,72.4,17.27,10.65,0.0,null,null,null,null,null
single_ground_robot_delivery_patrol_019,pickup,2026-01-10T15:36:35.000Z,null,rover_1,ground_rover,single_ground_robot_delivery_patrol_019_exec_3,inprogress,72.0,17.27,10.65,0.0,null,null,null,null,null
single_ground_robot_delivery_patrol_019,pickup,2026-01-10T15:36:54.000Z,complete,rover_1,ground_rover,single_ground_robot_delivery_patrol_019_exec_3,done,71.6,17.27,10.65,0.0,null,null,null,null,null
single_ground_robot_delivery_patrol_019,temporary_stop,2026-01-10T15:36:55.000Z,start,rover_1,ground_rover,single_ground_robot_delivery_patrol_019_exec_4,inprogress,71.6,17.27,10.65,0.0,null,null,null,null,null
single_ground_robot_delivery_patrol_019,temporary_stop,2026-01-10T15:38:03.000Z,complete,rover_1,ground_rover,single_ground_robot_delivery_patrol_019_exec_4,done,71.1,17.27,10.65,0.0,null,null,null,null,null
single_ground_robot_delivery_patrol_019,navigate,2026-01-10T15:38:04.000Z,start,rover_1,ground_rover,single_ground_robot_delivery_patrol_019_exec_5,inprogress,71.1,17.27,10.65,0.0,null,null,null,null,null
single_ground_robot_delivery_patrol_019,navigate,2026-01-10T15:39:20.000Z,null,rover_1,ground_rover,single_ground_robot_delivery_patrol_019_exec_5,inprogress,69.8,20.28,11.13,0.0,null,null,null,null,null
single_ground_robot_delivery_patrol_019,navigate,2026-01-10T15:40:36.000Z,null,rover_1,ground_rover,single_ground_robot_delivery_patrol_019_exec_5,inprogress,68.4,23.3,11.61,0.0,null,null,null,null,null
single_ground_robot_delivery_patrol_019,navigate,2026-01-10T15:41:52.000Z,null,rover_1,ground_rover,single_ground_robot_delivery_patrol_019_exec_5,inprogress,67.1,26.31,12.09,0.0,null,null,null,null,null
single_ground_robot_delivery_patrol_019,navigate,2026-01-10T15:43:08.000Z,null,rover_1,ground_rover,single_ground_robot_delivery_patrol_019_exec_5,inprogress,65.7,29.32,12.57,0.0,null,null,null,null,null
single_ground_robot_delivery_patrol_019,navigate,2026-01-10T15:44:26.000Z,complete,rover_1,ground_rover,single_ground_robot_delivery_patrol_019_exec_5,done,64.3,32.33,13.06,0.0,null,null,null,null,null
single_ground_robot_delivery_patrol_019,deliver,2026-01-10T15:44:27.000Z,start,rover_1,ground_rover,single_ground_robot_delivery_patrol_019_exec_6,inprogress,64.3,32.33,13.06,0.0,null,null,null,null,null
single_ground_robot_delivery_patrol_019,deliver,2026-01-10T15:45:24.000Z,complete,rover_1,ground_rover,single_ground_robot_delivery_patrol_019_exec_6,done,63.4,32.33,13.06,0.0,null,null,null,null,null
single_ground_robot_delivery_patrol_019,patrol,2026-01-10T15:45:25.000Z,start,rover_1,ground_rover,single_ground_robot_delivery_patrol_019_exec_7,inprogress,63.4,32.33,13.06,0.0,null,null,null,null,null
single_ground_robot_delivery_patrol_019,patrol,2026-01-10T15:46:07.000Z,null,rover_1,ground_rover,single_ground_robot_delivery_patrol_019_exec_7,inprogress,62.9,32.95,13.13,0.0,null,null,null,null,null
single_ground_robot_delivery_patrol_019,patrol,2026-01-10T15:46:49.000Z,null,rover_1,ground_rover,single_ground_robot_delivery_patrol_019_exec_7,inprogress,62.5,33.57,13.21,0.0,null,null,null,null,null
single_ground_robot_delivery_patrol_019,patrol,2026-01-10T15:47:31.000Z,null,rover_1,ground_rover,single_ground_robot_delivery_patrol_019_exec_7,inprogress,62.0,34.18,13.28,0.0,null,null,null,null,null
single_ground_robot_delivery_patrol_019,patrol,2026-01-10T15:48:14.000Z,complete,rover_1,ground_rover,single_ground_robot_delivery_patrol_019_exec_7,done,61.5,34.8,13.36,0.0,null,null,null,null,null
single_ground_robot_delivery_patrol_019,navigate,2026-01-10T15:48:15.000Z,start,rover_1,ground_rover,single_ground_robot_delivery_patrol_019_exec_8,inprogress,61.5,34.8,13.36,0.0,null,null,null,null,null
single_ground_robot_delivery_patrol_019,navigate,2026-01-10T15:49:07.000Z,null,rover_1,ground_rover,single_ground_robot_delivery_patrol_019_exec_8,inprogress,60.8,27.84,10.69,0.0,null,null,null,null,null
single_ground_robot_delivery_patrol_019,navigate,2026-01-10T15:49:59.000Z,null,rover_1,ground_rover,single_ground_robot_delivery_patrol_019_exec_8,inprogress,60.1,20.88,8.02,0.0,null,null,null,null,null
single_ground_robot_delivery_patrol_019,navigate,2026-01-10T15:50:51.000Z,null,rover_1,ground_rover,single_ground_robot_delivery_patrol_019_exec_8,inprogress,59.4,13.92,5.34,0.0,null,null,null,null,null
single_ground_robot_delivery_patrol_019,navigate,2026-01-10T15:51:43.000Z,null,rover_1,ground_rover,single_ground_robot_delivery_patrol_019_exec_8,inprogress,58.8,6.96,2.67,0.0,null,null,null,null,null
single_ground_robot_delivery_patrol_019,navigate,2026-01-10T15:52:36.000Z,complete,rover_1,ground_rover,single_ground_robot_delivery_patrol_019_exec_8,done,58.1,0.0,0.0,0.0,null,null,null,null,null
single_ground_robot_delivery_patrol_019,dock,2026-01-10T15:52:37.000Z,start,rover_1,ground_rover,single_ground_robot_delivery_patrol_019_exec_9,inprogress,58.1,0.0,0.0,0.0,null,null,null,null,null
single_ground_robot_delivery_patrol_019,dock,2026-01-10T15:53:02.000Z,complete,rover_1,ground_rover,single_ground_robot_delivery_patrol_019_exec_9,done,58.0,0.0,0.0,0.0,null,null,null,null,null
single_ground_robot_delivery_patrol_020,boot,2026-01-10T15:55:00.000Z,start,rover_1,ground_rover,single_ground_robot_delivery_patrol_020_exec_1,inprogress,95.8,0.0,0.0,0.0,null,null,null,null,null
single_ground_robot_delivery_patrol_020,boot,2026-01-10T15:55:22.000Z,complete,rover_1,ground_rover,single_ground_robot_delivery_patrol_020_exec_1,done,95.6,0.0,0.0,0.0,null,null,null,null,null
single_ground_robot_delivery_patrol_020,navigate,2026-01-10T15:55:23.000Z,start,rover_1,ground_rover,single_ground_robot_delivery_patrol_020_exec_2,inprogress,95.6,0.0,0.0,0.0,null,null,null,null,null
single_ground_robot_delivery_patrol_020,navigate,2026-01-10T15:56:25.000Z,null,rover_1,ground_rover,single_ground_robot_delivery_patrol_020_exec_2,inprogress,94.8,1.89,1.18,0.0,null,null,null,null,null
single_ground_robot_delivery_patrol_020,navigate,2026-01-10T15:57:27.000Z,null,rover_1,ground_rover,single_ground_robot_delivery_patrol_020_exec_2,inprogress,93.9,3.78,2.35,0.0,null,null,null,null,null
single_ground_robot_delivery_patrol_020,navigate,2026-01-10T15:58:29.000Z,null,rover_1,ground_rover,single_ground_robot_delivery_patrol_020_exec_2,inprogress,93.0,5.67,3.53,0.0,null,null,null,null,null
single_ground_robot_delivery_patrol_020,navigate,2026-01-10T15:59:31.000Z,null,rover_1,ground_rover,single_ground_robot_delivery_patrol_020_exec_2,inprogress,92.1,7.56,4.7,0.0,null,null,null,null,null
single_ground_robot_delivery_patrol_020,navigate,2026-01-10T16:00:33.000Z,null,rover_1,ground_rover,single_ground_robot_delivery_patrol_020_exec_2,inprogress,91.2,9.46,5.88,0.0,null,null,null,null,null
single_ground_robot_delivery_patrol_020,navigate,2026-01-10T16:01:35.000Z,complete,rover_1,ground_rover,single_ground_robot_delivery_patrol_020_exec_2,done,90.4,11.35,7.06,0.0,null,null,null,null,null
single_ground_robot_delivery_patrol_020,pickup,2026-01-10T16:01:36.000Z,start,rover_1,ground_rover,single_ground_robot_delivery_patrol_020_exec_3,inprogress,90.4,11.35,7.06,0.0,null,null,null,null,null
single_ground_robot_delivery_patrol_020,pickup,2026-01-10T16:02:32.000Z,complete,rover_1,ground_rover,single_ground_robot_delivery_patrol_020_exec_3,done,89.6,11.35,7.06,0.0,null,null,null,null,null
single_ground_robot_delivery_patrol_020,navigate,2026-01-10T16:02:33.000Z,start,rover_1,ground_rover,single_ground_robot_delivery_patrol_020_exec_4,inprogress,89.6,11.35,7.06,0.0,null,null,null,null,null
single_ground_robot_delivery_patrol_020,navigate,2026-01-10T16:03:35.000Z,null,rover_1,ground_rover,single_ground_robot_delivery_patrol_020_exec_4,inprogress,88.3,13.68,8.31,0.0,null,null,null,null,null
single_ground_robot_delivery_patrol_020,navigate,2026-01-10T16:04:37.000Z,null,rover_1,ground_rover,single_ground_robot_delivery_patrol_020_exec_4,inprogress,87.1,16.01,9.57,0.0,null,null,null,null,null
single_ground_robot_delivery_patrol_020,navigate,2026-01-10T16:05:39.000Z,null,rover_1,ground_rover,single_ground_robot_delivery_patrol_020_exec_4,inprogress,85.8,18.33,10.82,0.0,null,null,null,null,null
single_ground_robot_delivery_patrol_020,navigate,2026-01-10T16:06:41.000Z,null,rover_1,ground_rover,single_ground_robot_delivery_patrol_020_exec_4,inprogress,84.6,20.66,12.07,0.0,null,null,null,null,null
single_ground_robot_delivery_patrol_020,navigate,2026-01-10T16:07:43.000Z,null,rover_1,ground_rover,single_ground_robot_delivery_patrol_020_exec_4,inprogress,83.3,22.99,13.33,0.0,null,null,null,null,null
single_ground_robot_delivery_patrol_020,navigate,2026-01-10T16:08:45.000Z,complete,rover_1,ground_rover,single_ground_robot_delivery_patrol_020_exec_4,done,82.1,25.32,14.58,0.0,null,null,null,null,null
single_ground_robot_delivery_patrol_020,deliver,2026-01-10T16:08:46.000Z,start,rover_1,ground_rover,single_ground_robot_delivery_patrol_020_exec_5,inprogress,82.1,25.32,14.58,0.0,null,null,null,null,null
single_ground_robot_delivery_patrol_020,deliver,2026-01-10T16:09:51.000Z,complete,rover_1,ground_rover,single_ground_robot_delivery_patrol_020_exec_5,done,81.3,25.32,14.58,0.0,null,null,null,null,null
single_ground_robot_delivery_patrol_020,patrol,2026-01-10T16:09:52.000Z,start,rover_1,ground_rover,single_ground_robot_delivery_patrol_020_exec_6,inprogress,81.3,25.32,14.58,0.0,null,null,null,null,null
single_ground_robot_delivery_patrol_020,patrol,2026-01-10T16:11:06.000Z,null,rover_1,ground_rover,single_ground_robot_delivery_patrol_020_exec_6,inprogress,80.3,24.29,14.21,0.0,null,null,null,null,null
single_ground_robot_delivery_patrol_020,patrol,2026-01-10T16:12:20.000Z,complete,rover_1,ground_rover,single_ground_robot_delivery_patrol_020_exec_6,done,79.3,23.25,13.83,0.0,null,null,null,null,null
single_ground_robot_delivery_patrol_020,navigate,2026-01-10T16:12:21.000Z,start,rover_1,ground_rover,single_ground_robot_delivery_patrol_020_exec_7,inprogress,79.3,23.25,13.83,0.0,null,null,null,null,null
single_ground_robot_delivery_patrol_020,navigate,2026-01-10T16:13:03.000Z,null,rover_1,ground_rover,single_ground_robot_delivery_patrol_020_exec_7,inprogress,78.7,18.6,11.07,0.0,null,null,null,null,null
single_ground_robot_delivery_patrol_020,navigate,2026-01-10T16:13:45.000Z,null,rover_1,ground_rover,single_ground_robot_delivery_patrol_020_exec_7,inprogress,78.0,13.95,8.3,0.0,null,null,null,null,null
single_ground_robot_delivery_patrol_020,navigate,2026-01-10T16:14:27.000Z,null,rover_1,ground_rover,single_ground_robot_delivery_patrol_020_exec_7,inprogress,77.4,9.3,5.53,0.0,null,null,null,null,null
single_ground_robot_delivery_patrol_020,navigate,2026-01-10T16:15:09.000Z,null,rover_1,ground_rover,single_ground_robot_delivery_patrol_020_exec_7,inprogress,76.7,4.65,2.77,0.0,null,null,null,null,null
single_ground_robot_delivery_patrol_020,navigate,2026-01-10T16:15:52.000Z,complete,rover_1,ground_rover,single_ground_robot_delivery_patrol_020_exec_7,done,76.1,0.0,0.0,0.0,null,null,null,null,null
single_ground_robot_delivery_patrol_020,dock,2026-01-10T16:15:53.000Z,start,rover_1,ground_rover,single_ground_robot_delivery_patrol_020_exec_8,inprogress,76.1,0.0,0.0,0.0,null,null,null,null,null
single_ground_robot_delivery_patrol_020,dock,2026-01-10T16:16:23.000Z,complete,rover_1,ground_rover,single_ground_robot_delivery_patrol_020_exec_8,done,76.0,0.0,0.0,0.0,null,null,null,null,null
single_ground_robot_delivery_patrol_021,boot,2026-01-10T16:20:00.000Z,start,rover_1,ground_rover,single_ground_robot_delivery_patrol_021_exec_1,inprogress,84.5,0.0,0.0,0.0,null,null,null,null,null
single_ground_robot_delivery_patrol_021,boot,2026-01-10T16:20:20.000Z,complete,rover_1,ground_rover,single_ground_robot_delivery_patrol_021_exec_1,done,84.3,0.0,0.0,0.0,null,null,null,null,null
single_ground_robot_delivery_patrol_021,navigate,2026-01-10T16:20:21.000Z,start,rover_1,ground_rover,single_ground_robot_delivery_patrol_021_exec_2,inprogress,84.3,0.0,0.0,0.0,null,null,null,null,null
single_ground_robot_delivery_patrol_021,navigate,2026-01-10T16:21:50.000Z,null,rover_1,ground_rover,single_ground_robot_delivery_patrol_021_exec_2,inprogress,83.3,2.28,1.25,0.0,null,null,null,null,null
single_ground_robot_delivery_patrol_021,navigate,2026-01-10T16:23:19.000Z,null,rover_1,ground_rover,single_ground_robot_delivery_patrol_021_exec_2,inprogress,82.2,4.56,2.5,0.0,null,null,null,null,null
single_ground_robot_delivery_patrol_021,navigate,2026-01-10T16:24:48.000Z,null,rover_1,ground_rover,single_ground_robot_delivery_patrol_021_exec_2,inprogress,81.2,6.84,3.75,0.0,null,null,null,null,null
single_ground_robot_delivery_patrol_021,navigate,2026-01-10T16:26:18.000Z,complete,rover_1,ground_rover,single_ground_robot_delivery_patrol_021_exec_2,done,80.1,9.12,4.99,0.0,null,null,null,null,null
single_ground_robot_delivery_patrol_021,pickup,2026-01-10T16:26:19.000Z,start,rover_1,ground_rover,single_ground_robot_delivery_patrol_021_exec_3,inprogress,80.1,9.12,4.99,0.0,null,null,null,null,null
single_ground_robot_delivery_patrol_021,pickup,2026-01-10T16:26:51.000Z,null,rover_1,ground_rover,single_ground_robot_delivery_patrol_021_exec_3,inprogress,79.8,9.12,4.99,0.0,null,null,null,null,null
single_ground_robot_delivery_patrol_021,pickup,2026-01-10T16:27:24.000Z,complete,rover_1,ground_rover,single_ground_robot_delivery_patrol_021_exec_3,done,79.4,9.12,4.99,0.0,null,null,null,null,null
single_ground_robot_delivery_patrol_021,navigate,2026-01-10T16:27:25.000Z,start,rover_1,ground_rover,single_ground_robot_delivery_patrol_021_exec_4,inprogress,79.4,9.12,4.99,0.0,null,null,null,null,null
single_ground_robot_delivery_patrol_021,navigate,2026-01-10T16:28:06.000Z,null,rover_1,ground_rover,single_ground_robot_delivery_patrol_021_exec_4,inprogress,78.6,12.69,6.61,0.0,null,null,null,null,null
single_ground_robot_delivery_patrol_021,navigate,2026-01-10T16:28:47.000Z,null,rover_1,ground_rover,single_ground_robot_delivery_patrol_021_exec_4,inprogress,77.8,16.26,8.23,0.0,null,null,null,null,null
single_ground_robot_delivery_patrol_021,navigate,2026-01-10T16:29:28.000Z,null,rover_1,ground_rover,single_ground_robot_delivery_patrol_021_exec_4,inprogress,77.0,19.83,9.85,0.0,null,null,null,null,null
single_ground_robot_delivery_patrol_021,navigate,2026-01-10T16:30:09.000Z,null,rover_1,ground_rover,single_ground_robot_delivery_patrol_021_exec_4,inprogress,76.2,23.4,11.47,0.0,null,null,null,null,null
single_ground_robot_delivery_patrol_021,navigate,2026-01-10T16:30:50.000Z,null,rover_1,ground_rover,single_ground_robot_delivery_patrol_021_exec_4,inprogress,75.4,26.97,13.09,0.0,null,null,null,null,null
single_ground_robot_delivery_patrol_021,navigate,2026-01-10T16:31:35.000Z,complete,rover_1,ground_rover,single_ground_robot_delivery_patrol_021_exec_4,done,74.6,30.54,14.71,0.0,null,null,null,null,null
single_ground_robot_delivery_patrol_021,deliver,2026-01-10T16:31:36.000Z,start,rover_1,ground_rover,single_ground_robot_delivery_patrol_021_exec_5,inprogress,74.6,30.54,14.71,0.0,null,null,null,null,null
single_ground_robot_delivery_patrol_021,deliver,2026-01-10T16:32:13.000Z,complete,rover_1,ground_rover,single_ground_robot_delivery_patrol_021_exec_5,done,74.1,30.54,14.71,0.0,null,null,null,null,null
single_ground_robot_delivery_patrol_021,patrol,2026-01-10T16:32:14.000Z,start,rover_1,ground_rover,single_ground_robot_delivery_patrol_021_exec_6,inprogress,74.1,30.54,14.71,0.0,null,null,null,null,null
single_ground_robot_delivery_patrol_021,patrol,2026-01-10T16:33:28.000Z,null,rover_1,ground_rover,single_ground_robot_delivery_patrol_021_exec_6,inprogress,73.4,31.14,15.98,0.0,null,null,null,null,null
single_ground_robot_delivery_patrol_021,patrol,2026-01-10T16:34:42.000Z,null,rover_1,ground_rover,single_ground_robot_delivery_patrol_021_exec_6,inprogress,72.8,31.74,17.25,0.0,null,null,null,null,null
single_ground_robot_delivery_patrol_021,patrol,2026-01-10T16:35:57.000Z,complete,rover_1,ground_rover,single_ground_robot_delivery_patrol_021_exec_6,done,72.1,32.34,18.52,0.0,null,null,null,null,null
single_ground_robot_delivery_patrol_021,navigate,2026-01-10T16:35:58.000Z,start,rover_1,ground_rover,single_ground_robot_delivery_patrol_021_exec_7,inprogress,72.1,32.34,18.52,0.0,null,null,null,null,null
single_ground_robot_delivery_patrol_021,navigate,2026-01-10T16:37:12.000Z,null,rover_1,ground_rover,single_ground_robot_delivery_patrol_021_exec_7,inprogress,70.8,21.56,12.35,0.0,null,null,null,null,null
single_ground_robot_delivery_patrol_021,navigate,2026-01-10T16:38:26.000Z,null,rover_1,ground_rover,single_ground_robot_delivery_patrol_021_exec_7,inprogress,69.4,10.78,6.17,0.0,null,null,null,null,null
single_ground_robot_delivery_patrol_021,navigate,2026-01-10T16:39:40.000Z,complete,rover_1,ground_rover,single_ground_robot_delivery_patrol_021_exec_7,done,68.1,0.0,0.0,0.0,null,null,null,null,null
single_ground_robot_delivery_patrol_021,dock,2026-01-10T16:39:41.000Z,start,rover_1,ground_rover,single_ground_robot_delivery_patrol_021_exec_8,inprogress,68.1,0.0,0.0,0.0,null,null,null,null,null
single_ground_robot_delivery_patrol_021,dock,2026-01-10T16:40:05.000Z,complete,rover_1,ground_rover,single_ground_robot_delivery_patrol_021_exec_8,done,68.0,0.0,0.0,0.0,null,null,null,null,null
single_ground_robot_delivery_patrol_022,boot,2026-01-10T16:45:00.000Z,start,rover_1,ground_rover,single_ground_robot_delivery_patrol_022_exec_1,inprogress,78.4,0.0,0.0,0.0,null,null,null,null,null
single_ground_robot_delivery_patrol_022,boot,2026-01-10T16:45:25.000Z,complete,rover_1,ground_rover,single_ground_robot_delivery_patrol_022_exec_1,done,78.2,0.0,0.0,0.0,null,null,null,null,null
single_ground_robot_delivery_patrol_022,navigate,2026-01-10T16:45:26.000Z,start,rover_1,ground_rover,single_ground_robot_delivery_patrol_022_exec_2,inprogress,78.2,0.0,0.0,0.0,null,null,null,null,null
single_ground_robot_delivery_patrol_022,navigate,2026-01-10T16:46:08.000Z,null,rover_1,ground_rover,single_ground_robot_delivery_patrol_022_exec_2,inprogress,77.5,2.33,1.87,0.0,null,null,null,null,null
single_ground_robot_delivery_patrol_022,navigate,2026-01-10T16:46:50.000Z,null,rover_1,ground_rover,single_ground_robot_delivery_patrol_022_exec_2,inprogress,76.9,4.65,3.75,0.0,null,null,null,null,null
single_ground_robot_delivery_patrol_022,navigate,2026-01-10T16:47:32.000Z,null,rover_1,ground_rover,single_ground_robot_delivery_patrol_022_exec_2,inprogress,76.3,6.98,5.62,0.0,null,null,null,null,null
single_ground_robot_delivery_patrol_022,navigate,2026-01-10T16:48:14.000Z,null,rover_1,ground_rover,single_ground_robot_delivery_patrol_022_exec_2,inprogress,75.6,9.3,7.5,0.0,null,null,null,null,null
single_ground_robot_delivery_patrol_022,navigate,2026-01-10T16:48:58.000Z,complete,rover_1,ground_rover,single_ground_robot_delivery_patrol_022_exec_2,done,75.0,11.63,9.37,0.0,null,null,null,null,null
single_ground_robot_delivery_patrol_022,obstacle_avoidance,2026-01-10T16:48:59.000Z,start,rover_1,ground_rover,single_ground_robot_delivery_patrol_022_exec_3,inprogress,75.0,11.63,9.37,0.0,null,null,null,null,null
single_ground_robot_delivery_patrol_022,obstacle_avoidance,2026-01-10T16:49:45.000Z,null,rover_1,ground_rover,single_ground_robot_delivery_patrol_022_exec_3,inprogress,74.1,11.3,12.26,0.0,null,null,null,null,null
single_ground_robot_delivery_patrol_022,obstacle_avoidance,2026-01-10T16:50:31.000Z,complete,rover_1,ground_rover,single_ground_robot_delivery_patrol_022_exec_3,done,73.1,10.96,15.15,0.0,null,null,null,null,null
single_ground_robot_delivery_patrol_022,pickup,2026-01-10T16:50:32.000Z,start,rover_1,ground_rover,single_ground_robot_delivery_patrol_022_exec_4,inprogress,73.1,10.96,15.15,0.0,null,null,null,null,null
single_ground_robot_delivery_patrol_022,pickup,2026-01-10T16:51:07.000Z,null,rover_1,ground_rover,single_ground_robot_delivery_patrol_022_exec_4,inprogress,72.8,10.96,15.15,0.0,null,null,null,null,null
single_ground_robot_delivery_patrol_022,pickup,2026-01-10T16:51:43.000Z,complete,rover_1,ground_rover,single_ground_robot_delivery_patrol_022_exec_4,done,72.4,10.96,15.15,0.0,null,null,null,null,null
single_ground_robot_delivery_patrol_022,temporary_stop,2026-01-10T16:51:44.000Z,start,rover_1,ground_rover,single_ground_robot_delivery_patrol_022_exec_5,inprogress,72.4,10.96,15.15,0.0,null,null,null,null,null
single_ground_robot_delivery_patrol_022,temporary_stop,2026-01-10T16:51:59.000Z,null,rover_1,ground_rover,single_ground_robot_delivery_patrol_022_exec_5,inprogress,72.1,10.96,15.15,0.0,null,null,null,null,null
single_ground_robot_delivery_patrol_022,temporary_stop,2026-01-10T16:52:15.000Z,complete,rover_1,ground_rover,single_ground_robot_delivery_patrol_022_exec_5,done,71.9,10.96,15.15,0.0,null,null,null,null,null
single_ground_robot_delivery_patrol_022,navigate,2026-01-10T16:52:16.000Z,start,rover_1,ground_rover,single_ground_robot_delivery_patrol_022_exec_6,inprogress,71.9,10.96,15.15,0.0,null,null,null,null,null
single_ground_robot_delivery_patrol_022,navigate,2026-01-10T16:52:55.000Z,null,rover_1,ground_rover,single_ground_robot_delivery_patrol_022_exec_6,inprogress,70.8,13.66,15.99,0.0,null,null,null,null,null
single_ground_robot_delivery_patrol_022,navigate,2026-01-10T16:53:34.000Z,null,rover_1,ground_rover,single_ground_robot_delivery_patrol_022_exec_6,inprogress,69.7,16.36,16.84,0.0,null,null,null,null,null
single_ground_robot_delivery_patrol_022,navigate,2026-01-10T16:54:13.000Z,null,rover_1,ground_rover,single_ground_robot_delivery_patrol_022_exec_6,inprogress,68.6,19.07,17.68,0.0,null,null,null,null,null
single_ground_robot_delivery_patrol_022,navigate,2026-01-10T16:54:52.000Z,null,rover_1,ground_rover,single_ground_robot_delivery_patrol_022_exec_6,inprogress,67.5,21.77,18.53,0.0,null,null,null,null,null
single_ground_robot_delivery_patrol_022,navigate,2026-01-10T16:55:31.000Z,null,rover_1,ground_rover,single_ground_robot_delivery_patrol_022_exec_6,inprogress,66.5,24.47,19.38,0.0,null,null,null,null,null
single_ground_robot_delivery_patrol_022,navigate,2026-01-10T16:56:14.000Z,complete,rover_1,ground_rover,single_ground_robot_delivery_patrol_022_exec_6,done,65.4,27.17,20.22,0.0,null,null,null,null,null
single_ground_robot_delivery_patrol_022,deliver,2026-01-10T16:56:15.000Z,start,rover_1,ground_rover,single_ground_robot_delivery_patrol_022_exec_7,inprogress,65.4,27.17,20.22,0.0,null,null,null,null,null
single_ground_robot_delivery_patrol_022,deliver,2026-01-10T16:56:48.000Z,complete,rover_1,ground_rover,single_ground_robot_delivery_patrol_022_exec_7,done,64.9,27.17,20.22,0.0,null,null,null,null,null
single_ground_robot_delivery_patrol_022,patrol,2026-01-10T16:56:49.000Z,start,rover_1,ground_rover,single_ground_robot_delivery_patrol_022_exec_8,inprogress,64.9,27.17,20.22,0.0,null,null,null,null,null
single_ground_robot_delivery_patrol_022,patrol,2026-01-10T16:58:17.000Z,null,rover_1,ground_rover,single_ground_robot_delivery_patrol_022_exec_8,inprogress,63.7,29.14,18.69,0.0,null,null,null,null,null
single_ground_robot_delivery_patrol_022,patrol,2026-01-10T16:59:46.000Z,complete,rover_1,ground_rover,single_ground_robot_delivery_patrol_022_exec_8,done,62.5,31.12,17.17,0.0,null,null,null,null,null
single_ground_robot_delivery_patrol_022,navigate,2026-01-10T16:59:47.000Z,start,rover_1,ground_rover,single_ground_robot_delivery_patrol_022_exec_9,inprogress,62.5,31.12,17.17,0.0,null,null,null,null,null
single_ground_robot_delivery_patrol_022,navigate,2026-01-10T17:00:28.000Z,null,rover_1,ground_rover,single_ground_robot_delivery_patrol_022_exec_9,inprogress,61.9,24.89,13.74,0.0,null,null,null,null,null
single_ground_robot_delivery_patrol_022,navigate,2026-01-10T17:01:09.000Z,null,rover_1,ground_rover,single_ground_robot_delivery_patrol_022_exec_9,inprogress,61.3,18.67,10.3,0.0,null,null,null,null,null
single_ground_robot_delivery_patrol_022,navigate,2026-01-10T17:01:50.000Z,null,rover_1,ground_rover,single_ground_robot_delivery_patrol_022_exec_9,inprogress,60.7,12.45,6.87,0.0,null,null,null,null,null
single_ground_robot_delivery_patrol_022,navigate,2026-01-10T17:02:31.000Z,null,rover_1,ground_rover,single_ground_robot_delivery_patrol_022_exec_9,inprogress,60.1,6.22,3.43,0.0,null,null,null,null,null
single_ground_robot_delivery_patrol_022,navigate,2026-01-10T17:03:14.000Z,complete,rover_1,ground_rover,single_ground_robot_delivery_patrol_022_exec_9,done,59.5,0.0,0.0,0.0,null,null,null,null,null
single_ground_robot_delivery_patrol_022,dock,2026-01-10T17:03:15.000Z,start,rover_1,ground_rover,single_ground_robot_delivery_patrol_022_exec_10,inprogress,59.5,0.0,0.0,0.0,null,null,null,null,null
single_ground_robot_delivery_patrol_022,dock,2026-01-10T17:03:44.000Z,complete,rover_1,ground_rover,single_ground_robot_delivery_patrol_022_exec_10,done,59.4,0.0,0.0,0.0,null,null,null,null,null
single_ground_robot_delivery_patrol_023,boot,2026-01-10T17:10:00.000Z,start,rover_1,ground_rover,single_ground_robot_delivery_patrol_023_exec_1,inprogress,80.3,0.0,0.0,0.0,null,null,null,null,null
single_ground_robot_delivery_patrol_023,boot,2026-01-10T17:10:38.000Z,complete,rover_1,ground_rover,single_ground_robot_delivery_patrol_023_exec_1,done,80.1,0.0,0.0,0.0,null,null,null,null,null
single_ground_robot_delivery_patrol_023,navigate,2026-01-10T17:10:39.000Z,start,rover_1,ground_rover,single_ground_robot_delivery_patrol_023_exec_2,inprogress,80.1,0.0,0.0,0.0,null,null,null,null,null
single_ground_robot_delivery_patrol_023,navigate,2026-01-10T17:12:31.000Z,null,rover_1,ground_rover,single_ground_robot_delivery_patrol_023_exec_2,inprogress,78.3,6.63,1.92,0.0,null,null,null,null,null
single_ground_robot_delivery_patrol_023,navigate,2026-01-10T17:14:23.000Z,null,rover_1,ground_rover,single_ground_robot_delivery_patrol_023_exec_2,inprogress,76.5,13.25,3.83,0.0,null,null,null,null,null
single_ground_robot_delivery_patrol_023,navigate,2026-01-10T17:16:17.000Z,complete,rover_1,ground_rover,single_ground_robot_delivery_patrol_023_exec_2,done,74.7,19.88,5.75,0.0,null,null,null,null,null
single_ground_robot_delivery_patrol_023,pickup,2026-01-10T17:16:18.000Z,start,rover_1,ground_rover,single_ground_robot_delivery_patrol_023_exec_3,inprogress,74.7,19.88,5.75,0.0,null,null,null,null,null
single_ground_robot_delivery_patrol_023,pickup,2026-01-10T17:17:06.000Z,complete,rover_1,ground_rover,single_ground_robot_delivery_patrol_023_exec_3,done,74.1,19.88,5.75,0.0,null,null,null,null,null
single_ground_robot_delivery_patrol_023,patrol,2026-01-10T17:17:07.000Z,start,rover_1,ground_rover,single_ground_robot_delivery_patrol_023_exec_4,inprogress,74.1,19.88,5.75,0.0,null,null,null,null,null
single_ground_robot_delivery_patrol_023,patrol,2026-01-10T17:18:22.000Z,null,rover_1,ground_rover,single_ground_robot_delivery_patrol_023_exec_4,inprogress,73.1,21.71,5.22,0.0,null,null,null,null,null
single_ground_robot_delivery_patrol_023,patrol,2026-01-10T17:19:38.000Z,complete,rover_1,ground_rover,single_ground_robot_delivery_patrol_023_exec_4,done,72.2,23.54,4.69,0.0,null,null,null,null,null
single_ground_robot_delivery_patrol_023,navigate,2026-01-10T17:19:39.000Z,start,rover_1,ground_rover,single_ground_robot_delivery_patrol_023_exec_5,inprogress,72.2,23.54,4.69,0.0,null,null,null,null,null
single_ground_robot_delivery_patrol_023,navigate,2026-01-10T17:20:27.000Z,null,rover_1,ground_rover,single_ground_robot_delivery_patrol_023_exec_5,inprogress,70.9,24.12,5.96,0.0,null,null,null,null,null
single_ground_robot_delivery_patrol_023,navigate,2026-01-10T17:21:15.000Z,null,rover_1,ground_rover,single_ground_robot_delivery_patrol_023_exec_5,inprogress,69.7,24.71,7.23,0.0,null,null,null,null,null
single_ground_robot_delivery_patrol_023,navigate,2026-01-10T17:22:03.000Z,null,rover_1,ground_rover,single_ground_robot_delivery_patrol_023_exec_5,inprogress,68.5,25.29,8.51,0.0,null,null,null,null,null
single_ground_robot_delivery_patrol_023,navigate,2026-01-10T17:22:51.000Z,null,rover_1,ground_rover,single_ground_robot_delivery_patrol_023_exec_5,inprogress,67.2,25.88,9.78,0.0,null,null,null,null,null
single_ground_robot_delivery_patrol_023,navigate,2026-01-10T17:23:39.000Z,null,rover_1,ground_rover,single_ground_robot_delivery_patrol_023_exec_5,inprogress,66.0,26.46,11.05,0.0,null,null,null,null,null
single_ground_robot_delivery_patrol_023,navigate,2026-01-10T17:24:31.000Z,complete,rover_1,ground_rover,single_ground_robot_delivery_patrol_023_exec_5,done,64.7,27.05,12.33,0.0,null,null,null,null,null
single_ground_robot_delivery_patrol_023,deliver,2026-01-10T17:24:32.000Z,start,rover_1,ground_rover,single_ground_robot_delivery_patrol_023_exec_6,inprogress,64.7,27.05,12.33,0.0,null,null,null,null,null
single_ground_robot_delivery_patrol_023,deliver,2026-01-10T17:25:06.000Z,complete,rover_1,ground_rover,single_ground_robot_delivery_patrol_023_exec_6,done,63.7,27.05,12.33,0.0,null,null,null,null,null
single_ground_robot_delivery_patrol_023,patrol,2026-01-10T17:25:07.000Z,start,rover_1,ground_rover,single_ground_robot_delivery_patrol_023_exec_7,inprogress,63.7,27.05,12.33,0.0,null,null,null,null,null
single_ground_robot_delivery_patrol_023,patrol,2026-01-10T17:25:57.000Z,null,rover_1,ground_rover,single_ground_robot_delivery_patrol_023_exec_7,inprogress,63.3,26.02,11.59,0.0,null,null,null,null,null
single_ground_robot_delivery_patrol_023,patrol,2026-01-10T17:26:47.000Z,null,rover_1,ground_rover,single_ground_robot_delivery_patrol_023_exec_7,inprogress,62.8,24.99,10.86,0.0,null,null,null,null,null
single_ground_robot_delivery_patrol_023,patrol,2026-01-10T17:27:37.000Z,complete,rover_1,ground_rover,single_ground_robot_delivery_patrol_023_exec_7,done,62.4,23.97,10.12,0.0,null,null,null,null,null
single_ground_robot_delivery_patrol_023,navigate,2026-01-10T17:27:38.000Z,start,rover_1,ground_rover,single_ground_robot_delivery_patrol_023_exec_8,inprogress,62.4,23.97,10.12,0.0,null,null,null,null,null
single_ground_robot_delivery_patrol_023,navigate,2026-01-10T17:28:50.000Z,null,rover_1,ground_rover,single_ground_robot_delivery_patrol_023_exec_8,inprogress,61.7,15.98,6.75,0.0,null,null,null,null,null
single_ground_robot_delivery_patrol_023,navigate,2026-01-10T17:30:02.000Z,null,rover_1,ground_rover,single_ground_robot_delivery_patrol_023_exec_8,inprogress,61.0,7.99,3.37,0.0,null,null,null,null,null
single_ground_robot_delivery_patrol_023,navigate,2026-01-10T17:31:16.000Z,complete,rover_1,ground_rover,single_ground_robot_delivery_patrol_023_exec_8,done,60.2,0.0,0.0,0.0,null,null,null,null,null
single_ground_robot_delivery_patrol_023,dock,2026-01-10T17:31:17.000Z,start,rover_1,ground_rover,single_ground_robot_delivery_patrol_023_exec_9,inprogress,60.2,0.0,0.0,0.0,null,null,null,null,null
single_ground_robot_delivery_patrol_023,dock,2026-01-10T17:31:37.000Z,complete,rover_1,ground_rover,single_ground_robot_delivery_patrol_023_exec_9,done,60.1,0.0,0.0,0.0,null,null,null,null,null
single_ground_robot_delivery_patrol_024,boot,2026-01-10T17:35:00.000Z,start,rover_1,ground_rover,single_ground_robot_delivery_patrol_024_exec_1,inprogress,94.2,0.0,0.0,0.0,null,null,null,null,null
single_ground_robot_delivery_patrol_024,boot,2026-01-10T17:35:39.000Z,complete,rover_1,ground_rover,single_ground_robot_delivery_patrol_024_exec_1,done,94.0,0.0,0.0,0.0,null,null,null,null,null
single_ground_robot_delivery_patrol_024,navigate,2026-01-10T17:35:40.000Z,start,rover_1,ground_rover,single_ground_robot_delivery_patrol_024_exec_2,inprogress,94.0,0.0,0.0,0.0,null,null,null,null,null
single_ground_robot_delivery_patrol_024,navigate,2026-01-10T17:36:22.000Z,null,rover_1,ground_rover,single_ground_robot_delivery_patrol_024_exec_2,inprogress,93.4,2.83,1.35,0.0,null,null,null,null,null
single_ground_robot_delivery_patrol_024,navigate,2026-01-10T17:37:04.000Z,null,rover_1,ground_rover,single_ground_robot_delivery_patrol_024_exec_2,inprogress,92.8,5.66,2.71,0.0,null,null,null,null,null
single_ground_robot_delivery_patrol_024,navigate,2026-01-10T17:37:46.000Z,null,rover_1,ground_rover,single_ground_robot_delivery_patrol_024_exec_2,inprogress,92.2,8.49,4.06,0.0,null,null,null,null,null
single_ground_robot_delivery_patrol_024,navigate,2026-01-10T17:38:28.000Z,null,rover_1,ground_rover,single_ground_robot_delivery_patrol_024_exec_2,inprogress,91.7,11.32,5.42,0.0,null,null,null,null,null
single_ground_robot_delivery_patrol_024,navigate,2026-01-10T17:39:10.000Z,null,rover_1,ground_rover,single_ground_robot_delivery_patrol_024_exec_2,inprogress,91.1,14.16,6.77,0.0,null,null,null,null,null
single_ground_robot_delivery_patrol_024,navigate,2026-01-10T17:39:53.000Z,complete,rover_1,ground_rover,single_ground_robot_delivery_patrol_024_exec_2,done,90.5,16.99,8.12,0.0,null,null,null,null,null
single_ground_robot_delivery_patrol_024,pickup,2026-01-10T17:39:54.000Z,start,rover_1,ground_rover,single_ground_robot_delivery_patrol_024_exec_3,inprogress,90.5,16.99,8.12,0.0,null,null,null,null,null
single_ground_robot_delivery_patrol_024,pickup,2026-01-10T17:40:33.000Z,null,rover_1,ground_rover,single_ground_robot_delivery_patrol_024_exec_3,inprogress,89.9,16.99,8.12,0.0,null,null,null,null,null
single_ground_robot_delivery_patrol_024,pickup,2026-01-10T17:41:13.000Z,complete,rover_1,ground_rover,single_ground_robot_delivery_patrol_024_exec_3,done,89.3,16.99,8.12,0.0,null,null,null,null,null
single_ground_robot_delivery_patrol_024,navigate,2026-01-10T17:41:14.000Z,start,rover_1,ground_rover,single_ground_robot_delivery_patrol_024_exec_4,inprogress,89.3,16.99,8.12,0.0,null,null,null,null,null
single_ground_robot_delivery_patrol_024,navigate,2026-01-10T17:42:04.000Z,null,rover_1,ground_rover,single_ground_robot_delivery_patrol_024_exec_4,inprogress,88.5,17.69,8.84,0.0,null,null,null,null,null
single_ground_robot_delivery_patrol_024,navigate,2026-01-10T17:42:54.000Z,null,rover_1,ground_rover,single_ground_robot_delivery_patrol_024_exec_4,inprogress,87.7,18.39,9.55,0.0,null,null,null,null,null
single_ground_robot_delivery_patrol_024,navigate,2026-01-10T17:43:44.000Z,null,rover_1,ground_rover,single_ground_robot_delivery_patrol_024_exec_4,inprogress,86.8,19.1,10.26,0.0,null,null,null,null,null
single_ground_robot_delivery_patrol_024,navigate,2026-01-10T17:44:34.000Z,null,rover_1,ground_rover,single_ground_robot_delivery_patrol_024_exec_4,inprogress,86.0,19.8,10.97,0.0,null,null,null,null,null
single_ground_robot_delivery_patrol_024,navigate,2026-01-10T17:45:24.000Z,null,rover_1,ground_rover,single_ground_robot_delivery_patrol_024_exec_4,inprogress,85.2,20.5,11.69,0.0,null,null,null,null,null
single_ground_robot_delivery_patrol_024,navigate,2026-01-10T17:46:16.000Z,complete,rover_1,ground_rover,single_ground_robot_delivery_patrol_024_exec_4,done,84.3,21.21,12.4,0.0,null,null,null,null,null
single_ground_robot_delivery_patrol_024,deliver,2026-01-10T17:46:17.000Z,start,rover_1,ground_rover,single_ground_robot_delivery_patrol_024_exec_5,inprogress,84.3,21.21,12.4,0.0,null,null,null,null,null
single_ground_robot_delivery_patrol_024,deliver,2026-01-10T17:46:52.000Z,complete,rover_1,ground_rover,single_ground_robot_delivery_patrol_024_exec_5,done,83.3,21.21,12.4,0.0,null,null,null,null,null
single_ground_robot_delivery_patrol_024,patrol,2026-01-10T17:46:53.000Z,start,rover_1,ground_rover,single_ground_robot_delivery_patrol_024_exec_6,inprogress,83.3,21.21,12.4,0.0,null,null,null,null,null
single_ground_robot_delivery_patrol_024,patrol,2026-01-10T17:47:19.000Z,null,rover_1,ground_rover,single_ground_robot_delivery_patrol_024_exec_6,inprogress,82.7,21.85,12.55,0.0,null,null,null,null,null
single_ground_robot_delivery_patrol_024,patrol,2026-01-10T17:47:45.000Z,null,rover_1,ground_rover,single_ground_robot_delivery_patrol_024_exec_6,inprogress,82.1,22.49,12.7,0.0,null,null,null,null,null
single_ground_robot_delivery_patrol_024,patrol,2026-01-10T17:48:11.000Z,null,rover_1,ground_rover,single_ground_robot_delivery_patrol_024_exec_6,inprogress,81.5,23.14,12.86,0.0,null,null,null,null,null
single_ground_robot_delivery_patrol_024,patrol,2026-01-10T17:48:38.000Z,complete,rover_1,ground_rover,single_ground_robot_delivery_patrol_024_exec_6,done,80.9,23.78,13.01,0.0,null,null,null,null,null
single_ground_robot_delivery_patrol_024,navigate,2026-01-10T17:48:39.000Z,start,rover_1,ground_rover,single_ground_robot_delivery_patrol_024_exec_7,inprogress,80.9,23.78,13.01,0.0,null,null,null,null,null
single_ground_robot_delivery_patrol_024,navigate,2026-01-10T17:49:27.000Z,null,rover_1,ground_rover,single_ground_robot_delivery_patrol_024_exec_7,inprogress,80.1,17.83,9.76,0.0,null,null,null,null,null
single_ground_robot_delivery_patrol_024,navigate,2026-01-10T17:50:15.000Z,null,rover_1,ground_rover,single_ground_robot_delivery_patrol_024_exec_7,inprogress,79.2,11.89,6.5,0.0,null,null,null,null,null
single_ground_robot_delivery_patrol_024,navigate,2026-01-10T17:51:03.000Z,null,rover_1,ground_rover,single_ground_robot_delivery_patrol_024_exec_7,inprogress,78.4,5.94,3.25,0.0,null,null,null,null,null
single_ground_robot_delivery_patrol_024,navigate,2026-01-10T17:51:53.000Z,complete,rover_1,ground_rover,single_ground_robot_delivery_patrol_024_exec_7,done,77.6,0.0,0.0,0.0,null,null,null,null,null
single_ground_robot_delivery_patrol_024,dock,2026-01-10T17:51:54.000Z,start,rover_1,ground_rover,single_ground_robot_delivery_patrol_024_exec_8,inprogress,77.6,0.0,0.0,0.0,null,null,null,null,null
single_ground_robot_delivery_patrol_024,dock,2026-01-10T17:52:23.000Z,complete,rover_1,ground_rover,single_ground_robot_delivery_patrol_024_exec_8,done,77.5,0.0,0.0,0.0,null,null,null,null,null
single_ground_robot_delivery_patrol_025,boot,2026-01-10T18:00:00.000Z,start,rover_1,ground_rover,single_ground_robot_delivery_patrol_025_exec_1,inprogress,97.7,0.0,0.0,0.0,null,null,null,null,null
single_ground_robot_delivery_patrol_025,boot,2026-01-10T18:00:25.000Z,complete,rover_1,ground_rover,single_ground_robot_delivery_patrol_025_exec_1,done,97.5,0.0,0.0,0.0,null,null,null,null,null
single_ground_robot_delivery_patrol_025,navigate,2026-01-10T18:00:26.000Z,start,rover_1,ground_rover,single_ground_robot_delivery_patrol_025_exec_2,inprogress,97.5,0.0,0.0,0.0,null,null,null,null,null
single_ground_robot_delivery_patrol_025,navigate,2026-01-10T18:01:30.000Z,null,rover_1,ground_rover,single_ground_robot_delivery_patrol_025_exec_2,inprogress,96.3,3.33,1.15,0.0,null,null,null,null,null
single_ground_robot_delivery_patrol_025,navigate,2026-01-10T18:02:34.000Z,null,rover_1,ground_rover,single_ground_robot_delivery_patrol_025_exec_2,inprogress,95.2,6.65,2.31,0.0,null,null,null,null,null
single_ground_robot_delivery_patrol_025,navigate,2026-01-10T18:03:38.000Z,null,rover_1,ground_rover,single_ground_robot_delivery_patrol_025_exec_2,inprogress,94.0,9.98,3.46,0.0,null,null,null,null,null
single_ground_robot_delivery_patrol_025,navigate,2026-01-10T18:04:42.000Z,null,rover_1,ground_rover,single_ground_robot_delivery_patrol_025_exec_2,inprogress,92.9,13.31,4.62,0.0,null,null,null,null,null
single_ground_robot_delivery_patrol_025,navigate,2026-01-10T18:05:46.000Z,null,rover_1,ground_rover,single_ground_robot_delivery_patrol_025_exec_2,inprogress,91.7,16.64,5.77,0.0,null,null,null,null,null
single_ground_robot_delivery_patrol_025,navigate,2026-01-10T18:06:54.000Z,complete,rover_1,ground_rover,single_ground_robot_delivery_patrol_025_exec_2,done,90.6,19.96,6.92,0.0,null,null,null,null,null
single_ground_robot_delivery_patrol_025,pickup,2026-01-10T18:06:55.000Z,start,rover_1,ground_rover,single_ground_robot_delivery_patrol_025_exec_3,inprogress,90.6,19.96,6.92,0.0,null,null,null,null,null
single_ground_robot_delivery_patrol_025,pickup,2026-01-10T18:07:25.000Z,null,rover_1,ground_rover,single_ground_robot_delivery_patrol_025_exec_3,inprogress,90.2,19.96,6.92,0.0,null,null,null,null,null
single_ground_robot_delivery_patrol_025,pickup,2026-01-10T18:07:56.000Z,complete,rover_1,ground_rover,single_ground_robot_delivery_patrol_025_exec_3,done,89.9,19.96,6.92,0.0,null,null,null,null,null
single_ground_robot_delivery_patrol_025,patrol,2026-01-10T18:07:57.000Z,start,rover_1,ground_rover,single_ground_robot_delivery_patrol_025_exec_4,inprogress,89.9,19.96,6.92,0.0,null,null,null,null,null
single_ground_robot_delivery_patrol_025,patrol,2026-01-10T18:08:40.000Z,null,rover_1,ground_rover,single_ground_robot_delivery_patrol_025_exec_4,inprogress,89.1,21.04,7.25,0.0,null,null,null,null,null
single_ground_robot_delivery_patrol_025,patrol,2026-01-10T18:09:23.000Z,null,rover_1,ground_rover,single_ground_robot_delivery_patrol_025_exec_4,inprogress,88.3,22.12,7.57,0.0,null,null,null,null,null
single_ground_robot_delivery_patrol_025,patrol,2026-01-10T18:10:08.000Z,complete,rover_1,ground_rover,single_ground_robot_delivery_patrol_025_exec_4,done,87.5,23.2,7.9,0.0,null,null,null,null,null
single_ground_robot_delivery_patrol_025,navigate,2026-01-10T18:10:09.000Z,start,rover_1,ground_rover,single_ground_robot_delivery_patrol_025_exec_5,inprogress,87.5,23.2,7.9,0.0,null,null,null,null,null
single_ground_robot_delivery_patrol_025,navigate,2026-01-10T18:10:52.000Z,null,rover_1,ground_rover,single_ground_robot_delivery_patrol_025_exec_5,inprogress,86.8,17.4,5.92,0.0,null,null,null,null,null
single_ground_robot_delivery_patrol_025,navigate,2026-01-10T18:11:35.000Z,null,rover_1,ground_rover,single_ground_robot_delivery_patrol_025_exec_5,inprogress,86.1,11.6,3.95,0.0,null,null,null,null,null
single_ground_robot_delivery_patrol_025,navigate,2026-01-10T18:12:18.000Z,null,rover_1,ground_rover,single_ground_robot_delivery_patrol_025_exec_5,inprogress,85.4,5.8,1.97,0.0,null,null,null,null,null
single_ground_robot_delivery_patrol_025,navigate,2026-01-10T18:13:01.000Z,complete,rover_1,ground_rover,single_ground_robot_delivery_patrol_025_exec_5,done,84.7,0.0,0.0,0.0,null,null,null,null,null
single_ground_robot_delivery_patrol_025,dock,2026-01-10T18:13:02.000Z,start,rover_1,ground_rover,single_ground_robot_delivery_patrol_025_exec_6,inprogress,84.7,0.0,0.0,0.0,null,null,null,null,null
single_ground_robot_delivery_patrol_025,dock,2026-01-10T18:13:34.000Z,complete,rover_1,ground_rover,single_ground_robot_delivery_patrol_025_exec_6,done,84.6,0.0,0.0,0.0,null,null,null,null,null
single_ground_robot_delivery_patrol_025,recharge,2026-01-10T18:13:35.000Z,start,rover_1,ground_rover,single_ground_robot_delivery_patrol_025_exec_7,inprogress,84.6,0.0,0.0,0.0,null,null,null,null,null
single_ground_robot_delivery_patrol_025,recharge,2026-01-10T18:14:55.000Z,null,rover_1,ground_rover,single_ground_robot_delivery_patrol_025_exec_7,inprogress,84.6,0.0,0.0,0.0,null,null,null,null,null
single_ground_robot_delivery_patrol_025,recharge,2026-01-10T18:16:15.000Z,null,rover_1,ground_rover,single_ground_robot_delivery_patrol_025_exec_7,inprogress,84.6,0.0,0.0,0.0,null,null,null,null,null
single_ground_robot_delivery_patrol_025,recharge,2026-01-10T18:17:35.000Z,null,rover_1,ground_rover,single_ground_robot_delivery_patrol_025_exec_7,inprogress,84.6,0.0,0.0,0.0,null,null,null,null,null
single_ground_robot_delivery_patrol_025,recharge,2026-01-10T18:18:55.000Z,null,rover_1,ground_rover,single_ground_robot_delivery_patrol_025_exec_7,inprogress,84.6,0.0,0.0,0.0,null,null,null,null,null
single_ground_robot_delivery_patrol_025,recharge,2026-01-10T18:20:16.000Z,complete,rover_1,ground_rover,single_ground_robot_delivery_patrol_025_exec_7,done,84.6,0.0,0.0,0.0,null,null,null,null,null
single_ground_robot_delivery_patrol_025,navigate,2026-01-10T18:20:17.000Z,start,rover_1,ground_rover,single_ground_robot_delivery_patrol_025_exec_8,inprogress,93.2,0.0,0.0,0.0,null,null,null,null,null
single_ground_robot_delivery_patrol_025,navigate,2026-01-10T18:20:50.000Z,null,rover_1,ground_rover,single_ground_robot_delivery_patrol_025_exec_8,inprogress,92.4,5.23,2.06,0.0,null,null,null,null,null
single_ground_robot_delivery_patrol_025,navigate,2026-01-10T18:21:23.000Z,null,rover_1,ground_rover,single_ground_robot_delivery_patrol_025_exec_8,inprogress,91.7,10.47,4.12,0.0,null,null,null,null,null
single_ground_robot_delivery_patrol_025,navigate,2026-01-10T18:21:56.000Z,null,rover_1,ground_rover,single_ground_robot_delivery_patrol_025_exec_8,inprogress,90.9,15.7,6.18,0.0,null,null,null,null,null
single_ground_robot_delivery_patrol_025,navigate,2026-01-10T18:22:29.000Z,null,rover_1,ground_rover,single_ground_robot_delivery_patrol_025_exec_8,inprogress,90.2,20.94,8.24,0.0,null,null,null,null,null
single_ground_robot_delivery_patrol_025,navigate,2026-01-10T18:23:02.000Z,null,rover_1,ground_rover,single_ground_robot_delivery_patrol_025_exec_8,inprogress,89.4,26.17,10.31,0.0,null,null,null,null,null
single_ground_robot_delivery_patrol_025,navigate,2026-01-10T18:23:37.000Z,complete,rover_1,ground_rover,single_ground_robot_delivery_patrol_025_exec_8,done,88.7,31.41,12.37,0.0,null,null,null,null,null
single_ground_robot_delivery_patrol_025,deliver,2026-01-10T18:23:38.000Z,start,rover_1,ground_rover,single_ground_robot_delivery_patrol_025_exec_9,inprogress,88.7,31.41,12.37,0.0,null,null,null,null,null
single_ground_robot_delivery_patrol_025,deliver,2026-01-10T18:23:59.000Z,null,rover_1,ground_rover,single_ground_robot_delivery_patrol_025_exec_9,inprogress,88.2,31.41,12.37,0.0,null,null,null,null,null
single_ground_robot_delivery_patrol_025,deliver,2026-01-10T18:24:20.000Z,complete,rover_1,ground_rover,single_ground_robot_delivery_patrol_025_exec_9,done,87.8,31.41,12.37,0.0,null,null,null,null,null
single_ground_robot_delivery_patrol_025,patrol,2026-01-10T18:24:21.000Z,start,rover_1,ground_rover,single_ground_robot_delivery_patrol_025_exec_10,inprogress,87.8,31.41,12.37,0.0,null,null,null,null,null
single_ground_robot_delivery_patrol_025,patrol,2026-01-10T18:25:17.000Z,null,rover_1,ground_rover,single_ground_robot_delivery_patrol_025_exec_10,inprogress,87.5,31.29,11.47,0.0,null,null,null,null,null
single_ground_robot_delivery_patrol_025,patrol,2026-01-10T18:26:13.000Z,null,rover_1,ground_rover,single_ground_robot_delivery_patrol_025_exec_10,inprogress,87.1,31.18,10.57,0.0,null,null,null,null,null
single_ground_robot_delivery_patrol_025,patrol,2026-01-10T18:27:09.000Z,null,rover_1,ground_rover,single_ground_robot_delivery_patrol_025_exec_10,inprogress,86.7,31.06,9.68,0.0,null,null,null,null,null
single_ground_robot_delivery_patrol_025,patrol,2026-01-10T18:28:08.000Z,complete,rover_1,ground_rover,single_ground_robot_delivery_patrol_025_exec_10,done,86.3,30.94,8.78,0.0,null,null,null,null,null
single_ground_robot_delivery_patrol_025,navigate,2026-01-10T18:28:09.000Z,start,rover_1,ground_rover,single_ground_robot_delivery_patrol_025_exec_11,inprogress,86.3,30.94,8.78,0.0,null,null,null,null,null
single_ground_robot_delivery_patrol_025,navigate,2026-01-10T18:28:54.000Z,null,rover_1,ground_rover,single_ground_robot_delivery_patrol_025_exec_11,inprogress,85.6,23.21,6.58,0.0,null,null,null,null,null
single_ground_robot_delivery_patrol_025,navigate,2026-01-10T18:29:39.000Z,null,rover_1,ground_rover,single_ground_robot_delivery_patrol_025_exec_11,inprogress,84.8,15.47,4.39,0.0,null,null,null,null,null
single_ground_robot_delivery_patrol_025,navigate,2026-01-10T18:30:24.000Z,null,rover_1,ground_rover,single_ground_robot_delivery_patrol_025_exec_11,inprogress,84.0,7.74,2.19,0.0,null,null,null,null,null
single_ground_robot_delivery_patrol_025,navigate,2026-01-10T18:31:12.000Z,complete,rover_1,ground_rover,single_ground_robot_delivery_patrol_025_exec_11,done,83.3,0.0,0.0,0.0,null,null,null,null,null
single_ground_robot_delivery_patrol_025,dock,2026-01-10T18:31:13.000Z,start,rover_1,ground_rover,single_ground_robot_delivery_patrol_025_exec_12,inprogress,83.3,0.0,0.0,0.0,null,null,null,null,null
single_ground_robot_delivery_patrol_025,dock,2026-01-10T18:31:43.000Z,complete,rover_1,ground_rover,single_ground_robot_delivery_patrol_025_exec_12,done,83.2,0.0,0.0,0.0,null,null,null,null,null
single_ground_robot_delivery_patrol_026,boot,2026-01-10T18:25:00.000Z,start,rover_1,ground_rover,single_ground_robot_delivery_patrol_026_exec_1,inprogress,75.4,0.0,0.0,0.0,null,null,null,null,null
single_ground_robot_delivery_patrol_026,boot,2026-01-10T18:25:40.000Z,complete,rover_1,ground_rover,single_ground_robot_delivery_patrol_026_exec_1,done,75.2,0.0,0.0,0.0,null,null,null,null,null
single_ground_robot_delivery_patrol_026,navigate,2026-01-10T18:25:41.000Z,start,rover_1,ground_rover,single_ground_robot_delivery_patrol_026_exec_2,inprogress,75.2,0.0,0.0,0.0,null,null,null,null,null
single_ground_robot_delivery_patrol_026,navigate,2026-01-10T18:26:25.000Z,null,rover_1,ground_rover,single_ground_robot_delivery_patrol_026_exec_2,inprogress,74.2,3.06,1.03,0.0,null,null,null,null,null
single_ground_robot_delivery_patrol_026,navigate,2026-01-10T18:27:09.000Z,null,rover_1,ground_rover,single_ground_robot_delivery_patrol_026_exec_2,inprogress,73.1,6.12,2.06,0.0,null,null,null,null,null
single_ground_robot_delivery_patrol_026,navigate,2026-01-10T18:27:53.000Z,null,rover_1,ground_rover,single_ground_robot_delivery_patrol_026_exec_2,inprogress,72.1,9.18,3.09,0.0,null,null,null,null,null
single_ground_robot_delivery_patrol_026,navigate,2026-01-10T18:28:37.000Z,null,rover_1,ground_rover,single_ground_robot_delivery_patrol_026_exec_2,inprogress,71.0,12.25,4.12,0.0,null,null,null,null,null
single_ground_robot_delivery_patrol_026,navigate,2026-01-10T18:29:21.000Z,complete,rover_1,ground_rover,single_ground_robot_delivery_patrol_026_exec_2,done,70.0,15.31,5.15,0.0,null,null,null,null,null
single_ground_robot_delivery_patrol_026,pickup,2026-01-10T18:29:22.000Z,start,rover_1,ground_rover,single_ground_robot_delivery_patrol_026_exec_3,inprogress,70.0,15.31,5.15,0.0,null,null,null,null,null
single_ground_robot_delivery_patrol_026,pickup,2026-01-10T18:30:02.000Z,complete,rover_1,ground_rover,single_ground_robot_delivery_patrol_026_exec_3,done,68.8,15.31,5.15,0.0,null,null,null,null,null
single_ground_robot_delivery_patrol_026,navigate,2026-01-10T18:30:03.000Z,start,rover_1,ground_rover,single_ground_robot_delivery_patrol_026_exec_4,inprogress,68.8,15.31,5.15,0.0,null,null,null,null,null
single_ground_robot_delivery_patrol_026,navigate,2026-01-10T18:31:23.000Z,null,rover_1,ground_rover,single_ground_robot_delivery_patrol_026_exec_4,inprogress,67.6,16.6,8.19,0.0,null,null,null,null,null
single_ground_robot_delivery_patrol_026,navigate,2026-01-10T18:32:43.000Z,null,rover_1,ground_rover,single_ground_robot_delivery_patrol_026_exec_4,inprogress,66.4,17.89,11.22,0.0,null,null,null,null,null
single_ground_robot_delivery_patrol_026,navigate,2026-01-10T18:34:03.000Z,null,rover_1,ground_rover,single_ground_robot_delivery_patrol_026_exec_4,inprogress,65.2,19.18,14.25,0.0,null,null,null,null,null
single_ground_robot_delivery_patrol_026,navigate,2026-01-10T18:35:23.000Z,null,rover_1,ground_rover,single_ground_robot_delivery_patrol_026_exec_4,inprogress,64.0,20.47,17.29,0.0,null,null,null,null,null
single_ground_robot_delivery_patrol_026,navigate,2026-01-10T18:36:46.000Z,complete,rover_1,ground_rover,single_ground_robot_delivery_patrol_026_exec_4,done,62.8,21.76,20.32,0.0,null,null,null,null,null
single_ground_robot_delivery_patrol_026,deliver,2026-01-10T18:36:47.000Z,start,rover_1,ground_rover,single_ground_robot_delivery_patrol_026_exec_5,inprogress,62.8,21.76,20.32,0.0,null,null,null,null,null
single_ground_robot_delivery_patrol_026,deliver,2026-01-10T18:37:10.000Z,null,rover_1,ground_rover,single_ground_robot_delivery_patrol_026_exec_5,inprogress,62.3,21.76,20.32,0.0,null,null,null,null,null
single_ground_robot_delivery_patrol_026,deliver,2026-01-10T18:37:34.000Z,complete,rover_1,ground_rover,single_ground_robot_delivery_patrol_026_exec_5,done,61.8,21.76,20.32,0.0,null,null,null,null,null
single_ground_robot_delivery_patrol_026,patrol,2026-01-10T18:37:35.000Z,start,rover_1,ground_rover,single_ground_robot_delivery_patrol_026_exec_6,inprogress,61.8,21.76,20.32,0.0,null,null,null,null,null
single_ground_robot_delivery_patrol_026,patrol,2026-01-10T18:39:25.000Z,null,rover_1,ground_rover,single_ground_robot_delivery_patrol_026_exec_6,inprogress,61.1,21.59,18.9,0.0,null,null,null,null,null
single_ground_robot_delivery_patrol_026,patrol,2026-01-10T18:41:15.000Z,complete,rover_1,ground_rover,single_ground_robot_delivery_patrol_026_exec_6,done,60.4,21.42,17.48,0.0,null,null,null,null,null
single_ground_robot_delivery_patrol_026,navigate,2026-01-10T18:41:16.000Z,start,rover_1,ground_rover,single_ground_robot_delivery_patrol_026_exec_7,inprogress,60.4,21.42,17.48,0.0,null,null,null,null,null
single_ground_robot_delivery_patrol_026,navigate,2026-01-10T18:42:12.000Z,null,rover_1,ground_rover,single_ground_robot_delivery_patrol_026_exec_7,inprogress,59.6,17.13,13.98,0.0,null,null,null,null,null
single_ground_robot_delivery_patrol_026,navigate,2026-01-10T18:43:08.000Z,null,rover_1,ground_rover,single_ground_robot_delivery_patrol_026_exec_7,inprogress,58.8,12.85,10.49,0.0,null,null,null,null,null
single_ground_robot_delivery_patrol_026,navigate,2026-01-10T18:44:04.000Z,null,rover_1,ground_rover,single_ground_robot_delivery_patrol_026_exec_7,inprogress,57.9,8.57,6.99,0.0,null,null,null,null,null
single_ground_robot_delivery_patrol_026,navigate,2026-01-10T18:45:00.000Z,null,rover_1,ground_rover,single_ground_robot_delivery_patrol_026_exec_7,inprogress,57.1,4.28,3.5,0.0,null,null,null,null,null
single_ground_robot_delivery_patrol_026,navigate,2026-01-10T18:45:56.000Z,complete,rover_1,ground_rover,single_ground_robot_delivery_patrol_026_exec_7,done,56.2,0.0,0.0,0.0,null,null,null,null,null
single_ground_robot_delivery_patrol_026,dock,2026-01-10T18:45:57.000Z,start,rover_1,ground_rover,single_ground_robot_delivery_patrol_026_exec_8,inprogress,56.2,0.0,0.0,0.0,null,null,null,null,null
single_ground_robot_delivery_patrol_026,dock,2026-01-10T18:46:14.000Z,complete,rover_1,ground_rover,single_ground_robot_delivery_patrol_026_exec_8,done,56.1,0.0,0.0,0.0,null,null,null,null,null
single_ground_robot_delivery_patrol_027,boot,2026-01-10T18:50:00.000Z,start,rover_1,ground_rover,single_ground_robot_delivery_patrol_027_exec_1,inprogress,79.7,0.0,0.0,0.0,null,null,null,null,null
single_ground_robot_delivery_patrol_027,boot,2026-01-10T18:50:45.000Z,complete,rover_1,ground_rover,single_ground_robot_delivery_patrol_027_exec_1,done,79.5,0.0,0.0,0.0,null,null,null,null,null
single_ground_robot_delivery_patrol_027,navigate,2026-01-10T18:50:46.000Z,start,rover_1,ground_rover,single_ground_robot_delivery_patrol_027_exec_2,inprogress,79.5,0.0,0.0,0.0,null,null,null,null,null
single_ground_robot_delivery_patrol_027,navigate,2026-01-10T18:52:02.000Z,null,rover_1,ground_rover,single_ground_robot_delivery_patrol_027_exec_2,inprogress,78.3,3.65,1.21,0.0,null,null,null,null,null
single_ground_robot_delivery_patrol_027,navigate,2026-01-10T18:53:18.000Z,null,rover_1,ground_rover,single_ground_robot_delivery_patrol_027_exec_2,inprogress,77.0,7.3,2.42,0.0,null,null,null,null,null
single_ground_robot_delivery_patrol_027,navigate,2026-01-10T18:54:34.000Z,null,rover_1,ground_rover,single_ground_robot_delivery_patrol_027_exec_2,inprogress,75.8,10.95,3.64,0.0,null,null,null,null,null
single_ground_robot_delivery_patrol_027,navigate,2026-01-10T18:55:50.000Z,null,rover_1,ground_rover,single_ground_robot_delivery_patrol_027_exec_2,inprogress,74.5,14.6,4.85,0.0,null,null,null,null,null
single_ground_robot_delivery_patrol_027,navigate,2026-01-10T18:57:07.000Z,complete,rover_1,ground_rover,single_ground_robot_delivery_patrol_027_exec_2,done,73.3,18.25,6.06,0.0,null,null,null,null,null
single_ground_robot_delivery_patrol_027,pickup,2026-01-10T18:57:08.000Z,start,rover_1,ground_rover,single_ground_robot_delivery_patrol_027_exec_3,inprogress,73.3,18.25,6.06,0.0,null,null,null,null,null
single_ground_robot_delivery_patrol_027,pickup,2026-01-10T18:57:35.000Z,null,rover_1,ground_rover,single_ground_robot_delivery_patrol_027_exec_3,inprogress,72.7,18.25,6.06,0.0,null,null,null,null,null
single_ground_robot_delivery_patrol_027,pickup,2026-01-10T18:58:02.000Z,complete,rover_1,ground_rover,single_ground_robot_delivery_patrol_027_exec_3,done,72.2,18.25,6.06,0.0,null,null,null,null,null
single_ground_robot_delivery_patrol_027,navigate,2026-01-10T18:58:03.000Z,start,rover_1,ground_rover,single_ground_robot_delivery_patrol_027_exec_4,inprogress,72.2,18.25,6.06,0.0,null,null,null,null,null
single_ground_robot_delivery_patrol_027,navigate,2026-01-10T18:59:18.000Z,null,rover_1,ground_rover,single_ground_robot_delivery_patrol_027_exec_4,inprogress,70.2,19.94,9.45,0.0,null,null,null,null,null
single_ground_robot_delivery_patrol_027,navigate,2026-01-10T19:00:33.000Z,null,rover_1,ground_rover,single_ground_robot_delivery_patrol_027_exec_4,inprogress,68.2,21.62,12.84,0.0,null,null,null,null,null
single_ground_robot_delivery_patrol_027,navigate,2026-01-10T19:01:48.000Z,null,rover_1,ground_rover,single_ground_robot_delivery_patrol_027_exec_4,inprogress,66.2,23.3,16.24,0.0,null,null,null,null,null
single_ground_robot_delivery_patrol_027,navigate,2026-01-10T19:03:05.000Z,complete,rover_1,ground_rover,single_ground_robot_delivery_patrol_027_exec_4,done,64.2,24.99,19.63,0.0,null,null,null,null,null
single_ground_robot_delivery_patrol_027,deliver,2026-01-10T19:03:06.000Z,start,rover_1,ground_rover,single_ground_robot_delivery_patrol_027_exec_5,inprogress,64.2,24.99,19.63,0.0,null,null,null,null,null
single_ground_robot_delivery_patrol_027,deliver,2026-01-10T19:03:28.000Z,null,rover_1,ground_rover,single_ground_robot_delivery_patrol_027_exec_5,inprogress,64.0,24.99,19.63,0.0,null,null,null,null,null
single_ground_robot_delivery_patrol_027,deliver,2026-01-10T19:03:51.000Z,complete,rover_1,ground_rover,single_ground_robot_delivery_patrol_027_exec_5,done,63.7,24.99,19.63,0.0,null,null,null,null,null
single_ground_robot_delivery_patrol_027,patrol,2026-01-10T19:03:52.000Z,start,rover_1,ground_rover,single_ground_robot_delivery_patrol_027_exec_6,inprogress,63.7,24.99,19.63,0.0,null,null,null,null,null
single_ground_robot_delivery_patrol_027,patrol,2026-01-10T19:05:34.000Z,null,rover_1,ground_rover,single_ground_robot_delivery_patrol_027_exec_6,inprogress,62.4,24.26,19.52,0.0,null,null,null,null,null
single_ground_robot_delivery_patrol_027,patrol,2026-01-10T19:07:17.000Z,complete,rover_1,ground_rover,single_ground_robot_delivery_patrol_027_exec_6,done,61.0,23.53,19.41,0.0,null,null,null,null,null
single_ground_robot_delivery_patrol_027,navigate,2026-01-10T19:07:18.000Z,start,rover_1,ground_rover,single_ground_robot_delivery_patrol_027_exec_7,inprogress,61.0,23.53,19.41,0.0,null,null,null,null,null
single_ground_robot_delivery_patrol_027,navigate,2026-01-10T19:08:19.000Z,null,rover_1,ground_rover,single_ground_robot_delivery_patrol_027_exec_7,inprogress,59.9,17.65,14.56,0.0,null,null,null,null,null
single_ground_robot_delivery_patrol_027,navigate,2026-01-10T19:09:20.000Z,null,rover_1,ground_rover,single_ground_robot_delivery_patrol_027_exec_7,inprogress,58.8,11.77,9.71,0.0,null,null,null,null,null
single_ground_robot_delivery_patrol_027,navigate,2026-01-10T19:10:21.000Z,null,rover_1,ground_rover,single_ground_robot_delivery_patrol_027_exec_7,inprogress,57.7,5.88,4.85,0.0,null,null,null,null,null
single_ground_robot_delivery_patrol_027,navigate,2026-01-10T19:11:25.000Z,complete,rover_1,ground_rover,single_ground_robot_delivery_patrol_027_exec_7,done,56.6,0.0,0.0,0.0,null,null,null,null,null
single_ground_robot_delivery_patrol_027,dock,2026-01-10T19:11:26.000Z,start,rover_1,ground_rover,single_ground_robot_delivery_patrol_027_exec_8,inprogress,56.6,0.0,0.0,0.0,null,null,null,null,null
single_ground_robot_delivery_patrol_027,dock,2026-01-10T19:12:01.000Z,complete,rover_1,ground_rover,single_ground_robot_delivery_patrol_027_exec_8,done,56.5,0.0,0.0,0.0,null,null,null,null,null
single_ground_robot_delivery_patrol_028,boot,2026-01-10T19:15:00.000Z,start,rover_1,ground_rover,single_ground_robot_delivery_patrol_028_exec_1,inprogress,99.5,0.0,0.0,0.0,null,null,null,null,null
single_ground_robot_delivery_patrol_028,boot,2026-01-10T19:15:35.000Z,complete,rover_1,ground_rover,single_ground_robot_delivery_patrol_028_exec_1,done,99.3,0.0,0.0,0.0,null,null,null,null,null
single_ground_robot_delivery_patrol_028,navigate,2026-01-10T19:15:36.000Z,start,rover_1,ground_rover,single_ground_robot_delivery_patrol_028_exec_2,inprogress,99.3,0.0,0.0,0.0,null,null,null,null,null
single_ground_robot_delivery_patrol_028,navigate,2026-01-10T19:16:42.000Z,null,rover_1,ground_rover,single_ground_robot_delivery_patrol_028_exec_2,inprogress,98.0,3.92,0.83,0.0,null,null,null,null,null
single_ground_robot_delivery_patrol_028,navigate,2026-01-10T19:17:48.000Z,null,rover_1,ground_rover,single_ground_robot_delivery_patrol_028_exec_2,inprogress,96.7,7.83,1.65,0.0,null,null,null,null,null
single_ground_robot_delivery_patrol_028,navigate,2026-01-10T19:18:54.000Z,null,rover_1,ground_rover,single_ground_robot_delivery_patrol_028_exec_2,inprogress,95.4,11.75,2.48,0.0,null,null,null,null,null
single_ground_robot_delivery_patrol_028,navigate,2026-01-10T19:20:00.000Z,null,rover_1,ground_rover,single_ground_robot_delivery_patrol_028_exec_2,inprogress,94.1,15.66,3.31,0.0,null,null,null,null,null
single_ground_robot_delivery_patrol_028,navigate,2026-01-10T19:21:07.000Z,complete,rover_1,ground_rover,single_ground_robot_delivery_patrol_028_exec_2,done,92.8,19.58,4.14,0.0,null,null,null,null,null
single_ground_robot_delivery_patrol_028,pickup,2026-01-10T19:21:08.000Z,start,rover_1,ground_rover,single_ground_robot_delivery_patrol_028_exec_3,inprogress,92.8,19.58,4.14,0.0,null,null,null,null,null
single_ground_robot_delivery_patrol_028,pickup,2026-01-10T19:22:11.000Z,complete,rover_1,ground_rover,single_ground_robot_delivery_patrol_028_exec_3,done,92.0,19.58,4.14,0.0,null,null,null,null,null
single_ground_robot_delivery_patrol_028,navigate,2026-01-10T19:22:12.000Z,start,rover_1,ground_rover,single_ground_robot_delivery_patrol_028_exec_4,inprogress,92.0,19.58,4.14,0.0,null,null,null,null,null
single_ground_robot_delivery_patrol_028,navigate,2026-01-10T19:23:20.000Z,null,rover_1,ground_rover,single_ground_robot_delivery_patrol_028_exec_4,inprogress,90.9,20.89,7.02,0.0,null,null,null,null,null
single_ground_robot_delivery_patrol_028,navigate,2026-01-10T19:24:28.000Z,null,rover_1,ground_rover,single_ground_robot_delivery_patrol_028_exec_4,inprogress,89.8,22.21,9.9,0.0,null,null,null,null,null
single_ground_robot_delivery_patrol_028,navigate,2026-01-10T19:25:36.000Z,null,rover_1,ground_rover,single_ground_robot_delivery_patrol_028_exec_4,inprogress,88.8,23.52,12.78,0.0,null,null,null,null,null
single_ground_robot_delivery_patrol_028,navigate,2026-01-10T19:26:44.000Z,null,rover_1,ground_rover,single_ground_robot_delivery_patrol_028_exec_4,inprogress,87.7,24.84,15.67,0.0,null,null,null,null,null
single_ground_robot_delivery_patrol_028,navigate,2026-01-10T19:27:52.000Z,complete,rover_1,ground_rover,single_ground_robot_delivery_patrol_028_exec_4,done,86.6,26.15,18.55,0.0,null,null,null,null,null
single_ground_robot_delivery_patrol_028,deliver,2026-01-10T19:27:53.000Z,start,rover_1,ground_rover,single_ground_robot_delivery_patrol_028_exec_5,inprogress,86.6,26.15,18.55,0.0,null,null,null,null,null
single_ground_robot_delivery_patrol_028,deliver,2026-01-10T19:28:48.000Z,complete,rover_1,ground_rover,single_ground_robot_delivery_patrol_028_exec_5,done,85.6,26.15,18.55,0.0,null,null,null,null,null
single_ground_robot_delivery_patrol_028,patrol,2026-01-10T19:28:49.000Z,start,rover_1,ground_rover,single_ground_robot_delivery_patrol_028_exec_6,inprogress,85.6,26.15,18.55,0.0,null,null,null,null,null
single_ground_robot_delivery_patrol_028,patrol,2026-01-10T19:30:07.000Z,null,rover_1,ground_rover,single_ground_robot_delivery_patrol_028_exec_6,inprogress,84.7,27.36,18.89,0.0,null,null,null,null,null
single_ground_robot_delivery_patrol_028,patrol,2026-01-10T19:31:25.000Z,null,rover_1,ground_rover,single_ground_robot_delivery_patrol_028_exec_6,inprogress,83.9,28.57,19.22,0.0,null,null,null,null,null
single_ground_robot_delivery_patrol_028,patrol,2026-01-10T19:32:45.000Z,complete,rover_1,ground_rover,single_ground_robot_delivery_patrol_028_exec_6,done,83.0,29.78,19.56,0.0,null,null,null,null,null
single_ground_robot_delivery_patrol_028,navigate,2026-01-10T19:32:46.000Z,start,rover_1,ground_rover,single_ground_robot_delivery_patrol_028_exec_7,inprogress,83.0,29.78,19.56,0.0,null,null,null,null,null
single_ground_robot_delivery_patrol_028,navigate,2026-01-10T19:33:40.000Z,null,rover_1,ground_rover,single_ground_robot_delivery_patrol_028_exec_7,inprogress,82.6,23.83,15.65,0.0,null,null,null,null,null
single_ground_robot_delivery_patrol_028,navigate,2026-01-10T19:34:34.000Z,null,rover_1,ground_rover,single_ground_robot_delivery_patrol_028_exec_7,inprogress,82.2,17.87,11.74,0.0,null,null,null,null,null
single_ground_robot_delivery_patrol_028,navigate,2026-01-10T19:35:28.000Z,null,rover_1,ground_rover,single_ground_robot_delivery_patrol_028_exec_7,inprogress,81.8,11.91,7.82,0.0,null,null,null,null,null
single_ground_robot_delivery_patrol_028,navigate,2026-01-10T19:36:22.000Z,null,rover_1,ground_rover,single_ground_robot_delivery_patrol_028_exec_7,inprogress,81.3,5.96,3.91,0.0,null,null,null,null,null
single_ground_robot_delivery_patrol_028,navigate,2026-01-10T19:37:20.000Z,complete,rover_1,ground_rover,single_ground_robot_delivery_patrol_028_exec_7,done,80.9,0.0,0.0,0.0,null,null,null,null,null
single_ground_robot_delivery_patrol_028,dock,2026-01-10T19:37:21.000Z,start,rover_1,ground_rover,single_ground_robot_delivery_patrol_028_exec_8,inprogress,80.9,0.0,0.0,0.0,null,null,null,null,null
single_ground_robot_delivery_patrol_028,dock,2026-01-10T19:37:38.000Z,complete,rover_1,ground_rover,single_ground_robot_delivery_patrol_028_exec_8,done,80.8,0.0,0.0,0.0,null,null,null,null,null
single_ground_robot_delivery_patrol_029,boot,2026-01-10T19:40:00.000Z,start,rover_1,ground_rover,single_ground_robot_delivery_patrol_029_exec_1,inprogress,78.6,0.0,0.0,0.0,null,null,null,null,null
single_ground_robot_delivery_patrol_029,boot,2026-01-10T19:40:41.000Z,complete,rover_1,ground_rover,single_ground_robot_delivery_patrol_029_exec_1,done,78.4,0.0,0.0,0.0,null,null,null,null,null
single_ground_robot_delivery_patrol_029,navigate,2026-01-10T19:40:42.000Z,start,rover_1,ground_rover,single_ground_robot_delivery_patrol_029_exec_2,inprogress,78.4,0.0,0.0,0.0,null,null,null,null,null
single_ground_robot_delivery_patrol_029,navigate,2026-01-10T19:42:45.000Z,null,rover_1,ground_rover,single_ground_robot_delivery_patrol_029_exec_2,inprogress,76.8,6.35,3.99,0.0,null,null,null,null,null
single_ground_robot_delivery_patrol_029,navigate,2026-01-10T19:44:48.000Z,null,rover_1,ground_rover,single_ground_robot_delivery_patrol_029_exec_2,inprogress,75.2,12.7,7.98,0.0,null,null,null,null,null
single_ground_robot_delivery_patrol_029,navigate,2026-01-10T19:46:53.000Z,complete,rover_1,ground_rover,single_ground_robot_delivery_patrol_029_exec_2,done,73.6,19.05,11.98,0.0,null,null,null,null,null
single_ground_robot_delivery_patrol_029,obstacle_avoidance,2026-01-10T19:46:54.000Z,start,rover_1,ground_rover,single_ground_robot_delivery_patrol_029_exec_3,inprogress,73.6,19.05,11.98,0.0,null,null,null,null,null
single_ground_robot_delivery_patrol_029,obstacle_avoidance,2026-01-10T19:47:37.000Z,null,rover_1,ground_rover,single_ground_robot_delivery_patrol_029_exec_3,inprogress,72.8,20.09,14.72,0.0,null,null,null,null,null
single_ground_robot_delivery_patrol_029,obstacle_avoidance,2026-01-10T19:48:20.000Z,complete,rover_1,ground_rover,single_ground_robot_delivery_patrol_029_exec_3,done,72.0,21.12,17.47,0.0,null,null,null,null,null
single_ground_robot_delivery_patrol_029,pickup,2026-01-10T19:48:21.000Z,start,rover_1,ground_rover,single_ground_robot_delivery_patrol_029_exec_4,inprogress,72.0,21.12,17.47,0.0,null,null,null,null,null
single_ground_robot_delivery_patrol_029,pickup,2026-01-10T19:48:57.000Z,complete,rover_1,ground_rover,single_ground_robot_delivery_patrol_029_exec_4,done,71.3,21.12,17.47,0.0,null,null,null,null,null
single_ground_robot_delivery_patrol_029,patrol,2026-01-10T19:48:58.000Z,start,rover_1,ground_rover,single_ground_robot_delivery_patrol_029_exec_5,inprogress,71.3,21.12,17.47,0.0,null,null,null,null,null
single_ground_robot_delivery_patrol_029,patrol,2026-01-10T19:49:58.000Z,null,rover_1,ground_rover,single_ground_robot_delivery_patrol_029_exec_5,inprogress,70.7,21.53,15.46,0.0,null,null,null,null,null
single_ground_robot_delivery_patrol_029,patrol,2026-01-10T19:50:58.000Z,null,rover_1,ground_rover,single_ground_robot_delivery_patrol_029_exec_5,inprogress,70.1,21.94,13.45,0.0,null,null,null,null,null
single_ground_robot_delivery_patrol_029,patrol,2026-01-10T19:51:59.000Z,complete,rover_1,ground_rover,single_ground_robot_delivery_patrol_029_exec_5,done,69.4,22.34,11.44,0.0,null,null,null,null,null
single_ground_robot_delivery_patrol_029,navigate,2026-01-10T19:52:00.000Z,start,rover_1,ground_rover,single_ground_robot_delivery_patrol_029_exec_6,inprogress,69.4,22.34,11.44,0.0,null,null,null,null,null
single_ground_robot_delivery_patrol_029,navigate,2026-01-10T19:52:52.000Z,null,rover_1,ground_rover,single_ground_robot_delivery_patrol_029_exec_6,inprogress,68.3,22.4,11.83,0.0,null,null,null,null,null
single_ground_robot_delivery_patrol_029,navigate,2026-01-10T19:53:44.000Z,null,rover_1,ground_rover,single_ground_robot_delivery_patrol_029_exec_6,inprogress,67.2,22.46,12.21,0.0,null,null,null,null,null
single_ground_robot_delivery_patrol_029,navigate,2026-01-10T19:54:36.000Z,null,rover_1,ground_rover,single_ground_robot_delivery_patrol_029_exec_6,inprogress,66.1,22.52,12.6,0.0,null,null,null,null,null
single_ground_robot_delivery_patrol_029,navigate,2026-01-10T19:55:28.000Z,null,rover_1,ground_rover,single_ground_robot_delivery_patrol_029_exec_6,inprogress,65.0,22.58,12.98,0.0,null,null,null,null,null
single_ground_robot_delivery_patrol_029,navigate,2026-01-10T19:56:20.000Z,null,rover_1,ground_rover,single_ground_robot_delivery_patrol_029_exec_6,inprogress,63.8,22.64,13.37,0.0,null,null,null,null,null
single_ground_robot_delivery_patrol_029,navigate,2026-01-10T19:57:17.000Z,complete,rover_1,ground_rover,single_ground_robot_delivery_patrol_029_exec_6,done,62.7,22.7,13.75,0.0,null,null,null,null,null
single_ground_robot_delivery_patrol_029,deliver,2026-01-10T19:57:18.000Z,start,rover_1,ground_rover,single_ground_robot_delivery_patrol_029_exec_7,inprogress,62.7,22.7,13.75,0.0,null,null,null,null,null
single_ground_robot_delivery_patrol_029,deliver,2026-01-10T19:58:19.000Z,complete,rover_1,ground_rover,single_ground_robot_delivery_patrol_029_exec_7,done,62.1,22.7,13.75,0.0,null,null,null,null,null
single_ground_robot_delivery_patrol_029,patrol,2026-01-10T19:58:20.000Z,start,rover_1,ground_rover,single_ground_robot_delivery_patrol_029_exec_8,inprogress,62.1,22.7,13.75,0.0,null,null,null,null,null
single_ground_robot_delivery_patrol_029,patrol,2026-01-10T19:59:15.000Z,null,rover_1,ground_rover,single_ground_robot_delivery_patrol_029_exec_8,inprogress,61.3,22.05,12.44,0.0,null,null,null,null,null
single_ground_robot_delivery_patrol_029,patrol,2026-01-10T20:00:10.000Z,null,rover_1,ground_rover,single_ground_robot_delivery_patrol_029_exec_8,inprogress,60.5,21.4,11.13,0.0,null,null,null,null,null
single_ground_robot_delivery_patrol_029,patrol,2026-01-10T20:01:05.000Z,complete,rover_1,ground_rover,single_ground_robot_delivery_patrol_029_exec_8,done,59.7,20.74,9.83,0.0,null,null,null,null,null
single_ground_robot_delivery_patrol_029,navigate,2026-01-10T20:01:06.000Z,start,rover_1,ground_rover,single_ground_robot_delivery_patrol_029_exec_9,inprogress,59.7,20.74,9.83,0.0,null,null,null,null,null
single_ground_robot_delivery_patrol_029,navigate,2026-01-10T20:01:50.000Z,null,rover_1,ground_rover,single_ground_robot_delivery_patrol_029_exec_9,inprogress,59.0,16.59,7.86,0.0,null,null,null,null,null
single_ground_robot_delivery_patrol_029,navigate,2026-01-10T20:02:34.000Z,null,rover_1,ground_rover,single_ground_robot_delivery_patrol_029_exec_9,inprogress,58.3,12.45,5.9,0.0,null,null,null,null,null
single_ground_robot_delivery_patrol_029,navigate,2026-01-10T20:03:18.000Z,null,rover_1,ground_rover,single_ground_robot_delivery_patrol_029_exec_9,inprogress,57.7,8.3,3.93,0.0,null,null,null,null,null
single_ground_robot_delivery_patrol_029,navigate,2026-01-10T20:04:02.000Z,null,rover_1,ground_rover,single_ground_robot_delivery_patrol_029_exec_9,inprogress,57.0,4.15,1.97,0.0,null,null,null,null,null
single_ground_robot_delivery_patrol_029,navigate,2026-01-10T20:04:49.000Z,complete,rover_1,ground_rover,single_ground_robot_delivery_patrol_029_exec_9,done,56.3,0.0,0.0,0.0,null,null,null,null,null
single_ground_robot_delivery_patrol_029,dock,2026-01-10T20:04:50.000Z,start,rover_1,ground_rover,single_ground_robot_delivery_patrol_029_exec_10,inprogress,56.3,0.0,0.0,0.0,null,null,null,null,null
single_ground_robot_delivery_patrol_029,dock,2026-01-10T20:05:07.000Z,complete,rover_1,ground_rover,single_ground_robot_delivery_patrol_029_exec_10,done,56.2,0.0,0.0,0.0,null,null,null,null,null
single_ground_robot_delivery_patrol_030,boot,2026-01-10T20:05:00.000Z,start,rover_1,ground_rover,single_ground_robot_delivery_patrol_030_exec_1,inprogress,84.4,0.0,0.0,0.0,null,null,null,null,null
single_ground_robot_delivery_patrol_030,boot,2026-01-10T20:05:31.000Z,complete,rover_1,ground_rover,single_ground_robot_delivery_patrol_030_exec_1,done,84.2,0.0,0.0,0.0,null,null,null,null,null
single_ground_robot_delivery_patrol_030,navigate,2026-01-10T20:05:32.000Z,start,rover_1,ground_rover,single_ground_robot_delivery_patrol_030_exec_2,inprogress,84.2,0.0,0.0,0.0,null,null,null,null,null
single_ground_robot_delivery_patrol_030,navigate,2026-01-10T20:06:29.000Z,null,rover_1,ground_rover,single_ground_robot_delivery_patrol_030_exec_2,inprogress,83.2,3.97,1.14,0.0,null,null,null,null,null
single_ground_robot_delivery_patrol_030,navigate,2026-01-10T20:07:26.000Z,null,rover_1,ground_rover,single_ground_robot_delivery_patrol_030_exec_2,inprogress,82.2,7.94,2.28,0.0,null,null,null,null,null
single_ground_robot_delivery_patrol_030,navigate,2026-01-10T20:08:23.000Z,null,rover_1,ground_rover,single_ground_robot_delivery_patrol_030_exec_2,inprogress,81.3,11.91,3.42,0.0,null,null,null,null,null
single_ground_robot_delivery_patrol_030,navigate,2026-01-10T20:09:20.000Z,null,rover_1,ground_rover,single_ground_robot_delivery_patrol_030_exec_2,inprogress,80.3,15.88,4.55,0.0,null,null,null,null,null
single_ground_robot_delivery_patrol_030,navigate,2026-01-10T20:10:20.000Z,complete,rover_1,ground_rover,single_ground_robot_delivery_patrol_030_exec_2,done,79.3,19.85,5.69,0.0,null,null,null,null,null
single_ground_robot_delivery_patrol_030,pickup,2026-01-10T20:10:21.000Z,start,rover_1,ground_rover,single_ground_robot_delivery_patrol_030_exec_3,inprogress,79.3,19.85,5.69,0.0,null,null,null,null,null
single_ground_robot_delivery_patrol_030,pickup,2026-01-10T20:10:50.000Z,null,rover_1,ground_rover,single_ground_robot_delivery_patrol_030_exec_3,inprogress,79.1,19.85,5.69,0.0,null,null,null,null,null
single_ground_robot_delivery_patrol_030,pickup,2026-01-10T20:11:20.000Z,complete,rover_1,ground_rover,single_ground_robot_delivery_patrol_030_exec_3,done,78.9,19.85,5.69,0.0,null,null,null,null,null
single_ground_robot_delivery_patrol_030,navigate,2026-01-10T20:11:21.000Z,start,rover_1,ground_rover,single_ground_robot_delivery_patrol_030_exec_4,inprogress,78.9,19.85,5.69,0.0,null,null,null,null,null
single_ground_robot_delivery_patrol_030,navigate,2026-01-10T20:12:10.000Z,null,rover_1,ground_rover,single_ground_robot_delivery_patrol_030_exec_4,inprogress,78.2,15.88,4.55,0.0,null,null,null,null,null
single_ground_robot_delivery_patrol_030,navigate,2026-01-10T20:12:59.000Z,null,rover_1,ground_rover,single_ground_robot_delivery_patrol_030_exec_4,inprogress,77.5,11.91,3.42,0.0,null,null,null,null,null
single_ground_robot_delivery_patrol_030,navigate,2026-01-10T20:13:48.000Z,null,rover_1,ground_rover,single_ground_robot_delivery_patrol_030_exec_4,inprogress,76.8,7.94,2.28,0.0,null,null,null,null,null
single_ground_robot_delivery_patrol_030,navigate,2026-01-10T20:14:37.000Z,null,rover_1,ground_rover,single_ground_robot_delivery_patrol_030_exec_4,inprogress,76.1,3.97,1.14,0.0,null,null,null,null,null
single_ground_robot_delivery_patrol_030,navigate,2026-01-10T20:15:27.000Z,complete,rover_1,ground_rover,single_ground_robot_delivery_patrol_030_exec_4,done,75.4,0.0,0.0,0.0,null,null,null,null,null
single_ground_robot_delivery_patrol_030,dock,2026-01-10T20:15:28.000Z,start,rover_1,ground_rover,single_ground_robot_delivery_patrol_030_exec_5,inprogress,75.4,0.0,0.0,0.0,null,null,null,null,null
single_ground_robot_delivery_patrol_030,dock,2026-01-10T20:15:48.000Z,complete,rover_1,ground_rover,single_ground_robot_delivery_patrol_030_exec_5,done,75.3,0.0,0.0,0.0,null,null,null,null,null
single_ground_robot_delivery_patrol_030,recharge,2026-01-10T20:15:49.000Z,start,rover_1,ground_rover,single_ground_robot_delivery_patrol_030_exec_6,inprogress,75.3,0.0,0.0,0.0,null,null,null,null,null
single_ground_robot_delivery_patrol_030,recharge,2026-01-10T20:16:53.000Z,null,rover_1,ground_rover,single_ground_robot_delivery_patrol_030_exec_6,inprogress,75.3,0.0,0.0,0.0,null,null,null,null,null
single_ground_robot_delivery_patrol_030,recharge,2026-01-10T20:17:57.000Z,null,rover_1,ground_rover,single_ground_robot_delivery_patrol_030_exec_6,inprogress,75.3,0.0,0.0,0.0,null,null,null,null,null
single_ground_robot_delivery_patrol_030,recharge,2026-01-10T20:19:01.000Z,null,rover_1,ground_rover,single_ground_robot_delivery_patrol_030_exec_6,inprogress,75.3,0.0,0.0,0.0,null,null,null,null,null
single_ground_robot_delivery_patrol_030,recharge,2026-01-10T20:20:05.000Z,null,rover_1,ground_rover,single_ground_robot_delivery_patrol_030_exec_6,inprogress,75.3,0.0,0.0,0.0,null,null,null,null,null
single_ground_robot_delivery_patrol_030,recharge,2026-01-10T20:21:13.000Z,complete,rover_1,ground_rover,single_ground_robot_delivery_patrol_030_exec_6,done,75.3,0.0,0.0,0.0,null,null,null,null,null
single_ground_robot_delivery_patrol_030,navigate,2026-01-10T20:21:14.000Z,start,rover_1,ground_rover,single_ground_robot_delivery_patrol_030_exec_7,inprogress,92.5,0.0,0.0,0.0,null,null,null,null,null
single_ground_robot_delivery_patrol_030,navigate,2026-01-10T20:21:49.000Z,null,rover_1,ground_rover,single_ground_robot_delivery_patrol_030_exec_7,inprogress,91.5,4.07,3.17,0.0,null,null,null,null,null
single_ground_robot_delivery_patrol_030,navigate,2026-01-10T20:22:24.000Z,null,rover_1,ground_rover,single_ground_robot_delivery_patrol_030_exec_7,inprogress,90.6,8.15,6.33,0.0,null,null,null,null,null
single_ground_robot_delivery_patrol_030,navigate,2026-01-10T20:22:59.000Z,null,rover_1,ground_rover,single_ground_robot_delivery_patrol_030_exec_7,inprogress,89.7,12.22,9.5,0.0,null,null,null,null,null
single_ground_robot_delivery_patrol_030,navigate,2026-01-10T20:23:34.000Z,null,rover_1,ground_rover,single_ground_robot_delivery_patrol_030_exec_7,inprogress,88.7,16.29,12.66,0.0,null,null,null,null,null
single_ground_robot_delivery_patrol_030,navigate,2026-01-10T20:24:09.000Z,null,rover_1,ground_rover,single_ground_robot_delivery_patrol_030_exec_7,inprogress,87.8,20.37,15.83,0.0,null,null,null,null,null
single_ground_robot_delivery_patrol_030,navigate,2026-01-10T20:24:46.000Z,complete,rover_1,ground_rover,single_ground_robot_delivery_patrol_030_exec_7,done,86.9,24.44,18.99,0.0,null,null,null,null,null
single_ground_robot_delivery_patrol_030,deliver,2026-01-10T20:24:47.000Z,start,rover_1,ground_rover,single_ground_robot_delivery_patrol_030_exec_8,inprogress,86.9,24.44,18.99,0.0,null,null,null,null,null
single_ground_robot_delivery_patrol_030,deliver,2026-01-10T20:25:35.000Z,complete,rover_1,ground_rover,single_ground_robot_delivery_patrol_030_exec_8,done,86.0,24.44,18.99,0.0,null,null,null,null,null
single_ground_robot_delivery_patrol_030,patrol,2026-01-10T20:25:36.000Z,start,rover_1,ground_rover,single_ground_robot_delivery_patrol_030_exec_9,inprogress,86.0,24.44,18.99,0.0,null,null,null,null,null
single_ground_robot_delivery_patrol_030,patrol,2026-01-10T20:27:11.000Z,null,rover_1,ground_rover,single_ground_robot_delivery_patrol_030_exec_9,inprogress,84.9,24.98,19.48,0.0,null,null,null,null,null
single_ground_robot_delivery_patrol_030,patrol,2026-01-10T20:28:46.000Z,complete,rover_1,ground_rover,single_ground_robot_delivery_patrol_030_exec_9,done,83.8,25.53,19.96,0.0,null,null,null,null,null
single_ground_robot_delivery_patrol_030,navigate,2026-01-10T20:28:47.000Z,start,rover_1,ground_rover,single_ground_robot_delivery_patrol_030_exec_10,inprogress,83.8,25.53,19.96,0.0,null,null,null,null,null
single_ground_robot_delivery_patrol_030,navigate,2026-01-10T20:29:24.000Z,null,rover_1,ground_rover,single_ground_robot_delivery_patrol_030_exec_10,inprogress,83.4,20.42,15.97,0.0,null,null,null,null,null
single_ground_robot_delivery_patrol_030,navigate,2026-01-10T20:30:01.000Z,null,rover_1,ground_rover,single_ground_robot_delivery_patrol_030_exec_10,inprogress,82.9,15.32,11.98,0.0,null,null,null,null,null
single_ground_robot_delivery_patrol_030,navigate,2026-01-10T20:30:38.000Z,null,rover_1,ground_rover,single_ground_robot_delivery_patrol_030_exec_10,inprogress,82.5,10.21,7.98,0.0,null,null,null,null,null
single_ground_robot_delivery_patrol_030,navigate,2026-01-10T20:31:15.000Z,null,rover_1,ground_rover,single_ground_robot_delivery_patrol_030_exec_10,inprogress,82.0,5.11,3.99,0.0,null,null,null,null,null
single_ground_robot_delivery_patrol_030,navigate,2026-01-10T20:31:52.000Z,complete,rover_1,ground_rover,single_ground_robot_delivery_patrol_030_exec_10,done,81.6,0.0,0.0,0.0,null,null,null,null,null
single_ground_robot_delivery_patrol_030,dock,2026-01-10T20:31:53.000Z,start,rover_1,ground_rover,single_ground_robot_delivery_patrol_030_exec_11,inprogress,81.6,0.0,0.0,0.0,null,null,null,null,null
single_ground_robot_delivery_patrol_030,dock,2026-01-10T20:32:28.000Z,complete,rover_1,ground_rover,single_ground_robot_delivery_patrol_030_exec_11,done,81.5,0.0,0.0,0.0,null,null,null,null,null
single_ground_robot_delivery_patrol_031,boot,2026-01-10T20:30:00.000Z,start,rover_1,ground_rover,single_ground_robot_delivery_patrol_031_exec_1,inprogress,90.1,0.0,0.0,0.0,null,null,null,null,null
single_ground_robot_delivery_patrol_031,boot,2026-01-10T20:30:29.000Z,complete,rover_1,ground_rover,single_ground_robot_delivery_patrol_031_exec_1,done,89.9,0.0,0.0,0.0,null,null,null,null,null
single_ground_robot_delivery_patrol_031,navigate,2026-01-10T20:30:30.000Z,start,rover_1,ground_rover,single_ground_robot_delivery_patrol_031_exec_2,inprogress,89.9,0.0,0.0,0.0,null,null,null,null,null
single_ground_robot_delivery_patrol_031,navigate,2026-01-10T20:31:38.000Z,null,rover_1,ground_rover,single_ground_robot_delivery_patrol_031_exec_2,inprogress,89.1,4.37,0.83,0.0,null,null,null,null,null
single_ground_robot_delivery_patrol_031,navigate,2026-01-10T20:32:46.000Z,null,rover_1,ground_rover,single_ground_robot_delivery_patrol_031_exec_2,inprogress,88.2,8.73,1.65,0.0,null,null,null,null,null
single_ground_robot_delivery_patrol_031,navigate,2026-01-10T20:33:54.000Z,null,rover_1,ground_rover,single_ground_robot_delivery_patrol_031_exec_2,inprogress,87.4,13.1,2.48,0.0,null,null,null,null,null
single_ground_robot_delivery_patrol_031,navigate,2026-01-10T20:35:03.000Z,complete,rover_1,ground_rover,single_ground_robot_delivery_patrol_031_exec_2,done,86.5,17.46,3.3,0.0,null,null,null,null,null
single_ground_robot_delivery_patrol_031,pickup,2026-01-10T20:35:04.000Z,start,rover_1,ground_rover,single_ground_robot_delivery_patrol_031_exec_3,inprogress,86.5,17.46,3.3,0.0,null,null,null,null,null
single_ground_robot_delivery_patrol_031,pickup,2026-01-10T20:36:05.000Z,complete,rover_1,ground_rover,single_ground_robot_delivery_patrol_031_exec_3,done,86.0,17.46,3.3,0.0,null,null,null,null,null
single_ground_robot_delivery_patrol_031,navigate,2026-01-10T20:36:06.000Z,start,rover_1,ground_rover,single_ground_robot_delivery_patrol_031_exec_4,inprogress,86.0,17.46,3.3,0.0,null,null,null,null,null
single_ground_robot_delivery_patrol_031,navigate,2026-01-10T20:36:58.000Z,null,rover_1,ground_rover,single_ground_robot_delivery_patrol_031_exec_4,inprogress,84.4,19.07,6.04,0.0,null,null,null,null,null
single_ground_robot_delivery_patrol_031,navigate,2026-01-10T20:37:50.000Z,null,rover_1,ground_rover,single_ground_robot_delivery_patrol_031_exec_4,inprogress,82.9,20.67,8.79,0.0,null,null,null,null,null
single_ground_robot_delivery_patrol_031,navigate,2026-01-10T20:38:42.000Z,null,rover_1,ground_rover,single_ground_robot_delivery_patrol_031_exec_4,inprogress,81.4,22.28,11.53,0.0,null,null,null,null,null
single_ground_robot_delivery_patrol_031,navigate,2026-01-10T20:39:34.000Z,null,rover_1,ground_rover,single_ground_robot_delivery_patrol_031_exec_4,inprogress,79.9,23.88,14.27,0.0,null,null,null,null,null
single_ground_robot_delivery_patrol_031,navigate,2026-01-10T20:40:28.000Z,complete,rover_1,ground_rover,single_ground_robot_delivery_patrol_031_exec_4,done,78.3,25.49,17.02,0.0,null,null,null,null,null
single_ground_robot_delivery_patrol_031,deliver,2026-01-10T20:40:29.000Z,start,rover_1,ground_rover,single_ground_robot_delivery_patrol_031_exec_5,inprogress,78.3,25.49,17.02,0.0,null,null,null,null,null
single_ground_robot_delivery_patrol_031,deliver,2026-01-10T20:40:59.000Z,null,rover_1,ground_rover,single_ground_robot_delivery_patrol_031_exec_5,inprogress,77.9,25.49,17.02,0.0,null,null,null,null,null
single_ground_robot_delivery_patrol_031,deliver,2026-01-10T20:41:29.000Z,complete,rover_1,ground_rover,single_ground_robot_delivery_patrol_031_exec_5,done,77.4,25.49,17.02,0.0,null,null,null,null,null
single_ground_robot_delivery_patrol_031,patrol,2026-01-10T20:41:30.000Z,start,rover_1,ground_rover,single_ground_robot_delivery_patrol_031_exec_6,inprogress,77.4,25.49,17.02,0.0,null,null,null,null,null
single_ground_robot_delivery_patrol_031,patrol,2026-01-10T20:43:03.000Z,null,rover_1,ground_rover,single_ground_robot_delivery_patrol_031_exec_6,inprogress,76.2,25.36,15.32,0.0,null,null,null,null,null
single_ground_robot_delivery_patrol_031,patrol,2026-01-10T20:44:36.000Z,complete,rover_1,ground_rover,single_ground_robot_delivery_patrol_031_exec_6,done,75.0,25.23,13.62,0.0,null,null,null,null,null
single_ground_robot_delivery_patrol_031,navigate,2026-01-10T20:44:37.000Z,start,rover_1,ground_rover,single_ground_robot_delivery_patrol_031_exec_7,inprogress,75.0,25.23,13.62,0.0,null,null,null,null,null
single_ground_robot_delivery_patrol_031,navigate,2026-01-10T20:45:18.000Z,null,rover_1,ground_rover,single_ground_robot_delivery_patrol_031_exec_7,inprogress,74.3,20.19,10.9,0.0,null,null,null,null,null
single_ground_robot_delivery_patrol_031,navigate,2026-01-10T20:45:59.000Z,null,rover_1,ground_rover,single_ground_robot_delivery_patrol_031_exec_7,inprogress,73.5,15.14,8.17,0.0,null,null,null,null,null
single_ground_robot_delivery_patrol_031,navigate,2026-01-10T20:46:40.000Z,null,rover_1,ground_rover,single_ground_robot_delivery_patrol_031_exec_7,inprogress,72.8,10.09,5.45,0.0,null,null,null,null,null
single_ground_robot_delivery_patrol_031,navigate,2026-01-10T20:47:21.000Z,null,rover_1,ground_rover,single_ground_robot_delivery_patrol_031_exec_7,inprogress,72.0,5.05,2.72,0.0,null,null,null,null,null
single_ground_robot_delivery_patrol_031,navigate,2026-01-10T20:48:04.000Z,complete,rover_1,ground_rover,single_ground_robot_delivery_patrol_031_exec_7,done,71.2,0.0,0.0,0.0,null,null,null,null,null
single_ground_robot_delivery_patrol_031,dock,2026-01-10T20:48:05.000Z,start,rover_1,ground_rover,single_ground_robot_delivery_patrol_031_exec_8,inprogress,71.2,0.0,0.0,0.0,null,null,null,null,null
single_ground_robot_delivery_patrol_031,dock,2026-01-10T20:48:32.000Z,complete,rover_1,ground_rover,single_ground_robot_delivery_patrol_031_exec_8,done,71.1,0.0,0.0,0.0,null,null,null,null,null
single_ground_robot_delivery_patrol_032,boot,2026-01-10T20:55:00.000Z,start,rover_1,ground_rover,single_ground_robot_delivery_patrol_032_exec_1,inprogress,99.1,0.0,0.0,0.0,null,null,null,null,null
single_ground_robot_delivery_patrol_032,boot,2026-01-10T20:55:45.000Z,complete,rover_1,ground_rover,single_ground_robot_delivery_patrol_032_exec_1,done,98.9,0.0,0.0,0.0,null,null,null,null,null
single_ground_robot_delivery_patrol_032,navigate,2026-01-10T20:55:46.000Z,start,rover_1,ground_rover,single_ground_robot_delivery_patrol_032_exec_2,inprogress,98.9,0.0,0.0,0.0,null,null,null,null,null
single_ground_robot_delivery_patrol_032,navigate,2026-01-10T20:57:19.000Z,null,rover_1,ground_rover,single_ground_robot_delivery_patrol_032_exec_2,inprogress,97.5,4.9,1.27,0.0,null,null,null,null,null
single_ground_robot_delivery_patrol_032,navigate,2026-01-10T20:58:52.000Z,null,rover_1,ground_rover,single_ground_robot_delivery_patrol_032_exec_2,inprogress,96.2,9.79,2.54,0.0,null,null,null,null,null
single_ground_robot_delivery_patrol_032,navigate,2026-01-10T21:00:27.000Z,complete,rover_1,ground_rover,single_ground_robot_delivery_patrol_032_exec_2,done,94.8,14.69,3.81,0.0,null,null,null,null,null
single_ground_robot_delivery_patrol_032,obstacle_avoidance,2026-01-10T21:00:28.000Z,start,rover_1,ground_rover,single_ground_robot_delivery_patrol_032_exec_3,inprogress,94.8,14.69,3.81,0.0,null,null,null,null,null
single_ground_robot_delivery_patrol_032,obstacle_avoidance,2026-01-10T21:00:43.000Z,null,rover_1,ground_rover,single_ground_robot_delivery_patrol_032_exec_3,inprogress,94.5,14.67,5.06,0.0,null,null,null,null,null
single_ground_robot_delivery_patrol_032,obstacle_avoidance,2026-01-10T21:00:58.000Z,null,rover_1,ground_rover,single_ground_robot_delivery_patrol_032_exec_3,inprogress,94.2,14.66,6.31,0.0,null,null,null,null,null
single_ground_robot_delivery_patrol_032,obstacle_avoidance,2026-01-10T21:01:13.000Z,null,rover_1,ground_rover,single_ground_robot_delivery_patrol_032_exec_3,inprogress,93.9,14.65,7.56,0.0,null,null,null,null,null
single_ground_robot_delivery_patrol_032,obstacle_avoidance,2026-01-10T21:01:31.000Z,complete,rover_1,ground_rover,single_ground_robot_delivery_patrol_032_exec_3,done,93.6,14.64,8.81,0.0,null,null,null,null,null
single_ground_robot_delivery_patrol_032,pickup,2026-01-10T21:01:32.000Z,start,rover_1,ground_rover,single_ground_robot_delivery_patrol_032_exec_4,inprogress,93.6,14.64,8.81,0.0,null,null,null,null,null
single_ground_robot_delivery_patrol_032,pickup,2026-01-10T21:02:09.000Z,null,rover_1,ground_rover,single_ground_robot_delivery_patrol_032_exec_4,inprogress,93.3,14.64,8.81,0.0,null,null,null,null,null
single_ground_robot_delivery_patrol_032,pickup,2026-01-10T21:02:47.000Z,complete,rover_1,ground_rover,single_ground_robot_delivery_patrol_032_exec_4,done,93.1,14.64,8.81,0.0,null,null,null,null,null
single_ground_robot_delivery_patrol_032,temporary_stop,2026-01-10T21:02:48.000Z,start,rover_1,ground_rover,single_ground_robot_delivery_patrol_032_exec_5,inprogress,93.1,14.64,8.81,0.0,null,null,null,null,null
single_ground_robot_delivery_patrol_032,temporary_stop,2026-01-10T21:03:54.000Z,complete,rover_1,ground_rover,single_ground_robot_delivery_patrol_032_exec_5,done,92.7,14.64,8.81,0.0,null,null,null,null,null
single_ground_robot_delivery_patrol_032,navigate,2026-01-10T21:03:55.000Z,start,rover_1,ground_rover,single_ground_robot_delivery_patrol_032_exec_6,inprogress,92.7,14.64,8.81,0.0,null,null,null,null,null
single_ground_robot_delivery_patrol_032,navigate,2026-01-10T21:05:12.000Z,null,rover_1,ground_rover,single_ground_robot_delivery_patrol_032_exec_6,inprogress,91.8,17.62,10.38,0.0,null,null,null,null,null
single_ground_robot_delivery_patrol_032,navigate,2026-01-10T21:06:29.000Z,null,rover_1,ground_rover,single_ground_robot_delivery_patrol_032_exec_6,inprogress,90.9,20.59,11.94,0.0,null,null,null,null,null
single_ground_robot_delivery_patrol_032,navigate,2026-01-10T21:07:46.000Z,null,rover_1,ground_rover,single_ground_robot_delivery_patrol_032_exec_6,inprogress,90.0,23.57,13.51,0.0,null,null,null,null,null
single_ground_robot_delivery_patrol_032,navigate,2026-01-10T21:09:03.000Z,null,rover_1,ground_rover,single_ground_robot_delivery_patrol_032_exec_6,inprogress,89.1,26.55,15.08,0.0,null,null,null,null,null
single_ground_robot_delivery_patrol_032,navigate,2026-01-10T21:10:21.000Z,complete,rover_1,ground_rover,single_ground_robot_delivery_patrol_032_exec_6,done,88.3,29.53,16.64,0.0,null,null,null,null,null
single_ground_robot_delivery_patrol_032,deliver,2026-01-10T21:10:22.000Z,start,rover_1,ground_rover,single_ground_robot_delivery_patrol_032_exec_7,inprogress,88.3,29.53,16.64,0.0,null,null,null,null,null
single_ground_robot_delivery_patrol_032,deliver,2026-01-10T21:10:54.000Z,complete,rover_1,ground_rover,single_ground_robot_delivery_patrol_032_exec_7,done,87.6,29.53,16.64,0.0,null,null,null,null,null
single_ground_robot_delivery_patrol_032,patrol,2026-01-10T21:10:55.000Z,start,rover_1,ground_rover,single_ground_robot_delivery_patrol_032_exec_8,inprogress,87.6,29.53,16.64,0.0,null,null,null,null,null
single_ground_robot_delivery_patrol_032,patrol,2026-01-10T21:12:48.000Z,null,rover_1,ground_rover,single_ground_robot_delivery_patrol_032_exec_8,inprogress,87.0,27.92,18.19,0.0,null,null,null,null,null
single_ground_robot_delivery_patrol_032,patrol,2026-01-10T21:14:41.000Z,complete,rover_1,ground_rover,single_ground_robot_delivery_patrol_032_exec_8,done,86.4,26.31,19.74,0.0,null,null,null,null,null
single_ground_robot_delivery_patrol_032,navigate,2026-01-10T21:14:42.000Z,start,rover_1,ground_rover,single_ground_robot_delivery_patrol_032_exec_9,inprogress,86.4,26.31,19.74,0.0,null,null,null,null,null
single_ground_robot_delivery_patrol_032,navigate,2026-01-10T21:15:48.000Z,null,rover_1,ground_rover,single_ground_robot_delivery_patrol_032_exec_9,inprogress,85.5,19.73,14.81,0.0,null,null,null,null,null
single_ground_robot_delivery_patrol_032,navigate,2026-01-10T21:16:54.000Z,null,rover_1,ground_rover,single_ground_robot_delivery_patrol_032_exec_9,inprogress,84.6,13.15,9.87,0.0,null,null,null,null,null
single_ground_robot_delivery_patrol_032,navigate,2026-01-10T21:18:00.000Z,null,rover_1,ground_rover,single_ground_robot_delivery_patrol_032_exec_9,inprogress,83.6,6.58,4.94,0.0,null,null,null,null,null
single_ground_robot_delivery_patrol_032,navigate,2026-01-10T21:19:08.000Z,complete,rover_1,ground_rover,single_ground_robot_delivery_patrol_032_exec_9,done,82.7,0.0,0.0,0.0,null,null,null,null,null
single_ground_robot_delivery_patrol_032,dock,2026-01-10T21:19:09.000Z,start,rover_1,ground_rover,single_ground_robot_delivery_patrol_032_exec_10,inprogress,82.7,0.0,0.0,0.0,null,null,null,null,null
single_ground_robot_delivery_patrol_032,dock,2026-01-10T21:19:41.000Z,complete,rover_1,ground_rover,single_ground_robot_delivery_patrol_032_exec_10,done,82.6,0.0,0.0,0.0,null,null,null,null,null
single_ground_robot_delivery_patrol_033,boot,2026-01-10T21:20:00.000Z,start,rover_1,ground_rover,single_ground_robot_delivery_patrol_033_exec_1,inprogress,83.7,0.0,0.0,0.0,null,null,null,null,null
single_ground_robot_delivery_patrol_033,boot,2026-01-10T21:20:43.000Z,complete,rover_1,ground_rover,single_ground_robot_delivery_patrol_033_exec_1,done,83.5,0.0,0.0,0.0,null,null,null,null,null
single_ground_robot_delivery_patrol_033,navigate,2026-01-10T21:20:44.000Z,start,rover_1,ground_rover,single_ground_robot_delivery_patrol_033_exec_2,inprogress,83.5,0.0,0.0,0.0,null,null,null,null,null
single_ground_robot_delivery_patrol_033,navigate,2026-01-10T21:22:39.000Z,null,rover_1,ground_rover,single_ground_robot_delivery_patrol_033_exec_2,inprogress,81.4,5.57,3.66,0.0,null,null,null,null,null
single_ground_robot_delivery_patrol_033,navigate,2026-01-10T21:24:34.000Z,null,rover_1,ground_rover,single_ground_robot_delivery_patrol_033_exec_2,inprogress,79.3,11.15,7.31,0.0,null,null,null,null,null
single_ground_robot_delivery_patrol_033,navigate,2026-01-10T21:26:31.000Z,complete,rover_1,ground_rover,single_ground_robot_delivery_patrol_033_exec_2,done,77.2,16.72,10.97,0.0,null,null,null,null,null
single_ground_robot_delivery_patrol_033,pickup,2026-01-10T21:26:32.000Z,start,rover_1,ground_rover,single_ground_robot_delivery_patrol_033_exec_3,inprogress,77.2,16.72,10.97,0.0,null,null,null,null,null
single_ground_robot_delivery_patrol_033,pickup,2026-01-10T21:27:24.000Z,complete,rover_1,ground_rover,single_ground_robot_delivery_patrol_033_exec_3,done,76.2,16.72,10.97,0.0,null,null,null,null,null
single_ground_robot_delivery_patrol_033,navigate,2026-01-10T21:27:25.000Z,start,rover_1,ground_rover,single_ground_robot_delivery_patrol_033_exec_4,inprogress,76.2,16.72,10.97,0.0,null,null,null,null,null
single_ground_robot_delivery_patrol_033,navigate,2026-01-10T21:28:17.000Z,null,rover_1,ground_rover,single_ground_robot_delivery_patrol_033_exec_4,inprogress,75.0,17.86,11.75,0.0,null,null,null,null,null
single_ground_robot_delivery_patrol_033,navigate,2026-01-10T21:29:09.000Z,null,rover_1,ground_rover,single_ground_robot_delivery_patrol_033_exec_4,inprogress,73.7,18.99,12.52,0.0,null,null,null,null,null
single_ground_robot_delivery_patrol_033,navigate,2026-01-10T21:30:01.000Z,null,rover_1,ground_rover,single_ground_robot_delivery_patrol_033_exec_4,inprogress,72.4,20.13,13.3,0.0,null,null,null,null,null
single_ground_robot_delivery_patrol_033,navigate,2026-01-10T21:30:53.000Z,null,rover_1,ground_rover,single_ground_robot_delivery_patrol_033_exec_4,inprogress,71.2,21.27,14.07,0.0,null,null,null,null,null
single_ground_robot_delivery_patrol_033,navigate,2026-01-10T21:31:45.000Z,null,rover_1,ground_rover,single_ground_robot_delivery_patrol_033_exec_4,inprogress,69.9,22.4,14.85,0.0,null,null,null,null,null
single_ground_robot_delivery_patrol_033,navigate,2026-01-10T21:32:39.000Z,complete,rover_1,ground_rover,single_ground_robot_delivery_patrol_033_exec_4,done,68.6,23.54,15.63,0.0,null,null,null,null,null
single_ground_robot_delivery_patrol_033,deliver,2026-01-10T21:32:40.000Z,start,rover_1,ground_rover,single_ground_robot_delivery_patrol_033_exec_5,inprogress,68.6,23.54,15.63,0.0,null,null,null,null,null
single_ground_robot_delivery_patrol_033,deliver,2026-01-10T21:33:32.000Z,complete,rover_1,ground_rover,single_ground_robot_delivery_patrol_033_exec_5,done,68.0,23.54,15.63,0.0,null,null,null,null,null
single_ground_robot_delivery_patrol_033,patrol,2026-01-10T21:33:33.000Z,start,rover_1,ground_rover,single_ground_robot_delivery_patrol_033_exec_6,inprogress,68.0,23.54,15.63,0.0,null,null,null,null,null
single_ground_robot_delivery_patrol_033,patrol,2026-01-10T21:34:47.000Z,null,rover_1,ground_rover,single_ground_robot_delivery_patrol_033_exec_6,inprogress,67.4,25.34,16.92,0.0,null,null,null,null,null
single_ground_robot_delivery_patrol_033,patrol,2026-01-10T21:36:01.000Z,complete,rover_1,ground_rover,single_ground_robot_delivery_patrol_033_exec_6,done,66.8,27.13,18.22,0.0,null,null,null,null,null
single_ground_robot_delivery_patrol_033,navigate,2026-01-10T21:36:02.000Z,start,rover_1,ground_rover,single_ground_robot_delivery_patrol_033_exec_7,inprogress,66.8,27.13,18.22,0.0,null,null,null,null,null
single_ground_robot_delivery_patrol_033,navigate,2026-01-10T21:36:42.000Z,null,rover_1,ground_rover,single_ground_robot_delivery_patrol_033_exec_7,inprogress,66.1,21.71,14.58,0.0,null,null,null,null,null
single_ground_robot_delivery_patrol_033,navigate,2026-01-10T21:37:22.000Z,null,rover_1,ground_rover,single_ground_robot_delivery_patrol_033_exec_7,inprogress,65.4,16.28,10.93,0.0,null,null,null,null,null
single_ground_robot_delivery_patrol_033,navigate,2026-01-10T21:38:02.000Z,null,rover_1,ground_rover,single_ground_robot_delivery_patrol_033_exec_7,inprogress,64.6,10.85,7.29,0.0,null,null,null,null,null
single_ground_robot_delivery_patrol_033,navigate,2026-01-10T21:38:42.000Z,null,rover_1,ground_rover,single_ground_robot_delivery_patrol_033_exec_7,inprogress,63.9,5.43,3.64,0.0,null,null,null,null,null
single_ground_robot_delivery_patrol_033,navigate,2026-01-10T21:39:26.000Z,complete,rover_1,ground_rover,single_ground_robot_delivery_patrol_033_exec_7,done,63.2,0.0,0.0,0.0,null,null,null,null,null
single_ground_robot_delivery_patrol_033,dock,2026-01-10T21:39:27.000Z,start,rover_1,ground_rover,single_ground_robot_delivery_patrol_033_exec_8,inprogress,63.2,0.0,0.0,0.0,null,null,null,null,null
single_ground_robot_delivery_patrol_033,dock,2026-01-10T21:39:42.000Z,complete,rover_1,ground_rover,single_ground_robot_delivery_patrol_033_exec_8,done,63.1,0.0,0.0,0.0,null,null,null,null,null
single_ground_robot_delivery_patrol_034,boot,2026-01-10T21:45:00.000Z,start,rover_1,ground_rover,single_ground_robot_delivery_patrol_034_exec_1,inprogress,73.4,0.0,0.0,0.0,null,null,null,null,null
single_ground_robot_delivery_patrol_034,boot,2026-01-10T21:45:30.000Z,complete,rover_1,ground_rover,single_ground_robot_delivery_patrol_034_exec_1,done,73.2,0.0,0.0,0.0,null,null,null,null,null
single_ground_robot_delivery_patrol_034,navigate,2026-01-10T21:45:31.000Z,start,rover_1,ground_rover,single_ground_robot_delivery_patrol_034_exec_2,inprogress,73.2,0.0,0.0,0.0,null,null,null,null,null
single_ground_robot_delivery_patrol_034,navigate,2026-01-10T21:46:52.000Z,null,rover_1,ground_rover,single_ground_robot_delivery_patrol_034_exec_2,inprogress,72.4,2.73,1.03,0.0,null,null,null,null,null
single_ground_robot_delivery_patrol_034,navigate,2026-01-10T21:48:13.000Z,null,rover_1,ground_rover,single_ground_robot_delivery_patrol_034_exec_2,inprogress,71.6,5.46,2.07,0.0,null,null,null,null,null
single_ground_robot_delivery_patrol_034,navigate,2026-01-10T21:49:34.000Z,null,rover_1,ground_rover,single_ground_robot_delivery_patrol_034_exec_2,inprogress,70.8,8.19,3.1,0.0,null,null,null,null,null
single_ground_robot_delivery_patrol_034,navigate,2026-01-10T21:50:55.000Z,complete,rover_1,ground_rover,single_ground_robot_delivery_patrol_034_exec_2,done,69.9,10.92,4.13,0.0,null,null,null,null,null
single_ground_robot_delivery_patrol_034,pickup,2026-01-10T21:50:56.000Z,start,rover_1,ground_rover,single_ground_robot_delivery_patrol_034_exec_3,inprogress,69.9,10.92,4.13,0.0,null,null,null,null,null
single_ground_robot_delivery_patrol_034,pickup,2026-01-10T21:51:44.000Z,complete,rover_1,ground_rover,single_ground_robot_delivery_patrol_034_exec_3,done,68.9,10.92,4.13,0.0,null,null,null,null,null
single_ground_robot_delivery_patrol_034,navigate,2026-01-10T21:51:45.000Z,start,rover_1,ground_rover,single_ground_robot_delivery_patrol_034_exec_4,inprogress,68.9,10.92,4.13,0.0,null,null,null,null,null
single_ground_robot_delivery_patrol_034,navigate,2026-01-10T21:52:49.000Z,null,rover_1,ground_rover,single_ground_robot_delivery_patrol_034_exec_4,inprogress,67.4,16.15,7.59,0.0,null,null,null,null,null
single_ground_robot_delivery_patrol_034,navigate,2026-01-10T21:53:53.000Z,null,rover_1,ground_rover,single_ground_robot_delivery_patrol_034_exec_4,inprogress,65.8,21.38,11.05,0.0,null,null,null,null,null
single_ground_robot_delivery_patrol_034,navigate,2026-01-10T21:54:57.000Z,null,rover_1,ground_rover,single_ground_robot_delivery_patrol_034_exec_4,inprogress,64.3,26.6,14.5,0.0,null,null,null,null,null
single_ground_robot_delivery_patrol_034,navigate,2026-01-10T21:56:02.000Z,complete,rover_1,ground_rover,single_ground_robot_delivery_patrol_034_exec_4,done,62.7,31.83,17.96,0.0,null,null,null,null,null
single_ground_robot_delivery_patrol_034,deliver,2026-01-10T21:56:03.000Z,start,rover_1,ground_rover,single_ground_robot_delivery_patrol_034_exec_5,inprogress,62.7,31.83,17.96,0.0,null,null,null,null,null
single_ground_robot_delivery_patrol_034,deliver,2026-01-10T21:56:44.000Z,complete,rover_1,ground_rover,single_ground_robot_delivery_patrol_034_exec_5,done,61.9,31.83,17.96,0.0,null,null,null,null,null
single_ground_robot_delivery_patrol_034,patrol,2026-01-10T21:56:45.000Z,start,rover_1,ground_rover,single_ground_robot_delivery_patrol_034_exec_6,inprogress,61.9,31.83,17.96,0.0,null,null,null,null,null
single_ground_robot_delivery_patrol_034,patrol,2026-01-10T21:57:38.000Z,null,rover_1,ground_rover,single_ground_robot_delivery_patrol_034_exec_6,inprogress,61.2,29.89,19.12,0.0,null,null,null,null,null
single_ground_robot_delivery_patrol_034,patrol,2026-01-10T21:58:31.000Z,complete,rover_1,ground_rover,single_ground_robot_delivery_patrol_034_exec_6,done,60.4,27.95,20.28,0.0,null,null,null,null,null
single_ground_robot_delivery_patrol_034,navigate,2026-01-10T21:58:32.000Z,start,rover_1,ground_rover,single_ground_robot_delivery_patrol_034_exec_7,inprogress,60.4,27.95,20.28,0.0,null,null,null,null,null
single_ground_robot_delivery_patrol_034,navigate,2026-01-10T21:59:49.000Z,null,rover_1,ground_rover,single_ground_robot_delivery_patrol_034_exec_7,inprogress,59.6,18.63,13.52,0.0,null,null,null,null,null
single_ground_robot_delivery_patrol_034,navigate,2026-01-10T22:01:06.000Z,null,rover_1,ground_rover,single_ground_robot_delivery_patrol_034_exec_7,inprogress,58.8,9.32,6.76,0.0,null,null,null,null,null
single_ground_robot_delivery_patrol_034,navigate,2026-01-10T22:02:24.000Z,complete,rover_1,ground_rover,single_ground_robot_delivery_patrol_034_exec_7,done,58.0,0.0,0.0,0.0,null,null,null,null,null
single_ground_robot_delivery_patrol_034,dock,2026-01-10T22:02:25.000Z,start,rover_1,ground_rover,single_ground_robot_delivery_patrol_034_exec_8,inprogress,58.0,0.0,0.0,0.0,null,null,null,null,null
single_ground_robot_delivery_patrol_034,dock,2026-01-10T22:02:41.000Z,complete,rover_1,ground_rover,single_ground_robot_delivery_patrol_034_exec_8,done,57.9,0.0,0.0,0.0,null,null,null,null,null
single_ground_robot_delivery_patrol_035,boot,2026-01-10T22:10:00.000Z,start,rover_1,ground_rover,single_ground_robot_delivery_patrol_035_exec_1,inprogress,75.5,0.0,0.0,0.0,null,null,null,null,null
single_ground_robot_delivery_patrol_035,boot,2026-01-10T22:10:33.000Z,complete,rover_1,ground_rover,single_ground_robot_delivery_patrol_035_exec_1,done,75.3,0.0,0.0,0.0,null,null,null,null,null
single_ground_robot_delivery_patrol_035,navigate,2026-01-10T22:10:34.000Z,start,rover_1,ground_rover,single_ground_robot_delivery_patrol_035_exec_2,inprogress,75.3,0.0,0.0,0.0,null,null,null,null,null
single_ground_robot_delivery_patrol_035,navigate,2026-01-10T22:11:24.000Z,null,rover_1,ground_rover,single_ground_robot_delivery_patrol_035_exec_2,inprogress,74.3,2.39,1.62,0.0,null,null,null,null,null
single_ground_robot_delivery_patrol_035,navigate,2026-01-10T22:12:14.000Z,null,rover_1,ground_rover,single_ground_robot_delivery_patrol_035_exec_2,inprogress,73.3,4.77,3.24,0.0,null,null,null,null,null
single_ground_robot_delivery_patrol_035,navigate,2026-01-10T22:13:04.000Z,null,rover_1,ground_rover,single_ground_robot_delivery_patrol_035_exec_2,inprogress,72.3,7.16,4.86,0.0,null,null,null,null,null
single_ground_robot_delivery_patrol_035,navigate,2026-01-10T22:13:54.000Z,null,rover_1,ground_rover,single_ground_robot_delivery_patrol_035_exec_2,inprogress,71.3,9.54,6.47,0.0,null,null,null,null,null
single_ground_robot_delivery_patrol_035,navigate,2026-01-10T22:14:44.000Z,null,rover_1,ground_rover,single_ground_robot_delivery_patrol_035_exec_2,inprogress,70.3,11.93,8.09,0.0,null,null,null,null,null
single_ground_robot_delivery_patrol_035,navigate,2026-01-10T22:15:35.000Z,complete,rover_1,ground_rover,single_ground_robot_delivery_patrol_035_exec_2,done,69.2,14.31,9.71,0.0,null,null,null,null,null
single_ground_robot_delivery_patrol_035,pickup,2026-01-10T22:15:36.000Z,start,rover_1,ground_rover,single_ground_robot_delivery_patrol_035_exec_3,inprogress,69.2,14.31,9.71,0.0,null,null,null,null,null
single_ground_robot_delivery_patrol_035,pickup,2026-01-10T22:15:56.000Z,null,rover_1,ground_rover,single_ground_robot_delivery_patrol_035_exec_3,inprogress,68.8,14.31,9.71,0.0,null,null,null,null,null
single_ground_robot_delivery_patrol_035,pickup,2026-01-10T22:16:17.000Z,complete,rover_1,ground_rover,single_ground_robot_delivery_patrol_035_exec_3,done,68.4,14.31,9.71,0.0,null,null,null,null,null
single_ground_robot_delivery_patrol_035,temporary_stop,2026-01-10T22:16:18.000Z,start,rover_1,ground_rover,single_ground_robot_delivery_patrol_035_exec_4,inprogress,68.4,14.31,9.71,0.0,null,null,null,null,null
single_ground_robot_delivery_patrol_035,temporary_stop,2026-01-10T22:16:49.000Z,null,rover_1,ground_rover,single_ground_robot_delivery_patrol_035_exec_4,inprogress,68.3,14.31,9.71,0.0,null,null,null,null,null
single_ground_robot_delivery_patrol_035,temporary_stop,2026-01-10T22:17:21.000Z,complete,rover_1,ground_rover,single_ground_robot_delivery_patrol_035_exec_4,done,68.1,14.31,9.71,0.0,null,null,null,null,null
single_ground_robot_delivery_patrol_035,navigate,2026-01-10T22:17:22.000Z,start,rover_1,ground_rover,single_ground_robot_delivery_patrol_035_exec_5,inprogress,68.1,14.31,9.71,0.0,null,null,null,null,null
single_ground_robot_delivery_patrol_035,navigate,2026-01-10T22:18:16.000Z,null,rover_1,ground_rover,single_ground_robot_delivery_patrol_035_exec_5,inprogress,67.3,15.34,11.76,0.0,null,null,null,null,null
single_ground_robot_delivery_patrol_035,navigate,2026-01-10T22:19:10.000Z,null,rover_1,ground_rover,single_ground_robot_delivery_patrol_035_exec_5,inprogress,66.6,16.36,13.8,0.0,null,null,null,null,null
single_ground_robot_delivery_patrol_035,navigate,2026-01-10T22:20:04.000Z,null,rover_1,ground_rover,single_ground_robot_delivery_patrol_035_exec_5,inprogress,65.9,17.39,15.85,0.0,null,null,null,null,null
single_ground_robot_delivery_patrol_035,navigate,2026-01-10T22:20:58.000Z,null,rover_1,ground_rover,single_ground_robot_delivery_patrol_035_exec_5,inprogress,65.1,18.42,17.89,0.0,null,null,null,null,null
single_ground_robot_delivery_patrol_035,navigate,2026-01-10T22:21:52.000Z,null,rover_1,ground_rover,single_ground_robot_delivery_patrol_035_exec_5,inprogress,64.4,19.44,19.94,0.0,null,null,null,null,null
single_ground_robot_delivery_patrol_035,navigate,2026-01-10T22:22:51.000Z,complete,rover_1,ground_rover,single_ground_robot_delivery_patrol_035_exec_5,done,63.6,20.47,21.99,0.0,null,null,null,null,null
single_ground_robot_delivery_patrol_035,deliver,2026-01-10T22:22:52.000Z,start,rover_1,ground_rover,single_ground_robot_delivery_patrol_035_exec_6,inprogress,63.6,20.47,21.99,0.0,null,null,null,null,null
single_ground_robot_delivery_patrol_035,deliver,2026-01-10T22:23:50.000Z,complete,rover_1,ground_rover,single_ground_robot_delivery_patrol_035_exec_6,done,62.6,20.47,21.99,0.0,null,null,null,null,null
single_ground_robot_delivery_patrol_035,patrol,2026-01-10T22:23:51.000Z,start,rover_1,ground_rover,single_ground_robot_delivery_patrol_035_exec_7,inprogress,62.6,20.47,21.99,0.0,null,null,null,null,null
single_ground_robot_delivery_patrol_035,patrol,2026-01-10T22:24:36.000Z,null,rover_1,ground_rover,single_ground_robot_delivery_patrol_035_exec_7,inprogress,62.1,19.76,21.24,0.0,null,null,null,null,null
single_ground_robot_delivery_patrol_035,patrol,2026-01-10T22:25:21.000Z,null,rover_1,ground_rover,single_ground_robot_delivery_patrol_035_exec_7,inprogress,61.6,19.06,20.49,0.0,null,null,null,null,null
single_ground_robot_delivery_patrol_035,patrol,2026-01-10T22:26:06.000Z,null,rover_1,ground_rover,single_ground_robot_delivery_patrol_035_exec_7,inprogress,61.0,18.36,19.74,0.0,null,null,null,null,null
single_ground_robot_delivery_patrol_035,patrol,2026-01-10T22:26:53.000Z,complete,rover_1,ground_rover,single_ground_robot_delivery_patrol_035_exec_7,done,60.5,17.65,19.0,0.0,null,null,null,null,null
single_ground_robot_delivery_patrol_035,navigate,2026-01-10T22:26:54.000Z,start,rover_1,ground_rover,single_ground_robot_delivery_patrol_035_exec_8,inprogress,60.5,17.65,19.0,0.0,null,null,null,null,null
single_ground_robot_delivery_patrol_035,navigate,2026-01-10T22:27:53.000Z,null,rover_1,ground_rover,single_ground_robot_delivery_patrol_035_exec_8,inprogress,59.7,14.12,15.2,0.0,null,null,null,null,null
single_ground_robot_delivery_patrol_035,navigate,2026-01-10T22:28:52.000Z,null,rover_1,ground_rover,single_ground_robot_delivery_patrol_035_exec_8,inprogress,59.0,10.59,11.4,0.0,null,null,null,null,null
single_ground_robot_delivery_patrol_035,navigate,2026-01-10T22:29:51.000Z,null,rover_1,ground_rover,single_ground_robot_delivery_patrol_035_exec_8,inprogress,58.2,7.06,7.6,0.0,null,null,null,null,null
single_ground_robot_delivery_patrol_035,navigate,2026-01-10T22:30:50.000Z,null,rover_1,ground_rover,single_ground_robot_delivery_patrol_035_exec_8,inprogress,57.5,3.53,3.8,0.0,null,null,null,null,null
single_ground_robot_delivery_patrol_035,navigate,2026-01-10T22:31:53.000Z,complete,rover_1,ground_rover,single_ground_robot_delivery_patrol_035_exec_8,done,56.7,0.0,0.0,0.0,null,null,null,null,null
single_ground_robot_delivery_patrol_035,dock,2026-01-10T22:31:54.000Z,start,rover_1,ground_rover,single_ground_robot_delivery_patrol_035_exec_9,inprogress,56.7,0.0,0.0,0.0,null,null,null,null,null
single_ground_robot_delivery_patrol_035,dock,2026-01-10T22:32:21.000Z,complete,rover_1,ground_rover,single_ground_robot_delivery_patrol_035_exec_9,done,56.6,0.0,0.0,0.0,null,null,null,null,null
single_ground_robot_delivery_patrol_036,boot,2026-01-10T22:35:00.000Z,start,rover_1,ground_rover,single_ground_robot_delivery_patrol_036_exec_1,inprogress,99.8,0.0,0.0,0.0,null,null,null,null,null
single_ground_robot_delivery_patrol_036,boot,2026-01-10T22:35:36.000Z,complete,rover_1,ground_rover,single_ground_robot_delivery_patrol_036_exec_1,done,99.6,0.0,0.0,0.0,null,null,null,null,null
single_ground_robot_delivery_patrol_036,navigate,2026-01-10T22:35:37.000Z,start,rover_1,ground_rover,single_ground_robot_delivery_patrol_036_exec_2,inprogress,99.6,0.0,0.0,0.0,null,null,null,null,null
single_ground_robot_delivery_patrol_036,navigate,2026-01-10T22:37:13.000Z,null,rover_1,ground_rover,single_ground_robot_delivery_patrol_036_exec_2,inprogress,97.6,3.85,2.52,0.0,null,null,null,null,null
single_ground_robot_delivery_patrol_036,navigate,2026-01-10T22:38:49.000Z,null,rover_1,ground_rover,single_ground_robot_delivery_patrol_036_exec_2,inprogress,95.5,7.69,5.03,0.0,null,null,null,null,null
single_ground_robot_delivery_patrol_036,navigate,2026-01-10T22:40:27.000Z,complete,rover_1,ground_rover,single_ground_robot_delivery_patrol_036_exec_2,done,93.5,11.54,7.55,0.0,null,null,null,null,null
single_ground_robot_delivery_patrol_036,obstacle_avoidance,2026-01-10T22:40:28.000Z,start,rover_1,ground_rover,single_ground_robot_delivery_patrol_036_exec_3,inprogress,93.5,11.54,7.55,0.0,null,null,null,null,null
single_ground_robot_delivery_patrol_036,obstacle_avoidance,2026-01-10T22:40:53.000Z,null,rover_1,ground_rover,single_ground_robot_delivery_patrol_036_exec_3,inprogress,93.0,12.1,8.93,0.0,null,null,null,null,null
single_ground_robot_delivery_patrol_036,obstacle_avoidance,2026-01-10T22:41:18.000Z,null,rover_1,ground_rover,single_ground_robot_delivery_patrol_036_exec_3,inprogress,92.6,12.66,10.31,0.0,null,null,null,null,null
single_ground_robot_delivery_patrol_036,obstacle_avoidance,2026-01-10T22:41:43.000Z,null,rover_1,ground_rover,single_ground_robot_delivery_patrol_036_exec_3,inprogress,92.1,13.22,11.68,0.0,null,null,null,null,null
single_ground_robot_delivery_patrol_036,obstacle_avoidance,2026-01-10T22:42:08.000Z,complete,rover_1,ground_rover,single_ground_robot_delivery_patrol_036_exec_3,done,91.6,13.78,13.06,0.0,null,null,null,null,null
single_ground_robot_delivery_patrol_036,pickup,2026-01-10T22:42:09.000Z,start,rover_1,ground_rover,single_ground_robot_delivery_patrol_036_exec_4,inprogress,91.6,13.78,13.06,0.0,null,null,null,null,null
single_ground_robot_delivery_patrol_036,pickup,2026-01-10T22:42:40.000Z,null,rover_1,ground_rover,single_ground_robot_delivery_patrol_036_exec_4,inprogress,91.1,13.78,13.06,0.0,null,null,null,null,null
single_ground_robot_delivery_patrol_036,pickup,2026-01-10T22:43:11.000Z,complete,rover_1,ground_rover,single_ground_robot_delivery_patrol_036_exec_4,done,90.5,13.78,13.06,0.0,null,null,null,null,null
single_ground_robot_delivery_patrol_036,navigate,2026-01-10T22:43:12.000Z,start,rover_1,ground_rover,single_ground_robot_delivery_patrol_036_exec_5,inprogress,90.5,13.78,13.06,0.0,null,null,null,null,null
single_ground_robot_delivery_patrol_036,navigate,2026-01-10T22:44:02.000Z,null,rover_1,ground_rover,single_ground_robot_delivery_patrol_036_exec_5,inprogress,89.7,15.81,14.1,0.0,null,null,null,null,null
single_ground_robot_delivery_patrol_036,navigate,2026-01-10T22:44:52.000Z,null,rover_1,ground_rover,single_ground_robot_delivery_patrol_036_exec_5,inprogress,88.9,17.84,15.14,0.0,null,null,null,null,null
single_ground_robot_delivery_patrol_036,navigate,2026-01-10T22:45:42.000Z,null,rover_1,ground_rover,single_ground_robot_delivery_patrol_036_exec_5,inprogress,88.0,19.88,16.18,0.0,null,null,null,null,null
single_ground_robot_delivery_patrol_036,navigate,2026-01-10T22:46:32.000Z,null,rover_1,ground_rover,single_ground_robot_delivery_patrol_036_exec_5,inprogress,87.2,21.91,17.22,0.0,null,null,null,null,null
single_ground_robot_delivery_patrol_036,navigate,2026-01-10T22:47:22.000Z,null,rover_1,ground_rover,single_ground_robot_delivery_patrol_036_exec_5,inprogress,86.3,23.95,18.26,0.0,null,null,null,null,null
single_ground_robot_delivery_patrol_036,navigate,2026-01-10T22:48:12.000Z,complete,rover_1,ground_rover,single_ground_robot_delivery_patrol_036_exec_5,done,85.5,25.98,19.3,0.0,null,null,null,null,null
single_ground_robot_delivery_patrol_036,deliver,2026-01-10T22:48:13.000Z,start,rover_1,ground_rover,single_ground_robot_delivery_patrol_036_exec_6,inprogress,85.5,25.98,19.3,0.0,null,null,null,null,null
single_ground_robot_delivery_patrol_036,deliver,2026-01-10T22:48:32.000Z,null,rover_1,ground_rover,single_ground_robot_delivery_patrol_036_exec_6,inprogress,85.3,25.98,19.3,0.0,null,null,null,null,null
single_ground_robot_delivery_patrol_036,deliver,2026-01-10T22:48:52.000Z,complete,rover_1,ground_rover,single_ground_robot_delivery_patrol_036_exec_6,done,85.1,25.98,19.3,0.0,null,null,null,null,null
single_ground_robot_delivery_patrol_036,patrol,2026-01-10T22:48:53.000Z,start,rover_1,ground_rover,single_ground_robot_delivery_patrol_036_exec_7,inprogress,85.1,25.98,19.3,0.0,null,null,null,null,null
single_ground_robot_delivery_patrol_036,patrol,2026-01-10T22:49:53.000Z,null,rover_1,ground_rover,single_ground_robot_delivery_patrol_036_exec_7,inprogress,84.2,25.71,20.27,0.0,null,null,null,null,null
single_ground_robot_delivery_patrol_036,patrol,2026-01-10T22:50:54.000Z,complete,rover_1,ground_rover,single_ground_robot_delivery_patrol_036_exec_7,done,83.4,25.44,21.25,0.0,null,null,null,null,null
single_ground_robot_delivery_patrol_036,navigate,2026-01-10T22:50:55.000Z,start,rover_1,ground_rover,single_ground_robot_delivery_patrol_036_exec_8,inprogress,83.4,25.44,21.25,0.0,null,null,null,null,null
single_ground_robot_delivery_patrol_036,navigate,2026-01-10T22:51:31.000Z,null,rover_1,ground_rover,single_ground_robot_delivery_patrol_036_exec_8,inprogress,83.0,20.35,17.0,0.0,null,null,null,null,null
single_ground_robot_delivery_patrol_036,navigate,2026-01-10T22:52:07.000Z,null,rover_1,ground_rover,single_ground_robot_delivery_patrol_036_exec_8,inprogress,82.5,15.26,12.75,0.0,null,null,null,null,null
single_ground_robot_delivery_patrol_036,navigate,2026-01-10T22:52:43.000Z,null,rover_1,ground_rover,single_ground_robot_delivery_patrol_036_exec_8,inprogress,82.1,10.17,8.5,0.0,null,null,null,null,null
single_ground_robot_delivery_patrol_036,navigate,2026-01-10T22:53:19.000Z,null,rover_1,ground_rover,single_ground_robot_delivery_patrol_036_exec_8,inprogress,81.7,5.09,4.25,0.0,null,null,null,null,null
single_ground_robot_delivery_patrol_036,navigate,2026-01-10T22:53:58.000Z,complete,rover_1,ground_rover,single_ground_robot_delivery_patrol_036_exec_8,done,81.2,0.0,0.0,0.0,null,null,null,null,null
single_ground_robot_delivery_patrol_036,dock,2026-01-10T22:53:59.000Z,start,rover_1,ground_rover,single_ground_robot_delivery_patrol_036_exec_9,inprogress,81.2,0.0,0.0,0.0,null,null,null,null,null
single_ground_robot_delivery_patrol_036,dock,2026-01-10T22:54:31.000Z,complete,rover_1,ground_rover,single_ground_robot_delivery_patrol_036_exec_9,done,81.1,0.0,0.0,0.0,null,null,null,null,null
single_ground_robot_delivery_patrol_037,boot,2026-01-10T23:00:00.000Z,start,rover_1,ground_rover,single_ground_robot_delivery_patrol_037_exec_1,inprogress,87.7,0.0,0.0,0.0,null,null,null,null,null
single_ground_robot_delivery_patrol_037,boot,2026-01-10T23:00:41.000Z,complete,rover_1,ground_rover,single_ground_robot_delivery_patrol_037_exec_1,done,87.5,0.0,0.0,0.0,null,null,null,null,null
single_ground_robot_delivery_patrol_037,navigate,2026-01-10T23:00:42.000Z,start,rover_1,ground_rover,single_ground_robot_delivery_patrol_037_exec_2,inprogress,87.5,0.0,0.0,0.0,null,null,null,null,null
single_ground_robot_delivery_patrol_037,navigate,2026-01-10T23:01:40.000Z,null,rover_1,ground_rover,single_ground_robot_delivery_patrol_037_exec_2,inprogress,86.4,1.58,1.03,0.0,null,null,null,null,null
single_ground_robot_delivery_patrol_037,navigate,2026-01-10T23:02:38.000Z,null,rover_1,ground_rover,single_ground_robot_delivery_patrol_037_exec_2,inprogress,85.4,3.16,2.06,0.0,null,null,null,null,null
single_ground_robot_delivery_patrol_037,navigate,2026-01-10T23:03:36.000Z,null,rover_1,ground_rover,single_ground_robot_delivery_patrol_037_exec_2,inprogress,84.3,4.73,3.09,0.0,null,null,null,null,null
single_ground_robot_delivery_patrol_037,navigate,2026-01-10T23:04:34.000Z,null,rover_1,ground_rover,single_ground_robot_delivery_patrol_037_exec_2,inprogress,83.2,6.31,4.12,0.0,null,null,null,null,null
single_ground_robot_delivery_patrol_037,navigate,2026-01-10T23:05:32.000Z,null,rover_1,ground_rover,single_ground_robot_delivery_patrol_037_exec_2,inprogress,82.1,7.89,5.15,0.0,null,null,null,null,null
single_ground_robot_delivery_patrol_037,navigate,2026-01-10T23:06:32.000Z,complete,rover_1,ground_rover,single_ground_robot_delivery_patrol_037_exec_2,done,81.1,9.47,6.18,0.0,null,null,null,null,null
single_ground_robot_delivery_patrol_037,pickup,2026-01-10T23:06:33.000Z,start,rover_1,ground_rover,single_ground_robot_delivery_patrol_037_exec_3,inprogress,81.1,9.47,6.18,0.0,null,null,null,null,null
single_ground_robot_delivery_patrol_037,pickup,2026-01-10T23:06:59.000Z,null,rover_1,ground_rover,single_ground_robot_delivery_patrol_037_exec_3,inprogress,80.7,9.47,6.18,0.0,null,null,null,null,null
single_ground_robot_delivery_patrol_037,pickup,2026-01-10T23:07:26.000Z,complete,rover_1,ground_rover,single_ground_robot_delivery_patrol_037_exec_3,done,80.4,9.47,6.18,0.0,null,null,null,null,null
single_ground_robot_delivery_patrol_037,navigate,2026-01-10T23:07:27.000Z,start,rover_1,ground_rover,single_ground_robot_delivery_patrol_037_exec_4,inprogress,80.4,9.47,6.18,0.0,null,null,null,null,null
single_ground_robot_delivery_patrol_037,navigate,2026-01-10T23:08:16.000Z,null,rover_1,ground_rover,single_ground_robot_delivery_patrol_037_exec_4,inprogress,79.7,7.57,4.95,0.0,null,null,null,null,null
single_ground_robot_delivery_patrol_037,navigate,2026-01-10T23:09:05.000Z,null,rover_1,ground_rover,single_ground_robot_delivery_patrol_037_exec_4,inprogress,79.0,5.68,3.71,0.0,null,null,null,null,null
single_ground_robot_delivery_patrol_037,navigate,2026-01-10T23:09:54.000Z,null,rover_1,ground_rover,single_ground_robot_delivery_patrol_037_exec_4,inprogress,78.3,3.79,2.47,0.0,null,null,null,null,null
single_ground_robot_delivery_patrol_037,navigate,2026-01-10T23:10:43.000Z,null,rover_1,ground_rover,single_ground_robot_delivery_patrol_037_exec_4,inprogress,77.6,1.89,1.24,0.0,null,null,null,null,null
single_ground_robot_delivery_patrol_037,navigate,2026-01-10T23:11:35.000Z,complete,rover_1,ground_rover,single_ground_robot_delivery_patrol_037_exec_4,done,77.0,0.0,0.0,0.0,null,null,null,null,null
single_ground_robot_delivery_patrol_037,dock,2026-01-10T23:11:36.000Z,start,rover_1,ground_rover,single_ground_robot_delivery_patrol_037_exec_5,inprogress,77.0,0.0,0.0,0.0,null,null,null,null,null
single_ground_robot_delivery_patrol_037,dock,2026-01-10T23:12:04.000Z,complete,rover_1,ground_rover,single_ground_robot_delivery_patrol_037_exec_5,done,76.9,0.0,0.0,0.0,null,null,null,null,null
single_ground_robot_delivery_patrol_037,recharge,2026-01-10T23:12:05.000Z,start,rover_1,ground_rover,single_ground_robot_delivery_patrol_037_exec_6,inprogress,76.9,0.0,0.0,0.0,null,null,null,null,null
single_ground_robot_delivery_patrol_037,recharge,2026-01-10T23:13:53.000Z,null,rover_1,ground_rover,single_ground_robot_delivery_patrol_037_exec_6,inprogress,76.9,0.0,0.0,0.0,null,null,null,null,null
single_ground_robot_delivery_patrol_037,recharge,2026-01-10T23:15:41.000Z,null,rover_1,ground_rover,single_ground_robot_delivery_patrol_037_exec_6,inprogress,76.9,0.0,0.0,0.0,null,null,null,null,null
single_ground_robot_delivery_patrol_037,recharge,2026-01-10T23:17:31.000Z,complete,rover_1,ground_rover,single_ground_robot_delivery_patrol_037_exec_6,done,76.9,0.0,0.0,0.0,null,null,null,null,null
single_ground_robot_delivery_patrol_037,navigate,2026-01-10T23:17:32.000Z,start,rover_1,ground_rover,single_ground_robot_delivery_patrol_037_exec_7,inprogress,92.9,0.0,0.0,0.0,null,null,null,null,null
single_ground_robot_delivery_patrol_037,navigate,2026-01-10T23:19:26.000Z,null,rover_1,ground_rover,single_ground_robot_delivery_patrol_037_exec_7,inprogress,91.2,9.95,4.75,0.0,null,null,null,null,null
single_ground_robot_delivery_patrol_037,navigate,2026-01-10T23:21:20.000Z,null,rover_1,ground_rover,single_ground_robot_delivery_patrol_037_exec_7,inprogress,89.6,19.9,9.49,0.0,null,null,null,null,null
single_ground_robot_delivery_patrol_037,navigate,2026-01-10T23:23:15.000Z,complete,rover_1,ground_rover,single_ground_robot_delivery_patrol_037_exec_7,done,87.9,29.85,14.24,0.0,null,null,null,null,null
single_ground_robot_delivery_patrol_037,deliver,2026-01-10T23:23:16.000Z,start,rover_1,ground_rover,single_ground_robot_delivery_patrol_037_exec_8,inprogress,87.9,29.85,14.24,0.0,null,null,null,null,null
single_ground_robot_delivery_patrol_037,deliver,2026-01-10T23:24:03.000Z,complete,rover_1,ground_rover,single_ground_robot_delivery_patrol_037_exec_8,done,87.4,29.85,14.24,0.0,null,null,null,null,null
single_ground_robot_delivery_patrol_037,patrol,2026-01-10T23:24:04.000Z,start,rover_1,ground_rover,single_ground_robot_delivery_patrol_037_exec_9,inprogress,87.4,29.85,14.24,0.0,null,null,null,null,null
single_ground_robot_delivery_patrol_037,patrol,2026-01-10T23:25:03.000Z,null,rover_1,ground_rover,single_ground_robot_delivery_patrol_037_exec_9,inprogress,86.9,29.45,13.39,0.0,null,null,null,null,null
single_ground_robot_delivery_patrol_037,patrol,2026-01-10T23:26:02.000Z,null,rover_1,ground_rover,single_ground_robot_delivery_patrol_037_exec_9,inprogress,86.5,29.06,12.54,0.0,null,null,null,null,null
single_ground_robot_delivery_patrol_037,patrol,2026-01-10T23:27:03.000Z,complete,rover_1,ground_rover,single_ground_robot_delivery_patrol_037_exec_9,done,86.1,28.66,11.69,0.0,null,null,null,null,null
single_ground_robot_delivery_patrol_037,navigate,2026-01-10T23:27:04.000Z,start,rover_1,ground_rover,single_ground_robot_delivery_patrol_037_exec_10,inprogress,86.1,28.66,11.69,0.0,null,null,null,null,null
single_ground_robot_delivery_patrol_037,navigate,2026-01-10T23:28:28.000Z,null,rover_1,ground_rover,single_ground_robot_delivery_patrol_037_exec_10,inprogress,85.3,19.11,7.8,0.0,null,null,null,null,null
single_ground_robot_delivery_patrol_037,navigate,2026-01-10T23:29:52.000Z,null,rover_1,ground_rover,single_ground_robot_delivery_patrol_037_exec_10,inprogress,84.5,9.55,3.9,0.0,null,null,null,null,null
single_ground_robot_delivery_patrol_037,navigate,2026-01-10T23:31:16.000Z,complete,rover_1,ground_rover,single_ground_robot_delivery_patrol_037_exec_10,done,83.8,0.0,0.0,0.0,null,null,null,null,null
single_ground_robot_delivery_patrol_037,dock,2026-01-10T23:31:17.000Z,start,rover_1,ground_rover,single_ground_robot_delivery_patrol_037_exec_11,inprogress,83.8,0.0,0.0,0.0,null,null,null,null,null
single_ground_robot_delivery_patrol_037,dock,2026-01-10T23:31:52.000Z,complete,rover_1,ground_rover,single_ground_robot_delivery_patrol_037_exec_11,done,83.7,0.0,0.0,0.0,null,null,null,null,null
single_ground_robot_delivery_patrol_038,boot,2026-01-10T23:25:00.000Z,start,rover_1,ground_rover,single_ground_robot_delivery_patrol_038_exec_1,inprogress,99.2,0.0,0.0,0.0,null,null,null,null,null
single_ground_robot_delivery_patrol_038,boot,2026-01-10T23:25:22.000Z,complete,rover_1,ground_rover,single_ground_robot_delivery_patrol_038_exec_1,done,99.0,0.0,0.0,0.0,null,null,null,null,null
single_ground_robot_delivery_patrol_038,navigate,2026-01-10T23:25:23.000Z,start,rover_1,ground_rover,single_ground_robot_delivery_patrol_038_exec_2,inprogress,99.0,0.0,0.0,0.0,null,null,null,null,null
single_ground_robot_delivery_patrol_038,navigate,2026-01-10T23:26:10.000Z,null,rover_1,ground_rover,single_ground_robot_delivery_patrol_038_exec_2,inprogress,98.3,2.83,0.82,0.0,null,null,null,null,null
single_ground_robot_delivery_patrol_038,navigate,2026-01-10T23:26:57.000Z,null,rover_1,ground_rover,single_ground_robot_delivery_patrol_038_exec_2,inprogress,97.6,5.65,1.65,0.0,null,null,null,null,null
single_ground_robot_delivery_patrol_038,navigate,2026-01-10T23:27:44.000Z,null,rover_1,ground_rover,single_ground_robot_delivery_patrol_038_exec_2,inprogress,96.8,8.48,2.47,0.0,null,null,null,null,null
single_ground_robot_delivery_patrol_038,navigate,2026-01-10T23:28:31.000Z,null,rover_1,ground_rover,single_ground_robot_delivery_patrol_038_exec_2,inprogress,96.1,11.3,3.29,0.0,null,null,null,null,null
single_ground_robot_delivery_patrol_038,navigate,2026-01-10T23:29:18.000Z,null,rover_1,ground_rover,single_ground_robot_delivery_patrol_038_exec_2,inprogress,95.4,14.13,4.11,0.0,null,null,null,null,null
single_ground_robot_delivery_patrol_038,navigate,2026-01-10T23:30:10.000Z,complete,rover_1,ground_rover,single_ground_robot_delivery_patrol_038_exec_2,done,94.6,16.95,4.94,0.0,null,null,null,null,null
single_ground_robot_delivery_patrol_038,pickup,2026-01-10T23:30:11.000Z,start,rover_1,ground_rover,single_ground_robot_delivery_patrol_038_exec_3,inprogress,94.6,16.95,4.94,0.0,null,null,null,null,null
single_ground_robot_delivery_patrol_038,pickup,2026-01-10T23:31:06.000Z,complete,rover_1,ground_rover,single_ground_robot_delivery_patrol_038_exec_3,done,93.5,16.95,4.94,0.0,null,null,null,null,null
single_ground_robot_delivery_patrol_038,patrol,2026-01-10T23:31:07.000Z,start,rover_1,ground_rover,single_ground_robot_delivery_patrol_038_exec_4,inprogress,93.5,16.95,4.94,0.0,null,null,null,null,null
single_ground_robot_delivery_patrol_038,patrol,2026-01-10T23:31:32.000Z,null,rover_1,ground_rover,single_ground_robot_delivery_patrol_038_exec_4,inprogress,93.1,17.51,5.1,0.0,null,null,null,null,null
single_ground_robot_delivery_patrol_038,patrol,2026-01-10T23:31:57.000Z,null,rover_1,ground_rover,single_ground_robot_delivery_patrol_038_exec_4,inprogress,92.6,18.08,5.27,0.0,null,null,null,null,null
single_ground_robot_delivery_patrol_038,patrol,2026-01-10T23:32:22.000Z,null,rover_1,ground_rover,single_ground_robot_delivery_patrol_038_exec_4,inprogress,92.1,18.64,5.43,0.0,null,null,null,null,null
single_ground_robot_delivery_patrol_038,patrol,2026-01-10T23:32:49.000Z,complete,rover_1,ground_rover,single_ground_robot_delivery_patrol_038_exec_4,done,91.6,19.2,5.59,0.0,null,null,null,null,null
single_ground_robot_delivery_patrol_038,navigate,2026-01-10T23:32:50.000Z,start,rover_1,ground_rover,single_ground_robot_delivery_patrol_038_exec_5,inprogress,91.6,19.2,5.59,0.0,null,null,null,null,null
single_ground_robot_delivery_patrol_038,navigate,2026-01-10T23:33:51.000Z,null,rover_1,ground_rover,single_ground_robot_delivery_patrol_038_exec_5,inprogress,90.7,20.6,7.31,0.0,null,null,null,null,null
single_ground_robot_delivery_patrol_038,navigate,2026-01-10T23:34:52.000Z,null,rover_1,ground_rover,single_ground_robot_delivery_patrol_038_exec_5,inprogress,89.8,22.0,9.02,0.0,null,null,null,null,null
single_ground_robot_delivery_patrol_038,navigate,2026-01-10T23:35:53.000Z,null,rover_1,ground_rover,single_ground_robot_delivery_patrol_038_exec_5,inprogress,88.9,23.41,10.73,0.0,null,null,null,null,null
single_ground_robot_delivery_patrol_038,navigate,2026-01-10T23:36:54.000Z,null,rover_1,ground_rover,single_ground_robot_delivery_patrol_038_exec_5,inprogress,88.1,24.81,12.44,0.0,null,null,null,null,null
single_ground_robot_delivery_patrol_038,navigate,2026-01-10T23:37:58.000Z,complete,rover_1,ground_rover,single_ground_robot_delivery_patrol_038_exec_5,done,87.2,26.21,14.16,0.0,null,null,null,null,null
single_ground_robot_delivery_patrol_038,deliver,2026-01-10T23:37:59.000Z,start,rover_1,ground_rover,single_ground_robot_delivery_patrol_038_exec_6,inprogress,87.2,26.21,14.16,0.0,null,null,null,null,null
single_ground_robot_delivery_patrol_038,deliver,2026-01-10T23:38:32.000Z,null,rover_1,ground_rover,single_ground_robot_delivery_patrol_038_exec_6,inprogress,86.8,26.21,14.16,0.0,null,null,null,null,null
single_ground_robot_delivery_patrol_038,deliver,2026-01-10T23:39:06.000Z,complete,rover_1,ground_rover,single_ground_robot_delivery_patrol_038_exec_6,done,86.4,26.21,14.16,0.0,null,null,null,null,null
single_ground_robot_delivery_patrol_038,patrol,2026-01-10T23:39:07.000Z,start,rover_1,ground_rover,single_ground_robot_delivery_patrol_038_exec_7,inprogress,86.4,26.21,14.16,0.0,null,null,null,null,null
single_ground_robot_delivery_patrol_038,patrol,2026-01-10T23:40:36.000Z,null,rover_1,ground_rover,single_ground_robot_delivery_patrol_038_exec_7,inprogress,85.8,25.09,16.09,0.0,null,null,null,null,null
single_ground_robot_delivery_patrol_038,patrol,2026-01-10T23:42:05.000Z,complete,rover_1,ground_rover,single_ground_robot_delivery_patrol_038_exec_7,done,85.3,23.98,18.03,0.0,null,null,null,null,null
single_ground_robot_delivery_patrol_038,navigate,2026-01-10T23:42:06.000Z,start,rover_1,ground_rover,single_ground_robot_delivery_patrol_038_exec_8,inprogress,85.3,23.98,18.03,0.0,null,null,null,null,null
single_ground_robot_delivery_patrol_038,navigate,2026-01-10T23:42:56.000Z,null,rover_1,ground_rover,single_ground_robot_delivery_patrol_038_exec_8,inprogress,84.2,17.98,13.52,0.0,null,null,null,null,null
single_ground_robot_delivery_patrol_038,navigate,2026-01-10T23:43:46.000Z,null,rover_1,ground_rover,single_ground_robot_delivery_patrol_038_exec_8,inprogress,83.1,11.99,9.02,0.0,null,null,null,null,null
single_ground_robot_delivery_patrol_038,navigate,2026-01-10T23:44:36.000Z,null,rover_1,ground_rover,single_ground_robot_delivery_patrol_038_exec_8,inprogress,82.0,5.99,4.51,0.0,null,null,null,null,null
single_ground_robot_delivery_patrol_038,navigate,2026-01-10T23:45:28.000Z,complete,rover_1,ground_rover,single_ground_robot_delivery_patrol_038_exec_8,done,80.9,0.0,0.0,0.0,null,null,null,null,null
single_ground_robot_delivery_patrol_038,dock,2026-01-10T23:45:29.000Z,start,rover_1,ground_rover,single_ground_robot_delivery_patrol_038_exec_9,inprogress,80.9,0.0,0.0,0.0,null,null,null,null,null
single_ground_robot_delivery_patrol_038,dock,2026-01-10T23:45:48.000Z,complete,rover_1,ground_rover,single_ground_robot_delivery_patrol_038_exec_9,done,80.8,0.0,0.0,0.0,null,null,null,null,null
single_ground_robot_delivery_patrol_039,boot,2026-01-10T23:50:00.000Z,start,rover_1,ground_rover,single_ground_robot_delivery_patrol_039_exec_1,inprogress,93.4,0.0,0.0,0.0,null,null,null,null,null
single_ground_robot_delivery_patrol_039,boot,2026-01-10T23:50:29.000Z,complete,rover_1,ground_rover,single_ground_robot_delivery_patrol_039_exec_1,done,93.2,0.0,0.0,0.0,null,null,null,null,null
single_ground_robot_delivery_patrol_039,navigate,2026-01-10T23:50:30.000Z,start,rover_1,ground_rover,single_ground_robot_delivery_patrol_039_exec_2,inprogress,93.2,0.0,0.0,0.0,null,null,null,null,null
single_ground_robot_delivery_patrol_039,navigate,2026-01-10T23:51:31.000Z,null,rover_1,ground_rover,single_ground_robot_delivery_patrol_039_exec_2,inprogress,92.6,1.99,0.51,0.0,null,null,null,null,null
single_ground_robot_delivery_patrol_039,navigate,2026-01-10T23:52:32.000Z,null,rover_1,ground_rover,single_ground_robot_delivery_patrol_039_exec_2,inprogress,92.0,3.98,1.02,0.0,null,null,null,null,null
single_ground_robot_delivery_patrol_039,navigate,2026-01-10T23:53:33.000Z,null,rover_1,ground_rover,single_ground_robot_delivery_patrol_039_exec_2,inprogress,91.3,5.97,1.53,0.0,null,null,null,null,null
single_ground_robot_delivery_patrol_039,navigate,2026-01-10T23:54:34.000Z,null,rover_1,ground_rover,single_ground_robot_delivery_patrol_039_exec_2,inprogress,90.7,7.96,2.05,0.0,null,null,null,null,null
single_ground_robot_delivery_patrol_039,navigate,2026-01-10T23:55:35.000Z,null,rover_1,ground_rover,single_ground_robot_delivery_patrol_039_exec_2,inprogress,90.1,9.95,2.56,0.0,null,null,null,null,null
single_ground_robot_delivery_patrol_039,navigate,2026-01-10T23:56:41.000Z,complete,rover_1,ground_rover,single_ground_robot_delivery_patrol_039_exec_2,done,89.5,11.94,3.07,0.0,null,null,null,null,null
single_ground_robot_delivery_patrol_039,pickup,2026-01-10T23:56:42.000Z,start,rover_1,ground_rover,single_ground_robot_delivery_patrol_039_exec_3,inprogress,89.5,11.94,3.07,0.0,null,null,null,null,null
single_ground_robot_delivery_patrol_039,pickup,2026-01-10T23:58:02.000Z,complete,rover_1,ground_rover,single_ground_robot_delivery_patrol_039_exec_3,done,88.7,11.94,3.07,0.0,null,null,null,null,null
single_ground_robot_delivery_patrol_039,navigate,2026-01-10T23:58:03.000Z,start,rover_1,ground_rover,single_ground_robot_delivery_patrol_039_exec_4,inprogress,88.7,11.94,3.07,0.0,null,null,null,null,null
single_ground_robot_delivery_patrol_039,navigate,2026-01-10T23:58:38.000Z,null,rover_1,ground_rover,single_ground_robot_delivery_patrol_039_exec_4,inprogress,87.5,8.95,2.3,0.0,null,null,null,null,null
single_ground_robot_delivery_patrol_039,navigate,2026-01-10T23:59:13.000Z,null,rover_1,ground_rover,single_ground_robot_delivery_patrol_039_exec_4,inprogress,86.3,5.97,1.53,0.0,null,null,null,null,null
single_ground_robot_delivery_patrol_039,navigate,2026-01-10T23:59:48.000Z,null,rover_1,ground_rover,single_ground_robot_delivery_patrol_039_exec_4,inprogress,85.1,2.98,0.77,0.0,null,null,null,null,null
single_ground_robot_delivery_patrol_039,navigate,2026-01-11T00:00:25.000Z,complete,rover_1,ground_rover,single_ground_robot_delivery_patrol_039_exec_4,done,83.9,0.0,0.0,0.0,null,null,null,null,null
single_ground_robot_delivery_patrol_039,dock,2026-01-11T00:00:26.000Z,start,rover_1,ground_rover,single_ground_robot_delivery_patrol_039_exec_5,inprogress,83.9,0.0,0.0,0.0,null,null,null,null,null
single_ground_robot_delivery_patrol_039,dock,2026-01-11T00:00:56.000Z,complete,rover_1,ground_rover,single_ground_robot_delivery_patrol_039_exec_5,done,83.8,0.0,0.0,0.0,null,null,null,null,null
single_ground_robot_delivery_patrol_039,recharge,2026-01-11T00:00:57.000Z,start,rover_1,ground_rover,single_ground_robot_delivery_patrol_039_exec_6,inprogress,83.8,0.0,0.0,0.0,null,null,null,null,null
single_ground_robot_delivery_patrol_039,recharge,2026-01-11T00:02:18.000Z,null,rover_1,ground_rover,single_ground_robot_delivery_patrol_039_exec_6,inprogress,83.8,0.0,0.0,0.0,null,null,null,null,null
single_ground_robot_delivery_patrol_039,recharge,2026-01-11T00:03:39.000Z,null,rover_1,ground_rover,single_ground_robot_delivery_patrol_039_exec_6,inprogress,83.8,0.0,0.0,0.0,null,null,null,null,null
single_ground_robot_delivery_patrol_039,recharge,2026-01-11T00:05:00.000Z,null,rover_1,ground_rover,single_ground_robot_delivery_patrol_039_exec_6,inprogress,83.8,0.0,0.0,0.0,null,null,null,null,null
single_ground_robot_delivery_patrol_039,recharge,2026-01-11T00:06:24.000Z,complete,rover_1,ground_rover,single_ground_robot_delivery_patrol_039_exec_6,done,83.8,0.0,0.0,0.0,null,null,null,null,null
single_ground_robot_delivery_patrol_039,navigate,2026-01-11T00:06:25.000Z,start,rover_1,ground_rover,single_ground_robot_delivery_patrol_039_exec_7,inprogress,89.2,0.0,0.0,0.0,null,null,null,null,null
single_ground_robot_delivery_patrol_039,navigate,2026-01-11T00:07:26.000Z,null,rover_1,ground_rover,single_ground_robot_delivery_patrol_039_exec_7,inprogress,88.4,4.22,4.12,0.0,null,null,null,null,null
single_ground_robot_delivery_patrol_039,navigate,2026-01-11T00:08:27.000Z,null,rover_1,ground_rover,single_ground_robot_delivery_patrol_039_exec_7,inprogress,87.7,8.43,8.25,0.0,null,null,null,null,null
single_ground_robot_delivery_patrol_039,navigate,2026-01-11T00:09:28.000Z,null,rover_1,ground_rover,single_ground_robot_delivery_patrol_039_exec_7,inprogress,86.9,12.65,12.37,0.0,null,null,null,null,null
single_ground_robot_delivery_patrol_039,navigate,2026-01-11T00:10:29.000Z,null,rover_1,ground_rover,single_ground_robot_delivery_patrol_039_exec_7,inprogress,86.1,16.86,16.49,0.0,null,null,null,null,null
single_ground_robot_delivery_patrol_039,navigate,2026-01-11T00:11:31.000Z,complete,rover_1,ground_rover,single_ground_robot_delivery_patrol_039_exec_7,done,85.4,21.08,20.62,0.0,null,null,null,null,null
single_ground_robot_delivery_patrol_039,deliver,2026-01-11T00:11:32.000Z,start,rover_1,ground_rover,single_ground_robot_delivery_patrol_039_exec_8,inprogress,85.4,21.08,20.62,0.0,null,null,null,null,null
single_ground_robot_delivery_patrol_039,deliver,2026-01-11T00:11:47.000Z,null,rover_1,ground_rover,single_ground_robot_delivery_patrol_039_exec_8,inprogress,85.1,21.08,20.62,0.0,null,null,null,null,null
single_ground_robot_delivery_patrol_039,deliver,2026-01-11T00:12:03.000Z,complete,rover_1,ground_rover,single_ground_robot_delivery_patrol_039_exec_8,done,84.9,21.08,20.62,0.0,null,null,null,null,null
single_ground_robot_delivery_patrol_039,patrol,2026-01-11T00:12:04.000Z,start,rover_1,ground_rover,single_ground_robot_delivery_patrol_039_exec_9,inprogress,84.9,21.08,20.62,0.0,null,null,null,null,null
single_ground_robot_delivery_patrol_039,patrol,2026-01-11T00:12:58.000Z,null,rover_1,ground_rover,single_ground_robot_delivery_patrol_039_exec_9,inprogress,84.2,21.92,19.79,0.0,null,null,null,null,null
single_ground_robot_delivery_patrol_039,patrol,2026-01-11T00:13:52.000Z,null,rover_1,ground_rover,single_ground_robot_delivery_patrol_039_exec_9,inprogress,83.6,22.76,18.97,0.0,null,null,null,null,null
single_ground_robot_delivery_patrol_039,patrol,2026-01-11T00:14:46.000Z,null,rover_1,ground_rover,single_ground_robot_delivery_patrol_039_exec_9,inprogress,83.0,23.6,18.15,0.0,null,null,null,null,null
single_ground_robot_delivery_patrol_039,patrol,2026-01-11T00:15:41.000Z,complete,rover_1,ground_rover,single_ground_robot_delivery_patrol_039_exec_9,done,82.3,24.44,17.32,0.0,null,null,null,null,null
single_ground_robot_delivery_patrol_039,navigate,2026-01-11T00:15:42.000Z,start,rover_1,ground_rover,single_ground_robot_delivery_patrol_039_exec_10,inprogress,82.3,24.44,17.32,0.0,null,null,null,null,null
single_ground_robot_delivery_patrol_039,navigate,2026-01-11T00:16:35.000Z,null,rover_1,ground_rover,single_ground_robot_delivery_patrol_039_exec_10,inprogress,81.5,18.33,12.99,0.0,null,null,null,null,null
single_ground_robot_delivery_patrol_039,navigate,2026-01-11T00:17:28.000Z,null,rover_1,ground_rover,single_ground_robot_delivery_patrol_039_exec_10,inprogress,80.6,12.22,8.66,0.0,null,null,null,null,null
single_ground_robot_delivery_patrol_039,navigate,2026-01-11T00:18:21.000Z,null,rover_1,ground_rover,single_ground_robot_delivery_patrol_039_exec_10,inprogress,79.7,6.11,4.33,0.0,null,null,null,null,null
single_ground_robot_delivery_patrol_039,navigate,2026-01-11T00:19:14.000Z,complete,rover_1,ground_rover,single_ground_robot_delivery_patrol_039_exec_10,done,78.9,0.0,0.0,0.0,null,null,null,null,null
single_ground_robot_delivery_patrol_039,dock,2026-01-11T00:19:15.000Z,start,rover_1,ground_rover,single_ground_robot_delivery_patrol_039_exec_11,inprogress,78.9,0.0,0.0,0.0,null,null,null,null,null
single_ground_robot_delivery_patrol_039,dock,2026-01-11T00:19:46.000Z,complete,rover_1,ground_rover,single_ground_robot_delivery_patrol_039_exec_11,done,78.8,0.0,0.0,0.0,null,null,null,null,null
single_ground_robot_delivery_patrol_040,boot,2026-01-11T00:15:00.000Z,start,rover_1,ground_rover,single_ground_robot_delivery_patrol_040_exec_1,inprogress,74.2,0.0,0.0,0.0,null,null,null,null,null
single_ground_robot_delivery_patrol_040,boot,2026-01-11T00:15:29.000Z,complete,rover_1,ground_rover,single_ground_robot_delivery_patrol_040_exec_1,done,74.0,0.0,0.0,0.0,null,null,null,null,null
single_ground_robot_delivery_patrol_040,navigate,2026-01-11T00:15:30.000Z,start,rover_1,ground_rover,single_ground_robot_delivery_patrol_040_exec_2,inprogress,74.0,0.0,0.0,0.0,null,null,null,null,null
single_ground_robot_delivery_patrol_040,navigate,2026-01-11T00:17:04.000Z,null,rover_1,ground_rover,single_ground_robot_delivery_patrol_040_exec_2,inprogress,73.2,4.24,1.25,0.0,null,null,null,null,null
single_ground_robot_delivery_patrol_040,navigate,2026-01-11T00:18:38.000Z,null,rover_1,ground_rover,single_ground_robot_delivery_patrol_040_exec_2,inprogress,72.3,8.47,2.5,0.0,null,null,null,null,null
single_ground_robot_delivery_patrol_040,navigate,2026-01-11T00:20:12.000Z,null,rover_1,ground_rover,single_ground_robot_delivery_patrol_040_exec_2,inprogress,71.5,12.71,3.75,0.0,null,null,null,null,null
single_ground_robot_delivery_patrol_040,navigate,2026-01-11T00:21:49.000Z,complete,rover_1,ground_rover,single_ground_robot_delivery_patrol_040_exec_2,done,70.7,16.95,4.99,0.0,null,null,null,null,null
single_ground_robot_delivery_patrol_040,pickup,2026-01-11T00:21:50.000Z,start,rover_1,ground_rover,single_ground_robot_delivery_patrol_040_exec_3,inprogress,70.7,16.95,4.99,0.0,null,null,null,null,null
single_ground_robot_delivery_patrol_040,pickup,2026-01-11T00:22:58.000Z,complete,rover_1,ground_rover,single_ground_robot_delivery_patrol_040_exec_3,done,69.6,16.95,4.99,0.0,null,null,null,null,null
single_ground_robot_delivery_patrol_040,navigate,2026-01-11T00:22:59.000Z,start,rover_1,ground_rover,single_ground_robot_delivery_patrol_040_exec_4,inprogress,69.6,16.95,4.99,0.0,null,null,null,null,null
single_ground_robot_delivery_patrol_040,navigate,2026-01-11T00:23:50.000Z,null,rover_1,ground_rover,single_ground_robot_delivery_patrol_040_exec_4,inprogress,68.6,20.02,8.03,0.0,null,null,null,null,null
single_ground_robot_delivery_patrol_040,navigate,2026-01-11T00:24:41.000Z,null,rover_1,ground_rover,single_ground_robot_delivery_patrol_040_exec_4,inprogress,67.7,23.08,11.06,0.0,null,null,null,null,null
single_ground_robot_delivery_patrol_040,navigate,2026-01-11T00:25:32.000Z,null,rover_1,ground_rover,single_ground_robot_delivery_patrol_040_exec_4,inprogress,66.7,26.15,14.09,0.0,null,null,null,null,null
single_ground_robot_delivery_patrol_040,navigate,2026-01-11T00:26:23.000Z,null,rover_1,ground_rover,single_ground_robot_delivery_patrol_040_exec_4,inprogress,65.7,29.22,17.12,0.0,null,null,null,null,null
single_ground_robot_delivery_patrol_040,navigate,2026-01-11T00:27:16.000Z,complete,rover_1,ground_rover,single_ground_robot_delivery_patrol_040_exec_4,done,64.8,32.28,20.15,0.0,null,null,null,null,null
single_ground_robot_delivery_patrol_040,deliver,2026-01-11T00:27:17.000Z,start,rover_1,ground_rover,single_ground_robot_delivery_patrol_040_exec_5,inprogress,64.8,32.28,20.15,0.0,null,null,null,null,null
single_ground_robot_delivery_patrol_040,deliver,2026-01-11T00:28:25.000Z,complete,rover_1,ground_rover,single_ground_robot_delivery_patrol_040_exec_5,done,63.9,32.28,20.15,0.0,null,null,null,null,null
single_ground_robot_delivery_patrol_040,patrol,2026-01-11T00:28:26.000Z,start,rover_1,ground_rover,single_ground_robot_delivery_patrol_040_exec_6,inprogress,63.9,32.28,20.15,0.0,null,null,null,null,null
single_ground_robot_delivery_patrol_040,patrol,2026-01-11T00:29:25.000Z,null,rover_1,ground_rover,single_ground_robot_delivery_patrol_040_exec_6,inprogress,62.9,34.09,20.66,0.0,null,null,null,null,null
single_ground_robot_delivery_patrol_040,patrol,2026-01-11T00:30:25.000Z,complete,rover_1,ground_rover,single_ground_robot_delivery_patrol_040_exec_6,done,62.0,35.89,21.17,0.0,null,null,null,null,null
single_ground_robot_delivery_patrol_040,navigate,2026-01-11T00:30:26.000Z,start,rover_1,ground_rover,single_ground_robot_delivery_patrol_040_exec_7,inprogress,62.0,35.89,21.17,0.0,null,null,null,null,null
single_ground_robot_delivery_patrol_040,navigate,2026-01-11T00:31:24.000Z,null,rover_1,ground_rover,single_ground_robot_delivery_patrol_040_exec_7,inprogress,61.4,28.72,16.94,0.0,null,null,null,null,null
single_ground_robot_delivery_patrol_040,navigate,2026-01-11T00:32:22.000Z,null,rover_1,ground_rover,single_ground_robot_delivery_patrol_040_exec_7,inprogress,60.8,21.54,12.7,0.0,null,null,null,null,null
single_ground_robot_delivery_patrol_040,navigate,2026-01-11T00:33:20.000Z,null,rover_1,ground_rover,single_ground_robot_delivery_patrol_040_exec_7,inprogress,60.1,14.36,8.47,0.0,null,null,null,null,null
single_ground_robot_delivery_patrol_040,navigate,2026-01-11T00:34:18.000Z,null,rover_1,ground_rover,single_ground_robot_delivery_patrol_040_exec_7,inprogress,59.5,7.18,4.23,0.0,null,null,null,null,null
single_ground_robot_delivery_patrol_040,navigate,2026-01-11T00:35:20.000Z,complete,rover_1,ground_rover,single_ground_robot_delivery_patrol_040_exec_7,done,58.9,0.0,0.0,0.0,null,null,null,null,null
single_ground_robot_delivery_patrol_040,dock,2026-01-11T00:35:21.000Z,start,rover_1,ground_rover,single_ground_robot_delivery_patrol_040_exec_8,inprogress,58.9,0.0,0.0,0.0,null,null,null,null,null
single_ground_robot_delivery_patrol_040,dock,2026-01-11T00:35:54.000Z,complete,rover_1,ground_rover,single_ground_robot_delivery_patrol_040_exec_8,done,58.8,0.0,0.0,0.0,null,null,null,null,null
single_ground_robot_delivery_patrol_041,boot,2026-01-11T00:40:00.000Z,start,rover_1,ground_rover,single_ground_robot_delivery_patrol_041_exec_1,inprogress,90.0,0.0,0.0,0.0,null,null,null,null,null
single_ground_robot_delivery_patrol_041,boot,2026-01-11T00:40:39.000Z,complete,rover_1,ground_rover,single_ground_robot_delivery_patrol_041_exec_1,done,89.8,0.0,0.0,0.0,null,null,null,null,null
single_ground_robot_delivery_patrol_041,navigate,2026-01-11T00:40:40.000Z,start,rover_1,ground_rover,single_ground_robot_delivery_patrol_041_exec_2,inprogress,89.8,0.0,0.0,0.0,null,null,null,null,null
single_ground_robot_delivery_patrol_041,navigate,2026-01-11T00:41:45.000Z,null,rover_1,ground_rover,single_ground_robot_delivery_patrol_041_exec_2,inprogress,88.6,2.97,2.93,0.0,null,null,null,null,null
single_ground_robot_delivery_patrol_041,navigate,2026-01-11T00:42:50.000Z,null,rover_1,ground_rover,single_ground_robot_delivery_patrol_041_exec_2,inprogress,87.4,5.94,5.87,0.0,null,null,null,null,null
single_ground_robot_delivery_patrol_041,navigate,2026-01-11T00:43:55.000Z,null,rover_1,ground_rover,single_ground_robot_delivery_patrol_041_exec_2,inprogress,86.2,8.91,8.8,0.0,null,null,null,null,null
single_ground_robot_delivery_patrol_041,navigate,2026-01-11T00:45:00.000Z,complete,rover_1,ground_rover,single_ground_robot_delivery_patrol_041_exec_2,done,85.0,11.88,11.74,0.0,null,null,null,null,null
single_ground_robot_delivery_patrol_041,pickup,2026-01-11T00:45:01.000Z,start,rover_1,ground_rover,single_ground_robot_delivery_patrol_041_exec_3,inprogress,85.0,11.88,11.74,0.0,null,null,null,null,null
single_ground_robot_delivery_patrol_041,pickup,2026-01-11T00:45:38.000Z,null,rover_1,ground_rover,single_ground_robot_delivery_patrol_041_exec_3,inprogress,84.5,11.88,11.74,0.0,null,null,null,null,null
single_ground_robot_delivery_patrol_041,pickup,2026-01-11T00:46:16.000Z,complete,rover_1,ground_rover,single_ground_robot_delivery_patrol_041_exec_3,done,84.0,11.88,11.74,0.0,null,null,null,null,null
single_ground_robot_delivery_patrol_041,navigate,2026-01-11T00:46:17.000Z,start,rover_1,ground_rover,single_ground_robot_delivery_patrol_041_exec_4,inprogress,84.0,11.88,11.74,0.0,null,null,null,null,null
single_ground_robot_delivery_patrol_041,navigate,2026-01-11T00:47:03.000Z,null,rover_1,ground_rover,single_ground_robot_delivery_patrol_041_exec_4,inprogress,83.3,8.91,8.8,0.0,null,null,null,null,null
single_ground_robot_delivery_patrol_041,navigate,2026-01-11T00:47:49.000Z,null,rover_1,ground_rover,single_ground_robot_delivery_patrol_041_exec_4,inprogress,82.7,5.94,5.87,0.0,null,null,null,null,null
single_ground_robot_delivery_patrol_041,navigate,2026-01-11T00:48:35.000Z,null,rover_1,ground_rover,single_ground_robot_delivery_patrol_041_exec_4,inprogress,82.0,2.97,2.93,0.0,null,null,null,null,null
single_ground_robot_delivery_patrol_041,navigate,2026-01-11T00:49:24.000Z,complete,rover_1,ground_rover,single_ground_robot_delivery_patrol_041_exec_4,done,81.3,0.0,0.0,0.0,null,null,null,null,null
single_ground_robot_delivery_patrol_041,dock,2026-01-11T00:49:25.000Z,start,rover_1,ground_rover,single_ground_robot_delivery_patrol_041_exec_5,inprogress,81.3,0.0,0.0,0.0,null,null,null,null,null
single_ground_robot_delivery_patrol_041,dock,2026-01-11T00:49:47.000Z,complete,rover_1,ground_rover,single_ground_robot_delivery_patrol_041_exec_5,done,81.2,0.0,0.0,0.0,null,null,null,null,null
single_ground_robot_delivery_patrol_041,recharge,2026-01-11T00:49:48.000Z,start,rover_1,ground_rover,single_ground_robot_delivery_patrol_041_exec_6,inprogress,81.2,0.0,0.0,0.0,null,null,null,null,null
single_ground_robot_delivery_patrol_041,recharge,2026-01-11T00:50:55.000Z,null,rover_1,ground_rover,single_ground_robot_delivery_patrol_041_exec_6,inprogress,81.2,0.0,0.0,0.0,null,null,null,null,null
single_ground_robot_delivery_patrol_041,recharge,2026-01-11T00:52:02.000Z,null,rover_1,ground_rover,single_ground_robot_delivery_patrol_041_exec_6,inprogress,81.2,0.0,0.0,0.0,null,null,null,null,null
single_ground_robot_delivery_patrol_041,recharge,2026-01-11T00:53:09.000Z,null,rover_1,ground_rover,single_ground_robot_delivery_patrol_041_exec_6,inprogress,81.2,0.0,0.0,0.0,null,null,null,null,null
single_ground_robot_delivery_patrol_041,recharge,2026-01-11T00:54:16.000Z,null,rover_1,ground_rover,single_ground_robot_delivery_patrol_041_exec_6,inprogress,81.2,0.0,0.0,0.0,null,null,null,null,null
single_ground_robot_delivery_patrol_041,recharge,2026-01-11T00:55:25.000Z,complete,rover_1,ground_rover,single_ground_robot_delivery_patrol_041_exec_6,done,81.2,0.0,0.0,0.0,null,null,null,null,null
single_ground_robot_delivery_patrol_041,navigate,2026-01-11T00:55:26.000Z,start,rover_1,ground_rover,single_ground_robot_delivery_patrol_041_exec_7,inprogress,88.1,0.0,0.0,0.0,null,null,null,null,null
single_ground_robot_delivery_patrol_041,navigate,2026-01-11T00:57:12.000Z,null,rover_1,ground_rover,single_ground_robot_delivery_patrol_041_exec_7,inprogress,86.6,7.04,5.54,0.0,null,null,null,null,null
single_ground_robot_delivery_patrol_041,navigate,2026-01-11T00:58:58.000Z,null,rover_1,ground_rover,single_ground_robot_delivery_patrol_041_exec_7,inprogress,85.0,14.08,11.08,0.0,null,null,null,null,null
single_ground_robot_delivery_patrol_041,navigate,2026-01-11T01:00:44.000Z,complete,rover_1,ground_rover,single_ground_robot_delivery_patrol_041_exec_7,done,83.5,21.11,16.62,0.0,null,null,null,null,null
single_ground_robot_delivery_patrol_041,deliver,2026-01-11T01:00:45.000Z,start,rover_1,ground_rover,single_ground_robot_delivery_patrol_041_exec_8,inprogress,83.5,21.11,16.62,0.0,null,null,null,null,null
single_ground_robot_delivery_patrol_041,deliver,2026-01-11T01:01:51.000Z,complete,rover_1,ground_rover,single_ground_robot_delivery_patrol_041_exec_8,done,82.9,21.11,16.62,0.0,null,null,null,null,null
single_ground_robot_delivery_patrol_041,patrol,2026-01-11T01:01:52.000Z,start,rover_1,ground_rover,single_ground_robot_delivery_patrol_041_exec_9,inprogress,82.9,21.11,16.62,0.0,null,null,null,null,null
single_ground_robot_delivery_patrol_041,patrol,2026-01-11T01:02:47.000Z,null,rover_1,ground_rover,single_ground_robot_delivery_patrol_041_exec_9,inprogress,82.6,20.41,15.74,0.0,null,null,null,null,null
single_ground_robot_delivery_patrol_041,patrol,2026-01-11T01:03:42.000Z,null,rover_1,ground_rover,single_ground_robot_delivery_patrol_041_exec_9,inprogress,82.3,19.72,14.86,0.0,null,null,null,null,null
single_ground_robot_delivery_patrol_041,patrol,2026-01-11T01:04:37.000Z,null,rover_1,ground_rover,single_ground_robot_delivery_patrol_041_exec_9,inprogress,82.0,19.02,13.99,0.0,null,null,null,null,null
single_ground_robot_delivery_patrol_041,patrol,2026-01-11T01:05:33.000Z,complete,rover_1,ground_rover,single_ground_robot_delivery_patrol_041_exec_9,done,81.7,18.32,13.11,0.0,null,null,null,null,null
single_ground_robot_delivery_patrol_041,navigate,2026-01-11T01:05:34.000Z,start,rover_1,ground_rover,single_ground_robot_delivery_patrol_041_exec_10,inprogress,81.7,18.32,13.11,0.0,null,null,null,null,null
single_ground_robot_delivery_patrol_041,navigate,2026-01-11T01:06:21.000Z,null,rover_1,ground_rover,single_ground_robot_delivery_patrol_041_exec_10,inprogress,81.2,14.66,10.49,0.0,null,null,null,null,null
single_ground_robot_delivery_patrol_041,navigate,2026-01-11T01:07:08.000Z,null,rover_1,ground_rover,single_ground_robot_delivery_patrol_041_exec_10,inprogress,80.8,10.99,7.87,0.0,null,null,null,null,null
single_ground_robot_delivery_patrol_041,navigate,2026-01-11T01:07:55.000Z,null,rover_1,ground_rover,single_ground_robot_delivery_patrol_041_exec_10,inprogress,80.4,7.33,5.24,0.0,null,null,null,null,null
single_ground_robot_delivery_patrol_041,navigate,2026-01-11T01:08:42.000Z,null,rover_1,ground_rover,single_ground_robot_delivery_patrol_041_exec_10,inprogress,79.9,3.66,2.62,0.0,null,null,null,null,null
single_ground_robot_delivery_patrol_041,navigate,2026-01-11T01:09:31.000Z,complete,rover_1,ground_rover,single_ground_robot_delivery_patrol_041_exec_10,done,79.5,0.0,0.0,0.0,null,null,null,null,null
single_ground_robot_delivery_patrol_041,dock,2026-01-11T01:09:32.000Z,start,rover_1,ground_rover,single_ground_robot_delivery_patrol_041_exec_11,inprogress,79.5,0.0,0.0,0.0,null,null,null,null,null
single_ground_robot_delivery_patrol_041,dock,2026-01-11T01:10:07.000Z,complete,rover_1,ground_rover,single_ground_robot_delivery_patrol_041_exec_11,done,79.4,0.0,0.0,0.0,null,null,null,null,null
single_ground_robot_delivery_patrol_042,boot,2026-01-11T01:05:00.000Z,start,rover_1,ground_rover,single_ground_robot_delivery_patrol_042_exec_1,inprogress,76.8,0.0,0.0,0.0,null,null,null,null,null
single_ground_robot_delivery_patrol_042,boot,2026-01-11T01:05:27.000Z,complete,rover_1,ground_rover,single_ground_robot_delivery_patrol_042_exec_1,done,76.6,0.0,0.0,0.0,null,null,null,null,null
single_ground_robot_delivery_patrol_042,navigate,2026-01-11T01:05:28.000Z,start,rover_1,ground_rover,single_ground_robot_delivery_patrol_042_exec_2,inprogress,76.6,0.0,0.0,0.0,null,null,null,null,null
single_ground_robot_delivery_patrol_042,navigate,2026-01-11T01:06:46.000Z,null,rover_1,ground_rover,single_ground_robot_delivery_patrol_042_exec_2,inprogress,75.5,4.12,2.98,0.0,null,null,null,null,null
single_ground_robot_delivery_patrol_042,navigate,2026-01-11T01:08:04.000Z,null,rover_1,ground_rover,single_ground_robot_delivery_patrol_042_exec_2,inprogress,74.4,8.25,5.96,0.0,null,null,null,null,null
single_ground_robot_delivery_patrol_042,navigate,2026-01-11T01:09:22.000Z,null,rover_1,ground_rover,single_ground_robot_delivery_patrol_042_exec_2,inprogress,73.3,12.37,8.94,0.0,null,null,null,null,null
single_ground_robot_delivery_patrol_042,navigate,2026-01-11T01:10:42.000Z,complete,rover_1,ground_rover,single_ground_robot_delivery_patrol_042_exec_2,done,72.2,16.49,11.92,0.0,null,null,null,null,null
single_ground_robot_delivery_patrol_042,pickup,2026-01-11T01:10:43.000Z,start,rover_1,ground_rover,single_ground_robot_delivery_patrol_042_exec_3,inprogress,72.2,16.49,11.92,0.0,null,null,null,null,null
single_ground_robot_delivery_patrol_042,pickup,2026-01-11T01:11:12.000Z,null,rover_1,ground_rover,single_ground_robot_delivery_patrol_042_exec_3,inprogress,71.7,16.49,11.92,0.0,null,null,null,null,null
single_ground_robot_delivery_patrol_042,pickup,2026-01-11T01:11:42.000Z,complete,rover_1,ground_rover,single_ground_robot_delivery_patrol_042_exec_3,done,71.2,16.49,11.92,0.0,null,null,null,null,null
single_ground_robot_delivery_patrol_042,temporary_stop,2026-01-11T01:11:43.000Z,start,rover_1,ground_rover,single_ground_robot_delivery_patrol_042_exec_4,inprogress,71.2,16.49,11.92,0.0,null,null,null,null,null
single_ground_robot_delivery_patrol_042,temporary_stop,2026-01-11T01:12:50.000Z,complete,rover_1,ground_rover,single_ground_robot_delivery_patrol_042_exec_4,done,70.9,16.49,11.92,0.0,null,null,null,null,null
single_ground_robot_delivery_patrol_042,navigate,2026-01-11T01:12:51.000Z,start,rover_1,ground_rover,single_ground_robot_delivery_patrol_042_exec_5,inprogress,70.9,16.49,11.92,0.0,null,null,null,null,null
single_ground_robot_delivery_patrol_042,navigate,2026-01-11T01:13:55.000Z,null,rover_1,ground_rover,single_ground_robot_delivery_patrol_042_exec_5,inprogress,69.7,18.47,12.58,0.0,null,null,null,null,null
single_ground_robot_delivery_patrol_042,navigate,2026-01-11T01:14:59.000Z,null,rover_1,ground_rover,single_ground_robot_delivery_patrol_042_exec_5,inprogress,68.4,20.45,13.23,0.0,null,null,null,null,null
single_ground_robot_delivery_patrol_042,navigate,2026-01-11T01:16:03.000Z,null,rover_1,ground_rover,single_ground_robot_delivery_patrol_042_exec_5,inprogress,67.2,22.43,13.89,0.0,null,null,null,null,null
single_ground_robot_delivery_patrol_042,navigate,2026-01-11T01:17:07.000Z,null,rover_1,ground_rover,single_ground_robot_delivery_patrol_042_exec_5,inprogress,65.9,24.41,14.55,0.0,null,null,null,null,null
single_ground_robot_delivery_patrol_042,navigate,2026-01-11T01:18:11.000Z,null,rover_1,ground_rover,single_ground_robot_delivery_patrol_042_exec_5,inprogress,64.7,26.39,15.21,0.0,null,null,null,null,null
single_ground_robot_delivery_patrol_042,navigate,2026-01-11T01:19:19.000Z,complete,rover_1,ground_rover,single_ground_robot_delivery_patrol_042_exec_5,done,63.4,28.37,15.87,0.0,null,null,null,null,null
single_ground_robot_delivery_patrol_042,deliver,2026-01-11T01:19:20.000Z,start,rover_1,ground_rover,single_ground_robot_delivery_patrol_042_exec_6,inprogress,63.4,28.37,15.87,0.0,null,null,null,null,null
single_ground_robot_delivery_patrol_042,deliver,2026-01-11T01:20:11.000Z,complete,rover_1,ground_rover,single_ground_robot_delivery_patrol_042_exec_6,done,62.6,28.37,15.87,0.0,null,null,null,null,null
single_ground_robot_delivery_patrol_042,patrol,2026-01-11T01:20:12.000Z,start,rover_1,ground_rover,single_ground_robot_delivery_patrol_042_exec_7,inprogress,62.6,28.37,15.87,0.0,null,null,null,null,null
single_ground_robot_delivery_patrol_042,patrol,2026-01-11T01:20:57.000Z,null,rover_1,ground_rover,single_ground_robot_delivery_patrol_042_exec_7,inprogress,61.9,27.86,16.28,0.0,null,null,null,null,null
single_ground_robot_delivery_patrol_042,patrol,2026-01-11T01:21:42.000Z,null,rover_1,ground_rover,single_ground_robot_delivery_patrol_042_exec_7,inprogress,61.2,27.36,16.7,0.0,null,null,null,null,null
single_ground_robot_delivery_patrol_042,patrol,2026-01-11T01:22:28.000Z,complete,rover_1,ground_rover,single_ground_robot_delivery_patrol_042_exec_7,done,60.4,26.85,17.11,0.0,null,null,null,null,null
single_ground_robot_delivery_patrol_042,navigate,2026-01-11T01:22:29.000Z,start,rover_1,ground_rover,single_ground_robot_delivery_patrol_042_exec_8,inprogress,60.4,26.85,17.11,0.0,null,null,null,null,null
single_ground_robot_delivery_patrol_042,navigate,2026-01-11T01:23:05.000Z,null,rover_1,ground_rover,single_ground_robot_delivery_patrol_042_exec_8,inprogress,59.7,21.48,13.69,0.0,null,null,null,null,null
single_ground_robot_delivery_patrol_042,navigate,2026-01-11T01:23:41.000Z,null,rover_1,ground_rover,single_ground_robot_delivery_patrol_042_exec_8,inprogress,58.9,16.11,10.27,0.0,null,null,null,null,null
single_ground_robot_delivery_patrol_042,navigate,2026-01-11T01:24:17.000Z,null,rover_1,ground_rover,single_ground_robot_delivery_patrol_042_exec_8,inprogress,58.2,10.74,6.85,0.0,null,null,null,null,null
single_ground_robot_delivery_patrol_042,navigate,2026-01-11T01:24:53.000Z,null,rover_1,ground_rover,single_ground_robot_delivery_patrol_042_exec_8,inprogress,57.4,5.37,3.42,0.0,null,null,null,null,null
single_ground_robot_delivery_patrol_042,navigate,2026-01-11T01:25:32.000Z,complete,rover_1,ground_rover,single_ground_robot_delivery_patrol_042_exec_8,done,56.7,0.0,0.0,0.0,null,null,null,null,null
single_ground_robot_delivery_patrol_042,dock,2026-01-11T01:25:33.000Z,start,rover_1,ground_rover,single_ground_robot_delivery_patrol_042_exec_9,inprogress,56.7,0.0,0.0,0.0,null,null,null,null,null
single_ground_robot_delivery_patrol_042,dock,2026-01-11T01:25:50.000Z,complete,rover_1,ground_rover,single_ground_robot_delivery_patrol_042_exec_9,done,56.6,0.0,0.0,0.0,null,null,null,null,null
single_ground_robot_delivery_patrol_043,boot,2026-01-11T01:30:00.000Z,start,rover_1,ground_rover,single_ground_robot_delivery_patrol_043_exec_1,inprogress,80.7,0.0,0.0,0.0,null,null,null,null,null
single_ground_robot_delivery_patrol_043,boot,2026-01-11T01:30:32.000Z,complete,rover_1,ground_rover,single_ground_robot_delivery_patrol_043_exec_1,done,80.5,0.0,0.0,0.0,null,null,null,null,null
single_ground_robot_delivery_patrol_043,navigate,2026-01-11T01:30:33.000Z,start,rover_1,ground_rover,single_ground_robot_delivery_patrol_043_exec_2,inprogress,80.5,0.0,0.0,0.0,null,null,null,null,null
single_ground_robot_delivery_patrol_043,navigate,2026-01-11T01:31:43.000Z,null,rover_1,ground_rover,single_ground_robot_delivery_patrol_043_exec_2,inprogress,78.6,5.24,1.99,0.0,null,null,null,null,null
single_ground_robot_delivery_patrol_043,navigate,2026-01-11T01:32:53.000Z,null,rover_1,ground_rover,single_ground_robot_delivery_patrol_043_exec_2,inprogress,76.7,10.48,3.97,0.0,null,null,null,null,null
single_ground_robot_delivery_patrol_043,navigate,2026-01-11T01:34:05.000Z,complete,rover_1,ground_rover,single_ground_robot_delivery_patrol_043_exec_2,done,74.9,15.72,5.96,0.0,null,null,null,null,null
single_ground_robot_delivery_patrol_043,pickup,2026-01-11T01:34:06.000Z,start,rover_1,ground_rover,single_ground_robot_delivery_patrol_043_exec_3,inprogress,74.9,15.72,5.96,0.0,null,null,null,null,null
single_ground_robot_delivery_patrol_043,pickup,2026-01-11T01:35:04.000Z,complete,rover_1,ground_rover,single_ground_robot_delivery_patrol_043_exec_3,done,74.2,15.72,5.96,0.0,null,null,null,null,null
single_ground_robot_delivery_patrol_043,navigate,2026-01-11T01:35:05.000Z,start,rover_1,ground_rover,single_ground_robot_delivery_patrol_043_exec_4,inprogress,74.2,15.72,5.96,0.0,null,null,null,null,null
single_ground_robot_delivery_patrol_043,navigate,2026-01-11T01:36:08.000Z,null,rover_1,ground_rover,single_ground_robot_delivery_patrol_043_exec_4,inprogress,73.1,20.35,8.68,0.0,null,null,null,null,null
single_ground_robot_delivery_patrol_043,navigate,2026-01-11T01:37:11.000Z,null,rover_1,ground_rover,single_ground_robot_delivery_patrol_043_exec_4,inprogress,72.0,24.97,11.41,0.0,null,null,null,null,null
single_ground_robot_delivery_patrol_043,navigate,2026-01-11T01:38:14.000Z,null,rover_1,ground_rover,single_ground_robot_delivery_patrol_043_exec_4,inprogress,71.0,29.59,14.14,0.0,null,null,null,null,null
single_ground_robot_delivery_patrol_043,navigate,2026-01-11T01:39:20.000Z,complete,rover_1,ground_rover,single_ground_robot_delivery_patrol_043_exec_4,done,69.9,34.22,16.86,0.0,null,null,null,null,null
single_ground_robot_delivery_patrol_043,deliver,2026-01-11T01:39:21.000Z,start,rover_1,ground_rover,single_ground_robot_delivery_patrol_043_exec_5,inprogress,69.9,34.22,16.86,0.0,null,null,null,null,null
single_ground_robot_delivery_patrol_043,deliver,2026-01-11T01:39:57.000Z,complete,rover_1,ground_rover,single_ground_robot_delivery_patrol_043_exec_5,done,69.0,34.22,16.86,0.0,null,null,null,null,null
single_ground_robot_delivery_patrol_043,patrol,2026-01-11T01:39:58.000Z,start,rover_1,ground_rover,single_ground_robot_delivery_patrol_043_exec_6,inprogress,69.0,34.22,16.86,0.0,null,null,null,null,null
single_ground_robot_delivery_patrol_043,patrol,2026-01-11T01:40:31.000Z,null,rover_1,ground_rover,single_ground_robot_delivery_patrol_043_exec_6,inprogress,68.4,33.97,16.19,0.0,null,null,null,null,null
single_ground_robot_delivery_patrol_043,patrol,2026-01-11T01:41:04.000Z,null,rover_1,ground_rover,single_ground_robot_delivery_patrol_043_exec_6,inprogress,67.8,33.72,15.51,0.0,null,null,null,null,null
single_ground_robot_delivery_patrol_043,patrol,2026-01-11T01:41:37.000Z,null,rover_1,ground_rover,single_ground_robot_delivery_patrol_043_exec_6,inprogress,67.1,33.48,14.84,0.0,null,null,null,null,null
single_ground_robot_delivery_patrol_043,patrol,2026-01-11T01:42:11.000Z,complete,rover_1,ground_rover,single_ground_robot_delivery_patrol_043_exec_6,done,66.5,33.23,14.16,0.0,null,null,null,null,null
single_ground_robot_delivery_patrol_043,navigate,2026-01-11T01:42:12.000Z,start,rover_1,ground_rover,single_ground_robot_delivery_patrol_043_exec_7,inprogress,66.5,33.23,14.16,0.0,null,null,null,null,null
single_ground_robot_delivery_patrol_043,navigate,2026-01-11T01:42:50.000Z,null,rover_1,ground_rover,single_ground_robot_delivery_patrol_043_exec_7,inprogress,65.9,26.58,11.33,0.0,null,null,null,null,null
single_ground_robot_delivery_patrol_043,navigate,2026-01-11T01:43:28.000Z,null,rover_1,ground_rover,single_ground_robot_delivery_patrol_043_exec_7,inprogress,65.3,19.94,8.5,0.0,null,null,null,null,null
single_ground_robot_delivery_patrol_043,navigate,2026-01-11T01:44:06.000Z,null,rover_1,ground_rover,single_ground_robot_delivery_patrol_043_exec_7,inprogress,64.7,13.29,5.66,0.0,null,null,null,null,null
single_ground_robot_delivery_patrol_043,navigate,2026-01-11T01:44:44.000Z,null,rover_1,ground_rover,single_ground_robot_delivery_patrol_043_exec_7,inprogress,64.1,6.65,2.83,0.0,null,null,null,null,null
single_ground_robot_delivery_patrol_043,navigate,2026-01-11T01:45:24.000Z,complete,rover_1,ground_rover,single_ground_robot_delivery_patrol_043_exec_7,done,63.4,0.0,0.0,0.0,null,null,null,null,null
single_ground_robot_delivery_patrol_043,dock,2026-01-11T01:45:25.000Z,start,rover_1,ground_rover,single_ground_robot_delivery_patrol_043_exec_8,inprogress,63.4,0.0,0.0,0.0,null,null,null,null,null
single_ground_robot_delivery_patrol_043,dock,2026-01-11T01:45:53.000Z,complete,rover_1,ground_rover,single_ground_robot_delivery_patrol_043_exec_8,done,63.3,0.0,0.0,0.0,null,null,null,null,null
single_ground_robot_delivery_patrol_044,boot,2026-01-11T01:55:00.000Z,start,rover_1,ground_rover,single_ground_robot_delivery_patrol_044_exec_1,inprogress,82.2,0.0,0.0,0.0,null,null,null,null,null
single_ground_robot_delivery_patrol_044,boot,2026-01-11T01:55:43.000Z,complete,rover_1,ground_rover,single_ground_robot_delivery_patrol_044_exec_1,done,82.0,0.0,0.0,0.0,null,null,null,null,null
single_ground_robot_delivery_patrol_044,navigate,2026-01-11T01:55:44.000Z,start,rover_1,ground_rover,single_ground_robot_delivery_patrol_044_exec_2,inprogress,82.0,0.0,0.0,0.0,null,null,null,null,null
single_ground_robot_delivery_patrol_044,navigate,2026-01-11T01:56:26.000Z,null,rover_1,ground_rover,single_ground_robot_delivery_patrol_044_exec_2,inprogress,81.3,1.81,1.17,0.0,null,null,null,null,null
single_ground_robot_delivery_patrol_044,navigate,2026-01-11T01:57:08.000Z,null,rover_1,ground_rover,single_ground_robot_delivery_patrol_044_exec_2,inprogress,80.7,3.62,2.33,0.0,null,null,null,null,null
single_ground_robot_delivery_patrol_044,navigate,2026-01-11T01:57:50.000Z,null,rover_1,ground_rover,single_ground_robot_delivery_patrol_044_exec_2,inprogress,80.0,5.43,3.5,0.0,null,null,null,null,null
single_ground_robot_delivery_patrol_044,navigate,2026-01-11T01:58:32.000Z,null,rover_1,ground_rover,single_ground_robot_delivery_patrol_044_exec_2,inprogress,79.4,7.23,4.67,0.0,null,null,null,null,null
single_ground_robot_delivery_patrol_044,navigate,2026-01-11T01:59:14.000Z,null,rover_1,ground_rover,single_ground_robot_delivery_patrol_044_exec_2,inprogress,78.7,9.04,5.83,0.0,null,null,null,null,null
single_ground_robot_delivery_patrol_044,navigate,2026-01-11T01:59:56.000Z,complete,rover_1,ground_rover,single_ground_robot_delivery_patrol_044_exec_2,done,78.1,10.85,7.0,0.0,null,null,null,null,null
single_ground_robot_delivery_patrol_044,pickup,2026-01-11T01:59:57.000Z,start,rover_1,ground_rover,single_ground_robot_delivery_patrol_044_exec_3,inprogress,78.1,10.85,7.0,0.0,null,null,null,null,null
single_ground_robot_delivery_patrol_044,pickup,2026-01-11T02:01:02.000Z,complete,rover_1,ground_rover,single_ground_robot_delivery_patrol_044_exec_3,done,77.4,10.85,7.0,0.0,null,null,null,null,null
single_ground_robot_delivery_patrol_044,navigate,2026-01-11T02:01:03.000Z,start,rover_1,ground_rover,single_ground_robot_delivery_patrol_044_exec_4,inprogress,77.4,10.85,7.0,0.0,null,null,null,null,null
single_ground_robot_delivery_patrol_044,navigate,2026-01-11T02:02:14.000Z,null,rover_1,ground_rover,single_ground_robot_delivery_patrol_044_exec_4,inprogress,75.8,14.07,8.56,0.0,null,null,null,null,null
single_ground_robot_delivery_patrol_044,navigate,2026-01-11T02:03:25.000Z,null,rover_1,ground_rover,single_ground_robot_delivery_patrol_044_exec_4,inprogress,74.2,17.28,10.13,0.0,null,null,null,null,null
single_ground_robot_delivery_patrol_044,navigate,2026-01-11T02:04:36.000Z,null,rover_1,ground_rover,single_ground_robot_delivery_patrol_044_exec_4,inprogress,72.7,20.5,11.69,0.0,null,null,null,null,null
single_ground_robot_delivery_patrol_044,navigate,2026-01-11T02:05:47.000Z,null,rover_1,ground_rover,single_ground_robot_delivery_patrol_044_exec_4,inprogress,71.1,23.71,13.25,0.0,null,null,null,null,null
single_ground_robot_delivery_patrol_044,navigate,2026-01-11T02:06:58.000Z,complete,rover_1,ground_rover,single_ground_robot_delivery_patrol_044_exec_4,done,69.5,26.93,14.82,0.0,null,null,null,null,null
single_ground_robot_delivery_patrol_044,deliver,2026-01-11T02:06:59.000Z,start,rover_1,ground_rover,single_ground_robot_delivery_patrol_044_exec_5,inprogress,69.5,26.93,14.82,0.0,null,null,null,null,null
single_ground_robot_delivery_patrol_044,deliver,2026-01-11T02:07:41.000Z,complete,rover_1,ground_rover,single_ground_robot_delivery_patrol_044_exec_5,done,68.5,26.93,14.82,0.0,null,null,null,null,null
single_ground_robot_delivery_patrol_044,patrol,2026-01-11T02:07:42.000Z,start,rover_1,ground_rover,single_ground_robot_delivery_patrol_044_exec_6,inprogress,68.5,26.93,14.82,0.0,null,null,null,null,null
single_ground_robot_delivery_patrol_044,patrol,2026-01-11T02:08:10.000Z,null,rover_1,ground_rover,single_ground_robot_delivery_patrol_044_exec_6,inprogress,67.8,26.89,14.56,0.0,null,null,null,null,null
single_ground_robot_delivery_patrol_044,patrol,2026-01-11T02:08:38.000Z,null,rover_1,ground_rover,single_ground_robot_delivery_patrol_044_exec_6,inprogress,67.2,26.85,14.3,0.0,null,null,null,null,null
single_ground_robot_delivery_patrol_044,patrol,2026-01-11T02:09:06.000Z,null,rover_1,ground_rover,single_ground_robot_delivery_patrol_044_exec_6,inprogress,66.5,26.81,14.04,0.0,null,null,null,null,null
single_ground_robot_delivery_patrol_044,patrol,2026-01-11T02:09:35.000Z,complete,rover_1,ground_rover,single_ground_robot_delivery_patrol_044_exec_6,done,65.8,26.77,13.79,0.0,null,null,null,null,null
single_ground_robot_delivery_patrol_044,navigate,2026-01-11T02:09:36.000Z,start,rover_1,ground_rover,single_ground_robot_delivery_patrol_044_exec_7,inprogress,65.8,26.77,13.79,0.0,null,null,null,null,null
single_ground_robot_delivery_patrol_044,navigate,2026-01-11T02:11:10.000Z,null,rover_1,ground_rover,single_ground_robot_delivery_patrol_044_exec_7,inprogress,64.9,17.85,9.19,0.0,null,null,null,null,null
single_ground_robot_delivery_patrol_044,navigate,2026-01-11T02:12:44.000Z,null,rover_1,ground_rover,single_ground_robot_delivery_patrol_044_exec_7,inprogress,64.0,8.92,4.6,0.0,null,null,null,null,null
single_ground_robot_delivery_patrol_044,navigate,2026-01-11T02:14:18.000Z,complete,rover_1,ground_rover,single_ground_robot_delivery_patrol_044_exec_7,done,63.1,0.0,0.0,0.0,null,null,null,null,null
single_ground_robot_delivery_patrol_044,dock,2026-01-11T02:14:19.000Z,start,rover_1,ground_rover,single_ground_robot_delivery_patrol_044_exec_8,inprogress,63.1,0.0,0.0,0.0,null,null,null,null,null
single_ground_robot_delivery_patrol_044,dock,2026-01-11T02:14:39.000Z,complete,rover_1,ground_rover,single_ground_robot_delivery_patrol_044_exec_8,done,63.0,0.0,0.0,0.0,null,null,null,null,null
single_ground_robot_delivery_patrol_045,boot,2026-01-11T02:20:00.000Z,start,rover_1,ground_rover,single_ground_robot_delivery_patrol_045_exec_1,inprogress,79.6,0.0,0.0,0.0,null,null,null,null,null
single_ground_robot_delivery_patrol_045,boot,2026-01-11T02:20:36.000Z,complete,rover_1,ground_rover,single_ground_robot_delivery_patrol_045_exec_1,done,79.4,0.0,0.0,0.0,null,null,null,null,null
single_ground_robot_delivery_patrol_045,navigate,2026-01-11T02:20:37.000Z,start,rover_1,ground_rover,single_ground_robot_delivery_patrol_045_exec_2,inprogress,79.4,0.0,0.0,0.0,null,null,null,null,null
single_ground_robot_delivery_patrol_045,navigate,2026-01-11T02:22:20.000Z,null,rover_1,ground_rover,single_ground_robot_delivery_patrol_045_exec_2,inprogress,77.9,2.44,1.73,0.0,null,null,null,null,null
single_ground_robot_delivery_patrol_045,navigate,2026-01-11T02:24:03.000Z,null,rover_1,ground_rover,single_ground_robot_delivery_patrol_045_exec_2,inprogress,76.3,4.88,3.47,0.0,null,null,null,null,null
single_ground_robot_delivery_patrol_045,navigate,2026-01-11T02:25:46.000Z,null,rover_1,ground_rover,single_ground_robot_delivery_patrol_045_exec_2,inprogress,74.7,7.33,5.2,0.0,null,null,null,null,null
single_ground_robot_delivery_patrol_045,navigate,2026-01-11T02:27:30.000Z,complete,rover_1,ground_rover,single_ground_robot_delivery_patrol_045_exec_2,done,73.2,9.77,6.94,0.0,null,null,null,null,null
single_ground_robot_delivery_patrol_045,pickup,2026-01-11T02:27:31.000Z,start,rover_1,ground_rover,single_ground_robot_delivery_patrol_045_exec_3,inprogress,73.2,9.77,6.94,0.0,null,null,null,null,null
single_ground_robot_delivery_patrol_045,pickup,2026-01-11T02:27:49.000Z,null,rover_1,ground_rover,single_ground_robot_delivery_patrol_045_exec_3,inprogress,73.0,9.77,6.94,0.0,null,null,null,null,null
single_ground_robot_delivery_patrol_045,pickup,2026-01-11T02:28:07.000Z,complete,rover_1,ground_rover,single_ground_robot_delivery_patrol_045_exec_3,done,72.7,9.77,6.94,0.0,null,null,null,null,null
single_ground_robot_delivery_patrol_045,navigate,2026-01-11T02:28:08.000Z,start,rover_1,ground_rover,single_ground_robot_delivery_patrol_045_exec_4,inprogress,72.7,9.77,6.94,0.0,null,null,null,null,null
single_ground_robot_delivery_patrol_045,navigate,2026-01-11T02:29:34.000Z,null,rover_1,ground_rover,single_ground_robot_delivery_patrol_045_exec_4,inprogress,71.2,6.51,4.62,0.0,null,null,null,null,null
single_ground_robot_delivery_patrol_045,navigate,2026-01-11T02:31:00.000Z,null,rover_1,ground_rover,single_ground_robot_delivery_patrol_045_exec_4,inprogress,69.7,3.26,2.31,0.0,null,null,null,null,null
single_ground_robot_delivery_patrol_045,navigate,2026-01-11T02:32:27.000Z,complete,rover_1,ground_rover,single_ground_robot_delivery_patrol_045_exec_4,done,68.1,0.0,0.0,0.0,null,null,null,null,null
single_ground_robot_delivery_patrol_045,dock,2026-01-11T02:32:28.000Z,start,rover_1,ground_rover,single_ground_robot_delivery_patrol_045_exec_5,inprogress,68.1,0.0,0.0,0.0,null,null,null,null,null
single_ground_robot_delivery_patrol_045,dock,2026-01-11T02:33:08.000Z,complete,rover_1,ground_rover,single_ground_robot_delivery_patrol_045_exec_5,done,68.0,0.0,0.0,0.0,null,null,null,null,null
single_ground_robot_delivery_patrol_045,recharge,2026-01-11T02:33:09.000Z,start,rover_1,ground_rover,single_ground_robot_delivery_patrol_045_exec_6,inprogress,68.0,0.0,0.0,0.0,null,null,null,null,null
single_ground_robot_delivery_patrol_045,recharge,2026-01-11T02:34:37.000Z,null,rover_1,ground_rover,single_ground_robot_delivery_patrol_045_exec_6,inprogress,68.0,0.0,0.0,0.0,null,null,null,null,null
single_ground_robot_delivery_patrol_045,recharge,2026-01-11T02:36:05.000Z,null,rover_1,ground_rover,single_ground_robot_delivery_patrol_045_exec_6,inprogress,68.0,0.0,0.0,0.0,null,null,null,null,null
single_ground_robot_delivery_patrol_045,recharge,2026-01-11T02:37:34.000Z,complete,rover_1,ground_rover,single_ground_robot_delivery_patrol_045_exec_6,done,68.0,0.0,0.0,0.0,null,null,null,null,null
single_ground_robot_delivery_patrol_045,navigate,2026-01-11T02:37:35.000Z,start,rover_1,ground_rover,single_ground_robot_delivery_patrol_045_exec_7,inprogress,82.2,0.0,0.0,0.0,null,null,null,null,null
single_ground_robot_delivery_patrol_045,navigate,2026-01-11T02:38:20.000Z,null,rover_1,ground_rover,single_ground_robot_delivery_patrol_045_exec_7,inprogress,81.3,5.82,2.62,0.0,null,null,null,null,null
single_ground_robot_delivery_patrol_045,navigate,2026-01-11T02:39:05.000Z,null,rover_1,ground_rover,single_ground_robot_delivery_patrol_045_exec_7,inprogress,80.5,11.64,5.25,0.0,null,null,null,null,null
single_ground_robot_delivery_patrol_045,navigate,2026-01-11T02:39:50.000Z,null,rover_1,ground_rover,single_ground_robot_delivery_patrol_045_exec_7,inprogress,79.6,17.46,7.87,0.0,null,null,null,null,null
single_ground_robot_delivery_patrol_045,navigate,2026-01-11T02:40:35.000Z,null,rover_1,ground_rover,single_ground_robot_delivery_patrol_045_exec_7,inprogress,78.7,23.28,10.5,0.0,null,null,null,null,null
single_ground_robot_delivery_patrol_045,navigate,2026-01-11T02:41:20.000Z,null,rover_1,ground_rover,single_ground_robot_delivery_patrol_045_exec_7,inprogress,77.8,29.1,13.12,0.0,null,null,null,null,null
single_ground_robot_delivery_patrol_045,navigate,2026-01-11T02:42:08.000Z,complete,rover_1,ground_rover,single_ground_robot_delivery_patrol_045_exec_7,done,77.0,34.92,15.75,0.0,null,null,null,null,null
single_ground_robot_delivery_patrol_045,deliver,2026-01-11T02:42:09.000Z,start,rover_1,ground_rover,single_ground_robot_delivery_patrol_045_exec_8,inprogress,77.0,34.92,15.75,0.0,null,null,null,null,null
single_ground_robot_delivery_patrol_045,deliver,2026-01-11T02:42:28.000Z,null,rover_1,ground_rover,single_ground_robot_delivery_patrol_045_exec_8,inprogress,76.6,34.92,15.75,0.0,null,null,null,null,null
single_ground_robot_delivery_patrol_045,deliver,2026-01-11T02:42:47.000Z,complete,rover_1,ground_rover,single_ground_robot_delivery_patrol_045_exec_8,done,76.2,34.92,15.75,0.0,null,null,null,null,null
single_ground_robot_delivery_patrol_045,patrol,2026-01-11T02:42:48.000Z,start,rover_1,ground_rover,single_ground_robot_delivery_patrol_045_exec_9,inprogress,76.2,34.92,15.75,0.0,null,null,null,null,null
single_ground_robot_delivery_patrol_045,patrol,2026-01-11T02:43:38.000Z,null,rover_1,ground_rover,single_ground_robot_delivery_patrol_045_exec_9,inprogress,75.6,32.99,14.61,0.0,null,null,null,null,null
single_ground_robot_delivery_patrol_045,patrol,2026-01-11T02:44:29.000Z,complete,rover_1,ground_rover,single_ground_robot_delivery_patrol_045_exec_9,done,75.0,31.07,13.47,0.0,null,null,null,null,null
single_ground_robot_delivery_patrol_045,navigate,2026-01-11T02:44:30.000Z,start,rover_1,ground_rover,single_ground_robot_delivery_patrol_045_exec_10,inprogress,75.0,31.07,13.47,0.0,null,null,null,null,null
single_ground_robot_delivery_patrol_045,navigate,2026-01-11T02:45:41.000Z,null,rover_1,ground_rover,single_ground_robot_delivery_patrol_045_exec_10,inprogress,74.4,23.3,10.11,0.0,null,null,null,null,null
single_ground_robot_delivery_patrol_045,navigate,2026-01-11T02:46:52.000Z,null,rover_1,ground_rover,single_ground_robot_delivery_patrol_045_exec_10,inprogress,73.8,15.53,6.74,0.0,null,null,null,null,null
single_ground_robot_delivery_patrol_045,navigate,2026-01-11T02:48:03.000Z,null,rover_1,ground_rover,single_ground_robot_delivery_patrol_045_exec_10,inprogress,73.3,7.77,3.37,0.0,null,null,null,null,null
single_ground_robot_delivery_patrol_045,navigate,2026-01-11T02:49:15.000Z,complete,rover_1,ground_rover,single_ground_robot_delivery_patrol_045_exec_10,done,72.7,0.0,0.0,0.0,null,null,null,null,null
single_ground_robot_delivery_patrol_045,dock,2026-01-11T02:49:16.000Z,start,rover_1,ground_rover,single_ground_robot_delivery_patrol_045_exec_11,inprogress,72.7,0.0,0.0,0.0,null,null,null,null,null
single_ground_robot_delivery_patrol_045,dock,2026-01-11T02:49:40.000Z,complete,rover_1,ground_rover,single_ground_robot_delivery_patrol_045_exec_11,done,72.6,0.0,0.0,0.0,null,null,null,null,null
single_ground_robot_delivery_patrol_046,boot,2026-01-11T02:45:00.000Z,start,rover_1,ground_rover,single_ground_robot_delivery_patrol_046_exec_1,inprogress,78.7,0.0,0.0,0.0,null,null,null,null,null
single_ground_robot_delivery_patrol_046,boot,2026-01-11T02:45:23.000Z,complete,rover_1,ground_rover,single_ground_robot_delivery_patrol_046_exec_1,done,78.5,0.0,0.0,0.0,null,null,null,null,null
single_ground_robot_delivery_patrol_046,navigate,2026-01-11T02:45:24.000Z,start,rover_1,ground_rover,single_ground_robot_delivery_patrol_046_exec_2,inprogress,78.5,0.0,0.0,0.0,null,null,null,null,null
single_ground_robot_delivery_patrol_046,navigate,2026-01-11T02:46:27.000Z,null,rover_1,ground_rover,single_ground_robot_delivery_patrol_046_exec_2,inprogress,77.9,1.43,1.13,0.0,null,null,null,null,null
single_ground_robot_delivery_patrol_046,navigate,2026-01-11T02:47:30.000Z,null,rover_1,ground_rover,single_ground_robot_delivery_patrol_046_exec_2,inprogress,77.4,2.86,2.26,0.0,null,null,null,null,null
single_ground_robot_delivery_patrol_046,navigate,2026-01-11T02:48:33.000Z,null,rover_1,ground_rover,single_ground_robot_delivery_patrol_046_exec_2,inprogress,76.8,4.29,3.39,0.0,null,null,null,null,null
single_ground_robot_delivery_patrol_046,navigate,2026-01-11T02:49:36.000Z,null,rover_1,ground_rover,single_ground_robot_delivery_patrol_046_exec_2,inprogress,76.3,5.72,4.52,0.0,null,null,null,null,null
single_ground_robot_delivery_patrol_046,navigate,2026-01-11T02:50:39.000Z,null,rover_1,ground_rover,single_ground_robot_delivery_patrol_046_exec_2,inprogress,75.7,7.14,5.65,0.0,null,null,null,null,null
single_ground_robot_delivery_patrol_046,navigate,2026-01-11T02:51:47.000Z,complete,rover_1,ground_rover,single_ground_robot_delivery_patrol_046_exec_2,done,75.2,8.57,6.78,0.0,null,null,null,null,null
single_ground_robot_delivery_patrol_046,pickup,2026-01-11T02:51:48.000Z,start,rover_1,ground_rover,single_ground_robot_delivery_patrol_046_exec_3,inprogress,75.2,8.57,6.78,0.0,null,null,null,null,null
single_ground_robot_delivery_patrol_046,pickup,2026-01-11T02:52:54.000Z,complete,rover_1,ground_rover,single_ground_robot_delivery_patrol_046_exec_3,done,74.3,8.57,6.78,0.0,null,null,null,null,null
single_ground_robot_delivery_patrol_046,navigate,2026-01-11T02:52:55.000Z,start,rover_1,ground_rover,single_ground_robot_delivery_patrol_046_exec_4,inprogress,74.3,8.57,6.78,0.0,null,null,null,null,null
single_ground_robot_delivery_patrol_046,navigate,2026-01-11T02:54:08.000Z,null,rover_1,ground_rover,single_ground_robot_delivery_patrol_046_exec_4,inprogress,73.3,11.73,7.83,0.0,null,null,null,null,null
single_ground_robot_delivery_patrol_046,navigate,2026-01-11T02:55:21.000Z,null,rover_1,ground_rover,single_ground_robot_delivery_patrol_046_exec_4,inprogress,72.4,14.89,8.87,0.0,null,null,null,null,null
single_ground_robot_delivery_patrol_046,navigate,2026-01-11T02:56:34.000Z,null,rover_1,ground_rover,single_ground_robot_delivery_patrol_046_exec_4,inprogress,71.4,18.05,9.92,0.0,null,null,null,null,null
single_ground_robot_delivery_patrol_046,navigate,2026-01-11T02:57:47.000Z,null,rover_1,ground_rover,single_ground_robot_delivery_patrol_046_exec_4,inprogress,70.5,21.21,10.97,0.0,null,null,null,null,null
single_ground_robot_delivery_patrol_046,navigate,2026-01-11T02:59:01.000Z,complete,rover_1,ground_rover,single_ground_robot_delivery_patrol_046_exec_4,done,69.5,24.37,12.02,0.0,null,null,null,null,null
single_ground_robot_delivery_patrol_046,deliver,2026-01-11T02:59:02.000Z,start,rover_1,ground_rover,single_ground_robot_delivery_patrol_046_exec_5,inprogress,69.5,24.37,12.02,0.0,null,null,null,null,null
single_ground_robot_delivery_patrol_046,deliver,2026-01-11T02:59:19.000Z,null,rover_1,ground_rover,single_ground_robot_delivery_patrol_046_exec_5,inprogress,69.3,24.37,12.02,0.0,null,null,null,null,null
single_ground_robot_delivery_patrol_046,deliver,2026-01-11T02:59:37.000Z,complete,rover_1,ground_rover,single_ground_robot_delivery_patrol_046_exec_5,done,69.1,24.37,12.02,0.0,null,null,null,null,null
single_ground_robot_delivery_patrol_046,patrol,2026-01-11T02:59:38.000Z,start,rover_1,ground_rover,single_ground_robot_delivery_patrol_046_exec_6,inprogress,69.1,24.37,12.02,0.0,null,null,null,null,null
single_ground_robot_delivery_patrol_046,patrol,2026-01-11T03:00:36.000Z,null,rover_1,ground_rover,single_ground_robot_delivery_patrol_046_exec_6,inprogress,68.6,24.38,12.99,0.0,null,null,null,null,null
single_ground_robot_delivery_patrol_046,patrol,2026-01-11T03:01:34.000Z,null,rover_1,ground_rover,single_ground_robot_delivery_patrol_046_exec_6,inprogress,68.1,24.4,13.97,0.0,null,null,null,null,null
single_ground_robot_delivery_patrol_046,patrol,2026-01-11T03:02:32.000Z,null,rover_1,ground_rover,single_ground_robot_delivery_patrol_046_exec_6,inprogress,67.6,24.41,14.95,0.0,null,null,null,null,null
single_ground_robot_delivery_patrol_046,patrol,2026-01-11T03:03:32.000Z,complete,rover_1,ground_rover,single_ground_robot_delivery_patrol_046_exec_6,done,67.1,24.43,15.92,0.0,null,null,null,null,null
single_ground_robot_delivery_patrol_046,navigate,2026-01-11T03:03:33.000Z,start,rover_1,ground_rover,single_ground_robot_delivery_patrol_046_exec_7,inprogress,67.1,24.43,15.92,0.0,null,null,null,null,null
single_ground_robot_delivery_patrol_046,navigate,2026-01-11T03:04:35.000Z,null,rover_1,ground_rover,single_ground_robot_delivery_patrol_046_exec_7,inprogress,66.6,18.32,11.94,0.0,null,null,null,null,null
single_ground_robot_delivery_patrol_046,navigate,2026-01-11T03:05:37.000Z,null,rover_1,ground_rover,single_ground_robot_delivery_patrol_046_exec_7,inprogress,66.0,12.21,7.96,0.0,null,null,null,null,null
single_ground_robot_delivery_patrol_046,navigate,2026-01-11T03:06:39.000Z,null,rover_1,ground_rover,single_ground_robot_delivery_patrol_046_exec_7,inprogress,65.5,6.11,3.98,0.0,null,null,null,null,null
single_ground_robot_delivery_patrol_046,navigate,2026-01-11T03:07:42.000Z,complete,rover_1,ground_rover,single_ground_robot_delivery_patrol_046_exec_7,done,65.0,0.0,0.0,0.0,null,null,null,null,null
single_ground_robot_delivery_patrol_046,dock,2026-01-11T03:07:43.000Z,start,rover_1,ground_rover,single_ground_robot_delivery_patrol_046_exec_8,inprogress,65.0,0.0,0.0,0.0,null,null,null,null,null
single_ground_robot_delivery_patrol_046,dock,2026-01-11T03:08:10.000Z,complete,rover_1,ground_rover,single_ground_robot_delivery_patrol_046_exec_8,done,64.9,0.0,0.0,0.0,null,null,null,null,null
single_ground_robot_delivery_patrol_047,boot,2026-01-11T03:10:00.000Z,start,rover_1,ground_rover,single_ground_robot_delivery_patrol_047_exec_1,inprogress,99.5,0.0,0.0,0.0,null,null,null,null,null
single_ground_robot_delivery_patrol_047,boot,2026-01-11T03:10:28.000Z,complete,rover_1,ground_rover,single_ground_robot_delivery_patrol_047_exec_1,done,99.3,0.0,0.0,0.0,null,null,null,null,null
single_ground_robot_delivery_patrol_047,navigate,2026-01-11T03:10:29.000Z,start,rover_1,ground_rover,single_ground_robot_delivery_patrol_047_exec_2,inprogress,99.3,0.0,0.0,0.0,null,null,null,null,null
single_ground_robot_delivery_patrol_047,navigate,2026-01-11T03:11:08.000Z,null,rover_1,ground_rover,single_ground_robot_delivery_patrol_047_exec_2,inprogress,98.5,3.39,1.24,0.0,null,null,null,null,null
single_ground_robot_delivery_patrol_047,navigate,2026-01-11T03:11:47.000Z,null,rover_1,ground_rover,single_ground_robot_delivery_patrol_047_exec_2,inprogress,97.7,6.79,2.49,0.0,null,null,null,null,null
single_ground_robot_delivery_patrol_047,navigate,2026-01-11T03:12:26.000Z,null,rover_1,ground_rover,single_ground_robot_delivery_patrol_047_exec_2,inprogress,96.9,10.18,3.73,0.0,null,null,null,null,null
single_ground_robot_delivery_patrol_047,navigate,2026-01-11T03:13:05.000Z,null,rover_1,ground_rover,single_ground_robot_delivery_patrol_047_exec_2,inprogress,96.1,13.57,4.97,0.0,null,null,null,null,null
single_ground_robot_delivery_patrol_047,navigate,2026-01-11T03:13:46.000Z,complete,rover_1,ground_rover,single_ground_robot_delivery_patrol_047_exec_2,done,95.3,16.97,6.21,0.0,null,null,null,null,null
single_ground_robot_delivery_patrol_047,pickup,2026-01-11T03:13:47.000Z,start,rover_1,ground_rover,single_ground_robot_delivery_patrol_047_exec_3,inprogress,95.3,16.97,6.21,0.0,null,null,null,null,null
single_ground_robot_delivery_patrol_047,pickup,2026-01-11T03:14:07.000Z,null,rover_1,ground_rover,single_ground_robot_delivery_patrol_047_exec_3,inprogress,95.1,16.97,6.21,0.0,null,null,null,null,null
single_ground_robot_delivery_patrol_047,pickup,2026-01-11T03:14:28.000Z,complete,rover_1,ground_rover,single_ground_robot_delivery_patrol_047_exec_3,done,94.8,16.97,6.21,0.0,null,null,null,null,null
single_ground_robot_delivery_patrol_047,navigate,2026-01-11T03:14:29.000Z,start,rover_1,ground_rover,single_ground_robot_delivery_patrol_047_exec_4,inprogress,94.8,16.97,6.21,0.0,null,null,null,null,null
single_ground_robot_delivery_patrol_047,navigate,2026-01-11T03:15:48.000Z,null,rover_1,ground_rover,single_ground_robot_delivery_patrol_047_exec_4,inprogress,93.5,19.5,9.03,0.0,null,null,null,null,null
single_ground_robot_delivery_patrol_047,navigate,2026-01-11T03:17:07.000Z,null,rover_1,ground_rover,single_ground_robot_delivery_patrol_047_exec_4,inprogress,92.2,22.04,11.85,0.0,null,null,null,null,null
single_ground_robot_delivery_patrol_047,navigate,2026-01-11T03:18:26.000Z,null,rover_1,ground_rover,single_ground_robot_delivery_patrol_047_exec_4,inprogress,90.9,24.57,14.67,0.0,null,null,null,null,null
single_ground_robot_delivery_patrol_047,navigate,2026-01-11T03:19:45.000Z,null,rover_1,ground_rover,single_ground_robot_delivery_patrol_047_exec_4,inprogress,89.6,27.11,17.49,0.0,null,null,null,null,null
single_ground_robot_delivery_patrol_047,navigate,2026-01-11T03:21:07.000Z,complete,rover_1,ground_rover,single_ground_robot_delivery_patrol_047_exec_4,done,88.3,29.64,20.3,0.0,null,null,null,null,null
single_ground_robot_delivery_patrol_047,deliver,2026-01-11T03:21:08.000Z,start,rover_1,ground_rover,single_ground_robot_delivery_patrol_047_exec_5,inprogress,88.3,29.64,20.3,0.0,null,null,null,null,null
single_ground_robot_delivery_patrol_047,deliver,2026-01-11T03:21:46.000Z,complete,rover_1,ground_rover,single_ground_robot_delivery_patrol_047_exec_5,done,87.4,29.64,20.3,0.0,null,null,null,null,null
single_ground_robot_delivery_patrol_047,patrol,2026-01-11T03:21:47.000Z,start,rover_1,ground_rover,single_ground_robot_delivery_patrol_047_exec_6,inprogress,87.4,29.64,20.3,0.0,null,null,null,null,null
single_ground_robot_delivery_patrol_047,patrol,2026-01-11T03:23:35.000Z,null,rover_1,ground_rover,single_ground_robot_delivery_patrol_047_exec_6,inprogress,86.7,28.82,18.48,0.0,null,null,null,null,null
single_ground_robot_delivery_patrol_047,patrol,2026-01-11T03:25:24.000Z,complete,rover_1,ground_rover,single_ground_robot_delivery_patrol_047_exec_6,done,86.0,27.99,16.65,0.0,null,null,null,null,null
single_ground_robot_delivery_patrol_047,navigate,2026-01-11T03:25:25.000Z,start,rover_1,ground_rover,single_ground_robot_delivery_patrol_047_exec_7,inprogress,86.0,27.99,16.65,0.0,null,null,null,null,null
single_ground_robot_delivery_patrol_047,navigate,2026-01-11T03:26:05.000Z,null,rover_1,ground_rover,single_ground_robot_delivery_patrol_047_exec_7,inprogress,84.9,20.99,12.49,0.0,null,null,null,null,null
single_ground_robot_delivery_patrol_047,navigate,2026-01-11T03:26:45.000Z,null,rover_1,ground_rover,single_ground_robot_delivery_patrol_047_exec_7,inprogress,83.8,13.99,8.33,0.0,null,null,null,null,null
single_ground_robot_delivery_patrol_047,navigate,2026-01-11T03:27:25.000Z,null,rover_1,ground_rover,single_ground_robot_delivery_patrol_047_exec_7,inprogress,82.8,7.0,4.16,0.0,null,null,null,null,null
single_ground_robot_delivery_patrol_047,navigate,2026-01-11T03:28:05.000Z,complete,rover_1,ground_rover,single_ground_robot_delivery_patrol_047_exec_7,done,81.7,0.0,0.0,0.0,null,null,null,null,null
single_ground_robot_delivery_patrol_047,dock,2026-01-11T03:28:06.000Z,start,rover_1,ground_rover,single_ground_robot_delivery_patrol_047_exec_8,inprogress,81.7,0.0,0.0,0.0,null,null,null,null,null
single_ground_robot_delivery_patrol_047,dock,2026-01-11T03:28:37.000Z,complete,rover_1,ground_rover,single_ground_robot_delivery_patrol_047_exec_8,done,81.6,0.0,0.0,0.0,null,null,null,null,null
single_ground_robot_delivery_patrol_048,boot,2026-01-11T03:35:00.000Z,start,rover_1,ground_rover,single_ground_robot_delivery_patrol_048_exec_1,inprogress,83.2,0.0,0.0,0.0,null,null,null,null,null
single_ground_robot_delivery_patrol_048,boot,2026-01-11T03:35:37.000Z,complete,rover_1,ground_rover,single_ground_robot_delivery_patrol_048_exec_1,done,83.0,0.0,0.0,0.0,null,null,null,null,null
single_ground_robot_delivery_patrol_048,navigate,2026-01-11T03:35:38.000Z,start,rover_1,ground_rover,single_ground_robot_delivery_patrol_048_exec_2,inprogress,83.0,0.0,0.0,0.0,null,null,null,null,null
single_ground_robot_delivery_patrol_048,navigate,2026-01-11T03:37:04.000Z,null,rover_1,ground_rover,single_ground_robot_delivery_patrol_048_exec_2,inprogress,81.9,3.42,0.83,0.0,null,null,null,null,null
single_ground_robot_delivery_patrol_048,navigate,2026-01-11T03:38:30.000Z,null,rover_1,ground_rover,single_ground_robot_delivery_patrol_048_exec_2,inprogress,80.9,6.84,1.66,0.0,null,null,null,null,null
single_ground_robot_delivery_patrol_048,navigate,2026-01-11T03:39:56.000Z,null,rover_1,ground_rover,single_ground_robot_delivery_patrol_048_exec_2,inprogress,79.8,10.26,2.5,0.0,null,null,null,null,null
single_ground_robot_delivery_patrol_048,navigate,2026-01-11T03:41:23.000Z,complete,rover_1,ground_rover,single_ground_robot_delivery_patrol_048_exec_2,done,78.8,13.68,3.33,0.0,null,null,null,null,null
single_ground_robot_delivery_patrol_048,pickup,2026-01-11T03:41:24.000Z,start,rover_1,ground_rover,single_ground_robot_delivery_patrol_048_exec_3,inprogress,78.8,13.68,3.33,0.0,null,null,null,null,null
single_ground_robot_delivery_patrol_048,pickup,2026-01-11T03:41:43.000Z,null,rover_1,ground_rover,single_ground_robot_delivery_patrol_048_exec_3,inprogress,78.5,13.68,3.33,0.0,null,null,null,null,null
single_ground_robot_delivery_patrol_048,pickup,2026-01-11T03:42:02.000Z,complete,rover_1,ground_rover,single_ground_robot_delivery_patrol_048_exec_3,done,78.2,13.68,3.33,0.0,null,null,null,null,null
single_ground_robot_delivery_patrol_048,navigate,2026-01-11T03:42:03.000Z,start,rover_1,ground_rover,single_ground_robot_delivery_patrol_048_exec_4,inprogress,78.2,13.68,3.33,0.0,null,null,null,null,null
single_ground_robot_delivery_patrol_048,navigate,2026-01-11T03:43:19.000Z,null,rover_1,ground_rover,single_ground_robot_delivery_patrol_048_exec_4,inprogress,76.7,16.76,6.6,0.0,null,null,null,null,null
single_ground_robot_delivery_patrol_048,navigate,2026-01-11T03:44:35.000Z,null,rover_1,ground_rover,single_ground_robot_delivery_patrol_048_exec_4,inprogress,75.2,19.84,9.86,0.0,null,null,null,null,null
single_ground_robot_delivery_patrol_048,navigate,2026-01-11T03:45:51.000Z,null,rover_1,ground_rover,single_ground_robot_delivery_patrol_048_exec_4,inprogress,73.7,22.92,13.13,0.0,null,null,null,null,null
single_ground_robot_delivery_patrol_048,navigate,2026-01-11T03:47:09.000Z,complete,rover_1,ground_rover,single_ground_robot_delivery_patrol_048_exec_4,done,72.2,26.0,16.4,0.0,null,null,null,null,null
single_ground_robot_delivery_patrol_048,deliver,2026-01-11T03:47:10.000Z,start,rover_1,ground_rover,single_ground_robot_delivery_patrol_048_exec_5,inprogress,72.2,26.0,16.4,0.0,null,null,null,null,null
single_ground_robot_delivery_patrol_048,deliver,2026-01-11T03:47:40.000Z,null,rover_1,ground_rover,single_ground_robot_delivery_patrol_048_exec_5,inprogress,71.7,26.0,16.4,0.0,null,null,null,null,null
single_ground_robot_delivery_patrol_048,deliver,2026-01-11T03:48:11.000Z,complete,rover_1,ground_rover,single_ground_robot_delivery_patrol_048_exec_5,done,71.2,26.0,16.4,0.0,null,null,null,null,null
single_ground_robot_delivery_patrol_048,patrol,2026-01-11T03:48:12.000Z,start,rover_1,ground_rover,single_ground_robot_delivery_patrol_048_exec_6,inprogress,71.2,26.0,16.4,0.0,null,null,null,null,null
single_ground_robot_delivery_patrol_048,patrol,2026-01-11T03:49:29.000Z,null,rover_1,ground_rover,single_ground_robot_delivery_patrol_048_exec_6,inprogress,70.8,26.8,17.0,0.0,null,null,null,null,null
single_ground_robot_delivery_patrol_048,patrol,2026-01-11T03:50:46.000Z,null,rover_1,ground_rover,single_ground_robot_delivery_patrol_048_exec_6,inprogress,70.4,27.61,17.61,0.0,null,null,null,null,null
single_ground_robot_delivery_patrol_048,patrol,2026-01-11T03:52:04.000Z,complete,rover_1,ground_rover,single_ground_robot_delivery_patrol_048_exec_6,done,70.0,28.41,18.21,0.0,null,null,null,null,null
single_ground_robot_delivery_patrol_048,navigate,2026-01-11T03:52:05.000Z,start,rover_1,ground_rover,single_ground_robot_delivery_patrol_048_exec_7,inprogress,70.0,28.41,18.21,0.0,null,null,null,null,null
single_ground_robot_delivery_patrol_048,navigate,2026-01-11T03:52:44.000Z,null,rover_1,ground_rover,single_ground_robot_delivery_patrol_048_exec_7,inprogress,69.5,22.73,14.57,0.0,null,null,null,null,null
single_ground_robot_delivery_patrol_048,navigate,2026-01-11T03:53:23.000Z,null,rover_1,ground_rover,single_ground_robot_delivery_patrol_048_exec_7,inprogress,68.9,17.05,10.93,0.0,null,null,null,null,null
single_ground_robot_delivery_patrol_048,navigate,2026-01-11T03:54:02.000Z,null,rover_1,ground_rover,single_ground_robot_delivery_patrol_048_exec_7,inprogress,68.4,11.36,7.29,0.0,null,null,null,null,null
single_ground_robot_delivery_patrol_048,navigate,2026-01-11T03:54:41.000Z,null,rover_1,ground_rover,single_ground_robot_delivery_patrol_048_exec_7,inprogress,67.8,5.68,3.64,0.0,null,null,null,null,null
single_ground_robot_delivery_patrol_048,navigate,2026-01-11T03:55:21.000Z,complete,rover_1,ground_rover,single_ground_robot_delivery_patrol_048_exec_7,done,67.3,0.0,0.0,0.0,null,null,null,null,null
single_ground_robot_delivery_patrol_048,dock,2026-01-11T03:55:22.000Z,start,rover_1,ground_rover,single_ground_robot_delivery_patrol_048_exec_8,inprogress,67.3,0.0,0.0,0.0,null,null,null,null,null
single_ground_robot_delivery_patrol_048,dock,2026-01-11T03:55:40.000Z,complete,rover_1,ground_rover,single_ground_robot_delivery_patrol_048_exec_8,done,67.2,0.0,0.0,0.0,null,null,null,null,null
single_ground_robot_delivery_patrol_049,boot,2026-01-11T04:00:00.000Z,start,rover_1,ground_rover,single_ground_robot_delivery_patrol_049_exec_1,inprogress,74.2,0.0,0.0,0.0,null,null,null,null,null
single_ground_robot_delivery_patrol_049,boot,2026-01-11T04:00:41.000Z,complete,rover_1,ground_rover,single_ground_robot_delivery_patrol_049_exec_1,done,74.0,0.0,0.0,0.0,null,null,null,null,null
single_ground_robot_delivery_patrol_049,navigate,2026-01-11T04:00:42.000Z,start,rover_1,ground_rover,single_ground_robot_delivery_patrol_049_exec_2,inprogress,74.0,0.0,0.0,0.0,null,null,null,null,null
single_ground_robot_delivery_patrol_049,navigate,2026-01-11T04:01:42.000Z,null,rover_1,ground_rover,single_ground_robot_delivery_patrol_049_exec_2,inprogress,73.4,1.92,1.17,0.0,null,null,null,null,null
single_ground_robot_delivery_patrol_049,navigate,2026-01-11T04:02:42.000Z,null,rover_1,ground_rover,single_ground_robot_delivery_patrol_049_exec_2,inprogress,72.8,3.85,2.34,0.0,null,null,null,null,null
single_ground_robot_delivery_patrol_049,navigate,2026-01-11T04:03:42.000Z,null,rover_1,ground_rover,single_ground_robot_delivery_patrol_049_exec_2,inprogress,72.2,5.77,3.51,0.0,null,null,null,null,null
single_ground_robot_delivery_patrol_049,navigate,2026-01-11T04:04:42.000Z,null,rover_1,ground_rover,single_ground_robot_delivery_patrol_049_exec_2,inprogress,71.6,7.7,4.68,0.0,null,null,null,null,null
single_ground_robot_delivery_patrol_049,navigate,2026-01-11T04:05:42.000Z,null,rover_1,ground_rover,single_ground_robot_delivery_patrol_049_exec_2,inprogress,71.0,9.62,5.84,0.0,null,null,null,null,null
single_ground_robot_delivery_patrol_049,navigate,2026-01-11T04:06:45.000Z,complete,rover_1,ground_rover,single_ground_robot_delivery_patrol_049_exec_2,done,70.4,11.55,7.01,0.0,null,null,null,null,null
single_ground_robot_delivery_patrol_049,pickup,2026-01-11T04:06:46.000Z,start,rover_1,ground_rover,single_ground_robot_delivery_patrol_049_exec_3,inprogress,70.4,11.55,7.01,0.0,null,null,null,null,null
single_ground_robot_delivery_patrol_049,pickup,2026-01-11T04:07:49.000Z,complete,rover_1,ground_rover,single_ground_robot_delivery_patrol_049_exec_3,done,69.4,11.55,7.01,0.0,null,null,null,null,null
single_ground_robot_delivery_patrol_049,navigate,2026-01-11T04:07:50.000Z,start,rover_1,ground_rover,single_ground_robot_delivery_patrol_049_exec_4,inprogress,69.4,11.55,7.01,0.0,null,null,null,null,null
single_ground_robot_delivery_patrol_049,navigate,2026-01-11T04:08:48.000Z,null,rover_1,ground_rover,single_ground_robot_delivery_patrol_049_exec_4,inprogress,67.7,15.29,9.86,0.0,null,null,null,null,null
single_ground_robot_delivery_patrol_049,navigate,2026-01-11T04:09:46.000Z,null,rover_1,ground_rover,single_ground_robot_delivery_patrol_049_exec_4,inprogress,66.1,19.04,12.7,0.0,null,null,null,null,null
single_ground_robot_delivery_patrol_049,navigate,2026-01-11T04:10:44.000Z,null,rover_1,ground_rover,single_ground_robot_delivery_patrol_049_exec_4,inprogress,64.4,22.78,15.55,0.0,null,null,null,null,null
single_ground_robot_delivery_patrol_049,navigate,2026-01-11T04:11:44.000Z,complete,rover_1,ground_rover,single_ground_robot_delivery_patrol_049_exec_4,done,62.7,26.52,18.39,0.0,null,null,null,null,null
single_ground_robot_delivery_patrol_049,deliver,2026-01-11T04:11:45.000Z,start,rover_1,ground_rover,single_ground_robot_delivery_patrol_049_exec_5,inprogress,62.7,26.52,18.39,0.0,null,null,null,null,null
single_ground_robot_delivery_patrol_049,deliver,2026-01-11T04:12:12.000Z,null,rover_1,ground_rover,single_ground_robot_delivery_patrol_049_exec_5,inprogress,62.3,26.52,18.39,0.0,null,null,null,null,null
single_ground_robot_delivery_patrol_049,deliver,2026-01-11T04:12:40.000Z,complete,rover_1,ground_rover,single_ground_robot_delivery_patrol_049_exec_5,done,62.0,26.52,18.39,0.0,null,null,null,null,null
single_ground_robot_delivery_patrol_049,patrol,2026-01-11T04:12:41.000Z,start,rover_1,ground_rover,single_ground_robot_delivery_patrol_049_exec_6,inprogress,62.0,26.52,18.39,0.0,null,null,null,null,null
single_ground_robot_delivery_patrol_049,patrol,2026-01-11T04:13:51.000Z,null,rover_1,ground_rover,single_ground_robot_delivery_patrol_049_exec_6,inprogress,60.7,25.1,18.82,0.0,null,null,null,null,null
single_ground_robot_delivery_patrol_049,patrol,2026-01-11T04:15:01.000Z,complete,rover_1,ground_rover,single_ground_robot_delivery_patrol_049_exec_6,done,59.5,23.67,19.26,0.0,null,null,null,null,null
single_ground_robot_delivery_patrol_049,navigate,2026-01-11T04:15:02.000Z,start,rover_1,ground_rover,single_ground_robot_delivery_patrol_049_exec_7,inprogress,59.5,23.67,19.26,0.0,null,null,null,null,null
single_ground_robot_delivery_patrol_049,navigate,2026-01-11T04:15:54.000Z,null,rover_1,ground_rover,single_ground_robot_delivery_patrol_049_exec_7,inprogress,58.8,15.78,12.84,0.0,null,null,null,null,null
single_ground_robot_delivery_patrol_049,navigate,2026-01-11T04:16:46.000Z,null,rover_1,ground_rover,single_ground_robot_delivery_patrol_049_exec_7,inprogress,58.1,7.89,6.42,0.0,null,null,null,null,null
single_ground_robot_delivery_patrol_049,navigate,2026-01-11T04:17:40.000Z,complete,rover_1,ground_rover,single_ground_robot_delivery_patrol_049_exec_7,done,57.4,0.0,0.0,0.0,null,null,null,null,null
single_ground_robot_delivery_patrol_049,dock,2026-01-11T04:17:41.000Z,start,rover_1,ground_rover,single_ground_robot_delivery_patrol_049_exec_8,inprogress,57.4,0.0,0.0,0.0,null,null,null,null,null
single_ground_robot_delivery_patrol_049,dock,2026-01-11T04:18:16.000Z,complete,rover_1,ground_rover,single_ground_robot_delivery_patrol_049_exec_8,done,57.3,0.0,0.0,0.0,null,null,null,null,null
single_ground_robot_delivery_patrol_050,boot,2026-01-11T04:25:00.000Z,start,rover_1,ground_rover,single_ground_robot_delivery_patrol_050_exec_1,inprogress,82.3,0.0,0.0,0.0,null,null,null,null,null
single_ground_robot_delivery_patrol_050,boot,2026-01-11T04:25:32.000Z,complete,rover_1,ground_rover,single_ground_robot_delivery_patrol_050_exec_1,done,82.1,0.0,0.0,0.0,null,null,null,null,null
single_ground_robot_delivery_patrol_050,navigate,2026-01-11T04:25:33.000Z,start,rover_1,ground_rover,single_ground_robot_delivery_patrol_050_exec_2,inprogress,82.1,0.0,0.0,0.0,null,null,null,null,null
single_ground_robot_delivery_patrol_050,navigate,2026-01-11T04:26:09.000Z,null,rover_1,ground_rover,single_ground_robot_delivery_patrol_050_exec_2,inprogress,80.9,3.23,0.55,0.0,null,null,null,null,null
single_ground_robot_delivery_patrol_050,navigate,2026-01-11T04:26:45.000Z,null,rover_1,ground_rover,single_ground_robot_delivery_patrol_050_exec_2,inprogress,79.8,6.46,1.1,0.0,null,null,null,null,null
single_ground_robot_delivery_patrol_050,navigate,2026-01-11T04:27:21.000Z,null,rover_1,ground_rover,single_ground_robot_delivery_patrol_050_exec_2,inprogress,78.7,9.7,1.65,0.0,null,null,null,null,null
single_ground_robot_delivery_patrol_050,navigate,2026-01-11T04:27:57.000Z,null,rover_1,ground_rover,single_ground_robot_delivery_patrol_050_exec_2,inprogress,77.5,12.93,2.19,0.0,null,null,null,null,null
single_ground_robot_delivery_patrol_050,navigate,2026-01-11T04:28:33.000Z,null,rover_1,ground_rover,single_ground_robot_delivery_patrol_050_exec_2,inprogress,76.4,16.16,2.74,0.0,null,null,null,null,null
single_ground_robot_delivery_patrol_050,navigate,2026-01-11T04:29:12.000Z,complete,rover_1,ground_rover,single_ground_robot_delivery_patrol_050_exec_2,done,75.3,19.39,3.29,0.0,null,null,null,null,null
single_ground_robot_delivery_patrol_050,pickup,2026-01-11T04:29:13.000Z,start,rover_1,ground_rover,single_ground_robot_delivery_patrol_050_exec_3,inprogress,75.3,19.39,3.29,0.0,null,null,null,null,null
single_ground_robot_delivery_patrol_050,pickup,2026-01-11T04:29:52.000Z,complete,rover_1,ground_rover,single_ground_robot_delivery_patrol_050_exec_3,done,74.4,19.39,3.29,0.0,null,null,null,null,null
single_ground_robot_delivery_patrol_050,navigate,2026-01-11T04:29:53.000Z,start,rover_1,ground_rover,single_ground_robot_delivery_patrol_050_exec_4,inprogress,74.4,19.39,3.29,0.0,null,null,null,null,null
single_ground_robot_delivery_patrol_050,navigate,2026-01-11T04:30:50.000Z,null,rover_1,ground_rover,single_ground_robot_delivery_patrol_050_exec_4,inprogress,73.5,20.12,4.93,0.0,null,null,null,null,null
single_ground_robot_delivery_patrol_050,navigate,2026-01-11T04:31:47.000Z,null,rover_1,ground_rover,single_ground_robot_delivery_patrol_050_exec_4,inprogress,72.6,20.84,6.57,0.0,null,null,null,null,null
single_ground_robot_delivery_patrol_050,navigate,2026-01-11T04:32:44.000Z,null,rover_1,ground_rover,single_ground_robot_delivery_patrol_050_exec_4,inprogress,71.7,21.57,8.21,0.0,null,null,null,null,null
single_ground_robot_delivery_patrol_050,navigate,2026-01-11T04:33:41.000Z,null,rover_1,ground_rover,single_ground_robot_delivery_patrol_050_exec_4,inprogress,70.7,22.29,9.85,0.0,null,null,null,null,null
single_ground_robot_delivery_patrol_050,navigate,2026-01-11T04:34:38.000Z,null,rover_1,ground_rover,single_ground_robot_delivery_patrol_050_exec_4,inprogress,69.8,23.02,11.49,0.0,null,null,null,null,null
single_ground_robot_delivery_patrol_050,navigate,2026-01-11T04:35:40.000Z,complete,rover_1,ground_rover,single_ground_robot_delivery_patrol_050_exec_4,done,68.9,23.74,13.13,0.0,null,null,null,null,null
single_ground_robot_delivery_patrol_050,deliver,2026-01-11T04:35:41.000Z,start,rover_1,ground_rover,single_ground_robot_delivery_patrol_050_exec_5,inprogress,68.9,23.74,13.13,0.0,null,null,null,null,null
single_ground_robot_delivery_patrol_050,deliver,2026-01-11T04:36:46.000Z,complete,rover_1,ground_rover,single_ground_robot_delivery_patrol_050_exec_5,done,68.3,23.74,13.13,0.0,null,null,null,null,null
single_ground_robot_delivery_patrol_050,patrol,2026-01-11T04:36:47.000Z,start,rover_1,ground_rover,single_ground_robot_delivery_patrol_050_exec_6,inprogress,68.3,23.74,13.13,0.0,null,null,null,null,null
single_ground_robot_delivery_patrol_050,patrol,2026-01-11T04:37:28.000Z,null,rover_1,ground_rover,single_ground_robot_delivery_patrol_050_exec_6,inprogress,67.9,23.64,14.13,0.0,null,null,null,null,null
single_ground_robot_delivery_patrol_050,patrol,2026-01-11T04:38:09.000Z,null,rover_1,ground_rover,single_ground_robot_delivery_patrol_050_exec_6,inprogress,67.6,23.53,15.12,0.0,null,null,null,null,null
single_ground_robot_delivery_patrol_050,patrol,2026-01-11T04:38:50.000Z,null,rover_1,ground_rover,single_ground_robot_delivery_patrol_050_exec_6,inprogress,67.2,23.42,16.11,0.0,null,null,null,null,null
single_ground_robot_delivery_patrol_050,patrol,2026-01-11T04:39:33.000Z,complete,rover_1,ground_rover,single_ground_robot_delivery_patrol_050_exec_6,done,66.8,23.31,17.11,0.0,null,null,null,null,null
single_ground_robot_delivery_patrol_050,navigate,2026-01-11T04:39:34.000Z,start,rover_1,ground_rover,single_ground_robot_delivery_patrol_050_exec_7,inprogress,66.8,23.31,17.11,0.0,null,null,null,null,null
single_ground_robot_delivery_patrol_050,navigate,2026-01-11T04:41:05.000Z,null,rover_1,ground_rover,single_ground_robot_delivery_patrol_050_exec_7,inprogress,66.0,15.54,11.4,0.0,null,null,null,null,null
single_ground_robot_delivery_patrol_050,navigate,2026-01-11T04:42:36.000Z,null,rover_1,ground_rover,single_ground_robot_delivery_patrol_050_exec_7,inprogress,65.3,7.77,5.7,0.0,null,null,null,null,null
single_ground_robot_delivery_patrol_050,navigate,2026-01-11T04:44:09.000Z,complete,rover_1,ground_rover,single_ground_robot_delivery_patrol_050_exec_7,done,64.5,0.0,0.0,0.0,null,null,null,null,null
single_ground_robot_delivery_patrol_050,dock,2026-01-11T04:44:10.000Z,start,rover_1,ground_rover,single_ground_robot_delivery_patrol_050_exec_8,inprogress,64.5,0.0,0.0,0.0,null,null,null,null,null
single_ground_robot_delivery_patrol_050,dock,2026-01-11T04:44:27.000Z,complete,rover_1,ground_rover,single_ground_robot_delivery_patrol_050_exec_8,done,64.4,0.0,0.0,0.0,null,null,null,null,null
single_ground_robot_delivery_patrol_051,boot,2026-01-11T04:50:00.000Z,start,rover_1,ground_rover,single_ground_robot_delivery_patrol_051_exec_1,inprogress,84.7,0.0,0.0,0.0,null,null,null,null,null
single_ground_robot_delivery_patrol_051,boot,2026-01-11T04:50:42.000Z,complete,rover_1,ground_rover,single_ground_robot_delivery_patrol_051_exec_1,done,84.5,0.0,0.0,0.0,null,null,null,null,null
single_ground_robot_delivery_patrol_051,navigate,2026-01-11T04:50:43.000Z,start,rover_1,ground_rover,single_ground_robot_delivery_patrol_051_exec_2,inprogress,84.5,0.0,0.0,0.0,null,null,null,null,null
single_ground_robot_delivery_patrol_051,navigate,2026-01-11T04:51:53.000Z,null,rover_1,ground_rover,single_ground_robot_delivery_patrol_051_exec_2,inprogress,83.3,2.67,0.76,0.0,null,null,null,null,null
single_ground_robot_delivery_patrol_051,navigate,2026-01-11T04:53:03.000Z,null,rover_1,ground_rover,single_ground_robot_delivery_patrol_051_exec_2,inprogress,82.2,5.34,1.52,0.0,null,null,null,null,null
single_ground_robot_delivery_patrol_051,navigate,2026-01-11T04:54:13.000Z,null,rover_1,ground_rover,single_ground_robot_delivery_patrol_051_exec_2,inprogress,81.1,8.0,2.27,0.0,null,null,null,null,null
single_ground_robot_delivery_patrol_051,navigate,2026-01-11T04:55:23.000Z,null,rover_1,ground_rover,single_ground_robot_delivery_patrol_051_exec_2,inprogress,79.9,10.67,3.03,0.0,null,null,null,null,null
single_ground_robot_delivery_patrol_051,navigate,2026-01-11T04:56:37.000Z,complete,rover_1,ground_rover,single_ground_robot_delivery_patrol_051_exec_2,done,78.8,13.34,3.79,0.0,null,null,null,null,null
single_ground_robot_delivery_patrol_051,pickup,2026-01-11T04:56:38.000Z,start,rover_1,ground_rover,single_ground_robot_delivery_patrol_051_exec_3,inprogress,78.8,13.34,3.79,0.0,null,null,null,null,null
single_ground_robot_delivery_patrol_051,pickup,2026-01-11T04:57:13.000Z,null,rover_1,ground_rover,single_ground_robot_delivery_patrol_051_exec_3,inprogress,78.2,13.34,3.79,0.0,null,null,null,null,null
single_ground_robot_delivery_patrol_051,pickup,2026-01-11T04:57:48.000Z,complete,rover_1,ground_rover,single_ground_robot_delivery_patrol_051_exec_3,done,77.7,13.34,3.79,0.0,null,null,null,null,null
single_ground_robot_delivery_patrol_051,navigate,2026-01-11T04:57:49.000Z,start,rover_1,ground_rover,single_ground_robot_delivery_patrol_051_exec_4,inprogress,77.7,13.34,3.79,0.0,null,null,null,null,null
single_ground_robot_delivery_patrol_051,navigate,2026-01-11T04:59:16.000Z,null,rover_1,ground_rover,single_ground_robot_delivery_patrol_051_exec_4,inprogress,76.6,18.48,7.44,0.0,null,null,null,null,null
single_ground_robot_delivery_patrol_051,navigate,2026-01-11T05:00:43.000Z,null,rover_1,ground_rover,single_ground_robot_delivery_patrol_051_exec_4,inprogress,75.4,23.63,11.08,0.0,null,null,null,null,null
single_ground_robot_delivery_patrol_051,navigate,2026-01-11T05:02:10.000Z,null,rover_1,ground_rover,single_ground_robot_delivery_patrol_051_exec_4,inprogress,74.3,28.77,14.73,0.0,null,null,null,null,null
single_ground_robot_delivery_patrol_051,navigate,2026-01-11T05:03:39.000Z,complete,rover_1,ground_rover,single_ground_robot_delivery_patrol_051_exec_4,done,73.2,33.91,18.38,0.0,null,null,null,null,null
single_ground_robot_delivery_patrol_051,deliver,2026-01-11T05:03:40.000Z,start,rover_1,ground_rover,single_ground_robot_delivery_patrol_051_exec_5,inprogress,73.2,33.91,18.38,0.0,null,null,null,null,null
single_ground_robot_delivery_patrol_051,deliver,2026-01-11T05:04:22.000Z,complete,rover_1,ground_rover,single_ground_robot_delivery_patrol_051_exec_5,done,72.6,33.91,18.38,0.0,null,null,null,null,null
single_ground_robot_delivery_patrol_051,patrol,2026-01-11T05:04:23.000Z,start,rover_1,ground_rover,single_ground_robot_delivery_patrol_051_exec_6,inprogress,72.6,33.91,18.38,0.0,null,null,null,null,null
single_ground_robot_delivery_patrol_051,patrol,2026-01-11T05:06:16.000Z,null,rover_1,ground_rover,single_ground_robot_delivery_patrol_051_exec_6,inprogress,71.7,33.35,18.67,0.0,null,null,null,null,null
single_ground_robot_delivery_patrol_051,patrol,2026-01-11T05:08:09.000Z,complete,rover_1,ground_rover,single_ground_robot_delivery_patrol_051_exec_6,done,70.8,32.8,18.96,0.0,null,null,null,null,null
single_ground_robot_delivery_patrol_051,navigate,2026-01-11T05:08:10.000Z,start,rover_1,ground_rover,single_ground_robot_delivery_patrol_051_exec_7,inprogress,70.8,32.8,18.96,0.0,null,null,null,null,null
single_ground_robot_delivery_patrol_051,navigate,2026-01-11T05:09:47.000Z,null,rover_1,ground_rover,single_ground_robot_delivery_patrol_051_exec_7,inprogress,69.6,21.86,12.64,0.0,null,null,null,null,null
single_ground_robot_delivery_patrol_051,navigate,2026-01-11T05:11:24.000Z,null,rover_1,ground_rover,single_ground_robot_delivery_patrol_051_exec_7,inprogress,68.4,10.93,6.32,0.0,null,null,null,null,null
single_ground_robot_delivery_patrol_051,navigate,2026-01-11T05:13:01.000Z,complete,rover_1,ground_rover,single_ground_robot_delivery_patrol_051_exec_7,done,67.3,0.0,0.0,0.0,null,null,null,null,null
single_ground_robot_delivery_patrol_051,dock,2026-01-11T05:13:02.000Z,start,rover_1,ground_rover,single_ground_robot_delivery_patrol_051_exec_8,inprogress,67.3,0.0,0.0,0.0,null,null,null,null,null
single_ground_robot_delivery_patrol_051,dock,2026-01-11T05:13:19.000Z,complete,rover_1,ground_rover,single_ground_robot_delivery_patrol_051_exec_8,done,67.2,0.0,0.0,0.0,null,null,null,null,null
single_ground_robot_delivery_patrol_052,boot,2026-01-11T05:15:00.000Z,start,rover_1,ground_rover,single_ground_robot_delivery_patrol_052_exec_1,inprogress,73.8,0.0,0.0,0.0,null,null,null,null,null
single_ground_robot_delivery_patrol_052,boot,2026-01-11T05:15:32.000Z,complete,rover_1,ground_rover,single_ground_robot_delivery_patrol_052_exec_1,done,73.6,0.0,0.0,0.0,null,null,null,null,null
single_ground_robot_delivery_patrol_052,navigate,2026-01-11T05:15:33.000Z,start,rover_1,ground_rover,single_ground_robot_delivery_patrol_052_exec_2,inprogress,73.6,0.0,0.0,0.0,null,null,null,null,null
single_ground_robot_delivery_patrol_052,navigate,2026-01-11T05:16:25.000Z,null,rover_1,ground_rover,single_ground_robot_delivery_patrol_052_exec_2,inprogress,72.6,3.33,1.58,0.0,null,null,null,null,null
single_ground_robot_delivery_patrol_052,navigate,2026-01-11T05:17:17.000Z,null,rover_1,ground_rover,single_ground_robot_delivery_patrol_052_exec_2,inprogress,71.6,6.67,3.16,0.0,null,null,null,null,null
single_ground_robot_delivery_patrol_052,navigate,2026-01-11T05:18:09.000Z,null,rover_1,ground_rover,single_ground_robot_delivery_patrol_052_exec_2,inprogress,70.6,10.0,4.73,0.0,null,null,null,null,null
single_ground_robot_delivery_patrol_052,navigate,2026-01-11T05:19:01.000Z,null,rover_1,ground_rover,single_ground_robot_delivery_patrol_052_exec_2,inprogress,69.6,13.33,6.31,0.0,null,null,null,null,null
single_ground_robot_delivery_patrol_052,navigate,2026-01-11T05:19:53.000Z,null,rover_1,ground_rover,single_ground_robot_delivery_patrol_052_exec_2,inprogress,68.6,16.66,7.89,0.0,null,null,null,null,null
single_ground_robot_delivery_patrol_052,navigate,2026-01-11T05:20:47.000Z,complete,rover_1,ground_rover,single_ground_robot_delivery_patrol_052_exec_2,done,67.6,20.0,9.47,0.0,null,null,null,null,null
single_ground_robot_delivery_patrol_052,pickup,2026-01-11T05:20:48.000Z,start,rover_1,ground_rover,single_ground_robot_delivery_patrol_052_exec_3,inprogress,67.6,20.0,9.47,0.0,null,null,null,null,null
single_ground_robot_delivery_patrol_052,pickup,2026-01-11T05:21:27.000Z,complete,rover_1,ground_rover,single_ground_robot_delivery_patrol_052_exec_3,done,66.4,20.0,9.47,0.0,null,null,null,null,null
single_ground_robot_delivery_patrol_052,navigate,2026-01-11T05:21:28.000Z,start,rover_1,ground_rover,single_ground_robot_delivery_patrol_052_exec_4,inprogress,66.4,20.0,9.47,0.0,null,null,null,null,null
single_ground_robot_delivery_patrol_052,navigate,2026-01-11T05:22:37.000Z,null,rover_1,ground_rover,single_ground_robot_delivery_patrol_052_exec_4,inprogress,65.3,21.7,10.47,0.0,null,null,null,null,null
single_ground_robot_delivery_patrol_052,navigate,2026-01-11T05:23:46.000Z,null,rover_1,ground_rover,single_ground_robot_delivery_patrol_052_exec_4,inprogress,64.2,23.4,11.46,0.0,null,null,null,null,null
single_ground_robot_delivery_patrol_052,navigate,2026-01-11T05:24:55.000Z,null,rover_1,ground_rover,single_ground_robot_delivery_patrol_052_exec_4,inprogress,63.1,25.1,12.46,0.0,null,null,null,null,null
single_ground_robot_delivery_patrol_052,navigate,2026-01-11T05:26:04.000Z,null,rover_1,ground_rover,single_ground_robot_delivery_patrol_052_exec_4,inprogress,62.0,26.8,13.45,0.0,null,null,null,null,null
single_ground_robot_delivery_patrol_052,navigate,2026-01-11T05:27:13.000Z,null,rover_1,ground_rover,single_ground_robot_delivery_patrol_052_exec_4,inprogress,60.9,28.5,14.45,0.0,null,null,null,null,null
single_ground_robot_delivery_patrol_052,navigate,2026-01-11T05:28:27.000Z,complete,rover_1,ground_rover,single_ground_robot_delivery_patrol_052_exec_4,done,59.8,30.2,15.45,0.0,null,null,null,null,null
single_ground_robot_delivery_patrol_052,deliver,2026-01-11T05:28:28.000Z,start,rover_1,ground_rover,single_ground_robot_delivery_patrol_052_exec_5,inprogress,59.8,30.2,15.45,0.0,null,null,null,null,null
single_ground_robot_delivery_patrol_052,deliver,2026-01-11T05:29:09.000Z,complete,rover_1,ground_rover,single_ground_robot_delivery_patrol_052_exec_5,done,59.1,30.2,15.45,0.0,null,null,null,null,null
single_ground_robot_delivery_patrol_052,patrol,2026-01-11T05:29:10.000Z,start,rover_1,ground_rover,single_ground_robot_delivery_patrol_052_exec_6,inprogress,59.1,30.2,15.45,0.0,null,null,null,null,null
single_ground_robot_delivery_patrol_052,patrol,2026-01-11T05:30:07.000Z,null,rover_1,ground_rover,single_ground_robot_delivery_patrol_052_exec_6,inprogress,58.5,30.27,14.66,0.0,null,null,null,null,null
single_ground_robot_delivery_patrol_052,patrol,2026-01-11T05:31:04.000Z,complete,rover_1,ground_rover,single_ground_robot_delivery_patrol_052_exec_6,done,57.8,30.35,13.88,0.0,null,null,null,null,null
single_ground_robot_delivery_patrol_052,navigate,2026-01-11T05:31:05.000Z,start,rover_1,ground_rover,single_ground_robot_delivery_patrol_052_exec_7,inprogress,57.8,30.35,13.88,0.0,null,null,null,null,null
single_ground_robot_delivery_patrol_052,navigate,2026-01-11T05:31:56.000Z,null,rover_1,ground_rover,single_ground_robot_delivery_patrol_052_exec_7,inprogress,56.7,22.76,10.41,0.0,null,null,null,null,null
single_ground_robot_delivery_patrol_052,navigate,2026-01-11T05:32:47.000Z,null,rover_1,ground_rover,single_ground_robot_delivery_patrol_052_exec_7,inprogress,55.6,15.17,6.94,0.0,null,null,null,null,null
single_ground_robot_delivery_patrol_052,navigate,2026-01-11T05:33:38.000Z,null,rover_1,ground_rover,single_ground_robot_delivery_patrol_052_exec_7,inprogress,54.6,7.59,3.47,0.0,null,null,null,null,null
single_ground_robot_delivery_patrol_052,navigate,2026-01-11T05:34:32.000Z,complete,rover_1,ground_rover,single_ground_robot_delivery_patrol_052_exec_7,done,53.5,0.0,0.0,0.0,null,null,null,null,null
single_ground_robot_delivery_patrol_052,dock,2026-01-11T05:34:33.000Z,start,rover_1,ground_rover,single_ground_robot_delivery_patrol_052_exec_8,inprogress,53.5,0.0,0.0,0.0,null,null,null,null,null
single_ground_robot_delivery_patrol_052,dock,2026-01-11T05:35:04.000Z,complete,rover_1,ground_rover,single_ground_robot_delivery_patrol_052_exec_8,done,53.4,0.0,0.0,0.0,null,null,null,null,null
single_ground_robot_delivery_patrol_053,boot,2026-01-11T05:40:00.000Z,start,rover_1,ground_rover,single_ground_robot_delivery_patrol_053_exec_1,inprogress,97.1,0.0,0.0,0.0,null,null,null,null,null
single_ground_robot_delivery_patrol_053,boot,2026-01-11T05:40:22.000Z,complete,rover_1,ground_rover,single_ground_robot_delivery_patrol_053_exec_1,done,96.9,0.0,0.0,0.0,null,null,null,null,null
single_ground_robot_delivery_patrol_053,navigate,2026-01-11T05:40:23.000Z,start,rover_1,ground_rover,single_ground_robot_delivery_patrol_053_exec_2,inprogress,96.9,0.0,0.0,0.0,null,null,null,null,null
single_ground_robot_delivery_patrol_053,navigate,2026-01-11T05:41:27.000Z,null,rover_1,ground_rover,single_ground_robot_delivery_patrol_053_exec_2,inprogress,96.2,2.2,1.74,0.0,null,null,null,null,null
single_ground_robot_delivery_patrol_053,navigate,2026-01-11T05:42:31.000Z,null,rover_1,ground_rover,single_ground_robot_delivery_patrol_053_exec_2,inprogress,95.5,4.4,3.49,0.0,null,null,null,null,null
single_ground_robot_delivery_patrol_053,navigate,2026-01-11T05:43:35.000Z,null,rover_1,ground_rover,single_ground_robot_delivery_patrol_053_exec_2,inprogress,94.8,6.6,5.23,0.0,null,null,null,null,null
single_ground_robot_delivery_patrol_053,navigate,2026-01-11T05:44:39.000Z,null,rover_1,ground_rover,single_ground_robot_delivery_patrol_053_exec_2,inprogress,94.1,8.81,6.97,0.0,null,null,null,null,null
single_ground_robot_delivery_patrol_053,navigate,2026-01-11T05:45:44.000Z,complete,rover_1,ground_rover,single_ground_robot_delivery_patrol_053_exec_2,done,93.4,11.01,8.72,0.0,null,null,null,null,null
single_ground_robot_delivery_patrol_053,pickup,2026-01-11T05:45:45.000Z,start,rover_1,ground_rover,single_ground_robot_delivery_patrol_053_exec_3,inprogress,93.4,11.01,8.72,0.0,null,null,null,null,null
single_ground_robot_delivery_patrol_053,pickup,2026-01-11T05:46:54.000Z,complete,rover_1,ground_rover,single_ground_robot_delivery_patrol_053_exec_3,done,92.6,11.01,8.72,0.0,null,null,null,null,null
single_ground_robot_delivery_patrol_053,patrol,2026-01-11T05:46:55.000Z,start,rover_1,ground_rover,single_ground_robot_delivery_patrol_053_exec_4,inprogress,92.6,11.01,8.72,0.0,null,null,null,null,null
single_ground_robot_delivery_patrol_053,patrol,2026-01-11T05:47:59.000Z,null,rover_1,ground_rover,single_ground_robot_delivery_patrol_053_exec_4,inprogress,91.4,13.0,9.88,0.0,null,null,null,null,null
single_ground_robot_delivery_patrol_053,patrol,2026-01-11T05:49:04.000Z,complete,rover_1,ground_rover,single_ground_robot_delivery_patrol_053_exec_4,done,90.2,14.98,11.04,0.0,null,null,null,null,null
single_ground_robot_delivery_patrol_053,navigate,2026-01-11T05:49:05.000Z,start,rover_1,ground_rover,single_ground_robot_delivery_patrol_053_exec_5,inprogress,90.2,14.98,11.04,0.0,null,null,null,null,null
single_ground_robot_delivery_patrol_053,navigate,2026-01-11T05:49:34.000Z,null,rover_1,ground_rover,single_ground_robot_delivery_patrol_053_exec_5,inprogress,89.3,11.99,8.83,0.0,null,null,null,null,null
single_ground_robot_delivery_patrol_053,navigate,2026-01-11T05:50:03.000Z,null,rover_1,ground_rover,single_ground_robot_delivery_patrol_053_exec_5,inprogress,88.5,8.99,6.62,0.0,null,null,null,null,null
single_ground_robot_delivery_patrol_053,navigate,2026-01-11T05:50:32.000Z,null,rover_1,ground_rover,single_ground_robot_delivery_patrol_053_exec_5,inprogress,87.6,5.99,4.42,0.0,null,null,null,null,null
single_ground_robot_delivery_patrol_053,navigate,2026-01-11T05:51:01.000Z,null,rover_1,ground_rover,single_ground_robot_delivery_patrol_053_exec_5,inprogress,86.7,3.0,2.21,0.0,null,null,null,null,null
single_ground_robot_delivery_patrol_053,navigate,2026-01-11T05:51:30.000Z,complete,rover_1,ground_rover,single_ground_robot_delivery_patrol_053_exec_5,done,85.8,0.0,0.0,0.0,null,null,null,null,null
single_ground_robot_delivery_patrol_053,dock,2026-01-11T05:51:31.000Z,start,rover_1,ground_rover,single_ground_robot_delivery_patrol_053_exec_6,inprogress,85.8,0.0,0.0,0.0,null,null,null,null,null
single_ground_robot_delivery_patrol_053,dock,2026-01-11T05:51:59.000Z,complete,rover_1,ground_rover,single_ground_robot_delivery_patrol_053_exec_6,done,85.7,0.0,0.0,0.0,null,null,null,null,null
single_ground_robot_delivery_patrol_053,recharge,2026-01-11T05:52:00.000Z,start,rover_1,ground_rover,single_ground_robot_delivery_patrol_053_exec_7,inprogress,85.7,0.0,0.0,0.0,null,null,null,null,null
single_ground_robot_delivery_patrol_053,recharge,2026-01-11T05:53:55.000Z,null,rover_1,ground_rover,single_ground_robot_delivery_patrol_053_exec_7,inprogress,85.7,0.0,0.0,0.0,null,null,null,null,null
single_ground_robot_delivery_patrol_053,recharge,2026-01-11T05:55:50.000Z,null,rover_1,ground_rover,single_ground_robot_delivery_patrol_053_exec_7,inprogress,85.7,0.0,0.0,0.0,null,null,null,null,null
single_ground_robot_delivery_patrol_053,recharge,2026-01-11T05:57:46.000Z,complete,rover_1,ground_rover,single_ground_robot_delivery_patrol_053_exec_7,done,85.7,0.0,0.0,0.0,null,null,null,null,null
single_ground_robot_delivery_patrol_053,navigate,2026-01-11T05:57:47.000Z,start,rover_1,ground_rover,single_ground_robot_delivery_patrol_053_exec_8,inprogress,92.3,0.0,0.0,0.0,null,null,null,null,null
single_ground_robot_delivery_patrol_053,navigate,2026-01-11T05:59:29.000Z,null,rover_1,ground_rover,single_ground_robot_delivery_patrol_053_exec_8,inprogress,90.7,9.48,6.75,0.0,null,null,null,null,null
single_ground_robot_delivery_patrol_053,navigate,2026-01-11T06:01:11.000Z,null,rover_1,ground_rover,single_ground_robot_delivery_patrol_053_exec_8,inprogress,89.1,18.97,13.5,0.0,null,null,null,null,null
single_ground_robot_delivery_patrol_053,navigate,2026-01-11T06:02:53.000Z,complete,rover_1,ground_rover,single_ground_robot_delivery_patrol_053_exec_8,done,87.5,28.45,20.25,0.0,null,null,null,null,null
single_ground_robot_delivery_patrol_053,deliver,2026-01-11T06:02:54.000Z,start,rover_1,ground_rover,single_ground_robot_delivery_patrol_053_exec_9,inprogress,87.5,28.45,20.25,0.0,null,null,null,null,null
single_ground_robot_delivery_patrol_053,deliver,2026-01-11T06:03:29.000Z,null,rover_1,ground_rover,single_ground_robot_delivery_patrol_053_exec_9,inprogress,87.1,28.45,20.25,0.0,null,null,null,null,null
single_ground_robot_delivery_patrol_053,deliver,2026-01-11T06:04:04.000Z,complete,rover_1,ground_rover,single_ground_robot_delivery_patrol_053_exec_9,done,86.7,28.45,20.25,0.0,null,null,null,null,null
single_ground_robot_delivery_patrol_053,patrol,2026-01-11T06:04:05.000Z,start,rover_1,ground_rover,single_ground_robot_delivery_patrol_053_exec_10,inprogress,86.7,28.45,20.25,0.0,null,null,null,null,null
single_ground_robot_delivery_patrol_053,patrol,2026-01-11T06:05:04.000Z,null,rover_1,ground_rover,single_ground_robot_delivery_patrol_053_exec_10,inprogress,86.1,27.77,21.07,0.0,null,null,null,null,null
single_ground_robot_delivery_patrol_053,patrol,2026-01-11T06:06:03.000Z,null,rover_1,ground_rover,single_ground_robot_delivery_patrol_053_exec_10,inprogress,85.5,27.09,21.89,0.0,null,null,null,null,null
single_ground_robot_delivery_patrol_053,patrol,2026-01-11T06:07:02.000Z,complete,rover_1,ground_rover,single_ground_robot_delivery_patrol_053_exec_10,done,84.9,26.41,22.71,0.0,null,null,null,null,null
single_ground_robot_delivery_patrol_053,navigate,2026-01-11T06:07:03.000Z,start,rover_1,ground_rover,single_ground_robot_delivery_patrol_053_exec_11,inprogress,84.9,26.41,22.71,0.0,null,null,null,null,null
single_ground_robot_delivery_patrol_053,navigate,2026-01-11T06:08:31.000Z,null,rover_1,ground_rover,single_ground_robot_delivery_patrol_053_exec_11,inprogress,83.7,17.61,15.14,0.0,null,null,null,null,null
single_ground_robot_delivery_patrol_053,navigate,2026-01-11T06:09:59.000Z,null,rover_1,ground_rover,single_ground_robot_delivery_patrol_053_exec_11,inprogress,82.5,8.8,7.57,0.0,null,null,null,null,null
single_ground_robot_delivery_patrol_053,navigate,2026-01-11T06:11:29.000Z,complete,rover_1,ground_rover,single_ground_robot_delivery_patrol_053_exec_11,done,81.2,0.0,0.0,0.0,null,null,null,null,null
single_ground_robot_delivery_patrol_053,dock,2026-01-11T06:11:30.000Z,start,rover_1,ground_rover,single_ground_robot_delivery_patrol_053_exec_12,inprogress,81.2,0.0,0.0,0.0,null,null,null,null,null
single_ground_robot_delivery_patrol_053,dock,2026-01-11T06:11:50.000Z,complete,rover_1,ground_rover,single_ground_robot_delivery_patrol_053_exec_12,done,81.1,0.0,0.0,0.0,null,null,null,null,null
single_ground_robot_delivery_patrol_054,boot,2026-01-11T06:05:00.000Z,start,rover_1,ground_rover,single_ground_robot_delivery_patrol_054_exec_1,inprogress,84.3,0.0,0.0,0.0,null,null,null,null,null
single_ground_robot_delivery_patrol_054,boot,2026-01-11T06:05:35.000Z,complete,rover_1,ground_rover,single_ground_robot_delivery_patrol_054_exec_1,done,84.1,0.0,0.0,0.0,null,null,null,null,null
single_ground_robot_delivery_patrol_054,navigate,2026-01-11T06:05:36.000Z,start,rover_1,ground_rover,single_ground_robot_delivery_patrol_054_exec_2,inprogress,84.1,0.0,0.0,0.0,null,null,null,null,null
single_ground_robot_delivery_patrol_054,navigate,2026-01-11T06:06:19.000Z,null,rover_1,ground_rover,single_ground_robot_delivery_patrol_054_exec_2,inprogress,82.8,2.71,1.21,0.0,null,null,null,null,null
single_ground_robot_delivery_patrol_054,navigate,2026-01-11T06:07:02.000Z,null,rover_1,ground_rover,single_ground_robot_delivery_patrol_054_exec_2,inprogress,81.5,5.43,2.42,0.0,null,null,null,null,null
single_ground_robot_delivery_patrol_054,navigate,2026-01-11T06:07:45.000Z,null,rover_1,ground_rover,single_ground_robot_delivery_patrol_054_exec_2,inprogress,80.2,8.14,3.64,0.0,null,null,null,null,null
single_ground_robot_delivery_patrol_054,navigate,2026-01-11T06:08:28.000Z,null,rover_1,ground_rover,single_ground_robot_delivery_patrol_054_exec_2,inprogress,79.0,10.86,4.85,0.0,null,null,null,null,null
single_ground_robot_delivery_patrol_054,navigate,2026-01-11T06:09:12.000Z,complete,rover_1,ground_rover,single_ground_robot_delivery_patrol_054_exec_2,done,77.7,13.57,6.06,0.0,null,null,null,null,null
single_ground_robot_delivery_patrol_054,pickup,2026-01-11T06:09:13.000Z,start,rover_1,ground_rover,single_ground_robot_delivery_patrol_054_exec_3,inprogress,77.7,13.57,6.06,0.0,null,null,null,null,null
single_ground_robot_delivery_patrol_054,pickup,2026-01-11T06:09:41.000Z,null,rover_1,ground_rover,single_ground_robot_delivery_patrol_054_exec_3,inprogress,77.4,13.57,6.06,0.0,null,null,null,null,null
single_ground_robot_delivery_patrol_054,pickup,2026-01-11T06:10:10.000Z,complete,rover_1,ground_rover,single_ground_robot_delivery_patrol_054_exec_3,done,77.2,13.57,6.06,0.0,null,null,null,null,null
single_ground_robot_delivery_patrol_054,navigate,2026-01-11T06:10:11.000Z,start,rover_1,ground_rover,single_ground_robot_delivery_patrol_054_exec_4,inprogress,77.2,13.57,6.06,0.0,null,null,null,null,null
single_ground_robot_delivery_patrol_054,navigate,2026-01-11T06:11:21.000Z,null,rover_1,ground_rover,single_ground_robot_delivery_patrol_054_exec_4,inprogress,76.1,16.38,8.71,0.0,null,null,null,null,null
single_ground_robot_delivery_patrol_054,navigate,2026-01-11T06:12:31.000Z,null,rover_1,ground_rover,single_ground_robot_delivery_patrol_054_exec_4,inprogress,75.0,19.18,11.36,0.0,null,null,null,null,null
single_ground_robot_delivery_patrol_054,navigate,2026-01-11T06:13:41.000Z,null,rover_1,ground_rover,single_ground_robot_delivery_patrol_054_exec_4,inprogress,73.9,21.98,14.01,0.0,null,null,null,null,null
single_ground_robot_delivery_patrol_054,navigate,2026-01-11T06:14:54.000Z,complete,rover_1,ground_rover,single_ground_robot_delivery_patrol_054_exec_4,done,72.8,24.79,16.66,0.0,null,null,null,null,null
single_ground_robot_delivery_patrol_054,deliver,2026-01-11T06:14:55.000Z,start,rover_1,ground_rover,single_ground_robot_delivery_patrol_054_exec_5,inprogress,72.8,24.79,16.66,0.0,null,null,null,null,null
single_ground_robot_delivery_patrol_054,deliver,2026-01-11T06:15:19.000Z,null,rover_1,ground_rover,single_ground_robot_delivery_patrol_054_exec_5,inprogress,72.3,24.79,16.66,0.0,null,null,null,null,null
single_ground_robot_delivery_patrol_054,deliver,2026-01-11T06:15:43.000Z,complete,rover_1,ground_rover,single_ground_robot_delivery_patrol_054_exec_5,done,71.8,24.79,16.66,0.0,null,null,null,null,null
single_ground_robot_delivery_patrol_054,patrol,2026-01-11T06:15:44.000Z,start,rover_1,ground_rover,single_ground_robot_delivery_patrol_054_exec_6,inprogress,71.8,24.79,16.66,0.0,null,null,null,null,null
single_ground_robot_delivery_patrol_054,patrol,2026-01-11T06:17:27.000Z,null,rover_1,ground_rover,single_ground_robot_delivery_patrol_054_exec_6,inprogress,70.5,26.64,18.27,0.0,null,null,null,null,null
single_ground_robot_delivery_patrol_054,patrol,2026-01-11T06:19:11.000Z,complete,rover_1,ground_rover,single_ground_robot_delivery_patrol_054_exec_6,done,69.3,28.49,19.88,0.0,null,null,null,null,null
single_ground_robot_delivery_patrol_054,navigate,2026-01-11T06:19:12.000Z,start,rover_1,ground_rover,single_ground_robot_delivery_patrol_054_exec_7,inprogress,69.3,28.49,19.88,0.0,null,null,null,null,null
single_ground_robot_delivery_patrol_054,navigate,2026-01-11T06:20:11.000Z,null,rover_1,ground_rover,single_ground_robot_delivery_patrol_054_exec_7,inprogress,68.7,22.79,15.91,0.0,null,null,null,null,null
single_ground_robot_delivery_patrol_054,navigate,2026-01-11T06:21:10.000Z,null,rover_1,ground_rover,single_ground_robot_delivery_patrol_054_exec_7,inprogress,68.2,17.09,11.93,0.0,null,null,null,null,null
single_ground_robot_delivery_patrol_054,navigate,2026-01-11T06:22:09.000Z,null,rover_1,ground_rover,single_ground_robot_delivery_patrol_054_exec_7,inprogress,67.6,11.4,7.95,0.0,null,null,null,null,null
single_ground_robot_delivery_patrol_054,navigate,2026-01-11T06:23:08.000Z,null,rover_1,ground_rover,single_ground_robot_delivery_patrol_054_exec_7,inprogress,67.1,5.7,3.98,0.0,null,null,null,null,null
single_ground_robot_delivery_patrol_054,navigate,2026-01-11T06:24:09.000Z,complete,rover_1,ground_rover,single_ground_robot_delivery_patrol_054_exec_7,done,66.5,0.0,0.0,0.0,null,null,null,null,null
single_ground_robot_delivery_patrol_054,dock,2026-01-11T06:24:10.000Z,start,rover_1,ground_rover,single_ground_robot_delivery_patrol_054_exec_8,inprogress,66.5,0.0,0.0,0.0,null,null,null,null,null
single_ground_robot_delivery_patrol_054,dock,2026-01-11T06:24:30.000Z,complete,rover_1,ground_rover,single_ground_robot_delivery_patrol_054_exec_8,done,66.4,0.0,0.0,0.0,null,null,null,null,null
single_ground_robot_delivery_patrol_055,boot,2026-01-11T06:30:00.000Z,start,rover_1,ground_rover,single_ground_robot_delivery_patrol_055_exec_1,inprogress,86.0,0.0,0.0,0.0,null,null,null,null,null
single_ground_robot_delivery_patrol_055,boot,2026-01-11T06:30:36.000Z,complete,rover_1,ground_rover,single_ground_robot_delivery_patrol_055_exec_1,done,85.8,0.0,0.0,0.0,null,null,null,null,null
single_ground_robot_delivery_patrol_055,navigate,2026-01-11T06:30:37.000Z,start,rover_1,ground_rover,single_ground_robot_delivery_patrol_055_exec_2,inprogress,85.8,0.0,0.0,0.0,null,null,null,null,null
single_ground_robot_delivery_patrol_055,navigate,2026-01-11T06:32:19.000Z,null,rover_1,ground_rover,single_ground_robot_delivery_patrol_055_exec_2,inprogress,84.6,4.53,3.64,0.0,null,null,null,null,null
single_ground_robot_delivery_patrol_055,navigate,2026-01-11T06:34:01.000Z,null,rover_1,ground_rover,single_ground_robot_delivery_patrol_055_exec_2,inprogress,83.5,9.07,7.27,0.0,null,null,null,null,null
single_ground_robot_delivery_patrol_055,navigate,2026-01-11T06:35:44.000Z,complete,rover_1,ground_rover,single_ground_robot_delivery_patrol_055_exec_2,done,82.4,13.6,10.91,0.0,null,null,null,null,null
single_ground_robot_delivery_patrol_055,pickup,2026-01-11T06:35:45.000Z,start,rover_1,ground_rover,single_ground_robot_delivery_patrol_055_exec_3,inprogress,82.4,13.6,10.91,0.0,null,null,null,null,null
single_ground_robot_delivery_patrol_055,pickup,2026-01-11T06:36:49.000Z,complete,rover_1,ground_rover,single_ground_robot_delivery_patrol_055_exec_3,done,81.8,13.6,10.91,0.0,null,null,null,null,null
single_ground_robot_delivery_patrol_055,temporary_stop,2026-01-11T06:36:50.000Z,start,rover_1,ground_rover,single_ground_robot_delivery_patrol_055_exec_4,inprogress,81.8,13.6,10.91,0.0,null,null,null,null,null
single_ground_robot_delivery_patrol_055,temporary_stop,2026-01-11T06:37:34.000Z,null,rover_1,ground_rover,single_ground_robot_delivery_patrol_055_exec_4,inprogress,81.7,13.6,10.91,0.0,null,null,null,null,null
single_ground_robot_delivery_patrol_055,temporary_stop,2026-01-11T06:38:18.000Z,complete,rover_1,ground_rover,single_ground_robot_delivery_patrol_055_exec_4,done,81.6,13.6,10.91,0.0,null,null,null,null,null
single_ground_robot_delivery_patrol_055,navigate,2026-01-11T06:38:19.000Z,start,rover_1,ground_rover,single_ground_robot_delivery_patrol_055_exec_5,inprogress,81.6,13.6,10.91,0.0,null,null,null,null,null
single_ground_robot_delivery_patrol_055,navigate,2026-01-11T06:39:06.000Z,null,rover_1,ground_rover,single_ground_robot_delivery_patrol_055_exec_5,inprogress,80.7,14.69,11.27,0.0,null,null,null,null,null
single_ground_robot_delivery_patrol_055,navigate,2026-01-11T06:39:53.000Z,null,rover_1,ground_rover,single_ground_robot_delivery_patrol_055_exec_5,inprogress,79.8,15.78,11.63,0.0,null,null,null,null,null
single_ground_robot_delivery_patrol_055,navigate,2026-01-11T06:40:40.000Z,null,rover_1,ground_rover,single_ground_robot_delivery_patrol_055_exec_5,inprogress,78.9,16.86,11.99,0.0,null,null,null,null,null
single_ground_robot_delivery_patrol_055,navigate,2026-01-11T06:41:27.000Z,null,rover_1,ground_rover,single_ground_robot_delivery_patrol_055_exec_5,inprogress,78.0,17.95,12.35,0.0,null,null,null,null,null
single_ground_robot_delivery_patrol_055,navigate,2026-01-11T06:42:14.000Z,null,rover_1,ground_rover,single_ground_robot_delivery_patrol_055_exec_5,inprogress,77.1,19.04,12.71,0.0,null,null,null,null,null
single_ground_robot_delivery_patrol_055,navigate,2026-01-11T06:43:06.000Z,complete,rover_1,ground_rover,single_ground_robot_delivery_patrol_055_exec_5,done,76.1,20.12,13.07,0.0,null,null,null,null,null
single_ground_robot_delivery_patrol_055,deliver,2026-01-11T06:43:07.000Z,start,rover_1,ground_rover,single_ground_robot_delivery_patrol_055_exec_6,inprogress,76.1,20.12,13.07,0.0,null,null,null,null,null
single_ground_robot_delivery_patrol_055,deliver,2026-01-11T06:43:34.000Z,null,rover_1,ground_rover,single_ground_robot_delivery_patrol_055_exec_6,inprogress,75.9,20.12,13.07,0.0,null,null,null,null,null
single_ground_robot_delivery_patrol_055,deliver,2026-01-11T06:44:02.000Z,complete,rover_1,ground_rover,single_ground_robot_delivery_patrol_055_exec_6,done,75.7,20.12,13.07,0.0,null,null,null,null,null
single_ground_robot_delivery_patrol_055,patrol,2026-01-11T06:44:03.000Z,start,rover_1,ground_rover,single_ground_robot_delivery_patrol_055_exec_7,inprogress,75.7,20.12,13.07,0.0,null,null,null,null,null
single_ground_robot_delivery_patrol_055,patrol,2026-01-11T06:44:31.000Z,null,rover_1,ground_rover,single_ground_robot_delivery_patrol_055_exec_7,inprogress,75.3,20.25,12.8,0.0,null,null,null,null,null
single_ground_robot_delivery_patrol_055,patrol,2026-01-11T06:44:59.000Z,null,rover_1,ground_rover,single_ground_robot_delivery_patrol_055_exec_7,inprogress,75.0,20.37,12.53,0.0,null,null,null,null,null
single_ground_robot_delivery_patrol_055,patrol,2026-01-11T06:45:27.000Z,null,rover_1,ground_rover,single_ground_robot_delivery_patrol_055_exec_7,inprogress,74.6,20.49,12.25,0.0,null,null,null,null,null
single_ground_robot_delivery_patrol_055,patrol,2026-01-11T06:45:56.000Z,complete,rover_1,ground_rover,single_ground_robot_delivery_patrol_055_exec_7,done,74.2,20.62,11.98,0.0,null,null,null,null,null
single_ground_robot_delivery_patrol_055,navigate,2026-01-11T06:45:57.000Z,start,rover_1,ground_rover,single_ground_robot_delivery_patrol_055_exec_8,inprogress,74.2,20.62,11.98,0.0,null,null,null,null,null
single_ground_robot_delivery_patrol_055,navigate,2026-01-11T06:46:46.000Z,null,rover_1,ground_rover,single_ground_robot_delivery_patrol_055_exec_8,inprogress,73.6,16.49,9.58,0.0,null,null,null,null,null
single_ground_robot_delivery_patrol_055,navigate,2026-01-11T06:47:35.000Z,null,rover_1,ground_rover,single_ground_robot_delivery_patrol_055_exec_8,inprogress,72.9,12.37,7.19,0.0,null,null,null,null,null
single_ground_robot_delivery_patrol_055,navigate,2026-01-11T06:48:24.000Z,null,rover_1,ground_rover,single_ground_robot_delivery_patrol_055_exec_8,inprogress,72.3,8.25,4.79,0.0,null,null,null,null,null
single_ground_robot_delivery_patrol_055,navigate,2026-01-11T06:49:13.000Z,null,rover_1,ground_rover,single_ground_robot_delivery_patrol_055_exec_8,inprogress,71.7,4.12,2.4,0.0,null,null,null,null,null
single_ground_robot_delivery_patrol_055,navigate,2026-01-11T06:50:05.000Z,complete,rover_1,ground_rover,single_ground_robot_delivery_patrol_055_exec_8,done,71.1,0.0,0.0,0.0,null,null,null,null,null
single_ground_robot_delivery_patrol_055,dock,2026-01-11T06:50:06.000Z,start,rover_1,ground_rover,single_ground_robot_delivery_patrol_055_exec_9,inprogress,71.1,0.0,0.0,0.0,null,null,null,null,null
single_ground_robot_delivery_patrol_055,dock,2026-01-11T06:50:38.000Z,complete,rover_1,ground_rover,single_ground_robot_delivery_patrol_055_exec_9,done,71.0,0.0,0.0,0.0,null,null,null,null,null
single_ground_robot_delivery_patrol_056,boot,2026-01-11T06:55:00.000Z,start,rover_1,ground_rover,single_ground_robot_delivery_patrol_056_exec_1,inprogress,79.8,0.0,0.0,0.0,null,null,null,null,null
single_ground_robot_delivery_patrol_056,boot,2026-01-11T06:55:39.000Z,complete,rover_1,ground_rover,single_ground_robot_delivery_patrol_056_exec_1,done,79.6,0.0,0.0,0.0,null,null,null,null,null
single_ground_robot_delivery_patrol_056,navigate,2026-01-11T06:55:40.000Z,start,rover_1,ground_rover,single_ground_robot_delivery_patrol_056_exec_2,inprogress,79.6,0.0,0.0,0.0,null,null,null,null,null
single_ground_robot_delivery_patrol_056,navigate,2026-01-11T06:56:14.000Z,null,rover_1,ground_rover,single_ground_robot_delivery_patrol_056_exec_2,inprogress,78.9,2.69,0.68,0.0,null,null,null,null,null
single_ground_robot_delivery_patrol_056,navigate,2026-01-11T06:56:48.000Z,null,rover_1,ground_rover,single_ground_robot_delivery_patrol_056_exec_2,inprogress,78.1,5.39,1.36,0.0,null,null,null,null,null
single_ground_robot_delivery_patrol_056,navigate,2026-01-11T06:57:22.000Z,null,rover_1,ground_rover,single_ground_robot_delivery_patrol_056_exec_2,inprogress,77.4,8.08,2.03,0.0,null,null,null,null,null
single_ground_robot_delivery_patrol_056,navigate,2026-01-11T06:57:56.000Z,null,rover_1,ground_rover,single_ground_robot_delivery_patrol_056_exec_2,inprogress,76.6,10.78,2.71,0.0,null,null,null,null,null
single_ground_robot_delivery_patrol_056,navigate,2026-01-11T06:58:30.000Z,null,rover_1,ground_rover,single_ground_robot_delivery_patrol_056_exec_2,inprogress,75.9,13.47,3.39,0.0,null,null,null,null,null
single_ground_robot_delivery_patrol_056,navigate,2026-01-11T06:59:04.000Z,complete,rover_1,ground_rover,single_ground_robot_delivery_patrol_056_exec_2,done,75.1,16.16,4.07,0.0,null,null,null,null,null
single_ground_robot_delivery_patrol_056,pickup,2026-01-11T06:59:05.000Z,start,rover_1,ground_rover,single_ground_robot_delivery_patrol_056_exec_3,inprogress,75.1,16.16,4.07,0.0,null,null,null,null,null
single_ground_robot_delivery_patrol_056,pickup,2026-01-11T06:59:40.000Z,null,rover_1,ground_rover,single_ground_robot_delivery_patrol_056_exec_3,inprogress,74.6,16.16,4.07,0.0,null,null,null,null,null
single_ground_robot_delivery_patrol_056,pickup,2026-01-11T07:00:15.000Z,complete,rover_1,ground_rover,single_ground_robot_delivery_patrol_056_exec_3,done,74.1,16.16,4.07,0.0,null,null,null,null,null
single_ground_robot_delivery_patrol_056,navigate,2026-01-11T07:00:16.000Z,start,rover_1,ground_rover,single_ground_robot_delivery_patrol_056_exec_4,inprogress,74.1,16.16,4.07,0.0,null,null,null,null,null
single_ground_robot_delivery_patrol_056,navigate,2026-01-11T07:01:17.000Z,null,rover_1,ground_rover,single_ground_robot_delivery_patrol_056_exec_4,inprogress,72.9,18.43,5.75,0.0,null,null,null,null,null
single_ground_robot_delivery_patrol_056,navigate,2026-01-11T07:02:18.000Z,null,rover_1,ground_rover,single_ground_robot_delivery_patrol_056_exec_4,inprogress,71.7,20.7,7.42,0.0,null,null,null,null,null
single_ground_robot_delivery_patrol_056,navigate,2026-01-11T07:03:19.000Z,null,rover_1,ground_rover,single_ground_robot_delivery_patrol_056_exec_4,inprogress,70.5,22.97,9.1,0.0,null,null,null,null,null
single_ground_robot_delivery_patrol_056,navigate,2026-01-11T07:04:20.000Z,null,rover_1,ground_rover,single_ground_robot_delivery_patrol_056_exec_4,inprogress,69.3,25.23,10.78,0.0,null,null,null,null,null
single_ground_robot_delivery_patrol_056,navigate,2026-01-11T07:05:21.000Z,complete,rover_1,ground_rover,single_ground_robot_delivery_patrol_056_exec_4,done,68.1,27.5,12.45,0.0,null,null,null,null,null
single_ground_robot_delivery_patrol_056,deliver,2026-01-11T07:05:22.000Z,start,rover_1,ground_rover,single_ground_robot_delivery_patrol_056_exec_5,inprogress,68.1,27.5,12.45,0.0,null,null,null,null,null
single_ground_robot_delivery_patrol_056,deliver,2026-01-11T07:06:01.000Z,complete,rover_1,ground_rover,single_ground_robot_delivery_patrol_056_exec_5,done,67.4,27.5,12.45,0.0,null,null,null,null,null
single_ground_robot_delivery_patrol_056,patrol,2026-01-11T07:06:02.000Z,start,rover_1,ground_rover,single_ground_robot_delivery_patrol_056_exec_6,inprogress,67.4,27.5,12.45,0.0,null,null,null,null,null
single_ground_robot_delivery_patrol_056,patrol,2026-01-11T07:07:32.000Z,null,rover_1,ground_rover,single_ground_robot_delivery_patrol_056_exec_6,inprogress,66.2,27.07,12.92,0.0,null,null,null,null,null
single_ground_robot_delivery_patrol_056,patrol,2026-01-11T07:09:03.000Z,complete,rover_1,ground_rover,single_ground_robot_delivery_patrol_056_exec_6,done,64.9,26.64,13.39,0.0,null,null,null,null,null
single_ground_robot_delivery_patrol_056,navigate,2026-01-11T07:09:04.000Z,start,rover_1,ground_rover,single_ground_robot_delivery_patrol_056_exec_7,inprogress,64.9,26.64,13.39,0.0,null,null,null,null,null
single_ground_robot_delivery_patrol_056,navigate,2026-01-11T07:09:51.000Z,null,rover_1,ground_rover,single_ground_robot_delivery_patrol_056_exec_7,inprogress,64.1,21.32,10.71,0.0,null,null,null,null,null
single_ground_robot_delivery_patrol_056,navigate,2026-01-11T07:10:38.000Z,null,rover_1,ground_rover,single_ground_robot_delivery_patrol_056_exec_7,inprogress,63.3,15.99,8.03,0.0,null,null,null,null,null
single_ground_robot_delivery_patrol_056,navigate,2026-01-11T07:11:25.000Z,null,rover_1,ground_rover,single_ground_robot_delivery_patrol_056_exec_7,inprogress,62.5,10.66,5.35,0.0,null,null,null,null,null
single_ground_robot_delivery_patrol_056,navigate,2026-01-11T07:12:12.000Z,null,rover_1,ground_rover,single_ground_robot_delivery_patrol_056_exec_7,inprogress,61.7,5.33,2.68,0.0,null,null,null,null,null
single_ground_robot_delivery_patrol_056,navigate,2026-01-11T07:13:00.000Z,complete,rover_1,ground_rover,single_ground_robot_delivery_patrol_056_exec_7,done,60.8,0.0,0.0,0.0,null,null,null,null,null
single_ground_robot_delivery_patrol_056,dock,2026-01-11T07:13:01.000Z,start,rover_1,ground_rover,single_ground_robot_delivery_patrol_056_exec_8,inprogress,60.8,0.0,0.0,0.0,null,null,null,null,null
single_ground_robot_delivery_patrol_056,dock,2026-01-11T07:13:33.000Z,complete,rover_1,ground_rover,single_ground_robot_delivery_patrol_056_exec_8,done,60.7,0.0,0.0,0.0,null,null,null,null,null
single_ground_robot_delivery_patrol_057,boot,2026-01-11T07:20:00.000Z,start,rover_1,ground_rover,single_ground_robot_delivery_patrol_057_exec_1,inprogress,85.7,0.0,0.0,0.0,null,null,null,null,null
single_ground_robot_delivery_patrol_057,boot,2026-01-11T07:20:38.000Z,complete,rover_1,ground_rover,single_ground_robot_delivery_patrol_057_exec_1,done,85.5,0.0,0.0,0.0,null,null,null,null,null
single_ground_robot_delivery_patrol_057,navigate,2026-01-11T07:20:39.000Z,start,rover_1,ground_rover,single_ground_robot_delivery_patrol_057_exec_2,inprogress,85.5,0.0,0.0,0.0,null,null,null,null,null
single_ground_robot_delivery_patrol_057,navigate,2026-01-11T07:21:33.000Z,null,rover_1,ground_rover,single_ground_robot_delivery_patrol_057_exec_2,inprogress,84.4,2.32,2.07,0.0,null,null,null,null,null
single_ground_robot_delivery_patrol_057,navigate,2026-01-11T07:22:27.000Z,null,rover_1,ground_rover,single_ground_robot_delivery_patrol_057_exec_2,inprogress,83.2,4.64,4.14,0.0,null,null,null,null,null
single_ground_robot_delivery_patrol_057,navigate,2026-01-11T07:23:21.000Z,null,rover_1,ground_rover,single_ground_robot_delivery_patrol_057_exec_2,inprogress,82.1,6.96,6.21,0.0,null,null,null,null,null
single_ground_robot_delivery_patrol_057,navigate,2026-01-11T07:24:15.000Z,null,rover_1,ground_rover,single_ground_robot_delivery_patrol_057_exec_2,inprogress,81.0,9.28,8.27,0.0,null,null,null,null,null
single_ground_robot_delivery_patrol_057,navigate,2026-01-11T07:25:13.000Z,complete,rover_1,ground_rover,single_ground_robot_delivery_patrol_057_exec_2,done,79.8,11.6,10.34,0.0,null,null,null,null,null
single_ground_robot_delivery_patrol_057,pickup,2026-01-11T07:25:14.000Z,start,rover_1,ground_rover,single_ground_robot_delivery_patrol_057_exec_3,inprogress,79.8,11.6,10.34,0.0,null,null,null,null,null
single_ground_robot_delivery_patrol_057,pickup,2026-01-11T07:25:50.000Z,null,rover_1,ground_rover,single_ground_robot_delivery_patrol_057_exec_3,inprogress,79.3,11.6,10.34,0.0,null,null,null,null,null
single_ground_robot_delivery_patrol_057,pickup,2026-01-11T07:26:26.000Z,complete,rover_1,ground_rover,single_ground_robot_delivery_patrol_057_exec_3,done,78.8,11.6,10.34,0.0,null,null,null,null,null
single_ground_robot_delivery_patrol_057,navigate,2026-01-11T07:26:27.000Z,start,rover_1,ground_rover,single_ground_robot_delivery_patrol_057_exec_4,inprogress,78.8,11.6,10.34,0.0,null,null,null,null,null
single_ground_robot_delivery_patrol_057,navigate,2026-01-11T07:27:37.000Z,null,rover_1,ground_rover,single_ground_robot_delivery_patrol_057_exec_4,inprogress,77.7,13.06,11.41,0.0,null,null,null,null,null
single_ground_robot_delivery_patrol_057,navigate,2026-01-11T07:28:47.000Z,null,rover_1,ground_rover,single_ground_robot_delivery_patrol_057_exec_4,inprogress,76.7,14.53,12.48,0.0,null,null,null,null,null
single_ground_robot_delivery_patrol_057,navigate,2026-01-11T07:29:57.000Z,null,rover_1,ground_rover,single_ground_robot_delivery_patrol_057_exec_4,inprogress,75.6,16.0,13.54,0.0,null,null,null,null,null
single_ground_robot_delivery_patrol_057,navigate,2026-01-11T07:31:07.000Z,null,rover_1,ground_rover,single_ground_robot_delivery_patrol_057_exec_4,inprogress,74.6,17.47,14.61,0.0,null,null,null,null,null
single_ground_robot_delivery_patrol_057,navigate,2026-01-11T07:32:17.000Z,null,rover_1,ground_rover,single_ground_robot_delivery_patrol_057_exec_4,inprogress,73.5,18.93,15.68,0.0,null,null,null,null,null
single_ground_robot_delivery_patrol_057,navigate,2026-01-11T07:33:27.000Z,complete,rover_1,ground_rover,single_ground_robot_delivery_patrol_057_exec_4,done,72.5,20.4,16.75,0.0,null,null,null,null,null
single_ground_robot_delivery_patrol_057,deliver,2026-01-11T07:33:28.000Z,start,rover_1,ground_rover,single_ground_robot_delivery_patrol_057_exec_5,inprogress,72.5,20.4,16.75,0.0,null,null,null,null,null
single_ground_robot_delivery_patrol_057,deliver,2026-01-11T07:33:44.000Z,null,rover_1,ground_rover,single_ground_robot_delivery_patrol_057_exec_5,inprogress,72.2,20.4,16.75,0.0,null,null,null,null,null
single_ground_robot_delivery_patrol_057,deliver,2026-01-11T07:34:01.000Z,complete,rover_1,ground_rover,single_ground_robot_delivery_patrol_057_exec_5,done,72.0,20.4,16.75,0.0,null,null,null,null,null
single_ground_robot_delivery_patrol_057,patrol,2026-01-11T07:34:02.000Z,start,rover_1,ground_rover,single_ground_robot_delivery_patrol_057_exec_6,inprogress,72.0,20.4,16.75,0.0,null,null,null,null,null
single_ground_robot_delivery_patrol_057,patrol,2026-01-11T07:35:40.000Z,null,rover_1,ground_rover,single_ground_robot_delivery_patrol_057_exec_6,inprogress,70.9,21.69,15.71,0.0,null,null,null,null,null
single_ground_robot_delivery_patrol_057,patrol,2026-01-11T07:37:19.000Z,complete,rover_1,ground_rover,single_ground_robot_delivery_patrol_057_exec_6,done,69.9,22.97,14.68,0.0,null,null,null,null,null
single_ground_robot_delivery_patrol_057,navigate,2026-01-11T07:37:20.000Z,start,rover_1,ground_rover,single_ground_robot_delivery_patrol_057_exec_7,inprogress,69.9,22.97,14.68,0.0,null,null,null,null,null
single_ground_robot_delivery_patrol_057,navigate,2026-01-11T07:38:19.000Z,null,rover_1,ground_rover,single_ground_robot_delivery_patrol_057_exec_7,inprogress,69.2,15.32,9.79,0.0,null,null,null,null,null
single_ground_robot_delivery_patrol_057,navigate,2026-01-11T07:39:18.000Z,null,rover_1,ground_rover,single_ground_robot_delivery_patrol_057_exec_7,inprogress,68.6,7.66,4.89,0.0,null,null,null,null,null
single_ground_robot_delivery_patrol_057,navigate,2026-01-11T07:40:18.000Z,complete,rover_1,ground_rover,single_ground_robot_delivery_patrol_057_exec_7,done,67.9,0.0,0.0,0.0,null,null,null,null,null
single_ground_robot_delivery_patrol_057,dock,2026-01-11T07:40:19.000Z,start,rover_1,ground_rover,single_ground_robot_delivery_patrol_057_exec_8,inprogress,67.9,0.0,0.0,0.0,null,null,null,null,null
single_ground_robot_delivery_patrol_057,dock,2026-01-11T07:40:44.000Z,complete,rover_1,ground_rover,single_ground_robot_delivery_patrol_057_exec_8,done,67.8,0.0,0.0,0.0,null,null,null,null,null
single_ground_robot_delivery_patrol_058,boot,2026-01-11T07:45:00.000Z,start,rover_1,ground_rover,single_ground_robot_delivery_patrol_058_exec_1,inprogress,83.7,0.0,0.0,0.0,null,null,null,null,null
single_ground_robot_delivery_patrol_058,boot,2026-01-11T07:45:33.000Z,complete,rover_1,ground_rover,single_ground_robot_delivery_patrol_058_exec_1,done,83.5,0.0,0.0,0.0,null,null,null,null,null
single_ground_robot_delivery_patrol_058,navigate,2026-01-11T07:45:34.000Z,start,rover_1,ground_rover,single_ground_robot_delivery_patrol_058_exec_2,inprogress,83.5,0.0,0.0,0.0,null,null,null,null,null
single_ground_robot_delivery_patrol_058,navigate,2026-01-11T07:46:37.000Z,null,rover_1,ground_rover,single_ground_robot_delivery_patrol_058_exec_2,inprogress,82.4,2.71,1.12,0.0,null,null,null,null,null
single_ground_robot_delivery_patrol_058,navigate,2026-01-11T07:47:40.000Z,null,rover_1,ground_rover,single_ground_robot_delivery_patrol_058_exec_2,inprogress,81.4,5.43,2.23,0.0,null,null,null,null,null
single_ground_robot_delivery_patrol_058,navigate,2026-01-11T07:48:43.000Z,null,rover_1,ground_rover,single_ground_robot_delivery_patrol_058_exec_2,inprogress,80.3,8.14,3.35,0.0,null,null,null,null,null
single_ground_robot_delivery_patrol_058,navigate,2026-01-11T07:49:46.000Z,null,rover_1,ground_rover,single_ground_robot_delivery_patrol_058_exec_2,inprogress,79.2,10.86,4.46,0.0,null,null,null,null,null
single_ground_robot_delivery_patrol_058,navigate,2026-01-11T07:50:49.000Z,null,rover_1,ground_rover,single_ground_robot_delivery_patrol_058_exec_2,inprogress,78.1,13.57,5.58,0.0,null,null,null,null,null
single_ground_robot_delivery_patrol_058,navigate,2026-01-11T07:51:52.000Z,complete,rover_1,ground_rover,single_ground_robot_delivery_patrol_058_exec_2,done,77.0,16.29,6.69,0.0,null,null,null,null,null
single_ground_robot_delivery_patrol_058,pickup,2026-01-11T07:51:53.000Z,start,rover_1,ground_rover,single_ground_robot_delivery_patrol_058_exec_3,inprogress,77.0,16.29,6.69,0.0,null,null,null,null,null
single_ground_robot_delivery_patrol_058,pickup,2026-01-11T07:52:31.000Z,complete,rover_1,ground_rover,single_ground_robot_delivery_patrol_058_exec_3,done,76.2,16.29,6.69,0.0,null,null,null,null,null
single_ground_robot_delivery_patrol_058,navigate,2026-01-11T07:52:32.000Z,start,rover_1,ground_rover,single_ground_robot_delivery_patrol_058_exec_4,inprogress,76.2,16.29,6.69,0.0,null,null,null,null,null
single_ground_robot_delivery_patrol_058,navigate,2026-01-11T07:53:28.000Z,null,rover_1,ground_rover,single_ground_robot_delivery_patrol_058_exec_4,inprogress,75.3,18.1,8.21,0.0,null,null,null,null,null
single_ground_robot_delivery_patrol_058,navigate,2026-01-11T07:54:24.000Z,null,rover_1,ground_rover,single_ground_robot_delivery_patrol_058_exec_4,inprogress,74.4,19.92,9.72,0.0,null,null,null,null,null
single_ground_robot_delivery_patrol_058,navigate,2026-01-11T07:55:20.000Z,null,rover_1,ground_rover,single_ground_robot_delivery_patrol_058_exec_4,inprogress,73.5,21.73,11.23,0.0,null,null,null,null,null
single_ground_robot_delivery_patrol_058,navigate,2026-01-11T07:56:16.000Z,null,rover_1,ground_rover,single_ground_robot_delivery_patrol_058_exec_4,inprogress,72.6,23.55,12.74,0.0,null,null,null,null,null
single_ground_robot_delivery_patrol_058,navigate,2026-01-11T07:57:12.000Z,null,rover_1,ground_rover,single_ground_robot_delivery_patrol_058_exec_4,inprogress,71.7,25.36,14.26,0.0,null,null,null,null,null
single_ground_robot_delivery_patrol_058,navigate,2026-01-11T07:58:09.000Z,complete,rover_1,ground_rover,single_ground_robot_delivery_patrol_058_exec_4,done,70.9,27.18,15.77,0.0,null,null,null,null,null
single_ground_robot_delivery_patrol_058,deliver,2026-01-11T07:58:10.000Z,start,rover_1,ground_rover,single_ground_robot_delivery_patrol_058_exec_5,inprogress,70.9,27.18,15.77,0.0,null,null,null,null,null
single_ground_robot_delivery_patrol_058,deliver,2026-01-11T07:58:36.000Z,null,rover_1,ground_rover,single_ground_robot_delivery_patrol_058_exec_5,inprogress,70.4,27.18,15.77,0.0,null,null,null,null,null
single_ground_robot_delivery_patrol_058,deliver,2026-01-11T07:59:02.000Z,complete,rover_1,ground_rover,single_ground_robot_delivery_patrol_058_exec_5,done,70.0,27.18,15.77,0.0,null,null,null,null,null
single_ground_robot_delivery_patrol_058,patrol,2026-01-11T07:59:03.000Z,start,rover_1,ground_rover,single_ground_robot_delivery_patrol_058_exec_6,inprogress,70.0,27.18,15.77,0.0,null,null,null,null,null
single_ground_robot_delivery_patrol_058,patrol,2026-01-11T08:00:17.000Z,null,rover_1,ground_rover,single_ground_robot_delivery_patrol_058_exec_6,inprogress,68.7,26.29,14.96,0.0,null,null,null,null,null
single_ground_robot_delivery_patrol_058,patrol,2026-01-11T08:01:32.000Z,complete,rover_1,ground_rover,single_ground_robot_delivery_patrol_058_exec_6,done,67.3,25.41,14.16,0.0,null,null,null,null,null
single_ground_robot_delivery_patrol_058,navigate,2026-01-11T08:01:33.000Z,start,rover_1,ground_rover,single_ground_robot_delivery_patrol_058_exec_7,inprogress,67.3,25.41,14.16,0.0,null,null,null,null,null
single_ground_robot_delivery_patrol_058,navigate,2026-01-11T08:02:29.000Z,null,rover_1,ground_rover,single_ground_robot_delivery_patrol_058_exec_7,inprogress,66.4,19.06,10.62,0.0,null,null,null,null,null
single_ground_robot_delivery_patrol_058,navigate,2026-01-11T08:03:25.000Z,null,rover_1,ground_rover,single_ground_robot_delivery_patrol_058_exec_7,inprogress,65.4,12.7,7.08,0.0,null,null,null,null,null
single_ground_robot_delivery_patrol_058,navigate,2026-01-11T08:04:21.000Z,null,rover_1,ground_rover,single_ground_robot_delivery_patrol_058_exec_7,inprogress,64.5,6.35,3.54,0.0,null,null,null,null,null
single_ground_robot_delivery_patrol_058,navigate,2026-01-11T08:05:19.000Z,complete,rover_1,ground_rover,single_ground_robot_delivery_patrol_058_exec_7,done,63.6,0.0,0.0,0.0,null,null,null,null,null
single_ground_robot_delivery_patrol_058,dock,2026-01-11T08:05:20.000Z,start,rover_1,ground_rover,single_ground_robot_delivery_patrol_058_exec_8,inprogress,63.6,0.0,0.0,0.0,null,null,null,null,null
single_ground_robot_delivery_patrol_058,dock,2026-01-11T08:05:50.000Z,complete,rover_1,ground_rover,single_ground_robot_delivery_patrol_058_exec_8,done,63.5,0.0,0.0,0.0,null,null,null,null,null
single_ground_robot_delivery_patrol_059,boot,2026-01-11T08:10:00.000Z,start,rover_1,ground_rover,single_ground_robot_delivery_patrol_059_exec_1,inprogress,80.9,0.0,0.0,0.0,null,null,null,null,null
single_ground_robot_delivery_patrol_059,boot,2026-01-11T08:10:31.000Z,complete,rover_1,ground_rover,single_ground_robot_delivery_patrol_059_exec_1,done,80.7,0.0,0.0,0.0,null,null,null,null,null
single_ground_robot_delivery_patrol_059,navigate,2026-01-11T08:10:32.000Z,start,rover_1,ground_rover,single_ground_robot_delivery_patrol_059_exec_2,inprogress,80.7,0.0,0.0,0.0,null,null,null,null,null
single_ground_robot_delivery_patrol_059,navigate,2026-01-11T08:11:44.000Z,null,rover_1,ground_rover,single_ground_robot_delivery_patrol_059_exec_2,inprogress,79.8,2.95,2.28,0.0,null,null,null,null,null
single_ground_robot_delivery_patrol_059,navigate,2026-01-11T08:12:56.000Z,null,rover_1,ground_rover,single_ground_robot_delivery_patrol_059_exec_2,inprogress,79.0,5.89,4.56,0.0,null,null,null,null,null
single_ground_robot_delivery_patrol_059,navigate,2026-01-11T08:14:08.000Z,null,rover_1,ground_rover,single_ground_robot_delivery_patrol_059_exec_2,inprogress,78.2,8.84,6.85,0.0,null,null,null,null,null
single_ground_robot_delivery_patrol_059,navigate,2026-01-11T08:15:20.000Z,null,rover_1,ground_rover,single_ground_robot_delivery_patrol_059_exec_2,inprogress,77.4,11.78,9.13,0.0,null,null,null,null,null
single_ground_robot_delivery_patrol_059,navigate,2026-01-11T08:16:36.000Z,complete,rover_1,ground_rover,single_ground_robot_delivery_patrol_059_exec_2,done,76.5,14.73,11.41,0.0,null,null,null,null,null
single_ground_robot_delivery_patrol_059,pickup,2026-01-11T08:16:37.000Z,start,rover_1,ground_rover,single_ground_robot_delivery_patrol_059_exec_3,inprogress,76.5,14.73,11.41,0.0,null,null,null,null,null
single_ground_robot_delivery_patrol_059,pickup,2026-01-11T08:17:11.000Z,null,rover_1,ground_rover,single_ground_robot_delivery_patrol_059_exec_3,inprogress,76.0,14.73,11.41,0.0,null,null,null,null,null
single_ground_robot_delivery_patrol_059,pickup,2026-01-11T08:17:46.000Z,complete,rover_1,ground_rover,single_ground_robot_delivery_patrol_059_exec_3,done,75.4,14.73,11.41,0.0,null,null,null,null,null
single_ground_robot_delivery_patrol_059,navigate,2026-01-11T08:17:47.000Z,start,rover_1,ground_rover,single_ground_robot_delivery_patrol_059_exec_4,inprogress,75.4,14.73,11.41,0.0,null,null,null,null,null
single_ground_robot_delivery_patrol_059,navigate,2026-01-11T08:19:04.000Z,null,rover_1,ground_rover,single_ground_robot_delivery_patrol_059_exec_4,inprogress,74.3,9.82,7.61,0.0,null,null,null,null,null
single_ground_robot_delivery_patrol_059,navigate,2026-01-11T08:20:21.000Z,null,rover_1,ground_rover,single_ground_robot_delivery_patrol_059_exec_4,inprogress,73.2,4.91,3.8,0.0,null,null,null,null,null
single_ground_robot_delivery_patrol_059,navigate,2026-01-11T08:21:38.000Z,complete,rover_1,ground_rover,single_ground_robot_delivery_patrol_059_exec_4,done,72.0,0.0,0.0,0.0,null,null,null,null,null
single_ground_robot_delivery_patrol_059,dock,2026-01-11T08:21:39.000Z,start,rover_1,ground_rover,single_ground_robot_delivery_patrol_059_exec_5,inprogress,72.0,0.0,0.0,0.0,null,null,null,null,null
single_ground_robot_delivery_patrol_059,dock,2026-01-11T08:22:13.000Z,complete,rover_1,ground_rover,single_ground_robot_delivery_patrol_059_exec_5,done,71.9,0.0,0.0,0.0,null,null,null,null,null
single_ground_robot_delivery_patrol_059,recharge,2026-01-11T08:22:14.000Z,start,rover_1,ground_rover,single_ground_robot_delivery_patrol_059_exec_6,inprogress,71.9,0.0,0.0,0.0,null,null,null,null,null
single_ground_robot_delivery_patrol_059,recharge,2026-01-11T08:23:40.000Z,null,rover_1,ground_rover,single_ground_robot_delivery_patrol_059_exec_6,inprogress,71.9,0.0,0.0,0.0,null,null,null,null,null
single_ground_robot_delivery_patrol_059,recharge,2026-01-11T08:25:06.000Z,null,rover_1,ground_rover,single_ground_robot_delivery_patrol_059_exec_6,inprogress,71.9,0.0,0.0,0.0,null,null,null,null,null
single_ground_robot_delivery_patrol_059,recharge,2026-01-11T08:26:32.000Z,null,rover_1,ground_rover,single_ground_robot_delivery_patrol_059_exec_6,inprogress,71.9,0.0,0.0,0.0,null,null,null,null,null
single_ground_robot_delivery_patrol_059,recharge,2026-01-11T08:28:01.000Z,complete,rover_1,ground_rover,single_ground_robot_delivery_patrol_059_exec_6,done,71.9,0.0,0.0,0.0,null,null,null,null,null
single_ground_robot_delivery_patrol_059,navigate,2026-01-11T08:28:02.000Z,start,rover_1,ground_rover,single_ground_robot_delivery_patrol_059_exec_7,inprogress,92.0,0.0,0.0,0.0,null,null,null,null,null
single_ground_robot_delivery_patrol_059,navigate,2026-01-11T08:29:05.000Z,null,rover_1,ground_rover,single_ground_robot_delivery_patrol_059_exec_7,inprogress,90.6,7.9,3.37,0.0,null,null,null,null,null
single_ground_robot_delivery_patrol_059,navigate,2026-01-11T08:30:08.000Z,null,rover_1,ground_rover,single_ground_robot_delivery_patrol_059_exec_7,inprogress,89.2,15.8,6.73,0.0,null,null,null,null,null
single_ground_robot_delivery_patrol_059,navigate,2026-01-11T08:31:11.000Z,null,rover_1,ground_rover,single_ground_robot_delivery_patrol_059_exec_7,inprogress,87.8,23.7,10.1,0.0,null,null,null,null,null
single_ground_robot_delivery_patrol_059,navigate,2026-01-11T08:32:16.000Z,complete,rover_1,ground_rover,single_ground_robot_delivery_patrol_059_exec_7,done,86.4,31.6,13.46,0.0,null,null,null,null,null
single_ground_robot_delivery_patrol_059,deliver,2026-01-11T08:32:17.000Z,start,rover_1,ground_rover,single_ground_robot_delivery_patrol_059_exec_8,inprogress,86.4,31.6,13.46,0.0,null,null,null,null,null
single_ground_robot_delivery_patrol_059,deliver,2026-01-11T08:32:40.000Z,null,rover_1,ground_rover,single_ground_robot_delivery_patrol_059_exec_8,inprogress,86.1,31.6,13.46,0.0,null,null,null,null,null
single_ground_robot_delivery_patrol_059,deliver,2026-01-11T08:33:04.000Z,complete,rover_1,ground_rover,single_ground_robot_delivery_patrol_059_exec_8,done,85.9,31.6,13.46,0.0,null,null,null,null,null
single_ground_robot_delivery_patrol_059,patrol,2026-01-11T08:33:05.000Z,start,rover_1,ground_rover,single_ground_robot_delivery_patrol_059_exec_9,inprogress,85.9,31.6,13.46,0.0,null,null,null,null,null
single_ground_robot_delivery_patrol_059,patrol,2026-01-11T08:34:25.000Z,null,rover_1,ground_rover,single_ground_robot_delivery_patrol_059_exec_9,inprogress,85.2,29.8,15.09,0.0,null,null,null,null,null
single_ground_robot_delivery_patrol_059,patrol,2026-01-11T08:35:46.000Z,complete,rover_1,ground_rover,single_ground_robot_delivery_patrol_059_exec_9,done,84.5,28.0,16.71,0.0,null,null,null,null,null
single_ground_robot_delivery_patrol_059,navigate,2026-01-11T08:35:47.000Z,start,rover_1,ground_rover,single_ground_robot_delivery_patrol_059_exec_10,inprogress,84.5,28.0,16.71,0.0,null,null,null,null,null
single_ground_robot_delivery_patrol_059,navigate,2026-01-11T08:36:56.000Z,null,rover_1,ground_rover,single_ground_robot_delivery_patrol_059_exec_10,inprogress,83.7,18.67,11.14,0.0,null,null,null,null,null
single_ground_robot_delivery_patrol_059,navigate,2026-01-11T08:38:05.000Z,null,rover_1,ground_rover,single_ground_robot_delivery_patrol_059_exec_10,inprogress,83.0,9.33,5.57,0.0,null,null,null,null,null
single_ground_robot_delivery_patrol_059,navigate,2026-01-11T08:39:16.000Z,complete,rover_1,ground_rover,single_ground_robot_delivery_patrol_059_exec_10,done,82.2,0.0,0.0,0.0,null,null,null,null,null
single_ground_robot_delivery_patrol_059,dock,2026-01-11T08:39:17.000Z,start,rover_1,ground_rover,single_ground_robot_delivery_patrol_059_exec_11,inprogress,82.2,0.0,0.0,0.0,null,null,null,null,null
single_ground_robot_delivery_patrol_059,dock,2026-01-11T08:39:42.000Z,complete,rover_1,ground_rover,single_ground_robot_delivery_patrol_059_exec_11,done,82.1,0.0,0.0,0.0,null,null,null,null,null
single_ground_robot_delivery_patrol_060,boot,2026-01-11T08:35:00.000Z,start,rover_1,ground_rover,single_ground_robot_delivery_patrol_060_exec_1,inprogress,92.1,0.0,0.0,0.0,null,null,null,null,null
single_ground_robot_delivery_patrol_060,boot,2026-01-11T08:35:23.000Z,complete,rover_1,ground_rover,single_ground_robot_delivery_patrol_060_exec_1,done,91.9,0.0,0.0,0.0,null,null,null,null,null
single_ground_robot_delivery_patrol_060,navigate,2026-01-11T08:35:24.000Z,start,rover_1,ground_rover,single_ground_robot_delivery_patrol_060_exec_2,inprogress,91.9,0.0,0.0,0.0,null,null,null,null,null
single_ground_robot_delivery_patrol_060,navigate,2026-01-11T08:36:44.000Z,null,rover_1,ground_rover,single_ground_robot_delivery_patrol_060_exec_2,inprogress,90.7,4.04,1.06,0.0,null,null,null,null,null
single_ground_robot_delivery_patrol_060,navigate,2026-01-11T08:38:04.000Z,null,rover_1,ground_rover,single_ground_robot_delivery_patrol_060_exec_2,inprogress,89.6,8.09,2.12,0.0,null,null,null,null,null
single_ground_robot_delivery_patrol_060,navigate,2026-01-11T08:39:24.000Z,null,rover_1,ground_rover,single_ground_robot_delivery_patrol_060_exec_2,inprogress,88.4,12.13,3.18,0.0,null,null,null,null,null
single_ground_robot_delivery_patrol_060,navigate,2026-01-11T08:40:44.000Z,complete,rover_1,ground_rover,single_ground_robot_delivery_patrol_060_exec_2,done,87.3,16.17,4.24,0.0,null,null,null,null,null
single_ground_robot_delivery_patrol_060,pickup,2026-01-11T08:40:45.000Z,start,rover_1,ground_rover,single_ground_robot_delivery_patrol_060_exec_3,inprogress,87.3,16.17,4.24,0.0,null,null,null,null,null
single_ground_robot_delivery_patrol_060,pickup,2026-01-11T08:41:17.000Z,null,rover_1,ground_rover,single_ground_robot_delivery_patrol_060_exec_3,inprogress,86.8,16.17,4.24,0.0,null,null,null,null,null
single_ground_robot_delivery_patrol_060,pickup,2026-01-11T08:41:50.000Z,complete,rover_1,ground_rover,single_ground_robot_delivery_patrol_060_exec_3,done,86.3,16.17,4.24,0.0,null,null,null,null,null
single_ground_robot_delivery_patrol_060,navigate,2026-01-11T08:41:51.000Z,start,rover_1,ground_rover,single_ground_robot_delivery_patrol_060_exec_4,inprogress,86.3,16.17,4.24,0.0,null,null,null,null,null
single_ground_robot_delivery_patrol_060,navigate,2026-01-11T08:42:55.000Z,null,rover_1,ground_rover,single_ground_robot_delivery_patrol_060_exec_4,inprogress,85.5,17.53,5.63,0.0,null,null,null,null,null
single_ground_robot_delivery_patrol_060,navigate,2026-01-11T08:43:59.000Z,null,rover_1,ground_rover,single_ground_robot_delivery_patrol_060_exec_4,inprogress,84.7,18.88,7.02,0.0,null,null,null,null,null
single_ground_robot_delivery_patrol_060,navigate,2026-01-11T08:45:03.000Z,null,rover_1,ground_rover,single_ground_robot_delivery_patrol_060_exec_4,inprogress,83.9,20.23,8.41,0.0,null,null,null,null,null
single_ground_robot_delivery_patrol_060,navigate,2026-01-11T08:46:07.000Z,null,rover_1,ground_rover,single_ground_robot_delivery_patrol_060_exec_4,inprogress,83.1,21.58,9.81,0.0,null,null,null,null,null
single_ground_robot_delivery_patrol_060,navigate,2026-01-11T08:47:11.000Z,null,rover_1,ground_rover,single_ground_robot_delivery_patrol_060_exec_4,inprogress,82.2,22.93,11.2,0.0,null,null,null,null,null
single_ground_robot_delivery_patrol_060,navigate,2026-01-11T08:48:17.000Z,complete,rover_1,ground_rover,single_ground_robot_delivery_patrol_060_exec_4,done,81.4,24.28,12.59,0.0,null,null,null,null,null
single_ground_robot_delivery_patrol_060,deliver,2026-01-11T08:48:18.000Z,start,rover_1,ground_rover,single_ground_robot_delivery_patrol_060_exec_5,inprogress,81.4,24.28,12.59,0.0,null,null,null,null,null
single_ground_robot_delivery_patrol_060,deliver,2026-01-11T08:48:50.000Z,complete,rover_1,ground_rover,single_ground_robot_delivery_patrol_060_exec_5,done,80.7,24.28,12.59,0.0,null,null,null,null,null
single_ground_robot_delivery_patrol_060,patrol,2026-01-11T08:48:51.000Z,start,rover_1,ground_rover,single_ground_robot_delivery_patrol_060_exec_6,inprogress,80.7,24.28,12.59,0.0,null,null,null,null,null
single_ground_robot_delivery_patrol_060,patrol,2026-01-11T08:50:03.000Z,null,rover_1,ground_rover,single_ground_robot_delivery_patrol_060_exec_6,inprogress,79.8,26.27,12.18,0.0,null,null,null,null,null
single_ground_robot_delivery_patrol_060,patrol,2026-01-11T08:51:16.000Z,complete,rover_1,ground_rover,single_ground_robot_delivery_patrol_060_exec_6,done,78.8,28.26,11.77,0.0,null,null,null,null,null
single_ground_robot_delivery_patrol_060,navigate,2026-01-11T08:51:17.000Z,start,rover_1,ground_rover,single_ground_robot_delivery_patrol_060_exec_7,inprogress,78.8,28.26,11.77,0.0,null,null,null,null,null
single_ground_robot_delivery_patrol_060,navigate,2026-01-11T08:52:31.000Z,null,rover_1,ground_rover,single_ground_robot_delivery_patrol_060_exec_7,inprogress,78.2,18.84,7.85,0.0,null,null,null,null,null
single_ground_robot_delivery_patrol_060,navigate,2026-01-11T08:53:45.000Z,null,rover_1,ground_rover,single_ground_robot_delivery_patrol_060_exec_7,inprogress,77.5,9.42,3.92,0.0,null,null,null,null,null
single_ground_robot_delivery_patrol_060,navigate,2026-01-11T08:55:01.000Z,complete,rover_1,ground_rover,single_ground_robot_delivery_patrol_060_exec_7,done,76.8,0.0,0.0,0.0,null,null,null,null,null
single_ground_robot_delivery_patrol_060,dock,2026-01-11T08:55:02.000Z,start,rover_1,ground_rover,single_ground_robot_delivery_patrol_060_exec_8,inprogress,76.8,0.0,0.0,0.0,null,null,null,null,null
single_ground_robot_delivery_patrol_060,dock,2026-01-11T08:55:35.000Z,complete,rover_1,ground_rover,single_ground_robot_delivery_patrol_060_exec_8,done,76.7,0.0,0.0,0.0,null,null,null,null,null
