case_id,concept:name,time:timestamp,lifecycle:transition,robot_id,org:resource,execution_id,state,battery,x,y,z,msg_id,msg_payload,msg_role,msg_sender,msg_receiver
smart_agriculture_heterogeneous_team_001,survey_field,2026-01-20T06:00:00.000Z,start,drone_scout_1,drone_scout,smart_agriculture_heterogeneous_team_001_exec_1,inprogress,84.2,0.0,0.0,5.0,null,null,null,null,null
smart_agriculture_heterogeneous_team_001,survey_field,2026-01-20T06:00:41.000Z,null,drone_scout_1,drone_scout,smart_agriculture_heterogeneous_team_001_exec_1,inprogress,83.3,6.93,6.99,7.59,null,null,null,null,null
smart_agriculture_heterogeneous_team_001,survey_field,2026-01-20T06:01:22.000Z,null,drone_scout_1,drone_scout,smart_agriculture_heterogeneous_team_001_exec_1,inprogress,82.4,13.86,13.98,10.17,null,null,null,null,null
smart_agriculture_heterogeneous_team_001,survey_field,2026-01-20T06:02:03.000Z,null,drone_scout_1,drone_scout,smart_agriculture_heterogeneous_team_001_exec_1,inprogress,81.5,20.79,20.97,12.76,null,null,null,null,null
smart_agriculture_heterogeneous_team_001,survey_field,2026-01-20T06:02:44.000Z,null,drone_scout_1,drone_scout,smart_agriculture_heterogeneous_team_001_exec_1,inprogress,80.6,27.72,27.97,15.35,null,null,null,null,null
smart_agriculture_heterogeneous_team_001,survey_field,2026-01-20T06:03:25.000Z,null,drone_scout_1,drone_scout,smart_agriculture_heterogeneous_team_001_exec_1,inprogress,79.7,34.65,34.96,17.93,null,null,null,null,null
smart_agriculture_heterogeneous_team_001,survey_field,2026-01-20T06:04:06.000Z,complete,drone_scout_1,drone_scout,smart_agriculture_heterogeneous_team_001_exec_1,done,78.8,41.58,41.95,20.52,null,null,null,null,null
smart_agriculture_heterogeneous_team_001,detect_patch,2026-01-20T06:04:07.000Z,start,drone_scout_1,drone_scout,smart_agriculture_heterogeneous_team_001_exec_2,inprogress,78.8,41.58,41.95,20.52,null,null,null,null,null
smart_agriculture_heterogeneous_team_001,detect_patch,2026-01-20T06:04:37.000Z,complete,drone_scout_1,drone_scout,smart_agriculture_heterogeneous_team_001_exec_2,done,78.2,41.58,41.95,20.52,null,null,null,null,null
smart_agriculture_heterogeneous_team_001,send_patch_coordinates,2026-01-20T06:04:38.000Z,start,drone_scout_1,drone_scout,smart_agriculture_heterogeneous_team_001_exec_3,inprogress,78.2,41.58,41.95,20.52,msg_7cba972dd4,weed patch coordinates and density,send,drone_scout_1,sprayer_1
smart_agriculture_heterogeneous_team_001,send_patch_coordinates,2026-01-20T06:04:43.000Z,complete,drone_scout_1,drone_scout,smart_agriculture_heterogeneous_team_001_exec_3,done,78.0,41.58,41.95,20.52,msg_7cba972dd4,weed patch coordinates and density,send,drone_scout_1,sprayer_1
smart_agriculture_heterogeneous_team_001,receive_patch_coordinates,2026-01-20T06:04:48.000Z,start,sprayer_1,sprayer_rover,smart_agriculture_heterogeneous_team_001_exec_4,inprogress,69.8,0.0,0.0,0.0,msg_7cba972dd4,weed patch coordinates and density,receive,drone_scout_1,sprayer_1
smart_agriculture_heterogeneous_team_001,receive_patch_coordinates,2026-01-20T06:04:52.000Z,complete,sprayer_1,sprayer_rover,smart_agriculture_heterogeneous_team_001_exec_4,done,69.7,0.0,0.0,0.0,msg_7cba972dd4,weed patch coordinates and density,receive,drone_scout_1,sprayer_1
smart_agriculture_heterogeneous_team_001,navigate_to_patch,2026-01-20T06:04:53.000Z,start,sprayer_1,sprayer_rover,smart_agriculture_heterogeneous_team_001_exec_5,inprogress,69.7,0.0,0.0,0.0,null,null,null,null,null
smart_agriculture_heterogeneous_team_001,navigate_to_patch,2026-01-20T06:05:54.000Z,null,sprayer_1,sprayer_rover,smart_agriculture_heterogeneous_team_001_exec_5,inprogress,68.4,8.32,8.39,0.0,null,null,null,null,null
smart_agriculture_heterogeneous_team_001,navigate_to_patch,2026-01-20T06:06:55.000Z,null,sprayer_1,sprayer_rover,smart_agriculture_heterogeneous_team_001_exec_5,inprogress,67.1,16.63,16.78,0.0,null,null,null,null,null
smart_agriculture_heterogeneous_team_001,navigate_to_patch,2026-01-20T06:07:56.000Z,null,sprayer_1,sprayer_rover,smart_agriculture_heterogeneous_team_001_exec_5,inprogress,65.8,24.95,25.17,0.0,null,null,null,null,null
smart_agriculture_heterogeneous_team_001,navigate_to_patch,2026-01-20T06:08:57.000Z,null,sprayer_1,sprayer_rover,smart_agriculture_heterogeneous_team_001_exec_5,inprogress,64.5,33.27,33.56,0.0,null,null,null,null,null
smart_agriculture_heterogeneous_team_001,navigate_to_patch,2026-01-20T06:09:58.000Z,complete,sprayer_1,sprayer_rover,smart_agriculture_heterogeneous_team_001_exec_5,done,63.2,41.58,41.95,0.0,null,null,null,null,null
smart_agriculture_heterogeneous_team_001,spray_patch,2026-01-20T06:09:59.000Z,start,sprayer_1,sprayer_rover,smart_agriculture_heterogeneous_team_001_exec_6,inprogress,63.2,41.58,41.95,0.0,null,null,null,null,null
smart_agriculture_heterogeneous_team_001,spray_patch,2026-01-20T06:10:32.000Z,null,sprayer_1,sprayer_rover,smart_agriculture_heterogeneous_team_001_exec_6,inprogress,62.5,41.58,41.95,0.0,null,null,null,null,null
smart_agriculture_heterogeneous_team_001,spray_patch,2026-01-20T06:11:05.000Z,null,sprayer_1,sprayer_rover,smart_agriculture_heterogeneous_team_001_exec_6,inprogress,61.7,41.58,41.95,0.0,null,null,null,null,null
smart_agriculture_heterogeneous_team_001,spray_patch,2026-01-20T06:11:38.000Z,null,sprayer_1,sprayer_rover,smart_agriculture_heterogeneous_team_001_exec_6,inprogress,61.0,41.58,41.95,0.0,null,null,null,null,null
smart_agriculture_heterogeneous_team_001,spray_patch,2026-01-20T06:12:11.000Z,null,sprayer_1,sprayer_rover,smart_agriculture_heterogeneous_team_001_exec_6,inprogress,60.3,41.58,41.95,0.0,null,null,null,null,null
smart_agriculture_heterogeneous_team_001,spray_patch,2026-01-20T06:12:44.000Z,null,sprayer_1,sprayer_rover,smart_agriculture_heterogeneous_team_001_exec_6,inprogress,59.6,41.58,41.95,0.0,null,null,null,null,null
smart_agriculture_heterogeneous_team_001,spray_patch,2026-01-20T06:13:20.000Z,complete,sprayer_1,sprayer_rover,smart_agriculture_heterogeneous_team_001_exec_6,done,58.8,41.58,41.95,0.0,null,null,null,null,null
smart_agriculture_heterogeneous_team_001,send_refill_request,2026-01-20T06:13:21.000Z,start,sprayer_1,sprayer_rover,smart_agriculture_heterogeneous_team_001_exec_7,inprogress,58.8,41.58,41.95,0.0,msg_0f82f6d27d,refill needed at current patch,send,sprayer_1,supply_1
smart_agriculture_heterogeneous_team_001,send_refill_request,2026-01-20T06:13:29.000Z,complete,sprayer_1,sprayer_rover,smart_agriculture_heterogeneous_team_001_exec_7,done,58.6,41.58,41.95,0.0,msg_0f82f6d27d,refill needed at current patch,send,sprayer_1,supply_1
smart_agriculture_heterogeneous_team_001,receive_refill_request,2026-01-20T06:13:35.000Z,start,supply_1,supply_rover,smart_agriculture_heterogeneous_team_001_exec_8,inprogress,77.7,0.0,0.0,0.0,msg_0f82f6d27d,refill needed at current patch,receive,sprayer_1,supply_1
smart_agriculture_heterogeneous_team_001,receive_refill_request,2026-01-20T06:13:39.000Z,complete,supply_1,supply_rover,smart_agriculture_heterogeneous_team_001_exec_8,done,77.6,0.0,0.0,0.0,msg_0f82f6d27d,refill needed at current patch,receive,sprayer_1,supply_1
smart_agriculture_heterogeneous_team_001,deliver_refill,2026-01-20T06:13:40.000Z,start,supply_1,supply_rover,smart_agriculture_heterogeneous_team_001_exec_9,inprogress,77.6,0.0,0.0,0.0,null,null,null,null,null
smart_agriculture_heterogeneous_team_001,deliver_refill,2026-01-20T06:15:30.000Z,null,supply_1,supply_rover,smart_agriculture_heterogeneous_team_001_exec_9,inprogress,76.3,14.24,13.27,0.0,null,null,null,null,null
smart_agriculture_heterogeneous_team_001,deliver_refill,2026-01-20T06:17:20.000Z,null,supply_1,supply_rover,smart_agriculture_heterogeneous_team_001_exec_9,inprogress,75.1,28.47,26.54,0.0,null,null,null,null,null
smart_agriculture_heterogeneous_team_001,deliver_refill,2026-01-20T06:19:10.000Z,complete,supply_1,supply_rover,smart_agriculture_heterogeneous_team_001_exec_9,done,73.9,42.71,39.81,0.0,null,null,null,null,null
smart_agriculture_heterogeneous_team_001,send_treatment_ack,2026-01-20T06:19:11.000Z,start,supply_1,supply_rover,smart_agriculture_heterogeneous_team_001_exec_10,inprogress,73.9,42.71,39.81,0.0,msg_2e20f83ae0,refill delivered and treatment may resume,send,supply_1,sprayer_1
smart_agriculture_heterogeneous_team_001,send_treatment_ack,2026-01-20T06:19:19.000Z,complete,supply_1,supply_rover,smart_agriculture_heterogeneous_team_001_exec_10,done,73.7,42.71,39.81,0.0,msg_2e20f83ae0,refill delivered and treatment may resume,send,supply_1,sprayer_1
smart_agriculture_heterogeneous_team_001,receive_treatment_ack,2026-01-20T06:19:23.000Z,start,sprayer_1,sprayer_rover,smart_agriculture_heterogeneous_team_001_exec_11,inprogress,58.6,41.58,41.95,0.0,msg_2e20f83ae0,refill delivered and treatment may resume,receive,supply_1,sprayer_1
smart_agriculture_heterogeneous_team_001,receive_treatment_ack,2026-01-20T06:19:27.000Z,complete,sprayer_1,sprayer_rover,smart_agriculture_heterogeneous_team_001_exec_11,done,58.5,41.58,41.95,0.0,msg_2e20f83ae0,refill delivered and treatment may resume,receive,supply_1,sprayer_1
smart_agriculture_heterogeneous_team_001,resume_treatment,2026-01-20T06:19:28.000Z,start,sprayer_1,sprayer_rover,smart_agriculture_heterogeneous_team_001_exec_12,inprogress,58.5,41.58,41.95,0.0,null,null,null,null,null
smart_agriculture_heterogeneous_team_001,resume_treatment,2026-01-20T06:20:56.000Z,null,sprayer_1,sprayer_rover,smart_agriculture_heterogeneous_team_001_exec_12,inprogress,57.2,41.58,41.95,0.0,null,null,null,null,null
smart_agriculture_heterogeneous_team_001,resume_treatment,2026-01-20T06:22:25.000Z,complete,sprayer_1,sprayer_rover,smart_agriculture_heterogeneous_team_001_exec_12,done,55.8,41.58,41.95,0.0,null,null,null,null,null
smart_agriculture_heterogeneous_team_001,return_base,2026-01-20T06:22:26.000Z,start,drone_scout_1,drone_scout,smart_agriculture_heterogeneous_team_001_exec_13,inprogress,78.0,41.58,41.95,20.52,null,null,null,null,null
smart_agriculture_heterogeneous_team_001,return_base,2026-01-20T06:23:24.000Z,null,drone_scout_1,drone_scout,smart_agriculture_heterogeneous_team_001_exec_13,inprogress,76.9,31.19,31.46,16.64,null,null,null,null,null
smart_agriculture_heterogeneous_team_001,return_base,2026-01-20T06:24:22.000Z,null,drone_scout_1,drone_scout,smart_agriculture_heterogeneous_team_001_exec_13,inprogress,75.8,20.79,20.97,12.76,null,null,null,null,null
smart_agriculture_heterogeneous_team_001,return_base,2026-01-20T06:25:20.000Z,null,drone_scout_1,drone_scout,smart_agriculture_heterogeneous_team_001_exec_13,inprogress,74.7,10.4,10.49,8.88,null,null,null,null,null
smart_agriculture_heterogeneous_team_001,return_base,2026-01-20T06:26:20.000Z,complete,drone_scout_1,drone_scout,smart_agriculture_heterogeneous_team_001_exec_13,done,73.6,0.0,0.0,5.0,null,null,null,null,null
smart_agriculture_heterogeneous_team_001,return_base,2026-01-20T06:26:21.000Z,start,sprayer_1,sprayer_rover,smart_agriculture_heterogeneous_team_001_exec_14,inprogress,55.8,41.58,41.95,0.0,null,null,null,null,null
smart_agriculture_heterogeneous_team_001,return_base,2026-01-20T06:27:50.000Z,null,sprayer_1,sprayer_rover,smart_agriculture_heterogeneous_team_001_exec_14,inprogress,54.8,31.19,31.46,0.0,null,null,null,null,null
smart_agriculture_heterogeneous_team_001,return_base,2026-01-20T06:29:19.000Z,null,sprayer_1,sprayer_rover,smart_agriculture_heterogeneous_team_001_exec_14,inprogress,53.9,20.79,20.97,0.0,null,null,null,null,null
smart_agriculture_heterogeneous_team_001,return_base,2026-01-20T06:30:48.000Z,null,sprayer_1,sprayer_rover,smart_agriculture_heterogeneous_team_001_exec_14,inprogress,53.0,10.4,10.49,0.0,null,null,null,null,null
smart_agriculture_heterogeneous_team_001,return_base,2026-01-20T06:32:19.000Z,complete,sprayer_1,sprayer_rover,smart_agriculture_heterogeneous_team_001_exec_14,done,52.1,0.0,0.0,0.0,null,null,null,null,null
smart_agriculture_heterogeneous_team_001,return_base,2026-01-20T06:32:20.000Z,start,supply_1,supply_rover,smart_agriculture_heterogeneous_team_001_exec_15,inprogress,73.7,42.71,39.81,0.0,null,null,null,null,null
smart_agriculture_heterogeneous_team_001,return_base,2026-01-20T06:33:23.000Z,null,supply_1,supply_rover,smart_agriculture_heterogeneous_team_001_exec_15,inprogress,72.9,32.03,29.86,0.0,null,null,null,null,null
smart_agriculture_heterogeneous_team_001,return_base,2026-01-20T06:34:26.000Z,null,supply_1,supply_rover,smart_agriculture_heterogeneous_team_001_exec_15,inprogress,72.1,21.35,19.9,0.0,null,null,null,null,null
smart_agriculture_heterogeneous_team_001,return_base,2026-01-20T06:35:29.000Z,null,supply_1,supply_rover,smart_agriculture_heterogeneous_team_001_exec_15,inprogress,71.3,10.68,9.95,0.0,null,null,null,null,null
smart_agriculture_heterogeneous_team_001,return_base,2026-01-20T06:36:35.000Z,complete,supply_1,supply_rover,smart_agriculture_heterogeneous_team_001_exec_15,done,70.4,0.0,0.0,0.0,null,null,null,null,null
smart_agriculture_heterogeneous_team_002,survey_field,2026-01-20T06:28:00.000Z,start,drone_scout_1,drone_scout,smart_agriculture_heterogeneous_team_002_exec_1,inprogress,78.8,0.0,0.0,5.0,null,null,null,null,null
smart_agriculture_heterogeneous_team_002,survey_field,2026-01-20T06:28:47.000Z,null,drone_scout_1,drone_scout,smart_agriculture_heterogeneous_team_002_exec_1,inprogress,77.9,10.83,5.99,7.05,null,null,null,null,null
smart_agriculture_heterogeneous_team_002,survey_field,2026-01-20T06:29:34.000Z,null,drone_scout_1,drone_scout,smart_agriculture_heterogeneous_team_002_exec_1,inprogress,77.0,21.65,11.98,9.1,null,null,null,null,null
smart_agriculture_heterogeneous_team_002,survey_field,2026-01-20T06:30:21.000Z,null,drone_scout_1,drone_scout,smart_agriculture_heterogeneous_team_002_exec_1,inprogress,76.1,32.48,17.96,11.15,null,null,null,null,null
smart_agriculture_heterogeneous_team_002,survey_field,2026-01-20T06:31:08.000Z,null,drone_scout_1,drone_scout,smart_agriculture_heterogeneous_team_002_exec_1,inprogress,75.2,43.31,23.95,13.2,null,null,null,null,null
smart_agriculture_heterogeneous_team_002,survey_field,2026-01-20T06:31:55.000Z,null,drone_scout_1,drone_scout,smart_agriculture_heterogeneous_team_002_exec_1,inprogress,74.3,54.13,29.94,15.24,null,null,null,null,null
smart_agriculture_heterogeneous_team_002,survey_field,2026-01-20T06:32:42.000Z,null,drone_scout_1,drone_scout,smart_agriculture_heterogeneous_team_002_exec_1,inprogress,73.4,64.96,35.93,17.29,null,null,null,null,null
smart_agriculture_heterogeneous_team_002,survey_field,2026-01-20T06:33:33.000Z,complete,drone_scout_1,drone_scout,smart_agriculture_heterogeneous_team_002_exec_1,done,72.5,75.79,41.91,19.34,null,null,null,null,null
smart_agriculture_heterogeneous_team_002,detect_patch,2026-01-20T06:33:34.000Z,start,drone_scout_1,drone_scout,smart_agriculture_heterogeneous_team_002_exec_2,inprogress,72.5,75.79,41.91,19.34,null,null,null,null,null
smart_agriculture_heterogeneous_team_002,detect_patch,2026-01-20T06:34:19.000Z,complete,drone_scout_1,drone_scout,smart_agriculture_heterogeneous_team_002_exec_2,done,71.9,75.79,41.91,19.34,null,null,null,null,null
smart_agriculture_heterogeneous_team_002,send_patch_coordinates,2026-01-20T06:34:20.000Z,start,drone_scout_1,drone_scout,smart_agriculture_heterogeneous_team_002_exec_3,inprogress,71.9,75.79,41.91,19.34,msg_07b5c8b6eb,weed patch coordinates and density,send,drone_scout_1,sprayer_1
smart_agriculture_heterogeneous_team_002,send_patch_coordinates,2026-01-20T06:34:26.000Z,complete,drone_scout_1,drone_scout,smart_agriculture_heterogeneous_team_002_exec_3,done,71.7,75.79,41.91,19.34,msg_07b5c8b6eb,weed patch coordinates and density,send,drone_scout_1,sprayer_1
smart_agriculture_heterogeneous_team_002,receive_patch_coordinates,2026-01-20T06:34:31.000Z,start,sprayer_1,sprayer_rover,smart_agriculture_heterogeneous_team_002_exec_4,inprogress,73.5,0.0,0.0,0.0,msg_07b5c8b6eb,weed patch coordinates and density,receive,drone_scout_1,sprayer_1
smart_agriculture_heterogeneous_team_002,receive_patch_coordinates,2026-01-20T06:34:35.000Z,complete,sprayer_1,sprayer_rover,smart_agriculture_heterogeneous_team_002_exec_4,done,73.4,0.0,0.0,0.0,msg_07b5c8b6eb,weed patch coordinates and density,receive,drone_scout_1,sprayer_1
smart_agriculture_heterogeneous_team_002,navigate_to_patch,2026-01-20T06:34:36.000Z,start,sprayer_1,sprayer_rover,smart_agriculture_heterogeneous_team_002_exec_5,inprogress,73.4,0.0,0.0,0.0,null,null,null,null,null
smart_agriculture_heterogeneous_team_002,navigate_to_patch,2026-01-20T06:36:19.000Z,null,sprayer_1,sprayer_rover,smart_agriculture_heterogeneous_team_002_exec_5,inprogress,72.2,18.95,10.48,0.0,null,null,null,null,null
smart_agriculture_heterogeneous_team_002,navigate_to_patch,2026-01-20T06:38:02.000Z,null,sprayer_1,sprayer_rover,smart_agriculture_heterogeneous_team_002_exec_5,inprogress,71.0,37.89,20.96,0.0,null,null,null,null,null
smart_agriculture_heterogeneous_team_002,navigate_to_patch,2026-01-20T06:39:45.000Z,null,sprayer_1,sprayer_rover,smart_agriculture_heterogeneous_team_002_exec_5,inprogress,69.7,56.84,31.44,0.0,null,null,null,null,null
smart_agriculture_heterogeneous_team_002,navigate_to_patch,2026-01-20T06:41:28.000Z,complete,sprayer_1,sprayer_rover,smart_agriculture_heterogeneous_team_002_exec_5,done,68.5,75.79,41.91,0.0,null,null,null,null,null
smart_agriculture_heterogeneous_team_002,spray_patch,2026-01-20T06:41:29.000Z,start,sprayer_1,sprayer_rover,smart_agriculture_heterogeneous_team_002_exec_6,inprogress,68.5,75.79,41.91,0.0,null,null,null,null,null
smart_agriculture_heterogeneous_team_002,spray_patch,2026-01-20T06:42:09.000Z,null,sprayer_1,sprayer_rover,smart_agriculture_heterogeneous_team_002_exec_6,inprogress,67.5,75.79,41.91,0.0,null,null,null,null,null
smart_agriculture_heterogeneous_team_002,spray_patch,2026-01-20T06:42:49.000Z,null,sprayer_1,sprayer_rover,smart_agriculture_heterogeneous_team_002_exec_6,inprogress,66.4,75.79,41.91,0.0,null,null,null,null,null
smart_agriculture_heterogeneous_team_002,spray_patch,2026-01-20T06:43:29.000Z,null,sprayer_1,sprayer_rover,smart_agriculture_heterogeneous_team_002_exec_6,inprogress,65.4,75.79,41.91,0.0,null,null,null,null,null
smart_agriculture_heterogeneous_team_002,spray_patch,2026-01-20T06:44:09.000Z,null,sprayer_1,sprayer_rover,smart_agriculture_heterogeneous_team_002_exec_6,inprogress,64.3,75.79,41.91,0.0,null,null,null,null,null
smart_agriculture_heterogeneous_team_002,spray_patch,2026-01-20T06:44:53.000Z,complete,sprayer_1,sprayer_rover,smart_agriculture_heterogeneous_team_002_exec_6,done,63.3,75.79,41.91,0.0,null,null,null,null,null
smart_agriculture_heterogeneous_team_002,return_base,2026-01-20T06:44:54.000Z,start,drone_scout_1,drone_scout,smart_agriculture_heterogeneous_team_002_exec_7,inprogress,71.7,75.79,41.91,19.34,null,null,null,null,null
smart_agriculture_heterogeneous_team_002,return_base,2026-01-20T06:45:28.000Z,null,drone_scout_1,drone_scout,smart_agriculture_heterogeneous_team_002_exec_7,inprogress,70.9,60.63,33.53,16.47,null,null,null,null,null
smart_agriculture_heterogeneous_team_002,return_base,2026-01-20T06:46:02.000Z,null,drone_scout_1,drone_scout,smart_agriculture_heterogeneous_team_002_exec_7,inprogress,70.0,45.47,25.15,13.61,null,null,null,null,null
smart_agriculture_heterogeneous_team_002,return_base,2026-01-20T06:46:36.000Z,null,drone_scout_1,drone_scout,smart_agriculture_heterogeneous_team_002_exec_7,inprogress,69.2,30.32,16.77,10.74,null,null,null,null,null
smart_agriculture_heterogeneous_team_002,return_base,2026-01-20T06:47:10.000Z,null,drone_scout_1,drone_scout,smart_agriculture_heterogeneous_team_002_exec_7,inprogress,68.3,15.16,8.38,7.87,null,null,null,null,null
smart_agriculture_heterogeneous_team_002,return_base,2026-01-20T06:47:45.000Z,complete,drone_scout_1,drone_scout,smart_agriculture_heterogeneous_team_002_exec_7,done,67.5,0.0,0.0,5.0,null,null,null,null,null
smart_agriculture_heterogeneous_team_002,return_base,2026-01-20T06:47:46.000Z,start,sprayer_1,sprayer_rover,smart_agriculture_heterogeneous_team_002_exec_8,inprogress,63.3,75.79,41.91,0.0,null,null,null,null,null
smart_agriculture_heterogeneous_team_002,return_base,2026-01-20T06:48:28.000Z,null,sprayer_1,sprayer_rover,smart_agriculture_heterogeneous_team_002_exec_8,inprogress,62.3,63.16,34.93,0.0,null,null,null,null,null
smart_agriculture_heterogeneous_team_002,return_base,2026-01-20T06:49:10.000Z,null,sprayer_1,sprayer_rover,smart_agriculture_heterogeneous_team_002_exec_8,inprogress,61.3,50.53,27.94,0.0,null,null,null,null,null
smart_agriculture_heterogeneous_team_002,return_base,2026-01-20T06:49:52.000Z,null,sprayer_1,sprayer_rover,smart_agriculture_heterogeneous_team_002_exec_8,inprogress,60.2,37.89,20.96,0.0,null,null,null,null,null
smart_agriculture_heterogeneous_team_002,return_base,2026-01-20T06:50:34.000Z,null,sprayer_1,sprayer_rover,smart_agriculture_heterogeneous_team_002_exec_8,inprogress,59.2,25.26,13.97,0.0,null,null,null,null,null
smart_agriculture_heterogeneous_team_002,return_base,2026-01-20T06:51:16.000Z,null,sprayer_1,sprayer_rover,smart_agriculture_heterogeneous_team_002_exec_8,inprogress,58.2,12.63,6.99,0.0,null,null,null,null,null
smart_agriculture_heterogeneous_team_002,return_base,2026-01-20T06:52:02.000Z,complete,sprayer_1,sprayer_rover,smart_agriculture_heterogeneous_team_002_exec_8,done,57.2,0.0,0.0,0.0,null,null,null,null,null
smart_agriculture_heterogeneous_team_002,return_base,2026-01-20T06:52:03.000Z,start,supply_1,supply_rover,smart_agriculture_heterogeneous_team_002_exec_9,inprogress,73.0,0.0,0.0,0.0,null,null,null,null,null
smart_agriculture_heterogeneous_team_002,return_base,2026-01-20T06:53:16.000Z,null,supply_1,supply_rover,smart_agriculture_heterogeneous_team_002_exec_9,inprogress,72.2,0.0,0.0,0.0,null,null,null,null,null
smart_agriculture_heterogeneous_team_002,return_base,2026-01-20T06:54:29.000Z,null,supply_1,supply_rover,smart_agriculture_heterogeneous_team_002_exec_9,inprogress,71.5,0.0,0.0,0.0,null,null,null,null,null
smart_agriculture_heterogeneous_team_002,return_base,2026-01-20T06:55:42.000Z,null,supply_1,supply_rover,smart_agriculture_heterogeneous_team_002_exec_9,inprogress,70.8,0.0,0.0,0.0,null,null,null,null,null
smart_agriculture_heterogeneous_team_002,return_base,2026-01-20T06:56:56.000Z,complete,supply_1,supply_rover,smart_agriculture_heterogeneous_team_002_exec_9,done,70.0,0.0,0.0,0.0,null,null,null,null,null
smart_agriculture_heterogeneous_team_003,survey_field,2026-01-20T06:56:00.000Z,start,drone_scout_1,drone_scout,smart_agriculture_heterogeneous_team_003_exec_1,inprogress,90.7,0.0,0.0,5.0,null,null,null,null,null
smart_agriculture_heterogeneous_team_003,survey_field,2026-01-20T06:56:42.000Z,null,drone_scout_1,drone_scout,smart_agriculture_heterogeneous_team_003_exec_1,inprogress,89.8,12.91,2.89,7.38,null,null,null,null,null
smart_agriculture_heterogeneous_team_003,survey_field,2026-01-20T06:57:24.000Z,null,drone_scout_1,drone_scout,smart_agriculture_heterogeneous_team_003_exec_1,inprogress,88.8,25.82,5.78,9.75,null,null,null,null,null
smart_agriculture_heterogeneous_team_003,survey_field,2026-01-20T06:58:06.000Z,null,drone_scout_1,drone_scout,smart_agriculture_heterogeneous_team_003_exec_1,inprogress,87.9,38.73,8.67,12.13,null,null,null,null,null
smart_agriculture_heterogeneous_team_003,survey_field,2026-01-20T06:58:48.000Z,null,drone_scout_1,drone_scout,smart_agriculture_heterogeneous_team_003_exec_1,inprogress,86.9,51.63,11.56,14.5,null,null,null,null,null
smart_agriculture_heterogeneous_team_003,survey_field,2026-01-20T06:59:30.000Z,null,drone_scout_1,drone_scout,smart_agriculture_heterogeneous_team_003_exec_1,inprogress,86.0,64.54,14.45,16.88,null,null,null,null,null
smart_agriculture_heterogeneous_team_003,survey_field,2026-01-20T07:00:16.000Z,complete,drone_scout_1,drone_scout,smart_agriculture_heterogeneous_team_003_exec_1,done,85.0,77.45,17.34,19.26,null,null,null,null,null
smart_agriculture_heterogeneous_team_003,detect_patch,2026-01-20T07:00:17.000Z,start,drone_scout_1,drone_scout,smart_agriculture_heterogeneous_team_003_exec_2,inprogress,85.0,77.45,17.34,19.26,null,null,null,null,null
smart_agriculture_heterogeneous_team_003,detect_patch,2026-01-20T07:00:54.000Z,complete,drone_scout_1,drone_scout,smart_agriculture_heterogeneous_team_003_exec_2,done,84.4,77.45,17.34,19.26,null,null,null,null,null
smart_agriculture_heterogeneous_team_003,send_patch_coordinates,2026-01-20T07:00:55.000Z,start,drone_scout_1,drone_scout,smart_agriculture_heterogeneous_team_003_exec_3,inprogress,84.4,77.45,17.34,19.26,msg_1f8ef66c74,weed patch coordinates and density,send,drone_scout_1,sprayer_1
smart_agriculture_heterogeneous_team_003,send_patch_coordinates,2026-01-20T07:00:59.000Z,complete,drone_scout_1,drone_scout,smart_agriculture_heterogeneous_team_003_exec_3,done,84.2,77.45,17.34,19.26,msg_1f8ef66c74,weed patch coordinates and density,send,drone_scout_1,sprayer_1
smart_agriculture_heterogeneous_team_003,receive_patch_coordinates,2026-01-20T07:01:04.000Z,start,sprayer_1,sprayer_rover,smart_agriculture_heterogeneous_team_003_exec_4,inprogress,69.7,0.0,0.0,0.0,msg_1f8ef66c74,weed patch coordinates and density,receive,drone_scout_1,sprayer_1
smart_agriculture_heterogeneous_team_003,receive_patch_coordinates,2026-01-20T07:01:08.000Z,complete,sprayer_1,sprayer_rover,smart_agriculture_heterogeneous_team_003_exec_4,done,69.6,0.0,0.0,0.0,msg_1f8ef66c74,weed patch coordinates and density,receive,drone_scout_1,sprayer_1
smart_agriculture_heterogeneous_team_003,navigate_to_patch,2026-01-20T07:01:09.000Z,start,sprayer_1,sprayer_rover,smart_agriculture_heterogeneous_team_003_exec_5,inprogress,69.6,0.0,0.0,0.0,null,null,null,null,null
smart_agriculture_heterogeneous_team_003,navigate_to_patch,2026-01-20T07:01:56.000Z,null,sprayer_1,sprayer_rover,smart_agriculture_heterogeneous_team_003_exec_5,inprogress,68.9,11.06,2.48,0.0,null,null,null,null,null
smart_agriculture_heterogeneous_team_003,navigate_to_patch,2026-01-20T07:02:43.000Z,null,sprayer_1,sprayer_rover,smart_agriculture_heterogeneous_team_003_exec_5,inprogress,68.1,22.13,4.96,0.0,null,null,null,null,null
smart_agriculture_heterogeneous_team_003,navigate_to_patch,2026-01-20T07:03:30.000Z,null,sprayer_1,sprayer_rover,smart_agriculture_heterogeneous_team_003_exec_5,inprogress,67.4,33.19,7.43,0.0,null,null,null,null,null
smart_agriculture_heterogeneous_team_003,navigate_to_patch,2026-01-20T07:04:17.000Z,null,sprayer_1,sprayer_rover,smart_agriculture_heterogeneous_team_003_exec_5,inprogress,66.6,44.26,9.91,0.0,null,null,null,null,null
smart_agriculture_heterogeneous_team_003,navigate_to_patch,2026-01-20T07:05:04.000Z,null,sprayer_1,sprayer_rover,smart_agriculture_heterogeneous_team_003_exec_5,inprogress,65.9,55.32,12.39,0.0,null,null,null,null,null
smart_agriculture_heterogeneous_team_003,navigate_to_patch,2026-01-20T07:05:51.000Z,null,sprayer_1,sprayer_rover,smart_agriculture_heterogeneous_team_003_exec_5,inprogress,65.1,66.39,14.87,0.0,null,null,null,null,null
smart_agriculture_heterogeneous_team_003,navigate_to_patch,2026-01-20T07:06:38.000Z,complete,sprayer_1,sprayer_rover,smart_agriculture_heterogeneous_team_003_exec_5,done,64.4,77.45,17.34,0.0,null,null,null,null,null
smart_agriculture_heterogeneous_team_003,spray_patch,2026-01-20T07:06:39.000Z,start,sprayer_1,sprayer_rover,smart_agriculture_heterogeneous_team_003_exec_6,inprogress,64.4,77.45,17.34,0.0,null,null,null,null,null
smart_agriculture_heterogeneous_team_003,spray_patch,2026-01-20T07:07:21.000Z,null,sprayer_1,sprayer_rover,smart_agriculture_heterogeneous_team_003_exec_6,inprogress,62.9,77.45,17.34,0.0,null,null,null,null,null
smart_agriculture_heterogeneous_team_003,spray_patch,2026-01-20T07:08:03.000Z,null,sprayer_1,sprayer_rover,smart_agriculture_heterogeneous_team_003_exec_6,inprogress,61.3,77.45,17.34,0.0,null,null,null,null,null
smart_agriculture_heterogeneous_team_003,spray_patch,2026-01-20T07:08:45.000Z,null,sprayer_1,sprayer_rover,smart_agriculture_heterogeneous_team_003_exec_6,inprogress,59.8,77.45,17.34,0.0,null,null,null,null,null
smart_agriculture_heterogeneous_team_003,spray_patch,2026-01-20T07:09:29.000Z,complete,sprayer_1,sprayer_rover,smart_agriculture_heterogeneous_team_003_exec_6,done,58.3,77.45,17.34,0.0,null,null,null,null,null
smart_agriculture_heterogeneous_team_003,return_base,2026-01-20T07:09:30.000Z,start,drone_scout_1,drone_scout,smart_agriculture_heterogeneous_team_003_exec_7,inprogress,84.2,77.45,17.34,19.26,null,null,null,null,null
smart_agriculture_heterogeneous_team_003,return_base,2026-01-20T07:10:43.000Z,null,drone_scout_1,drone_scout,smart_agriculture_heterogeneous_team_003_exec_7,inprogress,83.2,51.63,11.56,14.5,null,null,null,null,null
smart_agriculture_heterogeneous_team_003,return_base,2026-01-20T07:11:56.000Z,null,drone_scout_1,drone_scout,smart_agriculture_heterogeneous_team_003_exec_7,inprogress,82.1,25.82,5.78,9.75,null,null,null,null,null
smart_agriculture_heterogeneous_team_003,return_base,2026-01-20T07:13:11.000Z,complete,drone_scout_1,drone_scout,smart_agriculture_heterogeneous_team_003_exec_7,done,81.1,0.0,0.0,5.0,null,null,null,null,null
smart_agriculture_heterogeneous_team_003,return_base,2026-01-20T07:13:12.000Z,start,sprayer_1,sprayer_rover,smart_agriculture_heterogeneous_team_003_exec_8,inprogress,58.3,77.45,17.34,0.0,null,null,null,null,null
smart_agriculture_heterogeneous_team_003,return_base,2026-01-20T07:14:32.000Z,null,sprayer_1,sprayer_rover,smart_agriculture_heterogeneous_team_003_exec_8,inprogress,56.7,58.09,13.01,0.0,null,null,null,null,null
smart_agriculture_heterogeneous_team_003,return_base,2026-01-20T07:15:52.000Z,null,sprayer_1,sprayer_rover,smart_agriculture_heterogeneous_team_003_exec_8,inprogress,55.1,38.73,8.67,0.0,null,null,null,null,null
smart_agriculture_heterogeneous_team_003,return_base,2026-01-20T07:17:12.000Z,null,sprayer_1,sprayer_rover,smart_agriculture_heterogeneous_team_003_exec_8,inprogress,53.5,19.36,4.34,0.0,null,null,null,null,null
smart_agriculture_heterogeneous_team_003,return_base,2026-01-20T07:18:35.000Z,complete,sprayer_1,sprayer_rover,smart_agriculture_heterogeneous_team_003_exec_8,done,51.9,0.0,0.0,0.0,null,null,null,null,null
smart_agriculture_heterogeneous_team_003,return_base,2026-01-20T07:18:36.000Z,start,supply_1,supply_rover,smart_agriculture_heterogeneous_team_003_exec_9,inprogress,84.8,0.0,0.0,0.0,null,null,null,null,null
smart_agriculture_heterogeneous_team_003,return_base,2026-01-20T07:19:39.000Z,null,supply_1,supply_rover,smart_agriculture_heterogeneous_team_003_exec_9,inprogress,83.9,0.0,0.0,0.0,null,null,null,null,null
smart_agriculture_heterogeneous_team_003,return_base,2026-01-20T07:20:42.000Z,null,supply_1,supply_rover,smart_agriculture_heterogeneous_team_003_exec_9,inprogress,83.1,0.0,0.0,0.0,null,null,null,null,null
smart_agriculture_heterogeneous_team_003,return_base,2026-01-20T07:21:45.000Z,null,supply_1,supply_rover,smart_agriculture_heterogeneous_team_003_exec_9,inprogress,82.2,0.0,0.0,0.0,null,null,null,null,null
smart_agriculture_heterogeneous_team_003,return_base,2026-01-20T07:22:48.000Z,complete,supply_1,supply_rover,smart_agriculture_heterogeneous_team_003_exec_9,done,81.3,0.0,0.0,0.0,null,null,null,null,null
smart_agriculture_heterogeneous_team_004,survey_field,2026-01-20T07:24:00.000Z,start,drone_scout_1,drone_scout,smart_agriculture_heterogeneous_team_004_exec_1,inprogress,86.8,0.0,0.0,5.0,null,null,null,null,null
smart_agriculture_heterogeneous_team_004,survey_field,2026-01-20T07:25:08.000Z,null,drone_scout_1,drone_scout,smart_agriculture_heterogeneous_team_004_exec_1,inprogress,85.4,9.77,4.4,9.12,null,null,null,null,null
smart_agriculture_heterogeneous_team_004,survey_field,2026-01-20T07:26:16.000Z,null,drone_scout_1,drone_scout,smart_agriculture_heterogeneous_team_004_exec_1,inprogress,84.1,19.54,8.81,13.25,null,null,null,null,null
smart_agriculture_heterogeneous_team_004,survey_field,2026-01-20T07:27:24.000Z,null,drone_scout_1,drone_scout,smart_agriculture_heterogeneous_team_004_exec_1,inprogress,82.7,29.3,13.21,17.37,null,null,null,null,null
smart_agriculture_heterogeneous_team_004,survey_field,2026-01-20T07:28:32.000Z,null,drone_scout_1,drone_scout,smart_agriculture_heterogeneous_team_004_exec_1,inprogress,81.4,39.07,17.61,21.5,null,null,null,null,null
smart_agriculture_heterogeneous_team_004,survey_field,2026-01-20T07:29:43.000Z,complete,drone_scout_1,drone_scout,smart_agriculture_heterogeneous_team_004_exec_1,done,80.1,48.84,22.01,25.62,null,null,null,null,null
smart_agriculture_heterogeneous_team_004,detect_patch,2026-01-20T07:29:44.000Z,start,drone_scout_1,drone_scout,smart_agriculture_heterogeneous_team_004_exec_2,inprogress,80.1,48.84,22.01,25.62,null,null,null,null,null
smart_agriculture_heterogeneous_team_004,detect_patch,2026-01-20T07:30:06.000Z,complete,drone_scout_1,drone_scout,smart_agriculture_heterogeneous_team_004_exec_2,done,79.5,48.84,22.01,25.62,null,null,null,null,null
smart_agriculture_heterogeneous_team_004,send_patch_coordinates,2026-01-20T07:30:07.000Z,start,drone_scout_1,drone_scout,smart_agriculture_heterogeneous_team_004_exec_3,inprogress,79.5,48.84,22.01,25.62,msg_5a687da46f,weed patch coordinates and density,send,drone_scout_1,sprayer_1
smart_agriculture_heterogeneous_team_004,send_patch_coordinates,2026-01-20T07:30:12.000Z,complete,drone_scout_1,drone_scout,smart_agriculture_heterogeneous_team_004_exec_3,done,79.3,48.84,22.01,25.62,msg_5a687da46f,weed patch coordinates and density,send,drone_scout_1,sprayer_1
smart_agriculture_heterogeneous_team_004,receive_patch_coordinates,2026-01-20T07:30:17.000Z,start,sprayer_1,sprayer_rover,smart_agriculture_heterogeneous_team_004_exec_4,inprogress,79.4,0.0,0.0,0.0,msg_5a687da46f,weed patch coordinates and density,receive,drone_scout_1,sprayer_1
smart_agriculture_heterogeneous_team_004,receive_patch_coordinates,2026-01-20T07:30:21.000Z,complete,sprayer_1,sprayer_rover,smart_agriculture_heterogeneous_team_004_exec_4,done,79.3,0.0,0.0,0.0,msg_5a687da46f,weed patch coordinates and density,receive,drone_scout_1,sprayer_1
smart_agriculture_heterogeneous_team_004,navigate_to_patch,2026-01-20T07:30:22.000Z,start,sprayer_1,sprayer_rover,smart_agriculture_heterogeneous_team_004_exec_5,inprogress,79.3,0.0,0.0,0.0,null,null,null,null,null
smart_agriculture_heterogeneous_team_004,navigate_to_patch,2026-01-20T07:31:34.000Z,null,sprayer_1,sprayer_rover,smart_agriculture_heterogeneous_team_004_exec_5,inprogress,78.3,9.77,4.4,0.0,null,null,null,null,null
smart_agriculture_heterogeneous_team_004,navigate_to_patch,2026-01-20T07:32:46.000Z,null,sprayer_1,sprayer_rover,smart_agriculture_heterogeneous_team_004_exec_5,inprogress,77.3,19.54,8.81,0.0,null,null,null,null,null
smart_agriculture_heterogeneous_team_004,navigate_to_patch,2026-01-20T07:33:58.000Z,null,sprayer_1,sprayer_rover,smart_agriculture_heterogeneous_team_004_exec_5,inprogress,76.3,29.3,13.21,0.0,null,null,null,null,null
smart_agriculture_heterogeneous_team_004,navigate_to_patch,2026-01-20T07:35:10.000Z,null,sprayer_1,sprayer_rover,smart_agriculture_heterogeneous_team_004_exec_5,inprogress,75.3,39.07,17.61,0.0,null,null,null,null,null
smart_agriculture_heterogeneous_team_004,navigate_to_patch,2026-01-20T07:36:23.000Z,complete,sprayer_1,sprayer_rover,smart_agriculture_heterogeneous_team_004_exec_5,done,74.3,48.84,22.01,0.0,null,null,null,null,null
smart_agriculture_heterogeneous_team_004,spray_patch,2026-01-20T07:36:24.000Z,start,sprayer_1,sprayer_rover,smart_agriculture_heterogeneous_team_004_exec_6,inprogress,74.3,48.84,22.01,0.0,null,null,null,null,null
smart_agriculture_heterogeneous_team_004,spray_patch,2026-01-20T07:37:11.000Z,null,sprayer_1,sprayer_rover,smart_agriculture_heterogeneous_team_004_exec_6,inprogress,73.0,48.84,22.01,0.0,null,null,null,null,null
smart_agriculture_heterogeneous_team_004,spray_patch,2026-01-20T07:37:58.000Z,null,sprayer_1,sprayer_rover,smart_agriculture_heterogeneous_team_004_exec_6,inprogress,71.8,48.84,22.01,0.0,null,null,null,null,null
smart_agriculture_heterogeneous_team_004,spray_patch,2026-01-20T07:38:45.000Z,null,sprayer_1,sprayer_rover,smart_agriculture_heterogeneous_team_004_exec_6,inprogress,70.5,48.84,22.01,0.0,null,null,null,null,null
smart_agriculture_heterogeneous_team_004,spray_patch,2026-01-20T07:39:32.000Z,null,sprayer_1,sprayer_rover,smart_agriculture_heterogeneous_team_004_exec_6,inprogress,69.3,48.84,22.01,0.0,null,null,null,null,null
smart_agriculture_heterogeneous_team_004,spray_patch,2026-01-20T07:40:22.000Z,complete,sprayer_1,sprayer_rover,smart_agriculture_heterogeneous_team_004_exec_6,done,68.0,48.84,22.01,0.0,null,null,null,null,null
smart_agriculture_heterogeneous_team_004,send_refill_request,2026-01-20T07:40:23.000Z,start,sprayer_1,sprayer_rover,smart_agriculture_heterogeneous_team_004_exec_7,inprogress,68.0,48.84,22.01,0.0,msg_b6dd43b016,refill needed at current patch,send,sprayer_1,supply_1
smart_agriculture_heterogeneous_team_004,send_refill_request,2026-01-20T07:40:28.000Z,complete,sprayer_1,sprayer_rover,smart_agriculture_heterogeneous_team_004_exec_7,done,67.8,48.84,22.01,0.0,msg_b6dd43b016,refill needed at current patch,send,sprayer_1,supply_1
smart_agriculture_heterogeneous_team_004,receive_refill_request,2026-01-20T07:40:34.000Z,start,supply_1,supply_rover,smart_agriculture_heterogeneous_team_004_exec_8,inprogress,87.8,0.0,0.0,0.0,msg_b6dd43b016,refill needed at current patch,receive,sprayer_1,supply_1
smart_agriculture_heterogeneous_team_004,receive_refill_request,2026-01-20T07:40:38.000Z,complete,supply_1,supply_rover,smart_agriculture_heterogeneous_team_004_exec_8,done,87.7,0.0,0.0,0.0,msg_b6dd43b016,refill needed at current patch,receive,sprayer_1,supply_1
smart_agriculture_heterogeneous_team_004,deliver_refill,2026-01-20T07:40:39.000Z,start,supply_1,supply_rover,smart_agriculture_heterogeneous_team_004_exec_9,inprogress,87.7,0.0,0.0,0.0,null,null,null,null,null
smart_agriculture_heterogeneous_team_004,deliver_refill,2026-01-20T07:41:55.000Z,null,supply_1,supply_rover,smart_agriculture_heterogeneous_team_004_exec_9,inprogress,86.7,16.85,6.53,0.0,null,null,null,null,null
smart_agriculture_heterogeneous_team_004,deliver_refill,2026-01-20T07:43:11.000Z,null,supply_1,supply_rover,smart_agriculture_heterogeneous_team_004_exec_9,inprogress,85.7,33.71,13.05,0.0,null,null,null,null,null
smart_agriculture_heterogeneous_team_004,deliver_refill,2026-01-20T07:44:27.000Z,complete,supply_1,supply_rover,smart_agriculture_heterogeneous_team_004_exec_9,done,84.7,50.56,19.58,0.0,null,null,null,null,null
smart_agriculture_heterogeneous_team_004,send_treatment_ack,2026-01-20T07:44:28.000Z,start,supply_1,supply_rover,smart_agriculture_heterogeneous_team_004_exec_10,inprogress,84.7,50.56,19.58,0.0,msg_c1a7da17f7,refill delivered and treatment may resume,send,supply_1,sprayer_1
smart_agriculture_heterogeneous_team_004,send_treatment_ack,2026-01-20T07:44:36.000Z,complete,supply_1,supply_rover,smart_agriculture_heterogeneous_team_004_exec_10,done,84.5,50.56,19.58,0.0,msg_c1a7da17f7,refill delivered and treatment may resume,send,supply_1,sprayer_1
smart_agriculture_heterogeneous_team_004,receive_treatment_ack,2026-01-20T07:44:40.000Z,start,sprayer_1,sprayer_rover,smart_agriculture_heterogeneous_team_004_exec_11,inprogress,67.8,48.84,22.01,0.0,msg_c1a7da17f7,refill delivered and treatment may resume,receive,supply_1,sprayer_1
smart_agriculture_heterogeneous_team_004,receive_treatment_ack,2026-01-20T07:44:44.000Z,complete,sprayer_1,sprayer_rover,smart_agriculture_heterogeneous_team_004_exec_11,done,67.7,48.84,22.01,0.0,msg_c1a7da17f7,refill delivered and treatment may resume,receive,supply_1,sprayer_1
smart_agriculture_heterogeneous_team_004,resume_treatment,2026-01-20T07:44:45.000Z,start,sprayer_1,sprayer_rover,smart_agriculture_heterogeneous_team_004_exec_12,inprogress,67.7,48.84,22.01,0.0,null,null,null,null,null
smart_agriculture_heterogeneous_team_004,resume_treatment,2026-01-20T07:45:28.000Z,null,sprayer_1,sprayer_rover,smart_agriculture_heterogeneous_team_004_exec_12,inprogress,67.0,48.84,22.01,0.0,null,null,null,null,null
smart_agriculture_heterogeneous_team_004,resume_treatment,2026-01-20T07:46:11.000Z,null,sprayer_1,sprayer_rover,smart_agriculture_heterogeneous_team_004_exec_12,inprogress,66.2,48.84,22.01,0.0,null,null,null,null,null
smart_agriculture_heterogeneous_team_004,resume_treatment,2026-01-20T07:46:54.000Z,null,sprayer_1,sprayer_rover,smart_agriculture_heterogeneous_team_004_exec_12,inprogress,65.5,48.84,22.01,0.0,null,null,null,null,null
smart_agriculture_heterogeneous_team_004,resume_treatment,2026-01-20T07:47:38.000Z,complete,sprayer_1,sprayer_rover,smart_agriculture_heterogeneous_team_004_exec_12,done,64.8,48.84,22.01,0.0,null,null,null,null,null
smart_agriculture_heterogeneous_team_004,navigate_to_patch,2026-01-20T07:47:39.000Z,start,sprayer_1,sprayer_rover,smart_agriculture_heterogeneous_team_004_exec_13,inprogress,64.8,48.84,22.01,0.0,null,null,null,null,null
smart_agriculture_heterogeneous_team_004,navigate_to_patch,2026-01-20T07:48:13.000Z,null,sprayer_1,sprayer_rover,smart_agriculture_heterogeneous_team_004_exec_13,inprogress,64.2,51.25,21.68,0.0,null,null,null,null,null
smart_agriculture_heterogeneous_team_004,navigate_to_patch,2026-01-20T07:48:47.000Z,null,sprayer_1,sprayer_rover,smart_agriculture_heterogeneous_team_004_exec_13,inprogress,63.7,53.66,21.34,0.0,null,null,null,null,null
smart_agriculture_heterogeneous_team_004,navigate_to_patch,2026-01-20T07:49:21.000Z,null,sprayer_1,sprayer_rover,smart_agriculture_heterogeneous_team_004_exec_13,inprogress,63.1,56.07,21.0,0.0,null,null,null,null,null
smart_agriculture_heterogeneous_team_004,navigate_to_patch,2026-01-20T07:49:55.000Z,null,sprayer_1,sprayer_rover,smart_agriculture_heterogeneous_team_004_exec_13,inprogress,62.6,58.48,20.67,0.0,null,null,null,null,null
smart_agriculture_heterogeneous_team_004,navigate_to_patch,2026-01-20T07:50:29.000Z,complete,sprayer_1,sprayer_rover,smart_agriculture_heterogeneous_team_004_exec_13,done,62.0,60.88,20.33,0.0,null,null,null,null,null
smart_agriculture_heterogeneous_team_004,spray_patch,2026-01-20T07:50:30.000Z,start,sprayer_1,sprayer_rover,smart_agriculture_heterogeneous_team_004_exec_14,inprogress,62.0,60.88,20.33,0.0,null,null,null,null,null
smart_agriculture_heterogeneous_team_004,spray_patch,2026-01-20T07:51:20.000Z,null,sprayer_1,sprayer_rover,smart_agriculture_heterogeneous_team_004_exec_14,inprogress,60.7,60.88,20.33,0.0,null,null,null,null,null
smart_agriculture_heterogeneous_team_004,spray_patch,2026-01-20T07:52:10.000Z,null,sprayer_1,sprayer_rover,smart_agriculture_heterogeneous_team_004_exec_14,inprogress,59.3,60.88,20.33,0.0,null,null,null,null,null
smart_agriculture_heterogeneous_team_004,spray_patch,2026-01-20T07:53:02.000Z,complete,sprayer_1,sprayer_rover,smart_agriculture_heterogeneous_team_004_exec_14,done,57.9,60.88,20.33,0.0,null,null,null,null,null
smart_agriculture_heterogeneous_team_004,return_base,2026-01-20T07:53:03.000Z,start,drone_scout_1,drone_scout,smart_agriculture_heterogeneous_team_004_exec_15,inprogress,79.3,48.84,22.01,25.62,null,null,null,null,null
smart_agriculture_heterogeneous_team_004,return_base,2026-01-20T07:54:14.000Z,null,drone_scout_1,drone_scout,smart_agriculture_heterogeneous_team_004_exec_15,inprogress,78.1,32.56,14.68,18.75,null,null,null,null,null
smart_agriculture_heterogeneous_team_004,return_base,2026-01-20T07:55:25.000Z,null,drone_scout_1,drone_scout,smart_agriculture_heterogeneous_team_004_exec_15,inprogress,76.9,16.28,7.34,11.87,null,null,null,null,null
smart_agriculture_heterogeneous_team_004,return_base,2026-01-20T07:56:38.000Z,complete,drone_scout_1,drone_scout,smart_agriculture_heterogeneous_team_004_exec_15,done,75.8,0.0,0.0,5.0,null,null,null,null,null
smart_agriculture_heterogeneous_team_004,return_base,2026-01-20T07:56:39.000Z,start,sprayer_1,sprayer_rover,smart_agriculture_heterogeneous_team_004_exec_16,inprogress,57.9,60.88,20.33,0.0,null,null,null,null,null
smart_agriculture_heterogeneous_team_004,return_base,2026-01-20T07:57:31.000Z,null,sprayer_1,sprayer_rover,smart_agriculture_heterogeneous_team_004_exec_16,inprogress,56.8,45.66,15.25,0.0,null,null,null,null,null
smart_agriculture_heterogeneous_team_004,return_base,2026-01-20T07:58:23.000Z,null,sprayer_1,sprayer_rover,smart_agriculture_heterogeneous_team_004_exec_16,inprogress,55.6,30.44,10.17,0.0,null,null,null,null,null
smart_agriculture_heterogeneous_team_004,return_base,2026-01-20T07:59:15.000Z,null,sprayer_1,sprayer_rover,smart_agriculture_heterogeneous_team_004_exec_16,inprogress,54.4,15.22,5.08,0.0,null,null,null,null,null
smart_agriculture_heterogeneous_team_004,return_base,2026-01-20T08:00:08.000Z,complete,sprayer_1,sprayer_rover,smart_agriculture_heterogeneous_team_004_exec_16,done,53.3,0.0,0.0,0.0,null,null,null,null,null
smart_agriculture_heterogeneous_team_004,return_base,2026-01-20T08:00:09.000Z,start,supply_1,supply_rover,smart_agriculture_heterogeneous_team_004_exec_17,inprogress,84.5,50.56,19.58,0.0,null,null,null,null,null
smart_agriculture_heterogeneous_team_004,return_base,2026-01-20T08:01:16.000Z,null,supply_1,supply_rover,smart_agriculture_heterogeneous_team_004_exec_17,inprogress,83.0,33.71,13.05,0.0,null,null,null,null,null
smart_agriculture_heterogeneous_team_004,return_base,2026-01-20T08:02:23.000Z,null,supply_1,supply_rover,smart_agriculture_heterogeneous_team_004_exec_17,inprogress,81.6,16.85,6.53,0.0,null,null,null,null,null
smart_agriculture_heterogeneous_team_004,return_base,2026-01-20T08:03:30.000Z,complete,supply_1,supply_rover,smart_agriculture_heterogeneous_team_004_exec_17,done,80.1,0.0,0.0,0.0,null,null,null,null,null
smart_agriculture_heterogeneous_team_005,survey_field,2026-01-20T07:52:00.000Z,start,drone_scout_1,drone_scout,smart_agriculture_heterogeneous_team_005_exec_1,inprogress,98.9,0.0,0.0,5.0,null,null,null,null,null
smart_agriculture_heterogeneous_team_005,survey_field,2026-01-20T07:52:54.000Z,null,drone_scout_1,drone_scout,smart_agriculture_heterogeneous_team_005_exec_1,inprogress,97.8,6.31,6.7,7.85,null,null,null,null,null
smart_agriculture_heterogeneous_team_005,survey_field,2026-01-20T07:53:48.000Z,null,drone_scout_1,drone_scout,smart_agriculture_heterogeneous_team_005_exec_1,inprogress,96.8,12.62,13.4,10.7,null,null,null,null,null
smart_agriculture_heterogeneous_team_005,survey_field,2026-01-20T07:54:42.000Z,null,drone_scout_1,drone_scout,smart_agriculture_heterogeneous_team_005_exec_1,inprogress,95.7,18.93,20.1,13.56,null,null,null,null,null
smart_agriculture_heterogeneous_team_005,survey_field,2026-01-20T07:55:36.000Z,null,drone_scout_1,drone_scout,smart_agriculture_heterogeneous_team_005_exec_1,inprogress,94.6,25.24,26.81,16.41,null,null,null,null,null
smart_agriculture_heterogeneous_team_005,survey_field,2026-01-20T07:56:30.000Z,null,drone_scout_1,drone_scout,smart_agriculture_heterogeneous_team_005_exec_1,inprogress,93.5,31.55,33.51,19.26,null,null,null,null,null
smart_agriculture_heterogeneous_team_005,survey_field,2026-01-20T07:57:24.000Z,null,drone_scout_1,drone_scout,smart_agriculture_heterogeneous_team_005_exec_1,inprogress,92.4,37.86,40.21,22.11,null,null,null,null,null
smart_agriculture_heterogeneous_team_005,survey_field,2026-01-20T07:58:22.000Z,complete,drone_scout_1,drone_scout,smart_agriculture_heterogeneous_team_005_exec_1,done,91.3,44.17,46.91,24.96,null,null,null,null,null
smart_agriculture_heterogeneous_team_005,detect_patch,2026-01-20T07:58:23.000Z,start,drone_scout_1,drone_scout,smart_agriculture_heterogeneous_team_005_exec_2,inprogress,91.3,44.17,46.91,24.96,null,null,null,null,null
smart_agriculture_heterogeneous_team_005,detect_patch,2026-01-20T07:59:12.000Z,complete,drone_scout_1,drone_scout,smart_agriculture_heterogeneous_team_005_exec_2,done,90.9,44.17,46.91,24.96,null,null,null,null,null
smart_agriculture_heterogeneous_team_005,send_patch_coordinates,2026-01-20T07:59:13.000Z,start,drone_scout_1,drone_scout,smart_agriculture_heterogeneous_team_005_exec_3,inprogress,90.9,44.17,46.91,24.96,msg_642fbb7c0e,weed patch coordinates and density,send,drone_scout_1,sprayer_1
smart_agriculture_heterogeneous_team_005,send_patch_coordinates,2026-01-20T07:59:19.000Z,complete,drone_scout_1,drone_scout,smart_agriculture_heterogeneous_team_005_exec_3,done,90.7,44.17,46.91,24.96,msg_642fbb7c0e,weed patch coordinates and density,send,drone_scout_1,sprayer_1
smart_agriculture_heterogeneous_team_005,receive_patch_coordinates,2026-01-20T07:59:24.000Z,start,sprayer_1,sprayer_rover,smart_agriculture_heterogeneous_team_005_exec_4,inprogress,88.8,0.0,0.0,0.0,msg_642fbb7c0e,weed patch coordinates and density,receive,drone_scout_1,sprayer_1
smart_agriculture_heterogeneous_team_005,receive_patch_coordinates,2026-01-20T07:59:28.000Z,complete,sprayer_1,sprayer_rover,smart_agriculture_heterogeneous_team_005_exec_4,done,88.7,0.0,0.0,0.0,msg_642fbb7c0e,weed patch coordinates and density,receive,drone_scout_1,sprayer_1
smart_agriculture_heterogeneous_team_005,navigate_to_patch,2026-01-20T07:59:29.000Z,start,sprayer_1,sprayer_rover,smart_agriculture_heterogeneous_team_005_exec_5,inprogress,88.7,0.0,0.0,0.0,null,null,null,null,null
smart_agriculture_heterogeneous_team_005,navigate_to_patch,2026-01-20T08:01:04.000Z,null,sprayer_1,sprayer_rover,smart_agriculture_heterogeneous_team_005_exec_5,inprogress,87.0,11.04,11.73,0.0,null,null,null,null,null
smart_agriculture_heterogeneous_team_005,navigate_to_patch,2026-01-20T08:02:39.000Z,null,sprayer_1,sprayer_rover,smart_agriculture_heterogeneous_team_005_exec_5,inprogress,85.3,22.09,23.46,0.0,null,null,null,null,null
smart_agriculture_heterogeneous_team_005,navigate_to_patch,2026-01-20T08:04:14.000Z,null,sprayer_1,sprayer_rover,smart_agriculture_heterogeneous_team_005_exec_5,inprogress,83.6,33.13,35.18,0.0,null,null,null,null,null
smart_agriculture_heterogeneous_team_005,navigate_to_patch,2026-01-20T08:05:50.000Z,complete,sprayer_1,sprayer_rover,smart_agriculture_heterogeneous_team_005_exec_5,done,81.9,44.17,46.91,0.0,null,null,null,null,null
smart_agriculture_heterogeneous_team_005,spray_patch,2026-01-20T08:05:51.000Z,start,sprayer_1,sprayer_rover,smart_agriculture_heterogeneous_team_005_exec_6,inprogress,81.9,44.17,46.91,0.0,null,null,null,null,null
smart_agriculture_heterogeneous_team_005,spray_patch,2026-01-20T08:06:22.000Z,null,sprayer_1,sprayer_rover,smart_agriculture_heterogeneous_team_005_exec_6,inprogress,80.5,44.17,46.91,0.0,null,null,null,null,null
smart_agriculture_heterogeneous_team_005,spray_patch,2026-01-20T08:06:53.000Z,null,sprayer_1,sprayer_rover,smart_agriculture_heterogeneous_team_005_exec_6,inprogress,79.1,44.17,46.91,0.0,null,null,null,null,null
smart_agriculture_heterogeneous_team_005,spray_patch,2026-01-20T08:07:24.000Z,null,sprayer_1,sprayer_rover,smart_agriculture_heterogeneous_team_005_exec_6,inprogress,77.7,44.17,46.91,0.0,null,null,null,null,null
smart_agriculture_heterogeneous_team_005,spray_patch,2026-01-20T08:07:55.000Z,null,sprayer_1,sprayer_rover,smart_agriculture_heterogeneous_team_005_exec_6,inprogress,76.3,44.17,46.91,0.0,null,null,null,null,null
smart_agriculture_heterogeneous_team_005,spray_patch,2026-01-20T08:08:28.000Z,complete,sprayer_1,sprayer_rover,smart_agriculture_heterogeneous_team_005_exec_6,done,74.9,44.17,46.91,0.0,null,null,null,null,null
smart_agriculture_heterogeneous_team_005,return_base,2026-01-20T08:08:29.000Z,start,drone_scout_1,drone_scout,smart_agriculture_heterogeneous_team_005_exec_7,inprogress,90.7,44.17,46.91,24.96,null,null,null,null,null
smart_agriculture_heterogeneous_team_005,return_base,2026-01-20T08:09:11.000Z,null,drone_scout_1,drone_scout,smart_agriculture_heterogeneous_team_005_exec_7,inprogress,89.8,35.34,37.53,20.97,null,null,null,null,null
smart_agriculture_heterogeneous_team_005,return_base,2026-01-20T08:09:53.000Z,null,drone_scout_1,drone_scout,smart_agriculture_heterogeneous_team_005_exec_7,inprogress,88.9,26.5,28.15,16.98,null,null,null,null,null
smart_agriculture_heterogeneous_team_005,return_base,2026-01-20T08:10:35.000Z,null,drone_scout_1,drone_scout,smart_agriculture_heterogeneous_team_005_exec_7,inprogress,87.9,17.67,18.76,12.99,null,null,null,null,null
smart_agriculture_heterogeneous_team_005,return_base,2026-01-20T08:11:17.000Z,null,drone_scout_1,drone_scout,smart_agriculture_heterogeneous_team_005_exec_7,inprogress,87.0,8.83,9.38,8.99,null,null,null,null,null
smart_agriculture_heterogeneous_team_005,return_base,2026-01-20T08:12:03.000Z,complete,drone_scout_1,drone_scout,smart_agriculture_heterogeneous_team_005_exec_7,done,86.1,0.0,0.0,5.0,null,null,null,null,null
smart_agriculture_heterogeneous_team_005,return_base,2026-01-20T08:12:04.000Z,start,sprayer_1,sprayer_rover,smart_agriculture_heterogeneous_team_005_exec_8,inprogress,74.9,44.17,46.91,0.0,null,null,null,null,null
smart_agriculture_heterogeneous_team_005,return_base,2026-01-20T08:12:54.000Z,null,sprayer_1,sprayer_rover,smart_agriculture_heterogeneous_team_005_exec_8,inprogress,73.5,33.13,35.18,0.0,null,null,null,null,null
smart_agriculture_heterogeneous_team_005,return_base,2026-01-20T08:13:44.000Z,null,sprayer_1,sprayer_rover,smart_agriculture_heterogeneous_team_005_exec_8,inprogress,72.0,22.09,23.46,0.0,null,null,null,null,null
smart_agriculture_heterogeneous_team_005,return_base,2026-01-20T08:14:34.000Z,null,sprayer_1,sprayer_rover,smart_agriculture_heterogeneous_team_005_exec_8,inprogress,70.5,11.04,11.73,0.0,null,null,null,null,null
smart_agriculture_heterogeneous_team_005,return_base,2026-01-20T08:15:27.000Z,complete,sprayer_1,sprayer_rover,smart_agriculture_heterogeneous_team_005_exec_8,done,69.1,0.0,0.0,0.0,null,null,null,null,null
smart_agriculture_heterogeneous_team_005,return_base,2026-01-20T08:15:28.000Z,start,supply_1,supply_rover,smart_agriculture_heterogeneous_team_005_exec_9,inprogress,91.5,0.0,0.0,0.0,null,null,null,null,null
smart_agriculture_heterogeneous_team_005,return_base,2026-01-20T08:16:32.000Z,null,supply_1,supply_rover,smart_agriculture_heterogeneous_team_005_exec_9,inprogress,90.5,0.0,0.0,0.0,null,null,null,null,null
smart_agriculture_heterogeneous_team_005,return_base,2026-01-20T08:17:36.000Z,null,supply_1,supply_rover,smart_agriculture_heterogeneous_team_005_exec_9,inprogress,89.4,0.0,0.0,0.0,null,null,null,null,null
smart_agriculture_heterogeneous_team_005,return_base,2026-01-20T08:18:40.000Z,null,supply_1,supply_rover,smart_agriculture_heterogeneous_team_005_exec_9,inprogress,88.3,0.0,0.0,0.0,null,null,null,null,null
smart_agriculture_heterogeneous_team_005,return_base,2026-01-20T08:19:46.000Z,complete,supply_1,supply_rover,smart_agriculture_heterogeneous_team_005_exec_9,done,87.3,0.0,0.0,0.0,null,null,null,null,null
smart_agriculture_heterogeneous_team_006,survey_field,2026-01-20T08:20:00.000Z,start,drone_scout_1,drone_scout,smart_agriculture_heterogeneous_team_006_exec_1,inprogress,99.4,0.0,0.0,5.0,null,null,null,null,null
smart_agriculture_heterogeneous_team_006,survey_field,2026-01-20T08:20:47.000Z,null,drone_scout_1,drone_scout,smart_agriculture_heterogeneous_team_006_exec_1,inprogress,98.4,10.45,3.21,7.85,null,null,null,null,null
smart_agriculture_heterogeneous_team_006,survey_field,2026-01-20T08:21:34.000Z,null,drone_scout_1,drone_scout,smart_agriculture_heterogeneous_team_006_exec_1,inprogress,97.4,20.91,6.42,10.69,null,null,null,null,null
smart_agriculture_heterogeneous_team_006,survey_field,2026-01-20T08:22:21.000Z,null,drone_scout_1,drone_scout,smart_agriculture_heterogeneous_team_006_exec_1,inprogress,96.4,31.36,9.63,13.54,null,null,null,null,null
smart_agriculture_heterogeneous_team_006,survey_field,2026-01-20T08:23:08.000Z,null,drone_scout_1,drone_scout,smart_agriculture_heterogeneous_team_006_exec_1,inprogress,95.4,41.82,12.84,16.38,null,null,null,null,null
smart_agriculture_heterogeneous_team_006,survey_field,2026-01-20T08:23:55.000Z,null,drone_scout_1,drone_scout,smart_agriculture_heterogeneous_team_006_exec_1,inprogress,94.4,52.27,16.04,19.23,null,null,null,null,null
smart_agriculture_heterogeneous_team_006,survey_field,2026-01-20T08:24:42.000Z,null,drone_scout_1,drone_scout,smart_agriculture_heterogeneous_team_006_exec_1,inprogress,93.4,62.73,19.25,22.07,null,null,null,null,null
smart_agriculture_heterogeneous_team_006,survey_field,2026-01-20T08:25:29.000Z,complete,drone_scout_1,drone_scout,smart_agriculture_heterogeneous_team_006_exec_1,done,92.4,73.18,22.46,24.92,null,null,null,null,null
smart_agriculture_heterogeneous_team_006,detect_patch,2026-01-20T08:25:30.000Z,start,drone_scout_1,drone_scout,smart_agriculture_heterogeneous_team_006_exec_2,inprogress,92.4,73.18,22.46,24.92,null,null,null,null,null
smart_agriculture_heterogeneous_team_006,detect_patch,2026-01-20T08:26:07.000Z,complete,drone_scout_1,drone_scout,smart_agriculture_heterogeneous_team_006_exec_2,done,91.8,73.18,22.46,24.92,null,null,null,null,null
smart_agriculture_heterogeneous_team_006,send_patch_coordinates,2026-01-20T08:26:08.000Z,start,drone_scout_1,drone_scout,smart_agriculture_heterogeneous_team_006_exec_3,inprogress,91.8,73.18,22.46,24.92,msg_07300bf55b,weed patch coordinates and density,send,drone_scout_1,sprayer_1
smart_agriculture_heterogeneous_team_006,send_patch_coordinates,2026-01-20T08:26:15.000Z,complete,drone_scout_1,drone_scout,smart_agriculture_heterogeneous_team_006_exec_3,done,91.6,73.18,22.46,24.92,msg_07300bf55b,weed patch coordinates and density,send,drone_scout_1,sprayer_1
smart_agriculture_heterogeneous_team_006,receive_patch_coordinates,2026-01-20T08:26:20.000Z,start,sprayer_1,sprayer_rover,smart_agriculture_heterogeneous_team_006_exec_4,inprogress,70.2,0.0,0.0,0.0,msg_07300bf55b,weed patch coordinates and density,receive,drone_scout_1,sprayer_1
smart_agriculture_heterogeneous_team_006,receive_patch_coordinates,2026-01-20T08:26:24.000Z,complete,sprayer_1,sprayer_rover,smart_agriculture_heterogeneous_team_006_exec_4,done,70.1,0.0,0.0,0.0,msg_07300bf55b,weed patch coordinates and density,receive,drone_scout_1,sprayer_1
smart_agriculture_heterogeneous_team_006,navigate_to_patch,2026-01-20T08:26:25.000Z,start,sprayer_1,sprayer_rover,smart_agriculture_heterogeneous_team_006_exec_5,inprogress,70.1,0.0,0.0,0.0,null,null,null,null,null
smart_agriculture_heterogeneous_team_006,navigate_to_patch,2026-01-20T08:28:08.000Z,null,sprayer_1,sprayer_rover,smart_agriculture_heterogeneous_team_006_exec_5,inprogress,69.0,18.3,5.62,0.0,null,null,null,null,null
smart_agriculture_heterogeneous_team_006,navigate_to_patch,2026-01-20T08:29:51.000Z,null,sprayer_1,sprayer_rover,smart_agriculture_heterogeneous_team_006_exec_5,inprogress,67.9,36.59,11.23,0.0,null,null,null,null,null
smart_agriculture_heterogeneous_team_006,navigate_to_patch,2026-01-20T08:31:34.000Z,null,sprayer_1,sprayer_rover,smart_agriculture_heterogeneous_team_006_exec_5,inprogress,66.7,54.89,16.85,0.0,null,null,null,null,null
smart_agriculture_heterogeneous_team_006,navigate_to_patch,2026-01-20T08:33:17.000Z,complete,sprayer_1,sprayer_rover,smart_agriculture_heterogeneous_team_006_exec_5,done,65.6,73.18,22.46,0.0,null,null,null,null,null
smart_agriculture_heterogeneous_team_006,spray_patch,2026-01-20T08:33:18.000Z,start,sprayer_1,sprayer_rover,smart_agriculture_heterogeneous_team_006_exec_6,inprogress,65.6,73.18,22.46,0.0,null,null,null,null,null
smart_agriculture_heterogeneous_team_006,spray_patch,2026-01-20T08:34:10.000Z,null,sprayer_1,sprayer_rover,smart_agriculture_heterogeneous_team_006_exec_6,inprogress,64.3,73.18,22.46,0.0,null,null,null,null,null
smart_agriculture_heterogeneous_team_006,spray_patch,2026-01-20T08:35:02.000Z,null,sprayer_1,sprayer_rover,smart_agriculture_heterogeneous_team_006_exec_6,inprogress,63.0,73.18,22.46,0.0,null,null,null,null,null
smart_agriculture_heterogeneous_team_006,spray_patch,2026-01-20T08:35:54.000Z,null,sprayer_1,sprayer_rover,smart_agriculture_heterogeneous_team_006_exec_6,inprogress,61.6,73.18,22.46,0.0,null,null,null,null,null
smart_agriculture_heterogeneous_team_006,spray_patch,2026-01-20T08:36:46.000Z,complete,sprayer_1,sprayer_rover,smart_agriculture_heterogeneous_team_006_exec_6,done,60.3,73.18,22.46,0.0,null,null,null,null,null
smart_agriculture_heterogeneous_team_006,send_refill_request,2026-01-20T08:36:47.000Z,start,sprayer_1,sprayer_rover,smart_agriculture_heterogeneous_team_006_exec_7,inprogress,60.3,73.18,22.46,0.0,msg_77a365f279,refill needed at current patch,send,sprayer_1,supply_1
smart_agriculture_heterogeneous_team_006,send_refill_request,2026-01-20T08:36:51.000Z,complete,sprayer_1,sprayer_rover,smart_agriculture_heterogeneous_team_006_exec_7,done,60.1,73.18,22.46,0.0,msg_77a365f279,refill needed at current patch,send,sprayer_1,supply_1
smart_agriculture_heterogeneous_team_006,receive_refill_request,2026-01-20T08:36:57.000Z,start,supply_1,supply_rover,smart_agriculture_heterogeneous_team_006_exec_8,inprogress,95.7,0.0,0.0,0.0,msg_77a365f279,refill needed at current patch,receive,sprayer_1,supply_1
smart_agriculture_heterogeneous_team_006,receive_refill_request,2026-01-20T08:37:01.000Z,complete,supply_1,supply_rover,smart_agriculture_heterogeneous_team_006_exec_8,done,95.6,0.0,0.0,0.0,msg_77a365f279,refill needed at current patch,receive,sprayer_1,supply_1
smart_agriculture_heterogeneous_team_006,deliver_refill,2026-01-20T08:37:02.000Z,start,supply_1,supply_rover,smart_agriculture_heterogeneous_team_006_exec_9,inprogress,95.6,0.0,0.0,0.0,null,null,null,null,null
smart_agriculture_heterogeneous_team_006,deliver_refill,2026-01-20T08:38:02.000Z,null,supply_1,supply_rover,smart_agriculture_heterogeneous_team_006_exec_9,inprogress,94.5,25.69,8.33,0.0,null,null,null,null,null
smart_agriculture_heterogeneous_team_006,deliver_refill,2026-01-20T08:39:02.000Z,null,supply_1,supply_rover,smart_agriculture_heterogeneous_team_006_exec_9,inprogress,93.4,51.38,16.66,0.0,null,null,null,null,null
smart_agriculture_heterogeneous_team_006,deliver_refill,2026-01-20T08:40:02.000Z,complete,supply_1,supply_rover,smart_agriculture_heterogeneous_team_006_exec_9,done,92.3,77.08,24.99,0.0,null,null,null,null,null
smart_agriculture_heterogeneous_team_006,send_treatment_ack,2026-01-20T08:40:03.000Z,start,supply_1,supply_rover,smart_agriculture_heterogeneous_team_006_exec_10,inprogress,92.3,77.08,24.99,0.0,msg_0ab2d60a92,refill delivered and treatment may resume,send,supply_1,sprayer_1
smart_agriculture_heterogeneous_team_006,send_treatment_ack,2026-01-20T08:40:10.000Z,complete,supply_1,supply_rover,smart_agriculture_heterogeneous_team_006_exec_10,done,92.1,77.08,24.99,0.0,msg_0ab2d60a92,refill delivered and treatment may resume,send,supply_1,sprayer_1
smart_agriculture_heterogeneous_team_006,receive_treatment_ack,2026-01-20T08:40:14.000Z,start,sprayer_1,sprayer_rover,smart_agriculture_heterogeneous_team_006_exec_11,inprogress,60.1,73.18,22.46,0.0,msg_0ab2d60a92,refill delivered and treatment may resume,receive,supply_1,sprayer_1
smart_agriculture_heterogeneous_team_006,receive_treatment_ack,2026-01-20T08:40:18.000Z,complete,sprayer_1,sprayer_rover,smart_agriculture_heterogeneous_team_006_exec_11,done,60.0,73.18,22.46,0.0,msg_0ab2d60a92,refill delivered and treatment may resume,receive,supply_1,sprayer_1
smart_agriculture_heterogeneous_team_006,resume_treatment,2026-01-20T08:40:19.000Z,start,sprayer_1,sprayer_rover,smart_agriculture_heterogeneous_team_006_exec_12,inprogress,60.0,73.18,22.46,0.0,null,null,null,null,null
smart_agriculture_heterogeneous_team_006,resume_treatment,2026-01-20T08:41:08.000Z,null,sprayer_1,sprayer_rover,smart_agriculture_heterogeneous_team_006_exec_12,inprogress,58.8,73.18,22.46,0.0,null,null,null,null,null
smart_agriculture_heterogeneous_team_006,resume_treatment,2026-01-20T08:41:57.000Z,null,sprayer_1,sprayer_rover,smart_agriculture_heterogeneous_team_006_exec_12,inprogress,57.6,73.18,22.46,0.0,null,null,null,null,null
smart_agriculture_heterogeneous_team_006,resume_treatment,2026-01-20T08:42:46.000Z,complete,sprayer_1,sprayer_rover,smart_agriculture_heterogeneous_team_006_exec_12,done,56.4,73.18,22.46,0.0,null,null,null,null,null
smart_agriculture_heterogeneous_team_006,return_base,2026-01-20T08:42:47.000Z,start,drone_scout_1,drone_scout,smart_agriculture_heterogeneous_team_006_exec_13,inprogress,91.6,73.18,22.46,24.92,null,null,null,null,null
smart_agriculture_heterogeneous_team_006,return_base,2026-01-20T08:43:45.000Z,null,drone_scout_1,drone_scout,smart_agriculture_heterogeneous_team_006_exec_13,inprogress,90.9,54.89,16.85,19.94,null,null,null,null,null
smart_agriculture_heterogeneous_team_006,return_base,2026-01-20T08:44:43.000Z,null,drone_scout_1,drone_scout,smart_agriculture_heterogeneous_team_006_exec_13,inprogress,90.2,36.59,11.23,14.96,null,null,null,null,null
smart_agriculture_heterogeneous_team_006,return_base,2026-01-20T08:45:41.000Z,null,drone_scout_1,drone_scout,smart_agriculture_heterogeneous_team_006_exec_13,inprogress,89.4,18.3,5.62,9.98,null,null,null,null,null
smart_agriculture_heterogeneous_team_006,return_base,2026-01-20T08:46:40.000Z,complete,drone_scout_1,drone_scout,smart_agriculture_heterogeneous_team_006_exec_13,done,88.7,0.0,0.0,5.0,null,null,null,null,null
smart_agriculture_heterogeneous_team_006,return_base,2026-01-20T08:46:41.000Z,start,sprayer_1,sprayer_rover,smart_agriculture_heterogeneous_team_006_exec_14,inprogress,56.4,73.18,22.46,0.0,null,null,null,null,null
smart_agriculture_heterogeneous_team_006,return_base,2026-01-20T08:47:54.000Z,null,sprayer_1,sprayer_rover,smart_agriculture_heterogeneous_team_006_exec_14,inprogress,54.9,54.89,16.85,0.0,null,null,null,null,null
smart_agriculture_heterogeneous_team_006,return_base,2026-01-20T08:49:07.000Z,null,sprayer_1,sprayer_rover,smart_agriculture_heterogeneous_team_006_exec_14,inprogress,53.5,36.59,11.23,0.0,null,null,null,null,null
smart_agriculture_heterogeneous_team_006,return_base,2026-01-20T08:50:20.000Z,null,sprayer_1,sprayer_rover,smart_agriculture_heterogeneous_team_006_exec_14,inprogress,52.1,18.3,5.62,0.0,null,null,null,null,null
smart_agriculture_heterogeneous_team_006,return_base,2026-01-20T08:51:36.000Z,complete,sprayer_1,sprayer_rover,smart_agriculture_heterogeneous_team_006_exec_14,done,50.7,0.0,0.0,0.0,null,null,null,null,null
smart_agriculture_heterogeneous_team_006,return_base,2026-01-20T08:51:37.000Z,start,supply_1,supply_rover,smart_agriculture_heterogeneous_team_006_exec_15,inprogress,92.1,77.08,24.99,0.0,null,null,null,null,null
smart_agriculture_heterogeneous_team_006,return_base,2026-01-20T08:52:29.000Z,null,supply_1,supply_rover,smart_agriculture_heterogeneous_team_006_exec_15,inprogress,91.4,57.81,18.74,0.0,null,null,null,null,null
smart_agriculture_heterogeneous_team_006,return_base,2026-01-20T08:53:21.000Z,null,supply_1,supply_rover,smart_agriculture_heterogeneous_team_006_exec_15,inprogress,90.7,38.54,12.5,0.0,null,null,null,null,null
smart_agriculture_heterogeneous_team_006,return_base,2026-01-20T08:54:13.000Z,null,supply_1,supply_rover,smart_agriculture_heterogeneous_team_006_exec_15,inprogress,89.9,19.27,6.25,0.0,null,null,null,null,null
smart_agriculture_heterogeneous_team_006,return_base,2026-01-20T08:55:07.000Z,complete,supply_1,supply_rover,smart_agriculture_heterogeneous_team_006_exec_15,done,89.2,0.0,0.0,0.0,null,null,null,null,null
smart_agriculture_heterogeneous_team_007,survey_field,2026-01-20T08:48:00.000Z,start,drone_scout_1,drone_scout,smart_agriculture_heterogeneous_team_007_exec_1,inprogress,98.7,0.0,0.0,5.0,null,null,null,null,null
smart_agriculture_heterogeneous_team_007,survey_field,2026-01-20T08:48:44.000Z,null,drone_scout_1,drone_scout,smart_agriculture_heterogeneous_team_007_exec_1,inprogress,97.3,5.87,2.94,7.6,null,null,null,null,null
smart_agriculture_heterogeneous_team_007,survey_field,2026-01-20T08:49:28.000Z,null,drone_scout_1,drone_scout,smart_agriculture_heterogeneous_team_007_exec_1,inprogress,95.8,11.74,5.88,10.2,null,null,null,null,null
smart_agriculture_heterogeneous_team_007,survey_field,2026-01-20T08:50:12.000Z,null,drone_scout_1,drone_scout,smart_agriculture_heterogeneous_team_007_exec_1,inprogress,94.4,17.61,8.83,12.8,null,null,null,null,null
smart_agriculture_heterogeneous_team_007,survey_field,2026-01-20T08:50:56.000Z,null,drone_scout_1,drone_scout,smart_agriculture_heterogeneous_team_007_exec_1,inprogress,93.0,23.47,11.77,15.4,null,null,null,null,null
smart_agriculture_heterogeneous_team_007,survey_field,2026-01-20T08:51:40.000Z,null,drone_scout_1,drone_scout,smart_agriculture_heterogeneous_team_007_exec_1,inprogress,91.5,29.34,14.71,17.99,null,null,null,null,null
smart_agriculture_heterogeneous_team_007,survey_field,2026-01-20T08:52:26.000Z,complete,drone_scout_1,drone_scout,smart_agriculture_heterogeneous_team_007_exec_1,done,90.1,35.21,17.65,20.59,null,null,null,null,null
smart_agriculture_heterogeneous_team_007,detect_patch,2026-01-20T08:52:27.000Z,start,drone_scout_1,drone_scout,smart_agriculture_heterogeneous_team_007_exec_2,inprogress,90.1,35.21,17.65,20.59,null,null,null,null,null
smart_agriculture_heterogeneous_team_007,detect_patch,2026-01-20T08:53:00.000Z,complete,drone_scout_1,drone_scout,smart_agriculture_heterogeneous_team_007_exec_2,done,89.7,35.21,17.65,20.59,null,null,null,null,null
smart_agriculture_heterogeneous_team_007,send_patch_coordinates,2026-01-20T08:53:01.000Z,start,drone_scout_1,drone_scout,smart_agriculture_heterogeneous_team_007_exec_3,inprogress,89.7,35.21,17.65,20.59,msg_4a76063c47,weed patch coordinates and density,send,drone_scout_1,sprayer_1
smart_agriculture_heterogeneous_team_007,send_patch_coordinates,2026-01-20T08:53:06.000Z,complete,drone_scout_1,drone_scout,smart_agriculture_heterogeneous_team_007_exec_3,done,89.5,35.21,17.65,20.59,msg_4a76063c47,weed patch coordinates and density,send,drone_scout_1,sprayer_1
smart_agriculture_heterogeneous_team_007,receive_patch_coordinates,2026-01-20T08:53:56.000Z,start,sprayer_1,sprayer_rover,smart_agriculture_heterogeneous_team_007_exec_4,inprogress,80.2,0.0,0.0,0.0,msg_4a76063c47,weed patch coordinates and density,receive,drone_scout_1,sprayer_1
smart_agriculture_heterogeneous_team_007,receive_patch_coordinates,2026-01-20T08:54:00.000Z,complete,sprayer_1,sprayer_rover,smart_agriculture_heterogeneous_team_007_exec_4,done,80.1,0.0,0.0,0.0,msg_4a76063c47,weed patch coordinates and density,receive,drone_scout_1,sprayer_1
smart_agriculture_heterogeneous_team_007,navigate_to_patch,2026-01-20T08:54:01.000Z,start,sprayer_1,sprayer_rover,smart_agriculture_heterogeneous_team_007_exec_5,inprogress,80.1,0.0,0.0,0.0,null,null,null,null,null
smart_agriculture_heterogeneous_team_007,navigate_to_patch,2026-01-20T08:55:14.000Z,null,sprayer_1,sprayer_rover,smart_agriculture_heterogeneous_team_007_exec_5,inprogress,78.7,8.8,4.41,0.0,null,null,null,null,null
smart_agriculture_heterogeneous_team_007,navigate_to_patch,2026-01-20T08:56:27.000Z,null,sprayer_1,sprayer_rover,smart_agriculture_heterogeneous_team_007_exec_5,inprogress,77.3,17.61,8.83,0.0,null,null,null,null,null
smart_agriculture_heterogeneous_team_007,navigate_to_patch,2026-01-20T08:57:40.000Z,null,sprayer_1,sprayer_rover,smart_agriculture_heterogeneous_team_007_exec_5,inprogress,75.9,26.41,13.24,0.0,null,null,null,null,null
smart_agriculture_heterogeneous_team_007,navigate_to_patch,2026-01-20T08:58:56.000Z,complete,sprayer_1,sprayer_rover,smart_agriculture_heterogeneous_team_007_exec_5,done,74.6,35.21,17.65,0.0,null,null,null,null,null
smart_agriculture_heterogeneous_team_007,spray_patch,2026-01-20T08:58:57.000Z,start,sprayer_1,sprayer_rover,smart_agriculture_heterogeneous_team_007_exec_6,inprogress,74.6,35.21,17.65,0.0,null,null,null,null,null
smart_agriculture_heterogeneous_team_007,spray_patch,2026-01-20T09:00:00.000Z,null,sprayer_1,sprayer_rover,smart_agriculture_heterogeneous_team_007_exec_6,inprogress,72.7,35.21,17.65,0.0,null,null,null,null,null
smart_agriculture_heterogeneous_team_007,spray_patch,2026-01-20T09:01:03.000Z,null,sprayer_1,sprayer_rover,smart_agriculture_heterogeneous_team_007_exec_6,inprogress,70.7,35.21,17.65,0.0,null,null,null,null,null
smart_agriculture_heterogeneous_team_007,spray_patch,2026-01-20T09:02:07.000Z,complete,sprayer_1,sprayer_rover,smart_agriculture_heterogeneous_team_007_exec_6,done,68.8,35.21,17.65,0.0,null,null,null,null,null
smart_agriculture_heterogeneous_team_007,return_base,2026-01-20T09:02:08.000Z,start,drone_scout_1,drone_scout,smart_agriculture_heterogeneous_team_007_exec_7,inprogress,89.5,35.21,17.65,20.59,null,null,null,null,null
smart_agriculture_heterogeneous_team_007,return_base,2026-01-20T09:02:58.000Z,null,drone_scout_1,drone_scout,smart_agriculture_heterogeneous_team_007_exec_7,inprogress,88.6,23.47,11.77,15.4,null,null,null,null,null
smart_agriculture_heterogeneous_team_007,return_base,2026-01-20T09:03:48.000Z,null,drone_scout_1,drone_scout,smart_agriculture_heterogeneous_team_007_exec_7,inprogress,87.7,11.74,5.88,10.2,null,null,null,null,null
smart_agriculture_heterogeneous_team_007,return_base,2026-01-20T09:04:40.000Z,complete,drone_scout_1,drone_scout,smart_agriculture_heterogeneous_team_007_exec_7,done,86.8,0.0,0.0,5.0,null,null,null,null,null
smart_agriculture_heterogeneous_team_007,return_base,2026-01-20T09:04:41.000Z,start,sprayer_1,sprayer_rover,smart_agriculture_heterogeneous_team_007_exec_8,inprogress,68.8,35.21,17.65,0.0,null,null,null,null,null
smart_agriculture_heterogeneous_team_007,return_base,2026-01-20T09:05:14.000Z,null,sprayer_1,sprayer_rover,smart_agriculture_heterogeneous_team_007_exec_8,inprogress,68.0,29.34,14.71,0.0,null,null,null,null,null
smart_agriculture_heterogeneous_team_007,return_base,2026-01-20T09:05:47.000Z,null,sprayer_1,sprayer_rover,smart_agriculture_heterogeneous_team_007_exec_8,inprogress,67.1,23.47,11.77,0.0,null,null,null,null,null
smart_agriculture_heterogeneous_team_007,return_base,2026-01-20T09:06:20.000Z,null,sprayer_1,sprayer_rover,smart_agriculture_heterogeneous_team_007_exec_8,inprogress,66.2,17.61,8.83,0.0,null,null,null,null,null
smart_agriculture_heterogeneous_team_007,return_base,2026-01-20T09:06:53.000Z,null,sprayer_1,sprayer_rover,smart_agriculture_heterogeneous_team_007_exec_8,inprogress,65.3,11.74,5.88,0.0,null,null,null,null,null
smart_agriculture_heterogeneous_team_007,return_base,2026-01-20T09:07:26.000Z,null,sprayer_1,sprayer_rover,smart_agriculture_heterogeneous_team_007_exec_8,inprogress,64.5,5.87,2.94,0.0,null,null,null,null,null
smart_agriculture_heterogeneous_team_007,return_base,2026-01-20T09:08:02.000Z,complete,sprayer_1,sprayer_rover,smart_agriculture_heterogeneous_team_007_exec_8,done,63.6,0.0,0.0,0.0,null,null,null,null,null
smart_agriculture_heterogeneous_team_007,return_base,2026-01-20T09:08:03.000Z,start,supply_1,supply_rover,smart_agriculture_heterogeneous_team_007_exec_9,inprogress,93.2,0.0,0.0,0.0,null,null,null,null,null
smart_agriculture_heterogeneous_team_007,return_base,2026-01-20T09:08:59.000Z,null,supply_1,supply_rover,smart_agriculture_heterogeneous_team_007_exec_9,inprogress,92.2,0.0,0.0,0.0,null,null,null,null,null
smart_agriculture_heterogeneous_team_007,return_base,2026-01-20T09:09:55.000Z,null,supply_1,supply_rover,smart_agriculture_heterogeneous_team_007_exec_9,inprogress,91.2,0.0,0.0,0.0,null,null,null,null,null
smart_agriculture_heterogeneous_team_007,return_base,2026-01-20T09:10:53.000Z,complete,supply_1,supply_rover,smart_agriculture_heterogeneous_team_007_exec_9,done,90.1,0.0,0.0,0.0,null,null,null,null,null
smart_agriculture_heterogeneous_team_008,survey_field,2026-01-20T09:16:00.000Z,start,drone_scout_1,drone_scout,smart_agriculture_heterogeneous_team_008_exec_1,inprogress,94.8,0.0,0.0,5.0,null,null,null,null,null
smart_agriculture_heterogeneous_team_008,survey_field,2026-01-20T09:16:43.000Z,null,drone_scout_1,drone_scout,smart_agriculture_heterogeneous_team_008_exec_1,inprogress,93.9,9.74,3.37,7.57,null,null,null,null,null
smart_agriculture_heterogeneous_team_008,survey_field,2026-01-20T09:17:26.000Z,null,drone_scout_1,drone_scout,smart_agriculture_heterogeneous_team_008_exec_1,inprogress,92.9,19.48,6.74,10.14,null,null,null,null,null
smart_agriculture_heterogeneous_team_008,survey_field,2026-01-20T09:18:09.000Z,null,drone_scout_1,drone_scout,smart_agriculture_heterogeneous_team_008_exec_1,inprogress,92.0,29.22,10.11,12.71,null,null,null,null,null
smart_agriculture_heterogeneous_team_008,survey_field,2026-01-20T09:18:52.000Z,null,drone_scout_1,drone_scout,smart_agriculture_heterogeneous_team_008_exec_1,inprogress,91.1,38.96,13.48,15.28,null,null,null,null,null
smart_agriculture_heterogeneous_team_008,survey_field,2026-01-20T09:19:35.000Z,null,drone_scout_1,drone_scout,smart_agriculture_heterogeneous_team_008_exec_1,inprogress,90.2,48.7,16.85,17.86,null,null,null,null,null
smart_agriculture_heterogeneous_team_008,survey_field,2026-01-20T09:20:18.000Z,null,drone_scout_1,drone_scout,smart_agriculture_heterogeneous_team_008_exec_1,inprogress,89.2,58.43,20.22,20.43,null,null,null,null,null
smart_agriculture_heterogeneous_team_008,survey_field,2026-01-20T09:21:01.000Z,null,drone_scout_1,drone_scout,smart_agriculture_heterogeneous_team_008_exec_1,inprogress,88.3,68.17,23.59,23.0,null,null,null,null,null
smart_agriculture_heterogeneous_team_008,survey_field,2026-01-20T09:21:44.000Z,complete,drone_scout_1,drone_scout,smart_agriculture_heterogeneous_team_008_exec_1,done,87.4,77.91,26.96,25.57,null,null,null,null,null
smart_agriculture_heterogeneous_team_008,detect_patch,2026-01-20T09:21:45.000Z,start,drone_scout_1,drone_scout,smart_agriculture_heterogeneous_team_008_exec_2,inprogress,87.4,77.91,26.96,25.57,null,null,null,null,null
smart_agriculture_heterogeneous_team_008,detect_patch,2026-01-20T09:22:15.000Z,complete,drone_scout_1,drone_scout,smart_agriculture_heterogeneous_team_008_exec_2,done,87.0,77.91,26.96,25.57,null,null,null,null,null
smart_agriculture_heterogeneous_team_008,send_patch_coordinates,2026-01-20T09:22:16.000Z,start,drone_scout_1,drone_scout,smart_agriculture_heterogeneous_team_008_exec_3,inprogress,87.0,77.91,26.96,25.57,msg_9a430b45b1,weed patch coordinates and density,send,drone_scout_1,sprayer_1
smart_agriculture_heterogeneous_team_008,send_patch_coordinates,2026-01-20T09:22:21.000Z,complete,drone_scout_1,drone_scout,smart_agriculture_heterogeneous_team_008_exec_3,done,86.8,77.91,26.96,25.57,msg_9a430b45b1,weed patch coordinates and density,send,drone_scout_1,sprayer_1
smart_agriculture_heterogeneous_team_008,receive_patch_coordinates,2026-01-20T09:22:26.000Z,start,sprayer_1,sprayer_rover,smart_agriculture_heterogeneous_team_008_exec_4,inprogress,78.1,0.0,0.0,0.0,msg_9a430b45b1,weed patch coordinates and density,receive,drone_scout_1,sprayer_1
smart_agriculture_heterogeneous_team_008,receive_patch_coordinates,2026-01-20T09:22:30.000Z,complete,sprayer_1,sprayer_rover,smart_agriculture_heterogeneous_team_008_exec_4,done,78.0,0.0,0.0,0.0,msg_9a430b45b1,weed patch coordinates and density,receive,drone_scout_1,sprayer_1
smart_agriculture_heterogeneous_team_008,navigate_to_patch,2026-01-20T09:22:31.000Z,start,sprayer_1,sprayer_rover,smart_agriculture_heterogeneous_team_008_exec_5,inprogress,78.0,0.0,0.0,0.0,null,null,null,null,null
smart_agriculture_heterogeneous_team_008,navigate_to_patch,2026-01-20T09:23:15.000Z,null,sprayer_1,sprayer_rover,smart_agriculture_heterogeneous_team_008_exec_5,inprogress,77.3,11.13,3.85,0.0,null,null,null,null,null
smart_agriculture_heterogeneous_team_008,navigate_to_patch,2026-01-20T09:23:59.000Z,null,sprayer_1,sprayer_rover,smart_agriculture_heterogeneous_team_008_exec_5,inprogress,76.5,22.26,7.7,0.0,null,null,null,null,null
smart_agriculture_heterogeneous_team_008,navigate_to_patch,2026-01-20T09:24:43.000Z,null,sprayer_1,sprayer_rover,smart_agriculture_heterogeneous_team_008_exec_5,inprogress,75.7,33.39,11.56,0.0,null,null,null,null,null
smart_agriculture_heterogeneous_team_008,navigate_to_patch,2026-01-20T09:25:27.000Z,null,sprayer_1,sprayer_rover,smart_agriculture_heterogeneous_team_008_exec_5,inprogress,74.9,44.52,15.41,0.0,null,null,null,null,null
smart_agriculture_heterogeneous_team_008,navigate_to_patch,2026-01-20T09:26:11.000Z,null,sprayer_1,sprayer_rover,smart_agriculture_heterogeneous_team_008_exec_5,inprogress,74.1,55.65,19.26,0.0,null,null,null,null,null
smart_agriculture_heterogeneous_team_008,navigate_to_patch,2026-01-20T09:26:55.000Z,null,sprayer_1,sprayer_rover,smart_agriculture_heterogeneous_team_008_exec_5,inprogress,73.3,66.78,23.11,0.0,null,null,null,null,null
smart_agriculture_heterogeneous_team_008,navigate_to_patch,2026-01-20T09:27:43.000Z,complete,sprayer_1,sprayer_rover,smart_agriculture_heterogeneous_team_008_exec_5,done,72.5,77.91,26.96,0.0,null,null,null,null,null
smart_agriculture_heterogeneous_team_008,spray_patch,2026-01-20T09:27:44.000Z,start,sprayer_1,sprayer_rover,smart_agriculture_heterogeneous_team_008_exec_6,inprogress,72.5,77.91,26.96,0.0,null,null,null,null,null
smart_agriculture_heterogeneous_team_008,spray_patch,2026-01-20T09:28:10.000Z,null,sprayer_1,sprayer_rover,smart_agriculture_heterogeneous_team_008_exec_6,inprogress,70.9,77.91,26.96,0.0,null,null,null,null,null
smart_agriculture_heterogeneous_team_008,spray_patch,2026-01-20T09:28:36.000Z,null,sprayer_1,sprayer_rover,smart_agriculture_heterogeneous_team_008_exec_6,inprogress,69.2,77.91,26.96,0.0,null,null,null,null,null
smart_agriculture_heterogeneous_team_008,spray_patch,2026-01-20T09:29:02.000Z,null,sprayer_1,sprayer_rover,smart_agriculture_heterogeneous_team_008_exec_6,inprogress,67.5,77.91,26.96,0.0,null,null,null,null,null
smart_agriculture_heterogeneous_team_008,spray_patch,2026-01-20T09:29:28.000Z,null,sprayer_1,sprayer_rover,smart_agriculture_heterogeneous_team_008_exec_6,inprogress,65.8,77.91,26.96,0.0,null,null,null,null,null
smart_agriculture_heterogeneous_team_008,spray_patch,2026-01-20T09:29:58.000Z,complete,sprayer_1,sprayer_rover,smart_agriculture_heterogeneous_team_008_exec_6,done,64.2,77.91,26.96,0.0,null,null,null,null,null
smart_agriculture_heterogeneous_team_008,return_base,2026-01-20T09:29:59.000Z,start,drone_scout_1,drone_scout,smart_agriculture_heterogeneous_team_008_exec_7,inprogress,86.8,77.91,26.96,25.57,null,null,null,null,null
smart_agriculture_heterogeneous_team_008,return_base,2026-01-20T09:30:37.000Z,null,drone_scout_1,drone_scout,smart_agriculture_heterogeneous_team_008_exec_7,inprogress,85.9,62.33,21.57,21.46,null,null,null,null,null
smart_agriculture_heterogeneous_team_008,return_base,2026-01-20T09:31:15.000Z,null,drone_scout_1,drone_scout,smart_agriculture_heterogeneous_team_008_exec_7,inprogress,85.0,46.75,16.18,17.34,null,null,null,null,null
smart_agriculture_heterogeneous_team_008,return_base,2026-01-20T09:31:53.000Z,null,drone_scout_1,drone_scout,smart_agriculture_heterogeneous_team_008_exec_7,inprogress,84.0,31.17,10.79,13.23,null,null,null,null,null
smart_agriculture_heterogeneous_team_008,return_base,2026-01-20T09:32:31.000Z,null,drone_scout_1,drone_scout,smart_agriculture_heterogeneous_team_008_exec_7,inprogress,83.1,15.58,5.39,9.11,null,null,null,null,null
smart_agriculture_heterogeneous_team_008,return_base,2026-01-20T09:33:10.000Z,complete,drone_scout_1,drone_scout,smart_agriculture_heterogeneous_team_008_exec_7,done,82.2,0.0,0.0,5.0,null,null,null,null,null
smart_agriculture_heterogeneous_team_008,return_base,2026-01-20T09:33:11.000Z,start,sprayer_1,sprayer_rover,smart_agriculture_heterogeneous_team_008_exec_8,inprogress,64.2,77.91,26.96,0.0,null,null,null,null,null
smart_agriculture_heterogeneous_team_008,return_base,2026-01-20T09:34:09.000Z,null,sprayer_1,sprayer_rover,smart_agriculture_heterogeneous_team_008_exec_8,inprogress,62.8,58.43,20.22,0.0,null,null,null,null,null
smart_agriculture_heterogeneous_team_008,return_base,2026-01-20T09:35:07.000Z,null,sprayer_1,sprayer_rover,smart_agriculture_heterogeneous_team_008_exec_8,inprogress,61.5,38.96,13.48,0.0,null,null,null,null,null
smart_agriculture_heterogeneous_team_008,return_base,2026-01-20T09:36:05.000Z,null,sprayer_1,sprayer_rover,smart_agriculture_heterogeneous_team_008_exec_8,inprogress,60.2,19.48,6.74,0.0,null,null,null,null,null
smart_agriculture_heterogeneous_team_008,return_base,2026-01-20T09:37:06.000Z,complete,sprayer_1,sprayer_rover,smart_agriculture_heterogeneous_team_008_exec_8,done,58.9,0.0,0.0,0.0,null,null,null,null,null
smart_agriculture_heterogeneous_team_008,return_base,2026-01-20T09:37:07.000Z,start,supply_1,supply_rover,smart_agriculture_heterogeneous_team_008_exec_9,inprogress,85.5,0.0,0.0,0.0,null,null,null,null,null
smart_agriculture_heterogeneous_team_008,return_base,2026-01-20T09:38:20.000Z,null,supply_1,supply_rover,smart_agriculture_heterogeneous_team_008_exec_9,inprogress,84.3,0.0,0.0,0.0,null,null,null,null,null
smart_agriculture_heterogeneous_team_008,return_base,2026-01-20T09:39:33.000Z,null,supply_1,supply_rover,smart_agriculture_heterogeneous_team_008_exec_9,inprogress,83.1,0.0,0.0,0.0,null,null,null,null,null
smart_agriculture_heterogeneous_team_008,return_base,2026-01-20T09:40:46.000Z,null,supply_1,supply_rover,smart_agriculture_heterogeneous_team_008_exec_9,inprogress,81.9,0.0,0.0,0.0,null,null,null,null,null
smart_agriculture_heterogeneous_team_008,return_base,2026-01-20T09:42:02.000Z,complete,supply_1,supply_rover,smart_agriculture_heterogeneous_team_008_exec_9,done,80.6,0.0,0.0,0.0,null,null,null,null,null
smart_agriculture_heterogeneous_team_009,survey_field,2026-01-20T09:44:00.000Z,start,drone_scout_1,drone_scout,smart_agriculture_heterogeneous_team_009_exec_1,inprogress,93.8,0.0,0.0,5.0,null,null,null,null,null
smart_agriculture_heterogeneous_team_009,survey_field,2026-01-20T09:44:43.000Z,null,drone_scout_1,drone_scout,smart_agriculture_heterogeneous_team_009_exec_1,inprogress,93.2,7.84,6.77,7.45,null,null,null,null,null
smart_agriculture_heterogeneous_team_009,survey_field,2026-01-20T09:45:26.000Z,null,drone_scout_1,drone_scout,smart_agriculture_heterogeneous_team_009_exec_1,inprogress,92.5,15.69,13.54,9.9,null,null,null,null,null
smart_agriculture_heterogeneous_team_009,survey_field,2026-01-20T09:46:09.000Z,null,drone_scout_1,drone_scout,smart_agriculture_heterogeneous_team_009_exec_1,inprogress,91.9,23.53,20.3,12.35,null,null,null,null,null
smart_agriculture_heterogeneous_team_009,survey_field,2026-01-20T09:46:52.000Z,null,drone_scout_1,drone_scout,smart_agriculture_heterogeneous_team_009_exec_1,inprogress,91.3,31.37,27.07,14.8,null,null,null,null,null
smart_agriculture_heterogeneous_team_009,survey_field,2026-01-20T09:47:35.000Z,null,drone_scout_1,drone_scout,smart_agriculture_heterogeneous_team_009_exec_1,inprogress,90.7,39.21,33.84,17.25,null,null,null,null,null
smart_agriculture_heterogeneous_team_009,survey_field,2026-01-20T09:48:18.000Z,null,drone_scout_1,drone_scout,smart_agriculture_heterogeneous_team_009_exec_1,inprogress,90.0,47.06,40.61,19.7,null,null,null,null,null
smart_agriculture_heterogeneous_team_009,survey_field,2026-01-20T09:49:01.000Z,null,drone_scout_1,drone_scout,smart_agriculture_heterogeneous_team_009_exec_1,inprogress,89.4,54.9,47.38,22.15,null,null,null,null,null
smart_agriculture_heterogeneous_team_009,survey_field,2026-01-20T09:49:51.000Z,complete,drone_scout_1,drone_scout,smart_agriculture_heterogeneous_team_009_exec_1,done,88.8,62.74,54.14,24.6,null,null,null,null,null
smart_agriculture_heterogeneous_team_009,detect_patch,2026-01-20T09:49:52.000Z,start,drone_scout_1,drone_scout,smart_agriculture_heterogeneous_team_009_exec_2,inprogress,88.8,62.74,54.14,24.6,null,null,null,null,null
smart_agriculture_heterogeneous_team_009,detect_patch,2026-01-20T09:50:32.000Z,complete,drone_scout_1,drone_scout,smart_agriculture_heterogeneous_team_009_exec_2,done,88.1,62.74,54.14,24.6,null,null,null,null,null
smart_agriculture_heterogeneous_team_009,send_patch_coordinates,2026-01-20T09:50:33.000Z,start,drone_scout_1,drone_scout,smart_agriculture_heterogeneous_team_009_exec_3,inprogress,88.1,62.74,54.14,24.6,msg_f8da840492,weed patch coordinates and density,send,drone_scout_1,sprayer_1
smart_agriculture_heterogeneous_team_009,send_patch_coordinates,2026-01-20T09:50:39.000Z,complete,drone_scout_1,drone_scout,smart_agriculture_heterogeneous_team_009_exec_3,done,87.9,62.74,54.14,24.6,msg_f8da840492,weed patch coordinates and density,send,drone_scout_1,sprayer_1
smart_agriculture_heterogeneous_team_009,receive_patch_coordinates,2026-01-20T09:51:26.000Z,start,sprayer_1,sprayer_rover,smart_agriculture_heterogeneous_team_009_exec_4,inprogress,74.7,0.0,0.0,0.0,msg_f8da840492,weed patch coordinates and density,receive,drone_scout_1,sprayer_1
smart_agriculture_heterogeneous_team_009,receive_patch_coordinates,2026-01-20T09:51:30.000Z,complete,sprayer_1,sprayer_rover,smart_agriculture_heterogeneous_team_009_exec_4,done,74.6,0.0,0.0,0.0,msg_f8da840492,weed patch coordinates and density,receive,drone_scout_1,sprayer_1
smart_agriculture_heterogeneous_team_009,navigate_to_patch,2026-01-20T09:51:31.000Z,start,sprayer_1,sprayer_rover,smart_agriculture_heterogeneous_team_009_exec_5,inprogress,74.6,0.0,0.0,0.0,null,null,null,null,null
smart_agriculture_heterogeneous_team_009,navigate_to_patch,2026-01-20T09:52:39.000Z,null,sprayer_1,sprayer_rover,smart_agriculture_heterogeneous_team_009_exec_5,inprogress,73.5,10.46,9.02,0.0,null,null,null,null,null
smart_agriculture_heterogeneous_team_009,navigate_to_patch,2026-01-20T09:53:47.000Z,null,sprayer_1,sprayer_rover,smart_agriculture_heterogeneous_team_009_exec_5,inprogress,72.4,20.91,18.05,0.0,null,null,null,null,null
smart_agriculture_heterogeneous_team_009,navigate_to_patch,2026-01-20T09:54:55.000Z,null,sprayer_1,sprayer_rover,smart_agriculture_heterogeneous_team_009_exec_5,inprogress,71.3,31.37,27.07,0.0,null,null,null,null,null
smart_agriculture_heterogeneous_team_009,navigate_to_patch,2026-01-20T09:56:03.000Z,null,sprayer_1,sprayer_rover,smart_agriculture_heterogeneous_team_009_exec_5,inprogress,70.1,41.83,36.1,0.0,null,null,null,null,null
smart_agriculture_heterogeneous_team_009,navigate_to_patch,2026-01-20T09:57:11.000Z,null,sprayer_1,sprayer_rover,smart_agriculture_heterogeneous_team_009_exec_5,inprogress,69.0,52.28,45.12,0.0,null,null,null,null,null
smart_agriculture_heterogeneous_team_009,navigate_to_patch,2026-01-20T09:58:19.000Z,complete,sprayer_1,sprayer_rover,smart_agriculture_heterogeneous_team_009_exec_5,done,67.9,62.74,54.14,0.0,null,null,null,null,null
smart_agriculture_heterogeneous_team_009,spray_patch,2026-01-20T09:58:20.000Z,start,sprayer_1,sprayer_rover,smart_agriculture_heterogeneous_team_009_exec_6,inprogress,67.9,62.74,54.14,0.0,null,null,null,null,null
smart_agriculture_heterogeneous_team_009,spray_patch,2026-01-20T09:58:49.000Z,null,sprayer_1,sprayer_rover,smart_agriculture_heterogeneous_team_009_exec_6,inprogress,66.9,62.74,54.14,0.0,null,null,null,null,null
smart_agriculture_heterogeneous_team_009,spray_patch,2026-01-20T09:59:18.000Z,null,sprayer_1,sprayer_rover,smart_agriculture_heterogeneous_team_009_exec_6,inprogress,65.9,62.74,54.14,0.0,null,null,null,null,null
smart_agriculture_heterogeneous_team_009,spray_patch,2026-01-20T09:59:47.000Z,null,sprayer_1,sprayer_rover,smart_agriculture_heterogeneous_team_009_exec_6,inprogress,64.9,62.74,54.14,0.0,null,null,null,null,null
smart_agriculture_heterogeneous_team_009,spray_patch,2026-01-20T10:00:16.000Z,null,sprayer_1,sprayer_rover,smart_agriculture_heterogeneous_team_009_exec_6,inprogress,63.9,62.74,54.14,0.0,null,null,null,null,null
smart_agriculture_heterogeneous_team_009,spray_patch,2026-01-20T10:00:45.000Z,null,sprayer_1,sprayer_rover,smart_agriculture_heterogeneous_team_009_exec_6,inprogress,62.9,62.74,54.14,0.0,null,null,null,null,null
smart_agriculture_heterogeneous_team_009,spray_patch,2026-01-20T10:01:19.000Z,complete,sprayer_1,sprayer_rover,smart_agriculture_heterogeneous_team_009_exec_6,done,61.9,62.74,54.14,0.0,null,null,null,null,null
smart_agriculture_heterogeneous_team_009,return_base,2026-01-20T10:01:20.000Z,start,drone_scout_1,drone_scout,smart_agriculture_heterogeneous_team_009_exec_7,inprogress,87.9,62.74,54.14,24.6,null,null,null,null,null
smart_agriculture_heterogeneous_team_009,return_base,2026-01-20T10:02:24.000Z,null,drone_scout_1,drone_scout,smart_agriculture_heterogeneous_team_009_exec_7,inprogress,86.7,47.06,40.61,19.7,null,null,null,null,null
smart_agriculture_heterogeneous_team_009,return_base,2026-01-20T10:03:28.000Z,null,drone_scout_1,drone_scout,smart_agriculture_heterogeneous_team_009_exec_7,inprogress,85.4,31.37,27.07,14.8,null,null,null,null,null
smart_agriculture_heterogeneous_team_009,return_base,2026-01-20T10:04:32.000Z,null,drone_scout_1,drone_scout,smart_agriculture_heterogeneous_team_009_exec_7,inprogress,84.2,15.69,13.54,9.9,null,null,null,null,null
smart_agriculture_heterogeneous_team_009,return_base,2026-01-20T10:05:39.000Z,complete,drone_scout_1,drone_scout,smart_agriculture_heterogeneous_team_009_exec_7,done,82.9,0.0,0.0,5.0,null,null,null,null,null
smart_agriculture_heterogeneous_team_009,return_base,2026-01-20T10:05:40.000Z,start,sprayer_1,sprayer_rover,smart_agriculture_heterogeneous_team_009_exec_8,inprogress,61.9,62.74,54.14,0.0,null,null,null,null,null
smart_agriculture_heterogeneous_team_009,return_base,2026-01-20T10:06:17.000Z,null,sprayer_1,sprayer_rover,smart_agriculture_heterogeneous_team_009_exec_8,inprogress,61.1,52.28,45.12,0.0,null,null,null,null,null
smart_agriculture_heterogeneous_team_009,return_base,2026-01-20T10:06:54.000Z,null,sprayer_1,sprayer_rover,smart_agriculture_heterogeneous_team_009_exec_8,inprogress,60.3,41.83,36.1,0.0,null,null,null,null,null
smart_agriculture_heterogeneous_team_009,return_base,2026-01-20T10:07:31.000Z,null,sprayer_1,sprayer_rover,smart_agriculture_heterogeneous_team_009_exec_8,inprogress,59.6,31.37,27.07,0.0,null,null,null,null,null
smart_agriculture_heterogeneous_team_009,return_base,2026-01-20T10:08:08.000Z,null,sprayer_1,sprayer_rover,smart_agriculture_heterogeneous_team_009_exec_8,inprogress,58.8,20.91,18.05,0.0,null,null,null,null,null
smart_agriculture_heterogeneous_team_009,return_base,2026-01-20T10:08:45.000Z,null,sprayer_1,sprayer_rover,smart_agriculture_heterogeneous_team_009_exec_8,inprogress,58.0,10.46,9.02,0.0,null,null,null,null,null
smart_agriculture_heterogeneous_team_009,return_base,2026-01-20T10:09:25.000Z,complete,sprayer_1,sprayer_rover,smart_agriculture_heterogeneous_team_009_exec_8,done,57.2,0.0,0.0,0.0,null,null,null,null,null
smart_agriculture_heterogeneous_team_009,return_base,2026-01-20T10:09:26.000Z,start,supply_1,supply_rover,smart_agriculture_heterogeneous_team_009_exec_9,inprogress,83.7,0.0,0.0,0.0,null,null,null,null,null
smart_agriculture_heterogeneous_team_009,return_base,2026-01-20T10:10:07.000Z,null,supply_1,supply_rover,smart_agriculture_heterogeneous_team_009_exec_9,inprogress,83.2,0.0,0.0,0.0,null,null,null,null,null
smart_agriculture_heterogeneous_team_009,return_base,2026-01-20T10:10:48.000Z,null,supply_1,supply_rover,smart_agriculture_heterogeneous_team_009_exec_9,inprogress,82.6,0.0,0.0,0.0,null,null,null,null,null
smart_agriculture_heterogeneous_team_009,return_base,2026-01-20T10:11:29.000Z,null,supply_1,supply_rover,smart_agriculture_heterogeneous_team_009_exec_9,inprogress,82.0,0.0,0.0,0.0,null,null,null,null,null
smart_agriculture_heterogeneous_team_009,return_base,2026-01-20T10:12:10.000Z,null,supply_1,supply_rover,smart_agriculture_heterogeneous_team_009_exec_9,inprogress,81.5,0.0,0.0,0.0,null,null,null,null,null
smart_agriculture_heterogeneous_team_009,return_base,2026-01-20T10:12:55.000Z,complete,supply_1,supply_rover,smart_agriculture_heterogeneous_team_009_exec_9,done,80.9,0.0,0.0,0.0,null,null,null,null,null
smart_agriculture_heterogeneous_team_010,survey_field,2026-01-20T10:12:00.000Z,start,drone_scout_1,drone_scout,smart_agriculture_heterogeneous_team_010_exec_1,inprogress,88.0,0.0,0.0,5.0,null,null,null,null,null
smart_agriculture_heterogeneous_team_010,survey_field,2026-01-20T10:12:34.000Z,null,drone_scout_1,drone_scout,smart_agriculture_heterogeneous_team_010_exec_1,inprogress,86.7,7.54,2.96,8.05,null,null,null,null,null
smart_agriculture_heterogeneous_team_010,survey_field,2026-01-20T10:13:08.000Z,null,drone_scout_1,drone_scout,smart_agriculture_heterogeneous_team_010_exec_1,inprogress,85.4,15.07,5.93,11.09,null,null,null,null,null
smart_agriculture_heterogeneous_team_010,survey_field,2026-01-20T10:13:42.000Z,null,drone_scout_1,drone_scout,smart_agriculture_heterogeneous_team_010_exec_1,inprogress,84.2,22.61,8.89,14.14,null,null,null,null,null
smart_agriculture_heterogeneous_team_010,survey_field,2026-01-20T10:14:16.000Z,null,drone_scout_1,drone_scout,smart_agriculture_heterogeneous_team_010_exec_1,inprogress,82.9,30.15,11.86,17.18,null,null,null,null,null
smart_agriculture_heterogeneous_team_010,survey_field,2026-01-20T10:14:50.000Z,null,drone_scout_1,drone_scout,smart_agriculture_heterogeneous_team_010_exec_1,inprogress,81.6,37.68,14.82,20.23,null,null,null,null,null
smart_agriculture_heterogeneous_team_010,survey_field,2026-01-20T10:15:24.000Z,null,drone_scout_1,drone_scout,smart_agriculture_heterogeneous_team_010_exec_1,inprogress,80.3,45.22,17.79,23.28,null,null,null,null,null
smart_agriculture_heterogeneous_team_010,survey_field,2026-01-20T10:16:02.000Z,complete,drone_scout_1,drone_scout,smart_agriculture_heterogeneous_team_010_exec_1,done,79.0,52.76,20.75,26.32,null,null,null,null,null
smart_agriculture_heterogeneous_team_010,detect_patch,2026-01-20T10:16:03.000Z,start,drone_scout_1,drone_scout,smart_agriculture_heterogeneous_team_010_exec_2,inprogress,79.0,52.76,20.75,26.32,null,null,null,null,null
smart_agriculture_heterogeneous_team_010,detect_patch,2026-01-20T10:16:50.000Z,complete,drone_scout_1,drone_scout,smart_agriculture_heterogeneous_team_010_exec_2,done,78.6,52.76,20.75,26.32,null,null,null,null,null
smart_agriculture_heterogeneous_team_010,send_patch_coordinates,2026-01-20T10:16:51.000Z,start,drone_scout_1,drone_scout,smart_agriculture_heterogeneous_team_010_exec_3,inprogress,78.6,52.76,20.75,26.32,msg_8c2613a38f,weed patch coordinates and density,send,drone_scout_1,sprayer_1
smart_agriculture_heterogeneous_team_010,send_patch_coordinates,2026-01-20T10:16:58.000Z,complete,drone_scout_1,drone_scout,smart_agriculture_heterogeneous_team_010_exec_3,done,78.4,52.76,20.75,26.32,msg_8c2613a38f,weed patch coordinates and density,send,drone_scout_1,sprayer_1
smart_agriculture_heterogeneous_team_010,receive_patch_coordinates,2026-01-20T10:17:03.000Z,start,sprayer_1,sprayer_rover,smart_agriculture_heterogeneous_team_010_exec_4,inprogress,83.4,0.0,0.0,0.0,msg_8c2613a38f,weed patch coordinates and density,receive,drone_scout_1,sprayer_1
smart_agriculture_heterogeneous_team_010,receive_patch_coordinates,2026-01-20T10:17:07.000Z,complete,sprayer_1,sprayer_rover,smart_agriculture_heterogeneous_team_010_exec_4,done,83.3,0.0,0.0,0.0,msg_8c2613a38f,weed patch coordinates and density,receive,drone_scout_1,sprayer_1
smart_agriculture_heterogeneous_team_010,navigate_to_patch,2026-01-20T10:17:08.000Z,start,sprayer_1,sprayer_rover,smart_agriculture_heterogeneous_team_010_exec_5,inprogress,83.3,0.0,0.0,0.0,null,null,null,null,null
smart_agriculture_heterogeneous_team_010,navigate_to_patch,2026-01-20T10:18:25.000Z,null,sprayer_1,sprayer_rover,smart_agriculture_heterogeneous_team_010_exec_5,inprogress,82.3,10.55,4.15,0.0,null,null,null,null,null
smart_agriculture_heterogeneous_team_010,navigate_to_patch,2026-01-20T10:19:42.000Z,null,sprayer_1,sprayer_rover,smart_agriculture_heterogeneous_team_010_exec_5,inprogress,81.4,21.1,8.3,0.0,null,null,null,null,null
smart_agriculture_heterogeneous_team_010,navigate_to_patch,2026-01-20T10:20:59.000Z,null,sprayer_1,sprayer_rover,smart_agriculture_heterogeneous_team_010_exec_5,inprogress,80.4,31.65,12.45,0.0,null,null,null,null,null
smart_agriculture_heterogeneous_team_010,navigate_to_patch,2026-01-20T10:22:16.000Z,null,sprayer_1,sprayer_rover,smart_agriculture_heterogeneous_team_010_exec_5,inprogress,79.4,42.2,16.6,0.0,null,null,null,null,null
smart_agriculture_heterogeneous_team_010,navigate_to_patch,2026-01-20T10:23:37.000Z,complete,sprayer_1,sprayer_rover,smart_agriculture_heterogeneous_team_010_exec_5,done,78.4,52.76,20.75,0.0,null,null,null,null,null
smart_agriculture_heterogeneous_team_010,spray_patch,2026-01-20T10:23:38.000Z,start,sprayer_1,sprayer_rover,smart_agriculture_heterogeneous_team_010_exec_6,inprogress,78.4,52.76,20.75,0.0,null,null,null,null,null
smart_agriculture_heterogeneous_team_010,spray_patch,2026-01-20T10:24:32.000Z,null,sprayer_1,sprayer_rover,smart_agriculture_heterogeneous_team_010_exec_6,inprogress,76.9,52.76,20.75,0.0,null,null,null,null,null
smart_agriculture_heterogeneous_team_010,spray_patch,2026-01-20T10:25:26.000Z,null,sprayer_1,sprayer_rover,smart_agriculture_heterogeneous_team_010_exec_6,inprogress,75.3,52.76,20.75,0.0,null,null,null,null,null
smart_agriculture_heterogeneous_team_010,spray_patch,2026-01-20T10:26:21.000Z,complete,sprayer_1,sprayer_rover,smart_agriculture_heterogeneous_team_010_exec_6,done,73.8,52.76,20.75,0.0,null,null,null,null,null
smart_agriculture_heterogeneous_team_010,return_base,2026-01-20T10:26:22.000Z,start,drone_scout_1,drone_scout,smart_agriculture_heterogeneous_team_010_exec_7,inprogress,78.4,52.76,20.75,26.32,null,null,null,null,null
smart_agriculture_heterogeneous_team_010,return_base,2026-01-20T10:27:07.000Z,null,drone_scout_1,drone_scout,smart_agriculture_heterogeneous_team_010_exec_7,inprogress,77.3,39.57,15.57,20.99,null,null,null,null,null
smart_agriculture_heterogeneous_team_010,return_base,2026-01-20T10:27:52.000Z,null,drone_scout_1,drone_scout,smart_agriculture_heterogeneous_team_010_exec_7,inprogress,76.2,26.38,10.38,15.66,null,null,null,null,null
smart_agriculture_heterogeneous_team_010,return_base,2026-01-20T10:28:37.000Z,null,drone_scout_1,drone_scout,smart_agriculture_heterogeneous_team_010_exec_7,inprogress,75.1,13.19,5.19,10.33,null,null,null,null,null
smart_agriculture_heterogeneous_team_010,return_base,2026-01-20T10:29:23.000Z,complete,drone_scout_1,drone_scout,smart_agriculture_heterogeneous_team_010_exec_7,done,74.0,0.0,0.0,5.0,null,null,null,null,null
smart_agriculture_heterogeneous_team_010,return_base,2026-01-20T10:29:24.000Z,start,sprayer_1,sprayer_rover,smart_agriculture_heterogeneous_team_010_exec_8,inprogress,73.8,52.76,20.75,0.0,null,null,null,null,null
smart_agriculture_heterogeneous_team_010,return_base,2026-01-20T10:30:06.000Z,null,sprayer_1,sprayer_rover,smart_agriculture_heterogeneous_team_010_exec_8,inprogress,73.1,43.96,17.29,0.0,null,null,null,null,null
smart_agriculture_heterogeneous_team_010,return_base,2026-01-20T10:30:48.000Z,null,sprayer_1,sprayer_rover,smart_agriculture_heterogeneous_team_010_exec_8,inprogress,72.4,35.17,13.84,0.0,null,null,null,null,null
smart_agriculture_heterogeneous_team_010,return_base,2026-01-20T10:31:30.000Z,null,sprayer_1,sprayer_rover,smart_agriculture_heterogeneous_team_010_exec_8,inprogress,71.7,26.38,10.38,0.0,null,null,null,null,null
smart_agriculture_heterogeneous_team_010,return_base,2026-01-20T10:32:12.000Z,null,sprayer_1,sprayer_rover,smart_agriculture_heterogeneous_team_010_exec_8,inprogress,71.0,17.59,6.92,0.0,null,null,null,null,null
smart_agriculture_heterogeneous_team_010,return_base,2026-01-20T10:32:54.000Z,null,sprayer_1,sprayer_rover,smart_agriculture_heterogeneous_team_010_exec_8,inprogress,70.3,8.79,3.46,0.0,null,null,null,null,null
smart_agriculture_heterogeneous_team_010,return_base,2026-01-20T10:33:40.000Z,complete,sprayer_1,sprayer_rover,smart_agriculture_heterogeneous_team_010_exec_8,done,69.6,0.0,0.0,0.0,null,null,null,null,null
smart_agriculture_heterogeneous_team_010,return_base,2026-01-20T10:33:41.000Z,start,supply_1,supply_rover,smart_agriculture_heterogeneous_team_010_exec_9,inprogress,94.3,0.0,0.0,0.0,null,null,null,null,null
smart_agriculture_heterogeneous_team_010,return_base,2026-01-20T10:34:37.000Z,null,supply_1,supply_rover,smart_agriculture_heterogeneous_team_010_exec_9,inprogress,93.7,0.0,0.0,0.0,null,null,null,null,null
smart_agriculture_heterogeneous_team_010,return_base,2026-01-20T10:35:33.000Z,null,supply_1,supply_rover,smart_agriculture_heterogeneous_team_010_exec_9,inprogress,93.2,0.0,0.0,0.0,null,null,null,null,null
smart_agriculture_heterogeneous_team_010,return_base,2026-01-20T10:36:29.000Z,null,supply_1,supply_rover,smart_agriculture_heterogeneous_team_010_exec_9,inprogress,92.6,0.0,0.0,0.0,null,null,null,null,null
smart_agriculture_heterogeneous_team_010,return_base,2026-01-20T10:37:25.000Z,null,supply_1,supply_rover,smart_agriculture_heterogeneous_team_010_exec_9,inprogress,92.0,0.0,0.0,0.0,null,null,null,null,null
smart_agriculture_heterogeneous_team_010,return_base,2026-01-20T10:38:22.000Z,complete,supply_1,supply_rover,smart_agriculture_heterogeneous_team_010_exec_9,done,91.5,0.0,0.0,0.0,null,null,null,null,null
smart_agriculture_heterogeneous_team_011,survey_field,2026-01-20T10:40:00.000Z,start,drone_scout_1,drone_scout,smart_agriculture_heterogeneous_team_011_exec_1,inprogress,78.4,0.0,0.0,5.0,null,null,null,null,null
smart_agriculture_heterogeneous_team_011,survey_field,2026-01-20T10:40:55.000Z,null,drone_scout_1,drone_scout,smart_agriculture_heterogeneous_team_011_exec_1,inprogress,77.1,5.99,9.23,8.89,null,null,null,null,null
smart_agriculture_heterogeneous_team_011,survey_field,2026-01-20T10:41:50.000Z,null,drone_scout_1,drone_scout,smart_agriculture_heterogeneous_team_011_exec_1,inprogress,75.8,11.99,18.45,12.78,null,null,null,null,null
smart_agriculture_heterogeneous_team_011,survey_field,2026-01-20T10:42:45.000Z,null,drone_scout_1,drone_scout,smart_agriculture_heterogeneous_team_011_exec_1,inprogress,74.5,17.98,27.68,16.66,null,null,null,null,null
smart_agriculture_heterogeneous_team_011,survey_field,2026-01-20T10:43:40.000Z,null,drone_scout_1,drone_scout,smart_agriculture_heterogeneous_team_011_exec_1,inprogress,73.2,23.98,36.9,20.55,null,null,null,null,null
smart_agriculture_heterogeneous_team_011,survey_field,2026-01-20T10:44:37.000Z,complete,drone_scout_1,drone_scout,smart_agriculture_heterogeneous_team_011_exec_1,done,71.9,29.97,46.13,24.44,null,null,null,null,null
smart_agriculture_heterogeneous_team_011,detect_patch,2026-01-20T10:44:38.000Z,start,drone_scout_1,drone_scout,smart_agriculture_heterogeneous_team_011_exec_2,inprogress,71.9,29.97,46.13,24.44,null,null,null,null,null
smart_agriculture_heterogeneous_team_011,detect_patch,2026-01-20T10:45:20.000Z,complete,drone_scout_1,drone_scout,smart_agriculture_heterogeneous_team_011_exec_2,done,71.3,29.97,46.13,24.44,null,null,null,null,null
smart_agriculture_heterogeneous_team_011,send_patch_coordinates,2026-01-20T10:45:21.000Z,start,drone_scout_1,drone_scout,smart_agriculture_heterogeneous_team_011_exec_3,inprogress,71.3,29.97,46.13,24.44,msg_076df00313,weed patch coordinates and density,send,drone_scout_1,sprayer_1
smart_agriculture_heterogeneous_team_011,send_patch_coordinates,2026-01-20T10:45:29.000Z,complete,drone_scout_1,drone_scout,smart_agriculture_heterogeneous_team_011_exec_3,done,71.1,29.97,46.13,24.44,msg_076df00313,weed patch coordinates and density,send,drone_scout_1,sprayer_1
smart_agriculture_heterogeneous_team_011,receive_patch_coordinates,2026-01-20T10:45:34.000Z,start,sprayer_1,sprayer_rover,smart_agriculture_heterogeneous_team_011_exec_4,inprogress,82.4,0.0,0.0,0.0,msg_076df00313,weed patch coordinates and density,receive,drone_scout_1,sprayer_1
smart_agriculture_heterogeneous_team_011,receive_patch_coordinates,2026-01-20T10:45:38.000Z,complete,sprayer_1,sprayer_rover,smart_agriculture_heterogeneous_team_011_exec_4,done,82.3,0.0,0.0,0.0,msg_076df00313,weed patch coordinates and density,receive,drone_scout_1,sprayer_1
smart_agriculture_heterogeneous_team_011,navigate_to_patch,2026-01-20T10:45:39.000Z,start,sprayer_1,sprayer_rover,smart_agriculture_heterogeneous_team_011_exec_5,inprogress,82.3,0.0,0.0,0.0,null,null,null,null,null
smart_agriculture_heterogeneous_team_011,navigate_to_patch,2026-01-20T10:46:45.000Z,null,sprayer_1,sprayer_rover,smart_agriculture_heterogeneous_team_011_exec_5,inprogress,81.4,5.99,9.23,0.0,null,null,null,null,null
smart_agriculture_heterogeneous_team_011,navigate_to_patch,2026-01-20T10:47:51.000Z,null,sprayer_1,sprayer_rover,smart_agriculture_heterogeneous_team_011_exec_5,inprogress,80.4,11.99,18.45,0.0,null,null,null,null,null
smart_agriculture_heterogeneous_team_011,navigate_to_patch,2026-01-20T10:48:57.000Z,null,sprayer_1,sprayer_rover,smart_agriculture_heterogeneous_team_011_exec_5,inprogress,79.4,17.98,27.68,0.0,null,null,null,null,null
smart_agriculture_heterogeneous_team_011,navigate_to_patch,2026-01-20T10:50:03.000Z,null,sprayer_1,sprayer_rover,smart_agriculture_heterogeneous_team_011_exec_5,inprogress,78.4,23.98,36.9,0.0,null,null,null,null,null
smart_agriculture_heterogeneous_team_011,navigate_to_patch,2026-01-20T10:51:10.000Z,complete,sprayer_1,sprayer_rover,smart_agriculture_heterogeneous_team_011_exec_5,done,77.4,29.97,46.13,0.0,null,null,null,null,null
smart_agriculture_heterogeneous_team_011,spray_patch,2026-01-20T10:51:11.000Z,start,sprayer_1,sprayer_rover,smart_agriculture_heterogeneous_team_011_exec_6,inprogress,77.4,29.97,46.13,0.0,null,null,null,null,null
smart_agriculture_heterogeneous_team_011,spray_patch,2026-01-20T10:51:40.000Z,null,sprayer_1,sprayer_rover,smart_agriculture_heterogeneous_team_011_exec_6,inprogress,76.6,29.97,46.13,0.0,null,null,null,null,null
smart_agriculture_heterogeneous_team_011,spray_patch,2026-01-20T10:52:09.000Z,null,sprayer_1,sprayer_rover,smart_agriculture_heterogeneous_team_011_exec_6,inprogress,75.7,29.97,46.13,0.0,null,null,null,null,null
smart_agriculture_heterogeneous_team_011,spray_patch,2026-01-20T10:52:38.000Z,null,sprayer_1,sprayer_rover,smart_agriculture_heterogeneous_team_011_exec_6,inprogress,74.8,29.97,46.13,0.0,null,null,null,null,null
smart_agriculture_heterogeneous_team_011,spray_patch,2026-01-20T10:53:07.000Z,null,sprayer_1,sprayer_rover,smart_agriculture_heterogeneous_team_011_exec_6,inprogress,73.9,29.97,46.13,0.0,null,null,null,null,null
smart_agriculture_heterogeneous_team_011,spray_patch,2026-01-20T10:53:40.000Z,complete,sprayer_1,sprayer_rover,smart_agriculture_heterogeneous_team_011_exec_6,done,73.0,29.97,46.13,0.0,null,null,null,null,null
smart_agriculture_heterogeneous_team_011,send_refill_request,2026-01-20T10:53:41.000Z,start,sprayer_1,sprayer_rover,smart_agriculture_heterogeneous_team_011_exec_7,inprogress,73.0,29.97,46.13,0.0,msg_7021d6bad4,refill needed at current patch,send,sprayer_1,supply_1
smart_agriculture_heterogeneous_team_011,send_refill_request,2026-01-20T10:53:45.000Z,complete,sprayer_1,sprayer_rover,smart_agriculture_heterogeneous_team_011_exec_7,done,72.8,29.97,46.13,0.0,msg_7021d6bad4,refill needed at current patch,send,sprayer_1,supply_1
smart_agriculture_heterogeneous_team_011,receive_refill_request,2026-01-20T10:53:51.000Z,start,supply_1,supply_rover,smart_agriculture_heterogeneous_team_011_exec_8,inprogress,90.9,0.0,0.0,0.0,msg_7021d6bad4,refill needed at current patch,receive,sprayer_1,supply_1
smart_agriculture_heterogeneous_team_011,receive_refill_request,2026-01-20T10:53:55.000Z,complete,supply_1,supply_rover,smart_agriculture_heterogeneous_team_011_exec_8,done,90.8,0.0,0.0,0.0,msg_7021d6bad4,refill needed at current patch,receive,sprayer_1,supply_1
smart_agriculture_heterogeneous_team_011,deliver_refill,2026-01-20T10:53:56.000Z,start,supply_1,supply_rover,smart_agriculture_heterogeneous_team_011_exec_9,inprogress,90.8,0.0,0.0,0.0,null,null,null,null,null
smart_agriculture_heterogeneous_team_011,deliver_refill,2026-01-20T10:54:39.000Z,null,supply_1,supply_rover,smart_agriculture_heterogeneous_team_011_exec_9,inprogress,90.0,5.09,7.19,0.0,null,null,null,null,null
smart_agriculture_heterogeneous_team_011,deliver_refill,2026-01-20T10:55:22.000Z,null,supply_1,supply_rover,smart_agriculture_heterogeneous_team_011_exec_9,inprogress,89.2,10.19,14.38,0.0,null,null,null,null,null
smart_agriculture_heterogeneous_team_011,deliver_refill,2026-01-20T10:56:05.000Z,null,supply_1,supply_rover,smart_agriculture_heterogeneous_team_011_exec_9,inprogress,88.4,15.28,21.57,0.0,null,null,null,null,null
smart_agriculture_heterogeneous_team_011,deliver_refill,2026-01-20T10:56:48.000Z,null,supply_1,supply_rover,smart_agriculture_heterogeneous_team_011_exec_9,inprogress,87.6,20.37,28.77,0.0,null,null,null,null,null
smart_agriculture_heterogeneous_team_011,deliver_refill,2026-01-20T10:57:31.000Z,null,supply_1,supply_rover,smart_agriculture_heterogeneous_team_011_exec_9,inprogress,86.8,25.46,35.96,0.0,null,null,null,null,null
smart_agriculture_heterogeneous_team_011,deliver_refill,2026-01-20T10:58:16.000Z,complete,supply_1,supply_rover,smart_agriculture_heterogeneous_team_011_exec_9,done,86.0,30.56,43.15,0.0,null,null,null,null,null
smart_agriculture_heterogeneous_team_011,send_treatment_ack,2026-01-20T10:58:17.000Z,start,supply_1,supply_rover,smart_agriculture_heterogeneous_team_011_exec_10,inprogress,86.0,30.56,43.15,0.0,msg_3a2ef08685,refill delivered and treatment may resume,send,supply_1,sprayer_1
smart_agriculture_heterogeneous_team_011,send_treatment_ack,2026-01-20T10:58:21.000Z,complete,supply_1,supply_rover,smart_agriculture_heterogeneous_team_011_exec_10,done,85.8,30.56,43.15,0.0,msg_3a2ef08685,refill delivered and treatment may resume,send,supply_1,sprayer_1
smart_agriculture_heterogeneous_team_011,receive_treatment_ack,2026-01-20T10:58:25.000Z,start,sprayer_1,sprayer_rover,smart_agriculture_heterogeneous_team_011_exec_11,inprogress,72.8,29.97,46.13,0.0,msg_3a2ef08685,refill delivered and treatment may resume,receive,supply_1,sprayer_1
smart_agriculture_heterogeneous_team_011,receive_treatment_ack,2026-01-20T10:58:29.000Z,complete,sprayer_1,sprayer_rover,smart_agriculture_heterogeneous_team_011_exec_11,done,72.7,29.97,46.13,0.0,msg_3a2ef08685,refill delivered and treatment may resume,receive,supply_1,sprayer_1
smart_agriculture_heterogeneous_team_011,resume_treatment,2026-01-20T10:58:30.000Z,start,sprayer_1,sprayer_rover,smart_agriculture_heterogeneous_team_011_exec_12,inprogress,72.7,29.97,46.13,0.0,null,null,null,null,null
smart_agriculture_heterogeneous_team_011,resume_treatment,2026-01-20T10:59:29.000Z,null,sprayer_1,sprayer_rover,smart_agriculture_heterogeneous_team_011_exec_12,inprogress,71.0,29.97,46.13,0.0,null,null,null,null,null
smart_agriculture_heterogeneous_team_011,resume_treatment,2026-01-20T11:00:29.000Z,complete,sprayer_1,sprayer_rover,smart_agriculture_heterogeneous_team_011_exec_12,done,69.2,29.97,46.13,0.0,null,null,null,null,null
smart_agriculture_heterogeneous_team_011,return_base,2026-01-20T11:00:30.000Z,start,drone_scout_1,drone_scout,smart_agriculture_heterogeneous_team_011_exec_13,inprogress,71.1,29.97,46.13,24.44,null,null,null,null,null
smart_agriculture_heterogeneous_team_011,return_base,2026-01-20T11:01:11.000Z,null,drone_scout_1,drone_scout,smart_agriculture_heterogeneous_team_011_exec_13,inprogress,69.9,22.48,34.6,19.58,null,null,null,null,null
smart_agriculture_heterogeneous_team_011,return_base,2026-01-20T11:01:52.000Z,null,drone_scout_1,drone_scout,smart_agriculture_heterogeneous_team_011_exec_13,inprogress,68.6,14.99,23.07,14.72,null,null,null,null,null
smart_agriculture_heterogeneous_team_011,return_base,2026-01-20T11:02:33.000Z,null,drone_scout_1,drone_scout,smart_agriculture_heterogeneous_team_011_exec_13,inprogress,67.4,7.49,11.53,9.86,null,null,null,null,null
smart_agriculture_heterogeneous_team_011,return_base,2026-01-20T11:03:14.000Z,complete,drone_scout_1,drone_scout,smart_agriculture_heterogeneous_team_011_exec_13,done,66.2,0.0,0.0,5.0,null,null,null,null,null
smart_agriculture_heterogeneous_team_011,return_base,2026-01-20T11:03:15.000Z,start,sprayer_1,sprayer_rover,smart_agriculture_heterogeneous_team_011_exec_14,inprogress,69.2,29.97,46.13,0.0,null,null,null,null,null
smart_agriculture_heterogeneous_team_011,return_base,2026-01-20T11:04:11.000Z,null,sprayer_1,sprayer_rover,smart_agriculture_heterogeneous_team_011_exec_14,inprogress,68.0,23.98,36.9,0.0,null,null,null,null,null
smart_agriculture_heterogeneous_team_011,return_base,2026-01-20T11:05:07.000Z,null,sprayer_1,sprayer_rover,smart_agriculture_heterogeneous_team_011_exec_14,inprogress,66.9,17.98,27.68,0.0,null,null,null,null,null
smart_agriculture_heterogeneous_team_011,return_base,2026-01-20T11:06:03.000Z,null,sprayer_1,sprayer_rover,smart_agriculture_heterogeneous_team_011_exec_14,inprogress,65.7,11.99,18.45,0.0,null,null,null,null,null
smart_agriculture_heterogeneous_team_011,return_base,2026-01-20T11:06:59.000Z,null,sprayer_1,sprayer_rover,smart_agriculture_heterogeneous_team_011_exec_14,inprogress,64.5,5.99,9.23,0.0,null,null,null,null,null
smart_agriculture_heterogeneous_team_011,return_base,2026-01-20T11:07:56.000Z,complete,sprayer_1,sprayer_rover,smart_agriculture_heterogeneous_team_011_exec_14,done,63.3,0.0,0.0,0.0,null,null,null,null,null
smart_agriculture_heterogeneous_team_011,return_base,2026-01-20T11:07:57.000Z,start,supply_1,supply_rover,smart_agriculture_heterogeneous_team_011_exec_15,inprogress,85.8,30.56,43.15,0.0,null,null,null,null,null
smart_agriculture_heterogeneous_team_011,return_base,2026-01-20T11:08:35.000Z,null,supply_1,supply_rover,smart_agriculture_heterogeneous_team_011_exec_15,inprogress,85.0,24.45,34.52,0.0,null,null,null,null,null
smart_agriculture_heterogeneous_team_011,return_base,2026-01-20T11:09:13.000Z,null,supply_1,supply_rover,smart_agriculture_heterogeneous_team_011_exec_15,inprogress,84.2,18.33,25.89,0.0,null,null,null,null,null
smart_agriculture_heterogeneous_team_011,return_base,2026-01-20T11:09:51.000Z,null,supply_1,supply_rover,smart_agriculture_heterogeneous_team_011_exec_15,inprogress,83.3,12.22,17.26,0.0,null,null,null,null,null
smart_agriculture_heterogeneous_team_011,return_base,2026-01-20T11:10:29.000Z,null,supply_1,supply_rover,smart_agriculture_heterogeneous_team_011_exec_15,inprogress,82.5,6.11,8.63,0.0,null,null,null,null,null
smart_agriculture_heterogeneous_team_011,return_base,2026-01-20T11:11:09.000Z,complete,supply_1,supply_rover,smart_agriculture_heterogeneous_team_011_exec_15,done,81.7,0.0,0.0,0.0,null,null,null,null,null
smart_agriculture_heterogeneous_team_012,survey_field,2026-01-20T11:08:00.000Z,start,drone_scout_1,drone_scout,smart_agriculture_heterogeneous_team_012_exec_1,inprogress,89.8,0.0,0.0,5.0,null,null,null,null,null
smart_agriculture_heterogeneous_team_012,survey_field,2026-01-20T11:08:49.000Z,null,drone_scout_1,drone_scout,smart_agriculture_heterogeneous_team_012_exec_1,inprogress,88.6,11.98,4.87,8.0,null,null,null,null,null
smart_agriculture_heterogeneous_team_012,survey_field,2026-01-20T11:09:38.000Z,null,drone_scout_1,drone_scout,smart_agriculture_heterogeneous_team_012_exec_1,inprogress,87.5,23.96,9.74,11.0,null,null,null,null,null
smart_agriculture_heterogeneous_team_012,survey_field,2026-01-20T11:10:27.000Z,null,drone_scout_1,drone_scout,smart_agriculture_heterogeneous_team_012_exec_1,inprogress,86.4,35.94,14.61,14.0,null,null,null,null,null
smart_agriculture_heterogeneous_team_012,survey_field,2026-01-20T11:11:16.000Z,null,drone_scout_1,drone_scout,smart_agriculture_heterogeneous_team_012_exec_1,inprogress,85.2,47.92,19.48,17.0,null,null,null,null,null
smart_agriculture_heterogeneous_team_012,survey_field,2026-01-20T11:12:05.000Z,null,drone_scout_1,drone_scout,smart_agriculture_heterogeneous_team_012_exec_1,inprogress,84.1,59.9,24.35,20.0,null,null,null,null,null
smart_agriculture_heterogeneous_team_012,survey_field,2026-01-20T11:12:55.000Z,complete,drone_scout_1,drone_scout,smart_agriculture_heterogeneous_team_012_exec_1,done,82.9,71.88,29.22,23.0,null,null,null,null,null
smart_agriculture_heterogeneous_team_012,detect_patch,2026-01-20T11:12:56.000Z,start,drone_scout_1,drone_scout,smart_agriculture_heterogeneous_team_012_exec_2,inprogress,82.9,71.88,29.22,23.0,null,null,null,null,null
smart_agriculture_heterogeneous_team_012,detect_patch,2026-01-20T11:13:35.000Z,complete,drone_scout_1,drone_scout,smart_agriculture_heterogeneous_team_012_exec_2,done,82.6,71.88,29.22,23.0,null,null,null,null,null
smart_agriculture_heterogeneous_team_012,send_patch_coordinates,2026-01-20T11:13:36.000Z,start,drone_scout_1,drone_scout,smart_agriculture_heterogeneous_team_012_exec_3,inprogress,82.6,71.88,29.22,23.0,msg_c94ccc3d0f,weed patch coordinates and density,send,drone_scout_1,sprayer_1
smart_agriculture_heterogeneous_team_012,send_patch_coordinates,2026-01-20T11:13:40.000Z,complete,drone_scout_1,drone_scout,smart_agriculture_heterogeneous_team_012_exec_3,done,82.4,71.88,29.22,23.0,msg_c94ccc3d0f,weed patch coordinates and density,send,drone_scout_1,sprayer_1
smart_agriculture_heterogeneous_team_012,receive_patch_coordinates,2026-01-20T11:13:45.000Z,start,sprayer_1,sprayer_rover,smart_agriculture_heterogeneous_team_012_exec_4,inprogress,70.9,0.0,0.0,0.0,msg_c94ccc3d0f,weed patch coordinates and density,receive,drone_scout_1,sprayer_1
smart_agriculture_heterogeneous_team_012,receive_patch_coordinates,2026-01-20T11:13:49.000Z,complete,sprayer_1,sprayer_rover,smart_agriculture_heterogeneous_team_012_exec_4,done,70.8,0.0,0.0,0.0,msg_c94ccc3d0f,weed patch coordinates and density,receive,drone_scout_1,sprayer_1
smart_agriculture_heterogeneous_team_012,navigate_to_patch,2026-01-20T11:13:50.000Z,start,sprayer_1,sprayer_rover,smart_agriculture_heterogeneous_team_012_exec_5,inprogress,70.8,0.0,0.0,0.0,null,null,null,null,null
smart_agriculture_heterogeneous_team_012,navigate_to_patch,2026-01-20T11:14:52.000Z,null,sprayer_1,sprayer_rover,smart_agriculture_heterogeneous_team_012_exec_5,inprogress,69.9,11.98,4.87,0.0,null,null,null,null,null
smart_agriculture_heterogeneous_team_012,navigate_to_patch,2026-01-20T11:15:54.000Z,null,sprayer_1,sprayer_rover,smart_agriculture_heterogeneous_team_012_exec_5,inprogress,69.0,23.96,9.74,0.0,null,null,null,null,null
smart_agriculture_heterogeneous_team_012,navigate_to_patch,2026-01-20T11:16:56.000Z,null,sprayer_1,sprayer_rover,smart_agriculture_heterogeneous_team_012_exec_5,inprogress,68.2,35.94,14.61,0.0,null,null,null,null,null
smart_agriculture_heterogeneous_team_012,navigate_to_patch,2026-01-20T11:17:58.000Z,null,sprayer_1,sprayer_rover,smart_agriculture_heterogeneous_team_012_exec_5,inprogress,67.3,47.92,19.48,0.0,null,null,null,null,null
smart_agriculture_heterogeneous_team_012,navigate_to_patch,2026-01-20T11:19:00.000Z,null,sprayer_1,sprayer_rover,smart_agriculture_heterogeneous_team_012_exec_5,inprogress,66.4,59.9,24.35,0.0,null,null,null,null,null
smart_agriculture_heterogeneous_team_012,navigate_to_patch,2026-01-20T11:20:03.000Z,complete,sprayer_1,sprayer_rover,smart_agriculture_heterogeneous_team_012_exec_5,done,65.5,71.88,29.22,0.0,null,null,null,null,null
smart_agriculture_heterogeneous_team_012,spray_patch,2026-01-20T11:20:04.000Z,start,sprayer_1,sprayer_rover,smart_agriculture_heterogeneous_team_012_exec_6,inprogress,65.5,71.88,29.22,0.0,null,null,null,null,null
smart_agriculture_heterogeneous_team_012,spray_patch,2026-01-20T11:20:34.000Z,null,sprayer_1,sprayer_rover,smart_agriculture_heterogeneous_team_012_exec_6,inprogress,63.7,71.88,29.22,0.0,null,null,null,null,null
smart_agriculture_heterogeneous_team_012,spray_patch,2026-01-20T11:21:04.000Z,null,sprayer_1,sprayer_rover,smart_agriculture_heterogeneous_team_012_exec_6,inprogress,61.9,71.88,29.22,0.0,null,null,null,null,null
smart_agriculture_heterogeneous_team_012,spray_patch,2026-01-20T11:21:34.000Z,null,sprayer_1,sprayer_rover,smart_agriculture_heterogeneous_team_012_exec_6,inprogress,60.2,71.88,29.22,0.0,null,null,null,null,null
smart_agriculture_heterogeneous_team_012,spray_patch,2026-01-20T11:22:04.000Z,null,sprayer_1,sprayer_rover,smart_agriculture_heterogeneous_team_012_exec_6,inprogress,58.4,71.88,29.22,0.0,null,null,null,null,null
smart_agriculture_heterogeneous_team_012,spray_patch,2026-01-20T11:22:35.000Z,complete,sprayer_1,sprayer_rover,smart_agriculture_heterogeneous_team_012_exec_6,done,56.6,71.88,29.22,0.0,null,null,null,null,null
smart_agriculture_heterogeneous_team_012,return_base,2026-01-20T11:22:36.000Z,start,drone_scout_1,drone_scout,smart_agriculture_heterogeneous_team_012_exec_7,inprogress,82.4,71.88,29.22,23.0,null,null,null,null,null
smart_agriculture_heterogeneous_team_012,return_base,2026-01-20T11:23:26.000Z,null,drone_scout_1,drone_scout,smart_agriculture_heterogeneous_team_012_exec_7,inprogress,81.3,53.91,21.91,18.5,null,null,null,null,null
smart_agriculture_heterogeneous_team_012,return_base,2026-01-20T11:24:16.000Z,null,drone_scout_1,drone_scout,smart_agriculture_heterogeneous_team_012_exec_7,inprogress,80.3,35.94,14.61,14.0,null,null,null,null,null
smart_agriculture_heterogeneous_team_012,return_base,2026-01-20T11:25:06.000Z,null,drone_scout_1,drone_scout,smart_agriculture_heterogeneous_team_012_exec_7,inprogress,79.2,17.97,7.3,9.5,null,null,null,null,null
smart_agriculture_heterogeneous_team_012,return_base,2026-01-20T11:25:59.000Z,complete,drone_scout_1,drone_scout,smart_agriculture_heterogeneous_team_012_exec_7,done,78.1,0.0,0.0,5.0,null,null,null,null,null
smart_agriculture_heterogeneous_team_012,return_base,2026-01-20T11:26:00.000Z,start,sprayer_1,sprayer_rover,smart_agriculture_heterogeneous_team_012_exec_8,inprogress,56.6,71.88,29.22,0.0,null,null,null,null,null
smart_agriculture_heterogeneous_team_012,return_base,2026-01-20T11:27:14.000Z,null,sprayer_1,sprayer_rover,smart_agriculture_heterogeneous_team_012_exec_8,inprogress,54.9,53.91,21.91,0.0,null,null,null,null,null
smart_agriculture_heterogeneous_team_012,return_base,2026-01-20T11:28:28.000Z,null,sprayer_1,sprayer_rover,smart_agriculture_heterogeneous_team_012_exec_8,inprogress,53.3,35.94,14.61,0.0,null,null,null,null,null
smart_agriculture_heterogeneous_team_012,return_base,2026-01-20T11:29:42.000Z,null,sprayer_1,sprayer_rover,smart_agriculture_heterogeneous_team_012_exec_8,inprogress,51.7,17.97,7.3,0.0,null,null,null,null,null
smart_agriculture_heterogeneous_team_012,return_base,2026-01-20T11:30:56.000Z,complete,sprayer_1,sprayer_rover,smart_agriculture_heterogeneous_team_012_exec_8,done,50.1,0.0,0.0,0.0,null,null,null,null,null
smart_agriculture_heterogeneous_team_012,return_base,2026-01-20T11:30:57.000Z,start,supply_1,supply_rover,smart_agriculture_heterogeneous_team_012_exec_9,inprogress,72.2,0.0,0.0,0.0,null,null,null,null,null
smart_agriculture_heterogeneous_team_012,return_base,2026-01-20T11:32:18.000Z,null,supply_1,supply_rover,smart_agriculture_heterogeneous_team_012_exec_9,inprogress,70.7,0.0,0.0,0.0,null,null,null,null,null
smart_agriculture_heterogeneous_team_012,return_base,2026-01-20T11:33:39.000Z,null,supply_1,supply_rover,smart_agriculture_heterogeneous_team_012_exec_9,inprogress,69.2,0.0,0.0,0.0,null,null,null,null,null
smart_agriculture_heterogeneous_team_012,return_base,2026-01-20T11:35:02.000Z,complete,supply_1,supply_rover,smart_agriculture_heterogeneous_team_012_exec_9,done,67.7,0.0,0.0,0.0,null,null,null,null,null
smart_agriculture_heterogeneous_team_013,survey_field,2026-01-20T11:36:00.000Z,start,drone_scout_1,drone_scout,smart_agriculture_heterogeneous_team_013_exec_1,inprogress,80.3,0.0,0.0,5.0,null,null,null,null,null
smart_agriculture_heterogeneous_team_013,survey_field,2026-01-20T11:37:09.000Z,null,drone_scout_1,drone_scout,smart_agriculture_heterogeneous_team_013_exec_1,inprogress,78.9,10.59,2.89,8.59,null,null,null,null,null
smart_agriculture_heterogeneous_team_013,survey_field,2026-01-20T11:38:18.000Z,null,drone_scout_1,drone_scout,smart_agriculture_heterogeneous_team_013_exec_1,inprogress,77.6,21.17,5.79,12.19,null,null,null,null,null
smart_agriculture_heterogeneous_team_013,survey_field,2026-01-20T11:39:27.000Z,null,drone_scout_1,drone_scout,smart_agriculture_heterogeneous_team_013_exec_1,inprogress,76.3,31.76,8.68,15.78,null,null,null,null,null
smart_agriculture_heterogeneous_team_013,survey_field,2026-01-20T11:40:36.000Z,null,drone_scout_1,drone_scout,smart_agriculture_heterogeneous_team_013_exec_1,inprogress,75.0,42.35,11.58,19.38,null,null,null,null,null
smart_agriculture_heterogeneous_team_013,survey_field,2026-01-20T11:41:45.000Z,null,drone_scout_1,drone_scout,smart_agriculture_heterogeneous_team_013_exec_1,inprogress,73.7,52.94,14.47,22.97,null,null,null,null,null
smart_agriculture_heterogeneous_team_013,survey_field,2026-01-20T11:42:58.000Z,complete,drone_scout_1,drone_scout,smart_agriculture_heterogeneous_team_013_exec_1,done,72.4,63.52,17.37,26.57,null,null,null,null,null
smart_agriculture_heterogeneous_team_013,detect_patch,2026-01-20T11:42:59.000Z,start,drone_scout_1,drone_scout,smart_agriculture_heterogeneous_team_013_exec_2,inprogress,72.4,63.52,17.37,26.57,null,null,null,null,null
smart_agriculture_heterogeneous_team_013,detect_patch,2026-01-20T11:43:28.000Z,complete,drone_scout_1,drone_scout,smart_agriculture_heterogeneous_team_013_exec_2,done,71.7,63.52,17.37,26.57,null,null,null,null,null
smart_agriculture_heterogeneous_team_013,send_patch_coordinates,2026-01-20T11:43:29.000Z,start,drone_scout_1,drone_scout,smart_agriculture_heterogeneous_team_013_exec_3,inprogress,71.7,63.52,17.37,26.57,msg_142805f621,weed patch coordinates and density,send,drone_scout_1,sprayer_1
smart_agriculture_heterogeneous_team_013,send_patch_coordinates,2026-01-20T11:43:33.000Z,complete,drone_scout_1,drone_scout,smart_agriculture_heterogeneous_team_013_exec_3,done,71.5,63.52,17.37,26.57,msg_142805f621,weed patch coordinates and density,send,drone_scout_1,sprayer_1
smart_agriculture_heterogeneous_team_013,receive_patch_coordinates,2026-01-20T11:43:38.000Z,start,sprayer_1,sprayer_rover,smart_agriculture_heterogeneous_team_013_exec_4,inprogress,87.8,0.0,0.0,0.0,msg_142805f621,weed patch coordinates and density,receive,drone_scout_1,sprayer_1
smart_agriculture_heterogeneous_team_013,receive_patch_coordinates,2026-01-20T11:43:42.000Z,complete,sprayer_1,sprayer_rover,smart_agriculture_heterogeneous_team_013_exec_4,done,87.7,0.0,0.0,0.0,msg_142805f621,weed patch coordinates and density,receive,drone_scout_1,sprayer_1
smart_agriculture_heterogeneous_team_013,navigate_to_patch,2026-01-20T11:43:43.000Z,start,sprayer_1,sprayer_rover,smart_agriculture_heterogeneous_team_013_exec_5,inprogress,87.7,0.0,0.0,0.0,null,null,null,null,null
smart_agriculture_heterogeneous_team_013,navigate_to_patch,2026-01-20T11:44:34.000Z,null,sprayer_1,sprayer_rover,smart_agriculture_heterogeneous_team_013_exec_5,inprogress,86.9,9.07,2.48,0.0,null,null,null,null,null
smart_agriculture_heterogeneous_team_013,navigate_to_patch,2026-01-20T11:45:25.000Z,null,sprayer_1,sprayer_rover,smart_agriculture_heterogeneous_team_013_exec_5,inprogress,86.2,18.15,4.96,0.0,null,null,null,null,null
smart_agriculture_heterogeneous_team_013,navigate_to_patch,2026-01-20T11:46:16.000Z,null,sprayer_1,sprayer_rover,smart_agriculture_heterogeneous_team_013_exec_5,inprogress,85.4,27.22,7.44,0.0,null,null,null,null,null
smart_agriculture_heterogeneous_team_013,navigate_to_patch,2026-01-20T11:47:07.000Z,null,sprayer_1,sprayer_rover,smart_agriculture_heterogeneous_team_013_exec_5,inprogress,84.6,36.3,9.92,0.0,null,null,null,null,null
smart_agriculture_heterogeneous_team_013,navigate_to_patch,2026-01-20T11:47:58.000Z,null,sprayer_1,sprayer_rover,smart_agriculture_heterogeneous_team_013_exec_5,inprogress,83.9,45.37,12.4,0.0,null,null,null,null,null
smart_agriculture_heterogeneous_team_013,navigate_to_patch,2026-01-20T11:48:49.000Z,null,sprayer_1,sprayer_rover,smart_agriculture_heterogeneous_team_013_exec_5,inprogress,83.1,54.45,14.88,0.0,null,null,null,null,null
smart_agriculture_heterogeneous_team_013,navigate_to_patch,2026-01-20T11:49:43.000Z,complete,sprayer_1,sprayer_rover,smart_agriculture_heterogeneous_team_013_exec_5,done,82.3,63.52,17.37,0.0,null,null,null,null,null
smart_agriculture_heterogeneous_team_013,spray_patch,2026-01-20T11:49:44.000Z,start,sprayer_1,sprayer_rover,smart_agriculture_heterogeneous_team_013_exec_6,inprogress,82.3,63.52,17.37,0.0,null,null,null,null,null
smart_agriculture_heterogeneous_team_013,spray_patch,2026-01-20T11:50:32.000Z,null,sprayer_1,sprayer_rover,smart_agriculture_heterogeneous_team_013_exec_6,inprogress,80.8,63.52,17.37,0.0,null,null,null,null,null
smart_agriculture_heterogeneous_team_013,spray_patch,2026-01-20T11:51:20.000Z,null,sprayer_1,sprayer_rover,smart_agriculture_heterogeneous_team_013_exec_6,inprogress,79.2,63.52,17.37,0.0,null,null,null,null,null
smart_agriculture_heterogeneous_team_013,spray_patch,2026-01-20T11:52:08.000Z,null,sprayer_1,sprayer_rover,smart_agriculture_heterogeneous_team_013_exec_6,inprogress,77.7,63.52,17.37,0.0,null,null,null,null,null
smart_agriculture_heterogeneous_team_013,spray_patch,2026-01-20T11:52:56.000Z,null,sprayer_1,sprayer_rover,smart_agriculture_heterogeneous_team_013_exec_6,inprogress,76.1,63.52,17.37,0.0,null,null,null,null,null
smart_agriculture_heterogeneous_team_013,spray_patch,2026-01-20T11:53:45.000Z,complete,sprayer_1,sprayer_rover,smart_agriculture_heterogeneous_team_013_exec_6,done,74.5,63.52,17.37,0.0,null,null,null,null,null
smart_agriculture_heterogeneous_team_013,send_refill_request,2026-01-20T11:53:46.000Z,start,sprayer_1,sprayer_rover,smart_agriculture_heterogeneous_team_013_exec_7,inprogress,74.5,63.52,17.37,0.0,msg_409b6b6d8a,refill needed at current patch,send,sprayer_1,supply_1
smart_agriculture_heterogeneous_team_013,send_refill_request,2026-01-20T11:53:51.000Z,complete,sprayer_1,sprayer_rover,smart_agriculture_heterogeneous_team_013_exec_7,done,74.3,63.52,17.37,0.0,msg_409b6b6d8a,refill needed at current patch,send,sprayer_1,supply_1
smart_agriculture_heterogeneous_team_013,receive_refill_request,2026-01-20T11:53:57.000Z,start,supply_1,supply_rover,smart_agriculture_heterogeneous_team_013_exec_8,inprogress,93.1,0.0,0.0,0.0,msg_409b6b6d8a,refill needed at current patch,receive,sprayer_1,supply_1
smart_agriculture_heterogeneous_team_013,receive_refill_request,2026-01-20T11:54:01.000Z,complete,supply_1,supply_rover,smart_agriculture_heterogeneous_team_013_exec_8,done,93.0,0.0,0.0,0.0,msg_409b6b6d8a,refill needed at current patch,receive,sprayer_1,supply_1
smart_agriculture_heterogeneous_team_013,deliver_refill,2026-01-20T11:54:02.000Z,start,supply_1,supply_rover,smart_agriculture_heterogeneous_team_013_exec_9,inprogress,93.0,0.0,0.0,0.0,null,null,null,null,null
smart_agriculture_heterogeneous_team_013,deliver_refill,2026-01-20T11:54:53.000Z,null,supply_1,supply_rover,smart_agriculture_heterogeneous_team_013_exec_9,inprogress,92.0,16.28,4.44,0.0,null,null,null,null,null
smart_agriculture_heterogeneous_team_013,deliver_refill,2026-01-20T11:55:44.000Z,null,supply_1,supply_rover,smart_agriculture_heterogeneous_team_013_exec_9,inprogress,91.0,32.57,8.87,0.0,null,null,null,null,null
smart_agriculture_heterogeneous_team_013,deliver_refill,2026-01-20T11:56:35.000Z,null,supply_1,supply_rover,smart_agriculture_heterogeneous_team_013_exec_9,inprogress,90.0,48.85,13.31,0.0,null,null,null,null,null
smart_agriculture_heterogeneous_team_013,deliver_refill,2026-01-20T11:57:26.000Z,complete,supply_1,supply_rover,smart_agriculture_heterogeneous_team_013_exec_9,done,89.0,65.13,17.75,0.0,null,null,null,null,null
smart_agriculture_heterogeneous_team_013,send_treatment_ack,2026-01-20T11:57:27.000Z,start,supply_1,supply_rover,smart_agriculture_heterogeneous_team_013_exec_10,inprogress,89.0,65.13,17.75,0.0,msg_22b5894f32,refill delivered and treatment may resume,send,supply_1,sprayer_1
smart_agriculture_heterogeneous_team_013,send_treatment_ack,2026-01-20T11:57:35.000Z,complete,supply_1,supply_rover,smart_agriculture_heterogeneous_team_013_exec_10,done,88.8,65.13,17.75,0.0,msg_22b5894f32,refill delivered and treatment may resume,send,supply_1,sprayer_1
smart_agriculture_heterogeneous_team_013,receive_treatment_ack,2026-01-20T11:57:39.000Z,start,sprayer_1,sprayer_rover,smart_agriculture_heterogeneous_team_013_exec_11,inprogress,74.3,63.52,17.37,0.0,msg_22b5894f32,refill delivered and treatment may resume,receive,supply_1,sprayer_1
smart_agriculture_heterogeneous_team_013,receive_treatment_ack,2026-01-20T11:57:43.000Z,complete,sprayer_1,sprayer_rover,smart_agriculture_heterogeneous_team_013_exec_11,done,74.2,63.52,17.37,0.0,msg_22b5894f32,refill delivered and treatment may resume,receive,supply_1,sprayer_1
smart_agriculture_heterogeneous_team_013,resume_treatment,2026-01-20T11:57:44.000Z,start,sprayer_1,sprayer_rover,smart_agriculture_heterogeneous_team_013_exec_12,inprogress,74.2,63.52,17.37,0.0,null,null,null,null,null
smart_agriculture_heterogeneous_team_013,resume_treatment,2026-01-20T11:58:05.000Z,null,sprayer_1,sprayer_rover,smart_agriculture_heterogeneous_team_013_exec_12,inprogress,73.6,63.52,17.37,0.0,null,null,null,null,null
smart_agriculture_heterogeneous_team_013,resume_treatment,2026-01-20T11:58:26.000Z,null,sprayer_1,sprayer_rover,smart_agriculture_heterogeneous_team_013_exec_12,inprogress,72.9,63.52,17.37,0.0,null,null,null,null,null
smart_agriculture_heterogeneous_team_013,resume_treatment,2026-01-20T11:58:47.000Z,null,sprayer_1,sprayer_rover,smart_agriculture_heterogeneous_team_013_exec_12,inprogress,72.2,63.52,17.37,0.0,null,null,null,null,null
smart_agriculture_heterogeneous_team_013,resume_treatment,2026-01-20T11:59:10.000Z,complete,sprayer_1,sprayer_rover,smart_agriculture_heterogeneous_team_013_exec_12,done,71.5,63.52,17.37,0.0,null,null,null,null,null
smart_agriculture_heterogeneous_team_013,return_base,2026-01-20T11:59:11.000Z,start,drone_scout_1,drone_scout,smart_agriculture_heterogeneous_team_013_exec_13,inprogress,71.5,63.52,17.37,26.57,null,null,null,null,null
smart_agriculture_heterogeneous_team_013,return_base,2026-01-20T12:00:25.000Z,null,drone_scout_1,drone_scout,smart_agriculture_heterogeneous_team_013_exec_13,inprogress,70.1,42.35,11.58,19.38,null,null,null,null,null
smart_agriculture_heterogeneous_team_013,return_base,2026-01-20T12:01:39.000Z,null,drone_scout_1,drone_scout,smart_agriculture_heterogeneous_team_013_exec_13,inprogress,68.8,21.17,5.79,12.19,null,null,null,null,null
smart_agriculture_heterogeneous_team_013,return_base,2026-01-20T12:02:54.000Z,complete,drone_scout_1,drone_scout,smart_agriculture_heterogeneous_team_013_exec_13,done,67.5,0.0,0.0,5.0,null,null,null,null,null
smart_agriculture_heterogeneous_team_013,return_base,2026-01-20T12:02:55.000Z,start,sprayer_1,sprayer_rover,smart_agriculture_heterogeneous_team_013_exec_14,inprogress,71.5,63.52,17.37,0.0,null,null,null,null,null
smart_agriculture_heterogeneous_team_013,return_base,2026-01-20T12:03:47.000Z,null,sprayer_1,sprayer_rover,smart_agriculture_heterogeneous_team_013_exec_14,inprogress,70.7,52.94,14.47,0.0,null,null,null,null,null
smart_agriculture_heterogeneous_team_013,return_base,2026-01-20T12:04:39.000Z,null,sprayer_1,sprayer_rover,smart_agriculture_heterogeneous_team_013_exec_14,inprogress,69.8,42.35,11.58,0.0,null,null,null,null,null
smart_agriculture_heterogeneous_team_013,return_base,2026-01-20T12:05:31.000Z,null,sprayer_1,sprayer_rover,smart_agriculture_heterogeneous_team_013_exec_14,inprogress,69.0,31.76,8.68,0.0,null,null,null,null,null
smart_agriculture_heterogeneous_team_013,return_base,2026-01-20T12:06:23.000Z,null,sprayer_1,sprayer_rover,smart_agriculture_heterogeneous_team_013_exec_14,inprogress,68.2,21.17,5.79,0.0,null,null,null,null,null
smart_agriculture_heterogeneous_team_013,return_base,2026-01-20T12:07:15.000Z,null,sprayer_1,sprayer_rover,smart_agriculture_heterogeneous_team_013_exec_14,inprogress,67.4,10.59,2.89,0.0,null,null,null,null,null
smart_agriculture_heterogeneous_team_013,return_base,2026-01-20T12:08:08.000Z,complete,sprayer_1,sprayer_rover,smart_agriculture_heterogeneous_team_013_exec_14,done,66.5,0.0,0.0,0.0,null,null,null,null,null
smart_agriculture_heterogeneous_team_013,return_base,2026-01-20T12:08:09.000Z,start,supply_1,supply_rover,smart_agriculture_heterogeneous_team_013_exec_15,inprogress,88.8,65.13,17.75,0.0,null,null,null,null,null
smart_agriculture_heterogeneous_team_013,return_base,2026-01-20T12:09:14.000Z,null,supply_1,supply_rover,smart_agriculture_heterogeneous_team_013_exec_15,inprogress,87.8,43.42,11.83,0.0,null,null,null,null,null
smart_agriculture_heterogeneous_team_013,return_base,2026-01-20T12:10:19.000Z,null,supply_1,supply_rover,smart_agriculture_heterogeneous_team_013_exec_15,inprogress,86.8,21.71,5.92,0.0,null,null,null,null,null
smart_agriculture_heterogeneous_team_013,return_base,2026-01-20T12:11:26.000Z,complete,supply_1,supply_rover,smart_agriculture_heterogeneous_team_013_exec_15,done,85.8,0.0,0.0,0.0,null,null,null,null,null
smart_agriculture_heterogeneous_team_014,survey_field,2026-01-20T12:04:00.000Z,start,drone_scout_1,drone_scout,smart_agriculture_heterogeneous_team_014_exec_1,inprogress,93.7,0.0,0.0,5.0,null,null,null,null,null
smart_agriculture_heterogeneous_team_014,survey_field,2026-01-20T12:05:05.000Z,null,drone_scout_1,drone_scout,smart_agriculture_heterogeneous_team_014_exec_1,inprogress,92.2,10.82,6.82,7.79,null,null,null,null,null
smart_agriculture_heterogeneous_team_014,survey_field,2026-01-20T12:06:10.000Z,null,drone_scout_1,drone_scout,smart_agriculture_heterogeneous_team_014_exec_1,inprogress,90.7,21.64,13.64,10.59,null,null,null,null,null
smart_agriculture_heterogeneous_team_014,survey_field,2026-01-20T12:07:15.000Z,null,drone_scout_1,drone_scout,smart_agriculture_heterogeneous_team_014_exec_1,inprogress,89.2,32.46,20.45,13.38,null,null,null,null,null
smart_agriculture_heterogeneous_team_014,survey_field,2026-01-20T12:08:20.000Z,null,drone_scout_1,drone_scout,smart_agriculture_heterogeneous_team_014_exec_1,inprogress,87.8,43.29,27.27,16.18,null,null,null,null,null
smart_agriculture_heterogeneous_team_014,survey_field,2026-01-20T12:09:25.000Z,null,drone_scout_1,drone_scout,smart_agriculture_heterogeneous_team_014_exec_1,inprogress,86.3,54.11,34.09,18.97,null,null,null,null,null
smart_agriculture_heterogeneous_team_014,survey_field,2026-01-20T12:10:33.000Z,complete,drone_scout_1,drone_scout,smart_agriculture_heterogeneous_team_014_exec_1,done,84.8,64.93,40.91,21.77,null,null,null,null,null
smart_agriculture_heterogeneous_team_014,detect_patch,2026-01-20T12:10:34.000Z,start,drone_scout_1,drone_scout,smart_agriculture_heterogeneous_team_014_exec_2,inprogress,84.8,64.93,40.91,21.77,null,null,null,null,null
smart_agriculture_heterogeneous_team_014,detect_patch,2026-01-20T12:11:15.000Z,complete,drone_scout_1,drone_scout,smart_agriculture_heterogeneous_team_014_exec_2,done,84.2,64.93,40.91,21.77,null,null,null,null,null
smart_agriculture_heterogeneous_team_014,send_patch_coordinates,2026-01-20T12:11:16.000Z,start,drone_scout_1,drone_scout,smart_agriculture_heterogeneous_team_014_exec_3,inprogress,84.2,64.93,40.91,21.77,msg_29e607f01a,weed patch coordinates and density,send,drone_scout_1,sprayer_1
smart_agriculture_heterogeneous_team_014,send_patch_coordinates,2026-01-20T12:11:23.000Z,complete,drone_scout_1,drone_scout,smart_agriculture_heterogeneous_team_014_exec_3,done,84.0,64.93,40.91,21.77,msg_29e607f01a,weed patch coordinates and density,send,drone_scout_1,sprayer_1
smart_agriculture_heterogeneous_team_014,receive_patch_coordinates,2026-01-20T12:12:19.000Z,start,sprayer_1,sprayer_rover,smart_agriculture_heterogeneous_team_014_exec_4,inprogress,87.9,0.0,0.0,0.0,msg_29e607f01a,weed patch coordinates and density,receive,drone_scout_1,sprayer_1
smart_agriculture_heterogeneous_team_014,receive_patch_coordinates,2026-01-20T12:12:23.000Z,complete,sprayer_1,sprayer_rover,smart_agriculture_heterogeneous_team_014_exec_4,done,87.8,0.0,0.0,0.0,msg_29e607f01a,weed patch coordinates and density,receive,drone_scout_1,sprayer_1
smart_agriculture_heterogeneous_team_014,navigate_to_patch,2026-01-20T12:12:24.000Z,start,sprayer_1,sprayer_rover,smart_agriculture_heterogeneous_team_014_exec_5,inprogress,87.8,0.0,0.0,0.0,null,null,null,null,null
smart_agriculture_heterogeneous_team_014,navigate_to_patch,2026-01-20T12:13:22.000Z,null,sprayer_1,sprayer_rover,smart_agriculture_heterogeneous_team_014_exec_5,inprogress,85.8,16.23,10.23,0.0,null,null,null,null,null
smart_agriculture_heterogeneous_team_014,navigate_to_patch,2026-01-20T12:14:20.000Z,null,sprayer_1,sprayer_rover,smart_agriculture_heterogeneous_team_014_exec_5,inprogress,83.8,32.46,20.45,0.0,null,null,null,null,null
smart_agriculture_heterogeneous_team_014,navigate_to_patch,2026-01-20T12:15:18.000Z,null,sprayer_1,sprayer_rover,smart_agriculture_heterogeneous_team_014_exec_5,inprogress,81.8,48.7,30.68,0.0,null,null,null,null,null
smart_agriculture_heterogeneous_team_014,navigate_to_patch,2026-01-20T12:16:17.000Z,complete,sprayer_1,sprayer_rover,smart_agriculture_heterogeneous_team_014_exec_5,done,79.8,64.93,40.91,0.0,null,null,null,null,null
smart_agriculture_heterogeneous_team_014,spray_patch,2026-01-20T12:16:18.000Z,start,sprayer_1,sprayer_rover,smart_agriculture_heterogeneous_team_014_exec_6,inprogress,79.8,64.93,40.91,0.0,null,null,null,null,null
smart_agriculture_heterogeneous_team_014,spray_patch,2026-01-20T12:16:52.000Z,null,sprayer_1,sprayer_rover,smart_agriculture_heterogeneous_team_014_exec_6,inprogress,78.4,64.93,40.91,0.0,null,null,null,null,null
smart_agriculture_heterogeneous_team_014,spray_patch,2026-01-20T12:17:26.000Z,null,sprayer_1,sprayer_rover,smart_agriculture_heterogeneous_team_014_exec_6,inprogress,76.9,64.93,40.91,0.0,null,null,null,null,null
smart_agriculture_heterogeneous_team_014,spray_patch,2026-01-20T12:18:00.000Z,null,sprayer_1,sprayer_rover,smart_agriculture_heterogeneous_team_014_exec_6,inprogress,75.4,64.93,40.91,0.0,null,null,null,null,null
smart_agriculture_heterogeneous_team_014,spray_patch,2026-01-20T12:18:34.000Z,null,sprayer_1,sprayer_rover,smart_agriculture_heterogeneous_team_014_exec_6,inprogress,73.9,64.93,40.91,0.0,null,null,null,null,null
smart_agriculture_heterogeneous_team_014,spray_patch,2026-01-20T12:19:08.000Z,null,sprayer_1,sprayer_rover,smart_agriculture_heterogeneous_team_014_exec_6,inprogress,72.5,64.93,40.91,0.0,null,null,null,null,null
smart_agriculture_heterogeneous_team_014,spray_patch,2026-01-20T12:19:44.000Z,complete,sprayer_1,sprayer_rover,smart_agriculture_heterogeneous_team_014_exec_6,done,71.0,64.93,40.91,0.0,null,null,null,null,null
smart_agriculture_heterogeneous_team_014,navigate_to_patch,2026-01-20T12:19:45.000Z,start,sprayer_1,sprayer_rover,smart_agriculture_heterogeneous_team_014_exec_7,inprogress,71.0,64.93,40.91,0.0,null,null,null,null,null
smart_agriculture_heterogeneous_team_014,navigate_to_patch,2026-01-20T12:20:26.000Z,null,sprayer_1,sprayer_rover,smart_agriculture_heterogeneous_team_014_exec_7,inprogress,70.2,67.01,40.86,0.0,null,null,null,null,null
smart_agriculture_heterogeneous_team_014,navigate_to_patch,2026-01-20T12:21:07.000Z,null,sprayer_1,sprayer_rover,smart_agriculture_heterogeneous_team_014_exec_7,inprogress,69.4,69.09,40.81,0.0,null,null,null,null,null
smart_agriculture_heterogeneous_team_014,navigate_to_patch,2026-01-20T12:21:48.000Z,null,sprayer_1,sprayer_rover,smart_agriculture_heterogeneous_team_014_exec_7,inprogress,68.6,71.17,40.77,0.0,null,null,null,null,null
smart_agriculture_heterogeneous_team_014,navigate_to_patch,2026-01-20T12:22:29.000Z,null,sprayer_1,sprayer_rover,smart_agriculture_heterogeneous_team_014_exec_7,inprogress,67.9,73.25,40.72,0.0,null,null,null,null,null
smart_agriculture_heterogeneous_team_014,navigate_to_patch,2026-01-20T12:23:13.000Z,complete,sprayer_1,sprayer_rover,smart_agriculture_heterogeneous_team_014_exec_7,done,67.1,75.34,40.68,0.0,null,null,null,null,null
smart_agriculture_heterogeneous_team_014,spray_patch,2026-01-20T12:23:14.000Z,start,sprayer_1,sprayer_rover,smart_agriculture_heterogeneous_team_014_exec_8,inprogress,67.1,75.34,40.68,0.0,null,null,null,null,null
smart_agriculture_heterogeneous_team_014,spray_patch,2026-01-20T12:23:57.000Z,null,sprayer_1,sprayer_rover,smart_agriculture_heterogeneous_team_014_exec_8,inprogress,66.2,75.34,40.68,0.0,null,null,null,null,null
smart_agriculture_heterogeneous_team_014,spray_patch,2026-01-20T12:24:40.000Z,null,sprayer_1,sprayer_rover,smart_agriculture_heterogeneous_team_014_exec_8,inprogress,65.4,75.34,40.68,0.0,null,null,null,null,null
smart_agriculture_heterogeneous_team_014,spray_patch,2026-01-20T12:25:23.000Z,null,sprayer_1,sprayer_rover,smart_agriculture_heterogeneous_team_014_exec_8,inprogress,64.5,75.34,40.68,0.0,null,null,null,null,null
smart_agriculture_heterogeneous_team_014,spray_patch,2026-01-20T12:26:07.000Z,complete,sprayer_1,sprayer_rover,smart_agriculture_heterogeneous_team_014_exec_8,done,63.6,75.34,40.68,0.0,null,null,null,null,null
smart_agriculture_heterogeneous_team_014,return_base,2026-01-20T12:26:08.000Z,start,drone_scout_1,drone_scout,smart_agriculture_heterogeneous_team_014_exec_9,inprogress,84.0,64.93,40.91,21.77,null,null,null,null,null
smart_agriculture_heterogeneous_team_014,return_base,2026-01-20T12:26:53.000Z,null,drone_scout_1,drone_scout,smart_agriculture_heterogeneous_team_014_exec_9,inprogress,83.1,51.94,32.72,18.41,null,null,null,null,null
smart_agriculture_heterogeneous_team_014,return_base,2026-01-20T12:27:38.000Z,null,drone_scout_1,drone_scout,smart_agriculture_heterogeneous_team_014_exec_9,inprogress,82.3,38.96,24.54,15.06,null,null,null,null,null
smart_agriculture_heterogeneous_team_014,return_base,2026-01-20T12:28:23.000Z,null,drone_scout_1,drone_scout,smart_agriculture_heterogeneous_team_014_exec_9,inprogress,81.5,25.97,16.36,11.71,null,null,null,null,null
smart_agriculture_heterogeneous_team_014,return_base,2026-01-20T12:29:08.000Z,null,drone_scout_1,drone_scout,smart_agriculture_heterogeneous_team_014_exec_9,inprogress,80.6,12.99,8.18,8.35,null,null,null,null,null
smart_agriculture_heterogeneous_team_014,return_base,2026-01-20T12:29:56.000Z,complete,drone_scout_1,drone_scout,smart_agriculture_heterogeneous_team_014_exec_9,done,79.8,0.0,0.0,5.0,null,null,null,null,null
smart_agriculture_heterogeneous_team_014,return_base,2026-01-20T12:29:57.000Z,start,sprayer_1,sprayer_rover,smart_agriculture_heterogeneous_team_014_exec_10,inprogress,63.6,75.34,40.68,0.0,null,null,null,null,null
smart_agriculture_heterogeneous_team_014,return_base,2026-01-20T12:30:50.000Z,null,sprayer_1,sprayer_rover,smart_agriculture_heterogeneous_team_014_exec_10,inprogress,62.9,62.78,33.9,0.0,null,null,null,null,null
smart_agriculture_heterogeneous_team_014,return_base,2026-01-20T12:31:43.000Z,null,sprayer_1,sprayer_rover,smart_agriculture_heterogeneous_team_014_exec_10,inprogress,62.1,50.22,27.12,0.0,null,null,null,null,null
smart_agriculture_heterogeneous_team_014,return_base,2026-01-20T12:32:36.000Z,null,sprayer_1,sprayer_rover,smart_agriculture_heterogeneous_team_014_exec_10,inprogress,61.3,37.67,20.34,0.0,null,null,null,null,null
smart_agriculture_heterogeneous_team_014,return_base,2026-01-20T12:33:29.000Z,null,sprayer_1,sprayer_rover,smart_agriculture_heterogeneous_team_014_exec_10,inprogress,60.5,25.11,13.56,0.0,null,null,null,null,null
smart_agriculture_heterogeneous_team_014,return_base,2026-01-20T12:34:22.000Z,null,sprayer_1,sprayer_rover,smart_agriculture_heterogeneous_team_014_exec_10,inprogress,59.8,12.56,6.78,0.0,null,null,null,null,null
smart_agriculture_heterogeneous_team_014,return_base,2026-01-20T12:35:15.000Z,complete,sprayer_1,sprayer_rover,smart_agriculture_heterogeneous_team_014_exec_10,done,59.0,0.0,0.0,0.0,null,null,null,null,null
smart_agriculture_heterogeneous_team_014,return_base,2026-01-20T12:35:16.000Z,start,supply_1,supply_rover,smart_agriculture_heterogeneous_team_014_exec_11,inprogress,72.2,0.0,0.0,0.0,null,null,null,null,null
smart_agriculture_heterogeneous_team_014,return_base,2026-01-20T12:36:24.000Z,null,supply_1,supply_rover,smart_agriculture_heterogeneous_team_014_exec_11,inprogress,71.6,0.0,0.0,0.0,null,null,null,null,null
smart_agriculture_heterogeneous_team_014,return_base,2026-01-20T12:37:32.000Z,null,supply_1,supply_rover,smart_agriculture_heterogeneous_team_014_exec_11,inprogress,71.0,0.0,0.0,0.0,null,null,null,null,null
smart_agriculture_heterogeneous_team_014,return_base,2026-01-20T12:38:40.000Z,null,supply_1,supply_rover,smart_agriculture_heterogeneous_team_014_exec_11,inprogress,70.3,0.0,0.0,0.0,null,null,null,null,null
smart_agriculture_heterogeneous_team_014,return_base,2026-01-20T12:39:49.000Z,complete,supply_1,supply_rover,smart_agriculture_heterogeneous_team_014_exec_11,done,69.7,0.0,0.0,0.0,null,null,null,null,null
smart_agriculture_heterogeneous_team_015,survey_field,2026-01-20T12:32:00.000Z,start,drone_scout_1,drone_scout,smart_agriculture_heterogeneous_team_015_exec_1,inprogress,77.9,0.0,0.0,5.0,null,null,null,null,null
smart_agriculture_heterogeneous_team_015,survey_field,2026-01-20T12:32:46.000Z,null,drone_scout_1,drone_scout,smart_agriculture_heterogeneous_team_015_exec_1,inprogress,76.9,9.37,3.14,6.97,null,null,null,null,null
smart_agriculture_heterogeneous_team_015,survey_field,2026-01-20T12:33:32.000Z,null,drone_scout_1,drone_scout,smart_agriculture_heterogeneous_team_015_exec_1,inprogress,75.9,18.74,6.28,8.93,null,null,null,null,null
smart_agriculture_heterogeneous_team_015,survey_field,2026-01-20T12:34:18.000Z,null,drone_scout_1,drone_scout,smart_agriculture_heterogeneous_team_015_exec_1,inprogress,74.9,28.11,9.42,10.9,null,null,null,null,null
smart_agriculture_heterogeneous_team_015,survey_field,2026-01-20T12:35:04.000Z,null,drone_scout_1,drone_scout,smart_agriculture_heterogeneous_team_015_exec_1,inprogress,73.9,37.48,12.56,12.87,null,null,null,null,null
smart_agriculture_heterogeneous_team_015,survey_field,2026-01-20T12:35:50.000Z,null,drone_scout_1,drone_scout,smart_agriculture_heterogeneous_team_015_exec_1,inprogress,72.9,46.85,15.7,14.84,null,null,null,null,null
smart_agriculture_heterogeneous_team_015,survey_field,2026-01-20T12:36:36.000Z,null,drone_scout_1,drone_scout,smart_agriculture_heterogeneous_team_015_exec_1,inprogress,71.9,56.22,18.84,16.8,null,null,null,null,null
smart_agriculture_heterogeneous_team_015,survey_field,2026-01-20T12:37:22.000Z,null,drone_scout_1,drone_scout,smart_agriculture_heterogeneous_team_015_exec_1,inprogress,70.9,65.6,21.98,18.77,null,null,null,null,null
smart_agriculture_heterogeneous_team_015,survey_field,2026-01-20T12:38:10.000Z,complete,drone_scout_1,drone_scout,smart_agriculture_heterogeneous_team_015_exec_1,done,69.9,74.97,25.12,20.74,null,null,null,null,null
smart_agriculture_heterogeneous_team_015,detect_patch,2026-01-20T12:38:11.000Z,start,drone_scout_1,drone_scout,smart_agriculture_heterogeneous_team_015_exec_2,inprogress,69.9,74.97,25.12,20.74,null,null,null,null,null
smart_agriculture_heterogeneous_team_015,detect_patch,2026-01-20T12:38:56.000Z,complete,drone_scout_1,drone_scout,smart_agriculture_heterogeneous_team_015_exec_2,done,69.4,74.97,25.12,20.74,null,null,null,null,null
smart_agriculture_heterogeneous_team_015,send_patch_coordinates,2026-01-20T12:38:57.000Z,start,drone_scout_1,drone_scout,smart_agriculture_heterogeneous_team_015_exec_3,inprogress,69.4,74.97,25.12,20.74,msg_df3f683040,weed patch coordinates and density,send,drone_scout_1,sprayer_1
smart_agriculture_heterogeneous_team_015,send_patch_coordinates,2026-01-20T12:39:04.000Z,complete,drone_scout_1,drone_scout,smart_agriculture_heterogeneous_team_015_exec_3,done,69.2,74.97,25.12,20.74,msg_df3f683040,weed patch coordinates and density,send,drone_scout_1,sprayer_1
smart_agriculture_heterogeneous_team_015,receive_patch_coordinates,2026-01-20T12:39:09.000Z,start,sprayer_1,sprayer_rover,smart_agriculture_heterogeneous_team_015_exec_4,inprogress,71.3,0.0,0.0,0.0,msg_df3f683040,weed patch coordinates and density,receive,drone_scout_1,sprayer_1
smart_agriculture_heterogeneous_team_015,receive_patch_coordinates,2026-01-20T12:39:13.000Z,complete,sprayer_1,sprayer_rover,smart_agriculture_heterogeneous_team_015_exec_4,done,71.2,0.0,0.0,0.0,msg_df3f683040,weed patch coordinates and density,receive,drone_scout_1,sprayer_1
smart_agriculture_heterogeneous_team_015,navigate_to_patch,2026-01-20T12:39:14.000Z,start,sprayer_1,sprayer_rover,smart_agriculture_heterogeneous_team_015_exec_5,inprogress,71.2,0.0,0.0,0.0,null,null,null,null,null
smart_agriculture_heterogeneous_team_015,navigate_to_patch,2026-01-20T12:40:13.000Z,null,sprayer_1,sprayer_rover,smart_agriculture_heterogeneous_team_015_exec_5,inprogress,70.3,14.99,5.02,0.0,null,null,null,null,null
smart_agriculture_heterogeneous_team_015,navigate_to_patch,2026-01-20T12:41:12.000Z,null,sprayer_1,sprayer_rover,smart_agriculture_heterogeneous_team_015_exec_5,inprogress,69.4,29.99,10.05,0.0,null,null,null,null,null
smart_agriculture_heterogeneous_team_015,navigate_to_patch,2026-01-20T12:42:11.000Z,null,sprayer_1,sprayer_rover,smart_agriculture_heterogeneous_team_015_exec_5,inprogress,68.6,44.98,15.07,0.0,null,null,null,null,null
smart_agriculture_heterogeneous_team_015,navigate_to_patch,2026-01-20T12:43:10.000Z,null,sprayer_1,sprayer_rover,smart_agriculture_heterogeneous_team_015_exec_5,inprogress,67.7,59.97,20.1,0.0,null,null,null,null,null
smart_agriculture_heterogeneous_team_015,navigate_to_patch,2026-01-20T12:44:10.000Z,complete,sprayer_1,sprayer_rover,smart_agriculture_heterogeneous_team_015_exec_5,done,66.8,74.97,25.12,0.0,null,null,null,null,null
smart_agriculture_heterogeneous_team_015,spray_patch,2026-01-20T12:44:11.000Z,start,sprayer_1,sprayer_rover,smart_agriculture_heterogeneous_team_015_exec_6,inprogress,66.8,74.97,25.12,0.0,null,null,null,null,null
smart_agriculture_heterogeneous_team_015,spray_patch,2026-01-20T12:44:45.000Z,null,sprayer_1,sprayer_rover,smart_agriculture_heterogeneous_team_015_exec_6,inprogress,65.3,74.97,25.12,0.0,null,null,null,null,null
smart_agriculture_heterogeneous_team_015,spray_patch,2026-01-20T12:45:19.000Z,null,sprayer_1,sprayer_rover,smart_agriculture_heterogeneous_team_015_exec_6,inprogress,63.8,74.97,25.12,0.0,null,null,null,null,null
smart_agriculture_heterogeneous_team_015,spray_patch,2026-01-20T12:45:53.000Z,null,sprayer_1,sprayer_rover,smart_agriculture_heterogeneous_team_015_exec_6,inprogress,62.3,74.97,25.12,0.0,null,null,null,null,null
smart_agriculture_heterogeneous_team_015,spray_patch,2026-01-20T12:46:27.000Z,complete,sprayer_1,sprayer_rover,smart_agriculture_heterogeneous_team_015_exec_6,done,60.8,74.97,25.12,0.0,null,null,null,null,null
smart_agriculture_heterogeneous_team_015,return_base,2026-01-20T12:46:28.000Z,start,drone_scout_1,drone_scout,smart_agriculture_heterogeneous_team_015_exec_7,inprogress,69.2,74.97,25.12,20.74,null,null,null,null,null
smart_agriculture_heterogeneous_team_015,return_base,2026-01-20T12:47:16.000Z,null,drone_scout_1,drone_scout,smart_agriculture_heterogeneous_team_015_exec_7,inprogress,68.5,59.97,20.1,17.59,null,null,null,null,null
smart_agriculture_heterogeneous_team_015,return_base,2026-01-20T12:48:04.000Z,null,drone_scout_1,drone_scout,smart_agriculture_heterogeneous_team_015_exec_7,inprogress,67.7,44.98,15.07,14.44,null,null,null,null,null
smart_agriculture_heterogeneous_team_015,return_base,2026-01-20T12:48:52.000Z,null,drone_scout_1,drone_scout,smart_agriculture_heterogeneous_team_015_exec_7,inprogress,67.0,29.99,10.05,11.29,null,null,null,null,null
smart_agriculture_heterogeneous_team_015,return_base,2026-01-20T12:49:40.000Z,null,drone_scout_1,drone_scout,smart_agriculture_heterogeneous_team_015_exec_7,inprogress,66.3,14.99,5.02,8.15,null,null,null,null,null
smart_agriculture_heterogeneous_team_015,return_base,2026-01-20T12:50:28.000Z,complete,drone_scout_1,drone_scout,smart_agriculture_heterogeneous_team_015_exec_7,done,65.5,0.0,0.0,5.0,null,null,null,null,null
smart_agriculture_heterogeneous_team_015,return_base,2026-01-20T12:50:29.000Z,start,sprayer_1,sprayer_rover,smart_agriculture_heterogeneous_team_015_exec_8,inprogress,60.8,74.97,25.12,0.0,null,null,null,null,null
smart_agriculture_heterogeneous_team_015,return_base,2026-01-20T12:51:24.000Z,null,sprayer_1,sprayer_rover,smart_agriculture_heterogeneous_team_015_exec_8,inprogress,59.9,62.47,20.94,0.0,null,null,null,null,null
smart_agriculture_heterogeneous_team_015,return_base,2026-01-20T12:52:19.000Z,null,sprayer_1,sprayer_rover,smart_agriculture_heterogeneous_team_015_exec_8,inprogress,59.1,49.98,16.75,0.0,null,null,null,null,null
smart_agriculture_heterogeneous_team_015,return_base,2026-01-20T12:53:14.000Z,null,sprayer_1,sprayer_rover,smart_agriculture_heterogeneous_team_015_exec_8,inprogress,58.2,37.48,12.56,0.0,null,null,null,null,null
smart_agriculture_heterogeneous_team_015,return_base,2026-01-20T12:54:09.000Z,null,sprayer_1,sprayer_rover,smart_agriculture_heterogeneous_team_015_exec_8,inprogress,57.4,24.99,8.37,0.0,null,null,null,null,null
smart_agriculture_heterogeneous_team_015,return_base,2026-01-20T12:55:04.000Z,null,sprayer_1,sprayer_rover,smart_agriculture_heterogeneous_team_015_exec_8,inprogress,56.5,12.49,4.19,0.0,null,null,null,null,null
smart_agriculture_heterogeneous_team_015,return_base,2026-01-20T12:56:01.000Z,complete,sprayer_1,sprayer_rover,smart_agriculture_heterogeneous_team_015_exec_8,done,55.7,0.0,0.0,0.0,null,null,null,null,null
smart_agriculture_heterogeneous_team_015,return_base,2026-01-20T12:56:02.000Z,start,supply_1,supply_rover,smart_agriculture_heterogeneous_team_015_exec_9,inprogress,88.7,0.0,0.0,0.0,null,null,null,null,null
smart_agriculture_heterogeneous_team_015,return_base,2026-01-20T12:57:05.000Z,null,supply_1,supply_rover,smart_agriculture_heterogeneous_team_015_exec_9,inprogress,87.0,0.0,0.0,0.0,null,null,null,null,null
smart_agriculture_heterogeneous_team_015,return_base,2026-01-20T12:58:08.000Z,null,supply_1,supply_rover,smart_agriculture_heterogeneous_team_015_exec_9,inprogress,85.4,0.0,0.0,0.0,null,null,null,null,null
smart_agriculture_heterogeneous_team_015,return_base,2026-01-20T12:59:13.000Z,complete,supply_1,supply_rover,smart_agriculture_heterogeneous_team_015_exec_9,done,83.8,0.0,0.0,0.0,null,null,null,null,null
smart_agriculture_heterogeneous_team_016,survey_field,2026-01-20T13:00:00.000Z,start,drone_scout_1,drone_scout,smart_agriculture_heterogeneous_team_016_exec_1,inprogress,97.4,0.0,0.0,5.0,null,null,null,null,null
smart_agriculture_heterogeneous_team_016,survey_field,2026-01-20T13:01:00.000Z,null,drone_scout_1,drone_scout,smart_agriculture_heterogeneous_team_016_exec_1,inprogress,96.0,6.98,7.99,7.68,null,null,null,null,null
smart_agriculture_heterogeneous_team_016,survey_field,2026-01-20T13:02:00.000Z,null,drone_scout_1,drone_scout,smart_agriculture_heterogeneous_team_016_exec_1,inprogress,94.5,13.96,15.98,10.36,null,null,null,null,null
smart_agriculture_heterogeneous_team_016,survey_field,2026-01-20T13:03:00.000Z,null,drone_scout_1,drone_scout,smart_agriculture_heterogeneous_team_016_exec_1,inprogress,93.1,20.94,23.98,13.03,null,null,null,null,null
smart_agriculture_heterogeneous_team_016,survey_field,2026-01-20T13:04:00.000Z,null,drone_scout_1,drone_scout,smart_agriculture_heterogeneous_team_016_exec_1,inprogress,91.6,27.92,31.97,15.71,null,null,null,null,null
smart_agriculture_heterogeneous_team_016,survey_field,2026-01-20T13:05:00.000Z,complete,drone_scout_1,drone_scout,smart_agriculture_heterogeneous_team_016_exec_1,done,90.1,34.9,39.96,18.39,null,null,null,null,null
smart_agriculture_heterogeneous_team_016,detect_patch,2026-01-20T13:05:01.000Z,start,drone_scout_1,drone_scout,smart_agriculture_heterogeneous_team_016_exec_2,inprogress,90.1,34.9,39.96,18.39,null,null,null,null,null
smart_agriculture_heterogeneous_team_016,detect_patch,2026-01-20T13:05:41.000Z,complete,drone_scout_1,drone_scout,smart_agriculture_heterogeneous_team_016_exec_2,done,89.9,34.9,39.96,18.39,null,null,null,null,null
smart_agriculture_heterogeneous_team_016,send_patch_coordinates,2026-01-20T13:05:42.000Z,start,drone_scout_1,drone_scout,smart_agriculture_heterogeneous_team_016_exec_3,inprogress,89.9,34.9,39.96,18.39,msg_69f5cadedb,weed patch coordinates and density,send,drone_scout_1,sprayer_1
smart_agriculture_heterogeneous_team_016,send_patch_coordinates,2026-01-20T13:05:46.000Z,complete,drone_scout_1,drone_scout,smart_agriculture_heterogeneous_team_016_exec_3,done,89.7,34.9,39.96,18.39,msg_69f5cadedb,weed patch coordinates and density,send,drone_scout_1,sprayer_1
smart_agriculture_heterogeneous_team_016,receive_patch_coordinates,2026-01-20T13:05:51.000Z,start,sprayer_1,sprayer_rover,smart_agriculture_heterogeneous_team_016_exec_4,inprogress,72.9,0.0,0.0,0.0,msg_69f5cadedb,weed patch coordinates and density,receive,drone_scout_1,sprayer_1
smart_agriculture_heterogeneous_team_016,receive_patch_coordinates,2026-01-20T13:05:55.000Z,complete,sprayer_1,sprayer_rover,smart_agriculture_heterogeneous_team_016_exec_4,done,72.8,0.0,0.0,0.0,msg_69f5cadedb,weed patch coordinates and density,receive,drone_scout_1,sprayer_1
smart_agriculture_heterogeneous_team_016,navigate_to_patch,2026-01-20T13:05:56.000Z,start,sprayer_1,sprayer_rover,smart_agriculture_heterogeneous_team_016_exec_5,inprogress,72.8,0.0,0.0,0.0,null,null,null,null,null
smart_agriculture_heterogeneous_team_016,navigate_to_patch,2026-01-20T13:06:56.000Z,null,sprayer_1,sprayer_rover,smart_agriculture_heterogeneous_team_016_exec_5,inprogress,71.3,8.72,9.99,0.0,null,null,null,null,null
smart_agriculture_heterogeneous_team_016,navigate_to_patch,2026-01-20T13:07:56.000Z,null,sprayer_1,sprayer_rover,smart_agriculture_heterogeneous_team_016_exec_5,inprogress,69.8,17.45,19.98,0.0,null,null,null,null,null
smart_agriculture_heterogeneous_team_016,navigate_to_patch,2026-01-20T13:08:56.000Z,null,sprayer_1,sprayer_rover,smart_agriculture_heterogeneous_team_016_exec_5,inprogress,68.3,26.17,29.97,0.0,null,null,null,null,null
smart_agriculture_heterogeneous_team_016,navigate_to_patch,2026-01-20T13:09:57.000Z,complete,sprayer_1,sprayer_rover,smart_agriculture_heterogeneous_team_016_exec_5,done,66.8,34.9,39.96,0.0,null,null,null,null,null
smart_agriculture_heterogeneous_team_016,spray_patch,2026-01-20T13:09:58.000Z,start,sprayer_1,sprayer_rover,smart_agriculture_heterogeneous_team_016_exec_6,inprogress,66.8,34.9,39.96,0.0,null,null,null,null,null
smart_agriculture_heterogeneous_team_016,spray_patch,2026-01-20T13:10:51.000Z,null,sprayer_1,sprayer_rover,smart_agriculture_heterogeneous_team_016_exec_6,inprogress,65.2,34.9,39.96,0.0,null,null,null,null,null
smart_agriculture_heterogeneous_team_016,spray_patch,2026-01-20T13:11:44.000Z,null,sprayer_1,sprayer_rover,smart_agriculture_heterogeneous_team_016_exec_6,inprogress,63.7,34.9,39.96,0.0,null,null,null,null,null
smart_agriculture_heterogeneous_team_016,spray_patch,2026-01-20T13:12:37.000Z,null,sprayer_1,sprayer_rover,smart_agriculture_heterogeneous_team_016_exec_6,inprogress,62.2,34.9,39.96,0.0,null,null,null,null,null
smart_agriculture_heterogeneous_team_016,spray_patch,2026-01-20T13:13:31.000Z,complete,sprayer_1,sprayer_rover,smart_agriculture_heterogeneous_team_016_exec_6,done,60.6,34.9,39.96,0.0,null,null,null,null,null
smart_agriculture_heterogeneous_team_016,return_base,2026-01-20T13:13:32.000Z,start,drone_scout_1,drone_scout,smart_agriculture_heterogeneous_team_016_exec_7,inprogress,89.7,34.9,39.96,18.39,null,null,null,null,null
smart_agriculture_heterogeneous_team_016,return_base,2026-01-20T13:14:23.000Z,null,drone_scout_1,drone_scout,smart_agriculture_heterogeneous_team_016_exec_7,inprogress,88.6,26.17,29.97,15.04,null,null,null,null,null
smart_agriculture_heterogeneous_team_016,return_base,2026-01-20T13:15:14.000Z,null,drone_scout_1,drone_scout,smart_agriculture_heterogeneous_team_016_exec_7,inprogress,87.6,17.45,19.98,11.7,null,null,null,null,null
smart_agriculture_heterogeneous_team_016,return_base,2026-01-20T13:16:05.000Z,null,drone_scout_1,drone_scout,smart_agriculture_heterogeneous_team_016_exec_7,inprogress,86.5,8.72,9.99,8.35,null,null,null,null,null
smart_agriculture_heterogeneous_team_016,return_base,2026-01-20T13:16:58.000Z,complete,drone_scout_1,drone_scout,smart_agriculture_heterogeneous_team_016_exec_7,done,85.5,0.0,0.0,5.0,null,null,null,null,null
smart_agriculture_heterogeneous_team_016,return_base,2026-01-20T13:16:59.000Z,start,sprayer_1,sprayer_rover,smart_agriculture_heterogeneous_team_016_exec_8,inprogress,60.6,34.9,39.96,0.0,null,null,null,null,null
smart_agriculture_heterogeneous_team_016,return_base,2026-01-20T13:18:17.000Z,null,sprayer_1,sprayer_rover,smart_agriculture_heterogeneous_team_016_exec_8,inprogress,59.3,26.17,29.97,0.0,null,null,null,null,null
smart_agriculture_heterogeneous_team_016,return_base,2026-01-20T13:19:35.000Z,null,sprayer_1,sprayer_rover,smart_agriculture_heterogeneous_team_016_exec_8,inprogress,58.0,17.45,19.98,0.0,null,null,null,null,null
smart_agriculture_heterogeneous_team_016,return_base,2026-01-20T13:20:53.000Z,null,sprayer_1,sprayer_rover,smart_agriculture_heterogeneous_team_016_exec_8,inprogress,56.7,8.72,9.99,0.0,null,null,null,null,null
smart_agriculture_heterogeneous_team_016,return_base,2026-01-20T13:22:12.000Z,complete,sprayer_1,sprayer_rover,smart_agriculture_heterogeneous_team_016_exec_8,done,55.4,0.0,0.0,0.0,null,null,null,null,null
smart_agriculture_heterogeneous_team_016,return_base,2026-01-20T13:22:13.000Z,start,supply_1,supply_rover,smart_agriculture_heterogeneous_team_016_exec_9,inprogress,87.6,0.0,0.0,0.0,null,null,null,null,null
smart_agriculture_heterogeneous_team_016,return_base,2026-01-20T13:23:01.000Z,null,supply_1,supply_rover,smart_agriculture_heterogeneous_team_016_exec_9,inprogress,86.6,0.0,0.0,0.0,null,null,null,null,null
smart_agriculture_heterogeneous_team_016,return_base,2026-01-20T13:23:49.000Z,null,supply_1,supply_rover,smart_agriculture_heterogeneous_team_016_exec_9,inprogress,85.7,0.0,0.0,0.0,null,null,null,null,null
smart_agriculture_heterogeneous_team_016,return_base,2026-01-20T13:24:37.000Z,null,supply_1,supply_rover,smart_agriculture_heterogeneous_team_016_exec_9,inprogress,84.7,0.0,0.0,0.0,null,null,null,null,null
smart_agriculture_heterogeneous_team_016,return_base,2026-01-20T13:25:25.000Z,null,supply_1,supply_rover,smart_agriculture_heterogeneous_team_016_exec_9,inprogress,83.8,0.0,0.0,0.0,null,null,null,null,null
smart_agriculture_heterogeneous_team_016,return_base,2026-01-20T13:26:13.000Z,complete,supply_1,supply_rover,smart_agriculture_heterogeneous_team_016_exec_9,done,82.8,0.0,0.0,0.0,null,null,null,null,null
smart_agriculture_heterogeneous_team_017,survey_field,2026-01-20T13:28:00.000Z,start,drone_scout_1,drone_scout,smart_agriculture_heterogeneous_team_017_exec_1,inprogress,99.9,0.0,0.0,5.0,null,null,null,null,null
smart_agriculture_heterogeneous_team_017,survey_field,2026-01-20T13:28:38.000Z,null,drone_scout_1,drone_scout,smart_agriculture_heterogeneous_team_017_exec_1,inprogress,99.0,10.47,7.47,7.23,null,null,null,null,null
smart_agriculture_heterogeneous_team_017,survey_field,2026-01-20T13:29:16.000Z,null,drone_scout_1,drone_scout,smart_agriculture_heterogeneous_team_017_exec_1,inprogress,98.1,20.95,14.94,9.46,null,null,null,null,null
smart_agriculture_heterogeneous_team_017,survey_field,2026-01-20T13:29:54.000Z,null,drone_scout_1,drone_scout,smart_agriculture_heterogeneous_team_017_exec_1,inprogress,97.1,31.42,22.41,11.68,null,null,null,null,null
smart_agriculture_heterogeneous_team_017,survey_field,2026-01-20T13:30:32.000Z,null,drone_scout_1,drone_scout,smart_agriculture_heterogeneous_team_017_exec_1,inprogress,96.2,41.89,29.88,13.91,null,null,null,null,null
smart_agriculture_heterogeneous_team_017,survey_field,2026-01-20T13:31:10.000Z,null,drone_scout_1,drone_scout,smart_agriculture_heterogeneous_team_017_exec_1,inprogress,95.3,52.36,37.35,16.14,null,null,null,null,null
smart_agriculture_heterogeneous_team_017,survey_field,2026-01-20T13:31:51.000Z,complete,drone_scout_1,drone_scout,smart_agriculture_heterogeneous_team_017_exec_1,done,94.4,62.84,44.82,18.37,null,null,null,null,null
smart_agriculture_heterogeneous_team_017,detect_patch,2026-01-20T13:31:52.000Z,start,drone_scout_1,drone_scout,smart_agriculture_heterogeneous_team_017_exec_2,inprogress,94.4,62.84,44.82,18.37,null,null,null,null,null
smart_agriculture_heterogeneous_team_017,detect_patch,2026-01-20T13:32:39.000Z,complete,drone_scout_1,drone_scout,smart_agriculture_heterogeneous_team_017_exec_2,done,93.7,62.84,44.82,18.37,null,null,null,null,null
smart_agriculture_heterogeneous_team_017,send_patch_coordinates,2026-01-20T13:32:40.000Z,start,drone_scout_1,drone_scout,smart_agriculture_heterogeneous_team_017_exec_3,inprogress,93.7,62.84,44.82,18.37,msg_cb0bbc31d3,weed patch coordinates and density,send,drone_scout_1,sprayer_1
smart_agriculture_heterogeneous_team_017,send_patch_coordinates,2026-01-20T13:32:45.000Z,complete,drone_scout_1,drone_scout,smart_agriculture_heterogeneous_team_017_exec_3,done,93.5,62.84,44.82,18.37,msg_cb0bbc31d3,weed patch coordinates and density,send,drone_scout_1,sprayer_1
smart_agriculture_heterogeneous_team_017,receive_patch_coordinates,2026-01-20T13:32:50.000Z,start,sprayer_1,sprayer_rover,smart_agriculture_heterogeneous_team_017_exec_4,inprogress,84.4,0.0,0.0,0.0,msg_cb0bbc31d3,weed patch coordinates and density,receive,drone_scout_1,sprayer_1
smart_agriculture_heterogeneous_team_017,receive_patch_coordinates,2026-01-20T13:32:54.000Z,complete,sprayer_1,sprayer_rover,smart_agriculture_heterogeneous_team_017_exec_4,done,84.3,0.0,0.0,0.0,msg_cb0bbc31d3,weed patch coordinates and density,receive,drone_scout_1,sprayer_1
smart_agriculture_heterogeneous_team_017,navigate_to_patch,2026-01-20T13:32:55.000Z,start,sprayer_1,sprayer_rover,smart_agriculture_heterogeneous_team_017_exec_5,inprogress,84.3,0.0,0.0,0.0,null,null,null,null,null
smart_agriculture_heterogeneous_team_017,navigate_to_patch,2026-01-20T13:33:56.000Z,null,sprayer_1,sprayer_rover,smart_agriculture_heterogeneous_team_017_exec_5,inprogress,83.4,10.47,7.47,0.0,null,null,null,null,null
smart_agriculture_heterogeneous_team_017,navigate_to_patch,2026-01-20T13:34:57.000Z,null,sprayer_1,sprayer_rover,smart_agriculture_heterogeneous_team_017_exec_5,inprogress,82.6,20.95,14.94,0.0,null,null,null,null,null
smart_agriculture_heterogeneous_team_017,navigate_to_patch,2026-01-20T13:35:58.000Z,null,sprayer_1,sprayer_rover,smart_agriculture_heterogeneous_team_017_exec_5,inprogress,81.7,31.42,22.41,0.0,null,null,null,null,null
smart_agriculture_heterogeneous_team_017,navigate_to_patch,2026-01-20T13:36:59.000Z,null,sprayer_1,sprayer_rover,smart_agriculture_heterogeneous_team_017_exec_5,inprogress,80.9,41.89,29.88,0.0,null,null,null,null,null
smart_agriculture_heterogeneous_team_017,navigate_to_patch,2026-01-20T13:38:00.000Z,null,sprayer_1,sprayer_rover,smart_agriculture_heterogeneous_team_017_exec_5,inprogress,80.0,52.36,37.35,0.0,null,null,null,null,null
smart_agriculture_heterogeneous_team_017,navigate_to_patch,2026-01-20T13:39:06.000Z,complete,sprayer_1,sprayer_rover,smart_agriculture_heterogeneous_team_017_exec_5,done,79.2,62.84,44.82,0.0,null,null,null,null,null
smart_agriculture_heterogeneous_team_017,spray_patch,2026-01-20T13:39:07.000Z,start,sprayer_1,sprayer_rover,smart_agriculture_heterogeneous_team_017_exec_6,inprogress,79.2,62.84,44.82,0.0,null,null,null,null,null
smart_agriculture_heterogeneous_team_017,spray_patch,2026-01-20T13:40:23.000Z,null,sprayer_1,sprayer_rover,smart_agriculture_heterogeneous_team_017_exec_6,inprogress,76.9,62.84,44.82,0.0,null,null,null,null,null
smart_agriculture_heterogeneous_team_017,spray_patch,2026-01-20T13:41:39.000Z,null,sprayer_1,sprayer_rover,smart_agriculture_heterogeneous_team_017_exec_6,inprogress,74.7,62.84,44.82,0.0,null,null,null,null,null
smart_agriculture_heterogeneous_team_017,spray_patch,2026-01-20T13:42:55.000Z,complete,sprayer_1,sprayer_rover,smart_agriculture_heterogeneous_team_017_exec_6,done,72.4,62.84,44.82,0.0,null,null,null,null,null
smart_agriculture_heterogeneous_team_017,send_refill_request,2026-01-20T13:42:56.000Z,start,sprayer_1,sprayer_rover,smart_agriculture_heterogeneous_team_017_exec_7,inprogress,72.4,62.84,44.82,0.0,msg_e9cb1485e0,refill needed at current patch,send,sprayer_1,supply_1
smart_agriculture_heterogeneous_team_017,send_refill_request,2026-01-20T13:43:03.000Z,complete,sprayer_1,sprayer_rover,smart_agriculture_heterogeneous_team_017_exec_7,done,72.2,62.84,44.82,0.0,msg_e9cb1485e0,refill needed at current patch,send,sprayer_1,supply_1
smart_agriculture_heterogeneous_team_017,receive_refill_request,2026-01-20T13:43:09.000Z,start,supply_1,supply_rover,smart_agriculture_heterogeneous_team_017_exec_8,inprogress,85.3,0.0,0.0,0.0,msg_e9cb1485e0,refill needed at current patch,receive,sprayer_1,supply_1
smart_agriculture_heterogeneous_team_017,receive_refill_request,2026-01-20T13:43:13.000Z,complete,supply_1,supply_rover,smart_agriculture_heterogeneous_team_017_exec_8,done,85.2,0.0,0.0,0.0,msg_e9cb1485e0,refill needed at current patch,receive,sprayer_1,supply_1
smart_agriculture_heterogeneous_team_017,deliver_refill,2026-01-20T13:43:14.000Z,start,supply_1,supply_rover,smart_agriculture_heterogeneous_team_017_exec_9,inprogress,85.2,0.0,0.0,0.0,null,null,null,null,null
smart_agriculture_heterogeneous_team_017,deliver_refill,2026-01-20T13:44:26.000Z,null,supply_1,supply_rover,smart_agriculture_heterogeneous_team_017_exec_9,inprogress,84.0,14.88,10.71,0.0,null,null,null,null,null
smart_agriculture_heterogeneous_team_017,deliver_refill,2026-01-20T13:45:38.000Z,null,supply_1,supply_rover,smart_agriculture_heterogeneous_team_017_exec_9,inprogress,82.9,29.75,21.43,0.0,null,null,null,null,null
smart_agriculture_heterogeneous_team_017,deliver_refill,2026-01-20T13:46:50.000Z,null,supply_1,supply_rover,smart_agriculture_heterogeneous_team_017_exec_9,inprogress,81.7,44.63,32.14,0.0,null,null,null,null,null
smart_agriculture_heterogeneous_team_017,deliver_refill,2026-01-20T13:48:02.000Z,complete,supply_1,supply_rover,smart_agriculture_heterogeneous_team_017_exec_9,done,80.6,59.5,42.85,0.0,null,null,null,null,null
smart_agriculture_heterogeneous_team_017,send_treatment_ack,2026-01-20T13:48:03.000Z,start,supply_1,supply_rover,smart_agriculture_heterogeneous_team_017_exec_10,inprogress,80.6,59.5,42.85,0.0,msg_371c13371e,refill delivered and treatment may resume,send,supply_1,sprayer_1
smart_agriculture_heterogeneous_team_017,send_treatment_ack,2026-01-20T13:48:07.000Z,complete,supply_1,supply_rover,smart_agriculture_heterogeneous_team_017_exec_10,done,80.4,59.5,42.85,0.0,msg_371c13371e,refill delivered and treatment may resume,send,supply_1,sprayer_1
smart_agriculture_heterogeneous_team_017,receive_treatment_ack,2026-01-20T13:48:11.000Z,start,sprayer_1,sprayer_rover,smart_agriculture_heterogeneous_team_017_exec_11,inprogress,72.2,62.84,44.82,0.0,msg_371c13371e,refill delivered and treatment may resume,receive,supply_1,sprayer_1
smart_agriculture_heterogeneous_team_017,receive_treatment_ack,2026-01-20T13:48:15.000Z,complete,sprayer_1,sprayer_rover,smart_agriculture_heterogeneous_team_017_exec_11,done,72.1,62.84,44.82,0.0,msg_371c13371e,refill delivered and treatment may resume,receive,supply_1,sprayer_1
smart_agriculture_heterogeneous_team_017,resume_treatment,2026-01-20T13:48:16.000Z,start,sprayer_1,sprayer_rover,smart_agriculture_heterogeneous_team_017_exec_12,inprogress,72.1,62.84,44.82,0.0,null,null,null,null,null
smart_agriculture_heterogeneous_team_017,resume_treatment,2026-01-20T13:48:56.000Z,null,sprayer_1,sprayer_rover,smart_agriculture_heterogeneous_team_017_exec_12,inprogress,71.4,62.84,44.82,0.0,null,null,null,null,null
smart_agriculture_heterogeneous_team_017,resume_treatment,2026-01-20T13:49:36.000Z,null,sprayer_1,sprayer_rover,smart_agriculture_heterogeneous_team_017_exec_12,inprogress,70.8,62.84,44.82,0.0,null,null,null,null,null
smart_agriculture_heterogeneous_team_017,resume_treatment,2026-01-20T13:50:16.000Z,null,sprayer_1,sprayer_rover,smart_agriculture_heterogeneous_team_017_exec_12,inprogress,70.1,62.84,44.82,0.0,null,null,null,null,null
smart_agriculture_heterogeneous_team_017,resume_treatment,2026-01-20T13:50:56.000Z,complete,sprayer_1,sprayer_rover,smart_agriculture_heterogeneous_team_017_exec_12,done,69.4,62.84,44.82,0.0,null,null,null,null,null
smart_agriculture_heterogeneous_team_017,return_base,2026-01-20T13:50:57.000Z,start,drone_scout_1,drone_scout,smart_agriculture_heterogeneous_team_017_exec_13,inprogress,93.5,62.84,44.82,18.37,null,null,null,null,null
smart_agriculture_heterogeneous_team_017,return_base,2026-01-20T13:51:41.000Z,null,drone_scout_1,drone_scout,smart_agriculture_heterogeneous_team_017_exec_13,inprogress,92.7,50.27,35.85,15.69,null,null,null,null,null
smart_agriculture_heterogeneous_team_017,return_base,2026-01-20T13:52:25.000Z,null,drone_scout_1,drone_scout,smart_agriculture_heterogeneous_team_017_exec_13,inprogress,91.9,37.7,26.89,13.02,null,null,null,null,null
smart_agriculture_heterogeneous_team_017,return_base,2026-01-20T13:53:09.000Z,null,drone_scout_1,drone_scout,smart_agriculture_heterogeneous_team_017_exec_13,inprogress,91.1,25.13,17.93,10.35,null,null,null,null,null
smart_agriculture_heterogeneous_team_017,return_base,2026-01-20T13:53:53.000Z,null,drone_scout_1,drone_scout,smart_agriculture_heterogeneous_team_017_exec_13,inprogress,90.2,12.57,8.96,7.67,null,null,null,null,null
smart_agriculture_heterogeneous_team_017,return_base,2026-01-20T13:54:38.000Z,complete,drone_scout_1,drone_scout,smart_agriculture_heterogeneous_team_017_exec_13,done,89.4,0.0,0.0,5.0,null,null,null,null,null
smart_agriculture_heterogeneous_team_017,return_base,2026-01-20T13:54:39.000Z,start,sprayer_1,sprayer_rover,smart_agriculture_heterogeneous_team_017_exec_14,inprogress,69.4,62.84,44.82,0.0,null,null,null,null,null
smart_agriculture_heterogeneous_team_017,return_base,2026-01-20T13:55:28.000Z,null,sprayer_1,sprayer_rover,smart_agriculture_heterogeneous_team_017_exec_14,inprogress,68.5,52.36,37.35,0.0,null,null,null,null,null
smart_agriculture_heterogeneous_team_017,return_base,2026-01-20T13:56:17.000Z,null,sprayer_1,sprayer_rover,smart_agriculture_heterogeneous_team_017_exec_14,inprogress,67.6,41.89,29.88,0.0,null,null,null,null,null
smart_agriculture_heterogeneous_team_017,return_base,2026-01-20T13:57:06.000Z,null,sprayer_1,sprayer_rover,smart_agriculture_heterogeneous_team_017_exec_14,inprogress,66.7,31.42,22.41,0.0,null,null,null,null,null
smart_agriculture_heterogeneous_team_017,return_base,2026-01-20T13:57:55.000Z,null,sprayer_1,sprayer_rover,smart_agriculture_heterogeneous_team_017_exec_14,inprogress,65.8,20.95,14.94,0.0,null,null,null,null,null
smart_agriculture_heterogeneous_team_017,return_base,2026-01-20T13:58:44.000Z,null,sprayer_1,sprayer_rover,smart_agriculture_heterogeneous_team_017_exec_14,inprogress,64.9,10.47,7.47,0.0,null,null,null,null,null
smart_agriculture_heterogeneous_team_017,return_base,2026-01-20T13:59:34.000Z,complete,sprayer_1,sprayer_rover,smart_agriculture_heterogeneous_team_017_exec_14,done,64.0,0.0,0.0,0.0,null,null,null,null,null
smart_agriculture_heterogeneous_team_017,return_base,2026-01-20T13:59:35.000Z,start,supply_1,supply_rover,smart_agriculture_heterogeneous_team_017_exec_15,inprogress,80.4,59.5,42.85,0.0,null,null,null,null,null
smart_agriculture_heterogeneous_team_017,return_base,2026-01-20T14:00:33.000Z,null,supply_1,supply_rover,smart_agriculture_heterogeneous_team_017_exec_15,inprogress,79.8,47.6,34.28,0.0,null,null,null,null,null
smart_agriculture_heterogeneous_team_017,return_base,2026-01-20T14:01:31.000Z,null,supply_1,supply_rover,smart_agriculture_heterogeneous_team_017_exec_15,inprogress,79.2,35.7,25.71,0.0,null,null,null,null,null
smart_agriculture_heterogeneous_team_017,return_base,2026-01-20T14:02:29.000Z,null,supply_1,supply_rover,smart_agriculture_heterogeneous_team_017_exec_15,inprogress,78.6,23.8,17.14,0.0,null,null,null,null,null
smart_agriculture_heterogeneous_team_017,return_base,2026-01-20T14:03:27.000Z,null,supply_1,supply_rover,smart_agriculture_heterogeneous_team_017_exec_15,inprogress,78.0,11.9,8.57,0.0,null,null,null,null,null
smart_agriculture_heterogeneous_team_017,return_base,2026-01-20T14:04:25.000Z,complete,supply_1,supply_rover,smart_agriculture_heterogeneous_team_017_exec_15,done,77.5,0.0,0.0,0.0,null,null,null,null,null
smart_agriculture_heterogeneous_team_018,survey_field,2026-01-20T13:56:00.000Z,start,drone_scout_1,drone_scout,smart_agriculture_heterogeneous_team_018_exec_1,inprogress,95.5,0.0,0.0,5.0,null,null,null,null,null
smart_agriculture_heterogeneous_team_018,survey_field,2026-01-20T13:56:56.000Z,null,drone_scout_1,drone_scout,smart_agriculture_heterogeneous_team_018_exec_1,inprogress,94.1,9.17,11.68,8.14,null,null,null,null,null
smart_agriculture_heterogeneous_team_018,survey_field,2026-01-20T13:57:52.000Z,null,drone_scout_1,drone_scout,smart_agriculture_heterogeneous_team_018_exec_1,inprogress,92.7,18.34,23.35,11.28,null,null,null,null,null
smart_agriculture_heterogeneous_team_018,survey_field,2026-01-20T13:58:48.000Z,null,drone_scout_1,drone_scout,smart_agriculture_heterogeneous_team_018_exec_1,inprogress,91.3,27.51,35.03,14.42,null,null,null,null,null
smart_agriculture_heterogeneous_team_018,survey_field,2026-01-20T13:59:44.000Z,null,drone_scout_1,drone_scout,smart_agriculture_heterogeneous_team_018_exec_1,inprogress,89.8,36.67,46.7,17.56,null,null,null,null,null
smart_agriculture_heterogeneous_team_018,survey_field,2026-01-20T14:00:43.000Z,complete,drone_scout_1,drone_scout,smart_agriculture_heterogeneous_team_018_exec_1,done,88.4,45.84,58.38,20.7,null,null,null,null,null
smart_agriculture_heterogeneous_team_018,detect_patch,2026-01-20T14:00:44.000Z,start,drone_scout_1,drone_scout,smart_agriculture_heterogeneous_team_018_exec_2,inprogress,88.4,45.84,58.38,20.7,null,null,null,null,null
smart_agriculture_heterogeneous_team_018,detect_patch,2026-01-20T14:01:25.000Z,complete,drone_scout_1,drone_scout,smart_agriculture_heterogeneous_team_018_exec_2,done,87.9,45.84,58.38,20.7,null,null,null,null,null
smart_agriculture_heterogeneous_team_018,send_patch_coordinates,2026-01-20T14:01:26.000Z,start,drone_scout_1,drone_scout,smart_agriculture_heterogeneous_team_018_exec_3,inprogress,87.9,45.84,58.38,20.7,msg_43da95e368,weed patch coordinates and density,send,drone_scout_1,sprayer_1
smart_agriculture_heterogeneous_team_018,send_patch_coordinates,2026-01-20T14:01:32.000Z,complete,drone_scout_1,drone_scout,smart_agriculture_heterogeneous_team_018_exec_3,done,87.7,45.84,58.38,20.7,msg_43da95e368,weed patch coordinates and density,send,drone_scout_1,sprayer_1
smart_agriculture_heterogeneous_team_018,receive_patch_coordinates,2026-01-20T14:01:37.000Z,start,sprayer_1,sprayer_rover,smart_agriculture_heterogeneous_team_018_exec_4,inprogress,76.5,0.0,0.0,0.0,msg_43da95e368,weed patch coordinates and density,receive,drone_scout_1,sprayer_1
smart_agriculture_heterogeneous_team_018,receive_patch_coordinates,2026-01-20T14:01:41.000Z,complete,sprayer_1,sprayer_rover,smart_agriculture_heterogeneous_team_018_exec_4,done,76.4,0.0,0.0,0.0,msg_43da95e368,weed patch coordinates and density,receive,drone_scout_1,sprayer_1
smart_agriculture_heterogeneous_team_018,receive_patch_coordinates,2026-01-20T14:01:49.000Z,start,sprayer_1,sprayer_rover,smart_agriculture_heterogeneous_team_018_exec_5,inprogress,76.4,0.0,0.0,0.0,msg_43da95e368,weed patch coordinates and density,receive,drone_scout_1,sprayer_1
smart_agriculture_heterogeneous_team_018,receive_patch_coordinates,2026-01-20T14:01:53.000Z,complete,sprayer_1,sprayer_rover,smart_agriculture_heterogeneous_team_018_exec_5,done,76.3,0.0,0.0,0.0,msg_43da95e368,weed patch coordinates and density,receive,drone_scout_1,sprayer_1
smart_agriculture_heterogeneous_team_018,queue_wait,2026-01-20T14:01:54.000Z,start,sprayer_1,sprayer_rover,smart_agriculture_heterogeneous_team_018_exec_6,inprogress,76.3,0.0,0.0,0.0,null,null,null,null,null
smart_agriculture_heterogeneous_team_018,queue_wait,2026-01-20T14:02:36.000Z,complete,sprayer_1,sprayer_rover,smart_agriculture_heterogeneous_team_018_exec_6,done,76.0,0.0,0.0,0.0,null,null,null,null,null
smart_agriculture_heterogeneous_team_018,navigate_to_patch,2026-01-20T14:02:37.000Z,start,sprayer_1,sprayer_rover,smart_agriculture_heterogeneous_team_018_exec_7,inprogress,76.0,0.0,0.0,0.0,null,null,null,null,null
smart_agriculture_heterogeneous_team_018,navigate_to_patch,2026-01-20T14:03:23.000Z,null,sprayer_1,sprayer_rover,smart_agriculture_heterogeneous_team_018_exec_7,inprogress,75.3,7.64,9.73,0.0,null,null,null,null,null
smart_agriculture_heterogeneous_team_018,navigate_to_patch,2026-01-20T14:04:09.000Z,null,sprayer_1,sprayer_rover,smart_agriculture_heterogeneous_team_018_exec_7,inprogress,74.6,15.28,19.46,0.0,null,null,null,null,null
smart_agriculture_heterogeneous_team_018,navigate_to_patch,2026-01-20T14:04:55.000Z,null,sprayer_1,sprayer_rover,smart_agriculture_heterogeneous_team_018_exec_7,inprogress,74.0,22.92,29.19,0.0,null,null,null,null,null
smart_agriculture_heterogeneous_team_018,navigate_to_patch,2026-01-20T14:05:41.000Z,null,sprayer_1,sprayer_rover,smart_agriculture_heterogeneous_team_018_exec_7,inprogress,73.3,30.56,38.92,0.0,null,null,null,null,null
smart_agriculture_heterogeneous_team_018,navigate_to_patch,2026-01-20T14:06:27.000Z,null,sprayer_1,sprayer_rover,smart_agriculture_heterogeneous_team_018_exec_7,inprogress,72.6,38.2,48.65,0.0,null,null,null,null,null
smart_agriculture_heterogeneous_team_018,navigate_to_patch,2026-01-20T14:07:14.000Z,complete,sprayer_1,sprayer_rover,smart_agriculture_heterogeneous_team_018_exec_7,done,71.9,45.84,58.38,0.0,null,null,null,null,null
smart_agriculture_heterogeneous_team_018,spray_patch,2026-01-20T14:07:15.000Z,start,sprayer_1,sprayer_rover,smart_agriculture_heterogeneous_team_018_exec_8,inprogress,71.9,45.84,58.38,0.0,null,null,null,null,null
smart_agriculture_heterogeneous_team_018,spray_patch,2026-01-20T14:08:09.000Z,null,sprayer_1,sprayer_rover,smart_agriculture_heterogeneous_team_018_exec_8,inprogress,70.5,45.84,58.38,0.0,null,null,null,null,null
smart_agriculture_heterogeneous_team_018,spray_patch,2026-01-20T14:09:03.000Z,null,sprayer_1,sprayer_rover,smart_agriculture_heterogeneous_team_018_exec_8,inprogress,69.0,45.84,58.38,0.0,null,null,null,null,null
smart_agriculture_heterogeneous_team_018,spray_patch,2026-01-20T14:09:57.000Z,null,sprayer_1,sprayer_rover,smart_agriculture_heterogeneous_team_018_exec_8,inprogress,67.5,45.84,58.38,0.0,null,null,null,null,null
smart_agriculture_heterogeneous_team_018,spray_patch,2026-01-20T14:10:51.000Z,complete,sprayer_1,sprayer_rover,smart_agriculture_heterogeneous_team_018_exec_8,done,66.0,45.84,58.38,0.0,null,null,null,null,null
smart_agriculture_heterogeneous_team_018,send_refill_request,2026-01-20T14:10:52.000Z,start,sprayer_1,sprayer_rover,smart_agriculture_heterogeneous_team_018_exec_9,inprogress,66.0,45.84,58.38,0.0,msg_b8bfe9ad86,refill needed at current patch,send,sprayer_1,supply_1
smart_agriculture_heterogeneous_team_018,send_refill_request,2026-01-20T14:10:58.000Z,complete,sprayer_1,sprayer_rover,smart_agriculture_heterogeneous_team_018_exec_9,done,65.8,45.84,58.38,0.0,msg_b8bfe9ad86,refill needed at current patch,send,sprayer_1,supply_1
smart_agriculture_heterogeneous_team_018,receive_refill_request,2026-01-20T14:11:04.000Z,start,supply_1,supply_rover,smart_agriculture_heterogeneous_team_018_exec_10,inprogress,92.5,0.0,0.0,0.0,msg_b8bfe9ad86,refill needed at current patch,receive,sprayer_1,supply_1
smart_agriculture_heterogeneous_team_018,receive_refill_request,2026-01-20T14:11:08.000Z,complete,supply_1,supply_rover,smart_agriculture_heterogeneous_team_018_exec_10,done,92.4,0.0,0.0,0.0,msg_b8bfe9ad86,refill needed at current patch,receive,sprayer_1,supply_1
smart_agriculture_heterogeneous_team_018,deliver_refill,2026-01-20T14:11:09.000Z,start,supply_1,supply_rover,smart_agriculture_heterogeneous_team_018_exec_11,inprogress,92.4,0.0,0.0,0.0,null,null,null,null,null
smart_agriculture_heterogeneous_team_018,deliver_refill,2026-01-20T14:11:49.000Z,null,supply_1,supply_rover,smart_agriculture_heterogeneous_team_018_exec_11,inprogress,91.4,9.31,12.17,0.0,null,null,null,null,null
smart_agriculture_heterogeneous_team_018,deliver_refill,2026-01-20T14:12:29.000Z,null,supply_1,supply_rover,smart_agriculture_heterogeneous_team_018_exec_11,inprogress,90.3,18.62,24.33,0.0,null,null,null,null,null
smart_agriculture_heterogeneous_team_018,deliver_refill,2026-01-20T14:13:09.000Z,null,supply_1,supply_rover,smart_agriculture_heterogeneous_team_018_exec_11,inprogress,89.3,27.93,36.5,0.0,null,null,null,null,null
smart_agriculture_heterogeneous_team_018,deliver_refill,2026-01-20T14:13:49.000Z,null,supply_1,supply_rover,smart_agriculture_heterogeneous_team_018_exec_11,inprogress,88.3,37.24,48.67,0.0,null,null,null,null,null
smart_agriculture_heterogeneous_team_018,deliver_refill,2026-01-20T14:14:33.000Z,complete,supply_1,supply_rover,smart_agriculture_heterogeneous_team_018_exec_11,done,87.3,46.55,60.84,0.0,null,null,null,null,null
smart_agriculture_heterogeneous_team_018,send_treatment_ack,2026-01-20T14:14:34.000Z,start,supply_1,supply_rover,smart_agriculture_heterogeneous_team_018_exec_12,inprogress,87.3,46.55,60.84,0.0,msg_c32c25afb5,refill delivered and treatment may resume,send,supply_1,sprayer_1
smart_agriculture_heterogeneous_team_018,send_treatment_ack,2026-01-20T14:14:40.000Z,complete,supply_1,supply_rover,smart_agriculture_heterogeneous_team_018_exec_12,done,87.1,46.55,60.84,0.0,msg_c32c25afb5,refill delivered and treatment may resume,send,supply_1,sprayer_1
smart_agriculture_heterogeneous_team_018,receive_treatment_ack,2026-01-20T14:14:44.000Z,start,sprayer_1,sprayer_rover,smart_agriculture_heterogeneous_team_018_exec_13,inprogress,65.8,45.84,58.38,0.0,msg_c32c25afb5,refill delivered and treatment may resume,receive,supply_1,sprayer_1
smart_agriculture_heterogeneous_team_018,receive_treatment_ack,2026-01-20T14:14:48.000Z,complete,sprayer_1,sprayer_rover,smart_agriculture_heterogeneous_team_018_exec_13,done,65.7,45.84,58.38,0.0,msg_c32c25afb5,refill delivered and treatment may resume,receive,supply_1,sprayer_1
smart_agriculture_heterogeneous_team_018,resume_treatment,2026-01-20T14:14:49.000Z,start,sprayer_1,sprayer_rover,smart_agriculture_heterogeneous_team_018_exec_14,inprogress,65.7,45.84,58.38,0.0,null,null,null,null,null
smart_agriculture_heterogeneous_team_018,resume_treatment,2026-01-20T14:15:39.000Z,null,sprayer_1,sprayer_rover,smart_agriculture_heterogeneous_team_018_exec_14,inprogress,64.6,45.84,58.38,0.0,null,null,null,null,null
smart_agriculture_heterogeneous_team_018,resume_treatment,2026-01-20T14:16:29.000Z,null,sprayer_1,sprayer_rover,smart_agriculture_heterogeneous_team_018_exec_14,inprogress,63.4,45.84,58.38,0.0,null,null,null,null,null
smart_agriculture_heterogeneous_team_018,resume_treatment,2026-01-20T14:17:19.000Z,complete,sprayer_1,sprayer_rover,smart_agriculture_heterogeneous_team_018_exec_14,done,62.2,45.84,58.38,0.0,null,null,null,null,null
smart_agriculture_heterogeneous_team_018,return_base,2026-01-20T14:17:20.000Z,start,drone_scout_1,drone_scout,smart_agriculture_heterogeneous_team_018_exec_15,inprogress,87.7,45.84,58.38,20.7,null,null,null,null,null
smart_agriculture_heterogeneous_team_018,return_base,2026-01-20T14:18:44.000Z,null,drone_scout_1,drone_scout,smart_agriculture_heterogeneous_team_018_exec_15,inprogress,86.8,30.56,38.92,15.47,null,null,null,null,null
smart_agriculture_heterogeneous_team_018,return_base,2026-01-20T14:20:08.000Z,null,drone_scout_1,drone_scout,smart_agriculture_heterogeneous_team_018_exec_15,inprogress,85.8,15.28,19.46,10.23,null,null,null,null,null
smart_agriculture_heterogeneous_team_018,return_base,2026-01-20T14:21:34.000Z,complete,drone_scout_1,drone_scout,smart_agriculture_heterogeneous_team_018_exec_15,done,84.8,0.0,0.0,5.0,null,null,null,null,null
smart_agriculture_heterogeneous_team_018,return_base,2026-01-20T14:21:35.000Z,start,sprayer_1,sprayer_rover,smart_agriculture_heterogeneous_team_018_exec_16,inprogress,62.2,45.84,58.38,0.0,null,null,null,null,null
smart_agriculture_heterogeneous_team_018,return_base,2026-01-20T14:22:49.000Z,null,sprayer_1,sprayer_rover,smart_agriculture_heterogeneous_team_018_exec_16,inprogress,61.1,34.38,43.79,0.0,null,null,null,null,null
smart_agriculture_heterogeneous_team_018,return_base,2026-01-20T14:24:03.000Z,null,sprayer_1,sprayer_rover,smart_agriculture_heterogeneous_team_018_exec_16,inprogress,60.0,22.92,29.19,0.0,null,null,null,null,null
smart_agriculture_heterogeneous_team_018,return_base,2026-01-20T14:25:17.000Z,null,sprayer_1,sprayer_rover,smart_agriculture_heterogeneous_team_018_exec_16,inprogress,58.8,11.46,14.6,0.0,null,null,null,null,null
smart_agriculture_heterogeneous_team_018,return_base,2026-01-20T14:26:34.000Z,complete,sprayer_1,sprayer_rover,smart_agriculture_heterogeneous_team_018_exec_16,done,57.7,0.0,0.0,0.0,null,null,null,null,null
smart_agriculture_heterogeneous_team_018,return_base,2026-01-20T14:26:35.000Z,start,supply_1,supply_rover,smart_agriculture_heterogeneous_team_018_exec_17,inprogress,87.1,46.55,60.84,0.0,null,null,null,null,null
smart_agriculture_heterogeneous_team_018,return_base,2026-01-20T14:27:34.000Z,null,supply_1,supply_rover,smart_agriculture_heterogeneous_team_018_exec_17,inprogress,86.3,37.24,48.67,0.0,null,null,null,null,null
smart_agriculture_heterogeneous_team_018,return_base,2026-01-20T14:28:33.000Z,null,supply_1,supply_rover,smart_agriculture_heterogeneous_team_018_exec_17,inprogress,85.5,27.93,36.5,0.0,null,null,null,null,null
smart_agriculture_heterogeneous_team_018,return_base,2026-01-20T14:29:32.000Z,null,supply_1,supply_rover,smart_agriculture_heterogeneous_team_018_exec_17,inprogress,84.7,18.62,24.33,0.0,null,null,null,null,null
smart_agriculture_heterogeneous_team_018,return_base,2026-01-20T14:30:31.000Z,null,supply_1,supply_rover,smart_agriculture_heterogeneous_team_018_exec_17,inprogress,83.9,9.31,12.17,0.0,null,null,null,null,null
smart_agriculture_heterogeneous_team_018,return_base,2026-01-20T14:31:31.000Z,complete,supply_1,supply_rover,smart_agriculture_heterogeneous_team_018_exec_17,done,83.1,0.0,0.0,0.0,null,null,null,null,null
smart_agriculture_heterogeneous_team_019,survey_field,2026-01-20T14:24:00.000Z,start,drone_scout_1,drone_scout,smart_agriculture_heterogeneous_team_019_exec_1,inprogress,96.2,0.0,0.0,5.0,null,null,null,null,null
smart_agriculture_heterogeneous_team_019,survey_field,2026-01-20T14:24:43.000Z,null,drone_scout_1,drone_scout,smart_agriculture_heterogeneous_team_019_exec_1,inprogress,95.0,4.25,6.35,7.4,null,null,null,null,null
smart_agriculture_heterogeneous_team_019,survey_field,2026-01-20T14:25:26.000Z,null,drone_scout_1,drone_scout,smart_agriculture_heterogeneous_team_019_exec_1,inprogress,93.8,8.51,12.7,9.81,null,null,null,null,null
smart_agriculture_heterogeneous_team_019,survey_field,2026-01-20T14:26:09.000Z,null,drone_scout_1,drone_scout,smart_agriculture_heterogeneous_team_019_exec_1,inprogress,92.6,12.76,19.06,12.21,null,null,null,null,null
smart_agriculture_heterogeneous_team_019,survey_field,2026-01-20T14:26:52.000Z,null,drone_scout_1,drone_scout,smart_agriculture_heterogeneous_team_019_exec_1,inprogress,91.4,17.01,25.41,14.62,null,null,null,null,null
smart_agriculture_heterogeneous_team_019,survey_field,2026-01-20T14:27:35.000Z,null,drone_scout_1,drone_scout,smart_agriculture_heterogeneous_team_019_exec_1,inprogress,90.2,21.27,31.76,17.02,null,null,null,null,null
smart_agriculture_heterogeneous_team_019,survey_field,2026-01-20T14:28:19.000Z,complete,drone_scout_1,drone_scout,smart_agriculture_heterogeneous_team_019_exec_1,done,89.0,25.52,38.11,19.43,null,null,null,null,null
smart_agriculture_heterogeneous_team_019,detect_patch,2026-01-20T14:28:20.000Z,start,drone_scout_1,drone_scout,smart_agriculture_heterogeneous_team_019_exec_2,inprogress,89.0,25.52,38.11,19.43,null,null,null,null,null
smart_agriculture_heterogeneous_team_019,detect_patch,2026-01-20T14:28:48.000Z,complete,drone_scout_1,drone_scout,smart_agriculture_heterogeneous_team_019_exec_2,done,88.7,25.52,38.11,19.43,null,null,null,null,null
smart_agriculture_heterogeneous_team_019,send_patch_coordinates,2026-01-20T14:28:49.000Z,start,drone_scout_1,drone_scout,smart_agriculture_heterogeneous_team_019_exec_3,inprogress,88.7,25.52,38.11,19.43,msg_0ad884df8a,weed patch coordinates and density,send,drone_scout_1,sprayer_1
smart_agriculture_heterogeneous_team_019,send_patch_coordinates,2026-01-20T14:28:54.000Z,complete,drone_scout_1,drone_scout,smart_agriculture_heterogeneous_team_019_exec_3,done,88.5,25.52,38.11,19.43,msg_0ad884df8a,weed patch coordinates and density,send,drone_scout_1,sprayer_1
smart_agriculture_heterogeneous_team_019,receive_patch_coordinates,2026-01-20T14:28:59.000Z,start,sprayer_1,sprayer_rover,smart_agriculture_heterogeneous_team_019_exec_4,inprogress,80.9,0.0,0.0,0.0,msg_0ad884df8a,weed patch coordinates and density,receive,drone_scout_1,sprayer_1
smart_agriculture_heterogeneous_team_019,receive_patch_coordinates,2026-01-20T14:29:03.000Z,complete,sprayer_1,sprayer_rover,smart_agriculture_heterogeneous_team_019_exec_4,done,80.8,0.0,0.0,0.0,msg_0ad884df8a,weed patch coordinates and density,receive,drone_scout_1,sprayer_1
smart_agriculture_heterogeneous_team_019,navigate_to_patch,2026-01-20T14:29:04.000Z,start,sprayer_1,sprayer_rover,smart_agriculture_heterogeneous_team_019_exec_5,inprogress,80.8,0.0,0.0,0.0,null,null,null,null,null
smart_agriculture_heterogeneous_team_019,navigate_to_patch,2026-01-20T14:30:00.000Z,null,sprayer_1,sprayer_rover,smart_agriculture_heterogeneous_team_019_exec_5,inprogress,79.8,3.65,5.44,0.0,null,null,null,null,null
smart_agriculture_heterogeneous_team_019,navigate_to_patch,2026-01-20T14:30:56.000Z,null,sprayer_1,sprayer_rover,smart_agriculture_heterogeneous_team_019_exec_5,inprogress,78.8,7.29,10.89,0.0,null,null,null,null,null
smart_agriculture_heterogeneous_team_019,navigate_to_patch,2026-01-20T14:31:52.000Z,null,sprayer_1,sprayer_rover,smart_agriculture_heterogeneous_team_019_exec_5,inprogress,77.8,10.94,16.33,0.0,null,null,null,null,null
smart_agriculture_heterogeneous_team_019,navigate_to_patch,2026-01-20T14:32:48.000Z,null,sprayer_1,sprayer_rover,smart_agriculture_heterogeneous_team_019_exec_5,inprogress,76.9,14.58,21.78,0.0,null,null,null,null,null
smart_agriculture_heterogeneous_team_019,navigate_to_patch,2026-01-20T14:33:44.000Z,null,sprayer_1,sprayer_rover,smart_agriculture_heterogeneous_team_019_exec_5,inprogress,75.9,18.23,27.22,0.0,null,null,null,null,null
smart_agriculture_heterogeneous_team_019,navigate_to_patch,2026-01-20T14:34:40.000Z,null,sprayer_1,sprayer_rover,smart_agriculture_heterogeneous_team_019_exec_5,inprogress,74.9,21.88,32.67,0.0,null,null,null,null,null
smart_agriculture_heterogeneous_team_019,navigate_to_patch,2026-01-20T14:35:37.000Z,complete,sprayer_1,sprayer_rover,smart_agriculture_heterogeneous_team_019_exec_5,done,73.9,25.52,38.11,0.0,null,null,null,null,null
smart_agriculture_heterogeneous_team_019,spray_patch,2026-01-20T14:35:38.000Z,start,sprayer_1,sprayer_rover,smart_agriculture_heterogeneous_team_019_exec_6,inprogress,73.9,25.52,38.11,0.0,null,null,null,null,null
smart_agriculture_heterogeneous_team_019,spray_patch,2026-01-20T14:36:05.000Z,null,sprayer_1,sprayer_rover,smart_agriculture_heterogeneous_team_019_exec_6,inprogress,72.5,25.52,38.11,0.0,null,null,null,null,null
smart_agriculture_heterogeneous_team_019,spray_patch,2026-01-20T14:36:32.000Z,null,sprayer_1,sprayer_rover,smart_agriculture_heterogeneous_team_019_exec_6,inprogress,71.0,25.52,38.11,0.0,null,null,null,null,null
smart_agriculture_heterogeneous_team_019,spray_patch,2026-01-20T14:36:59.000Z,null,sprayer_1,sprayer_rover,smart_agriculture_heterogeneous_team_019_exec_6,inprogress,69.5,25.52,38.11,0.0,null,null,null,null,null
smart_agriculture_heterogeneous_team_019,spray_patch,2026-01-20T14:37:26.000Z,null,sprayer_1,sprayer_rover,smart_agriculture_heterogeneous_team_019_exec_6,inprogress,68.0,25.52,38.11,0.0,null,null,null,null,null
smart_agriculture_heterogeneous_team_019,spray_patch,2026-01-20T14:37:53.000Z,null,sprayer_1,sprayer_rover,smart_agriculture_heterogeneous_team_019_exec_6,inprogress,66.5,25.52,38.11,0.0,null,null,null,null,null
smart_agriculture_heterogeneous_team_019,spray_patch,2026-01-20T14:38:24.000Z,complete,sprayer_1,sprayer_rover,smart_agriculture_heterogeneous_team_019_exec_6,done,65.0,25.52,38.11,0.0,null,null,null,null,null
smart_agriculture_heterogeneous_team_019,return_base,2026-01-20T14:38:25.000Z,start,drone_scout_1,drone_scout,smart_agriculture_heterogeneous_team_019_exec_7,inprogress,88.5,25.52,38.11,19.43,null,null,null,null,null
smart_agriculture_heterogeneous_team_019,return_base,2026-01-20T14:39:03.000Z,null,drone_scout_1,drone_scout,smart_agriculture_heterogeneous_team_019_exec_7,inprogress,87.6,20.42,30.49,16.54,null,null,null,null,null
smart_agriculture_heterogeneous_team_019,return_base,2026-01-20T14:39:41.000Z,null,drone_scout_1,drone_scout,smart_agriculture_heterogeneous_team_019_exec_7,inprogress,86.6,15.31,22.87,13.66,null,null,null,null,null
smart_agriculture_heterogeneous_team_019,return_base,2026-01-20T14:40:19.000Z,null,drone_scout_1,drone_scout,smart_agriculture_heterogeneous_team_019_exec_7,inprogress,85.6,10.21,15.24,10.77,null,null,null,null,null
smart_agriculture_heterogeneous_team_019,return_base,2026-01-20T14:40:57.000Z,null,drone_scout_1,drone_scout,smart_agriculture_heterogeneous_team_019_exec_7,inprogress,84.7,5.1,7.62,7.89,null,null,null,null,null
smart_agriculture_heterogeneous_team_019,return_base,2026-01-20T14:41:39.000Z,complete,drone_scout_1,drone_scout,smart_agriculture_heterogeneous_team_019_exec_7,done,83.7,0.0,0.0,5.0,null,null,null,null,null
smart_agriculture_heterogeneous_team_019,return_base,2026-01-20T14:41:40.000Z,start,sprayer_1,sprayer_rover,smart_agriculture_heterogeneous_team_019_exec_8,inprogress,65.0,25.52,38.11,0.0,null,null,null,null,null
smart_agriculture_heterogeneous_team_019,return_base,2026-01-20T14:42:31.000Z,null,sprayer_1,sprayer_rover,smart_agriculture_heterogeneous_team_019_exec_8,inprogress,63.9,20.42,30.49,0.0,null,null,null,null,null
smart_agriculture_heterogeneous_team_019,return_base,2026-01-20T14:43:22.000Z,null,sprayer_1,sprayer_rover,smart_agriculture_heterogeneous_team_019_exec_8,inprogress,62.9,15.31,22.87,0.0,null,null,null,null,null
smart_agriculture_heterogeneous_team_019,return_base,2026-01-20T14:44:13.000Z,null,sprayer_1,sprayer_rover,smart_agriculture_heterogeneous_team_019_exec_8,inprogress,61.8,10.21,15.24,0.0,null,null,null,null,null
smart_agriculture_heterogeneous_team_019,return_base,2026-01-20T14:45:04.000Z,null,sprayer_1,sprayer_rover,smart_agriculture_heterogeneous_team_019_exec_8,inprogress,60.7,5.1,7.62,0.0,null,null,null,null,null
smart_agriculture_heterogeneous_team_019,return_base,2026-01-20T14:45:58.000Z,complete,sprayer_1,sprayer_rover,smart_agriculture_heterogeneous_team_019_exec_8,done,59.6,0.0,0.0,0.0,null,null,null,null,null
smart_agriculture_heterogeneous_team_019,return_base,2026-01-20T14:45:59.000Z,start,supply_1,supply_rover,smart_agriculture_heterogeneous_team_019_exec_9,inprogress,75.3,0.0,0.0,0.0,null,null,null,null,null
smart_agriculture_heterogeneous_team_019,return_base,2026-01-20T14:46:44.000Z,null,supply_1,supply_rover,smart_agriculture_heterogeneous_team_019_exec_9,inprogress,74.4,0.0,0.0,0.0,null,null,null,null,null
smart_agriculture_heterogeneous_team_019,return_base,2026-01-20T14:47:29.000Z,null,supply_1,supply_rover,smart_agriculture_heterogeneous_team_019_exec_9,inprogress,73.6,0.0,0.0,0.0,null,null,null,null,null
smart_agriculture_heterogeneous_team_019,return_base,2026-01-20T14:48:14.000Z,null,supply_1,supply_rover,smart_agriculture_heterogeneous_team_019_exec_9,inprogress,72.7,0.0,0.0,0.0,null,null,null,null,null
smart_agriculture_heterogeneous_team_019,return_base,2026-01-20T14:49:01.000Z,complete,supply_1,supply_rover,smart_agriculture_heterogeneous_team_019_exec_9,done,71.8,0.0,0.0,0.0,null,null,null,null,null
smart_agriculture_heterogeneous_team_020,survey_field,2026-01-20T14:52:00.000Z,start,drone_scout_1,drone_scout,smart_agriculture_heterogeneous_team_020_exec_1,inprogress,82.8,0.0,0.0,5.0,null,null,null,null,null
smart_agriculture_heterogeneous_team_020,survey_field,2026-01-20T14:52:52.000Z,null,drone_scout_1,drone_scout,smart_agriculture_heterogeneous_team_020_exec_1,inprogress,81.6,13.03,11.5,7.77,null,null,null,null,null
smart_agriculture_heterogeneous_team_020,survey_field,2026-01-20T14:53:44.000Z,null,drone_scout_1,drone_scout,smart_agriculture_heterogeneous_team_020_exec_1,inprogress,80.4,26.06,23.01,10.54,null,null,null,null,null
smart_agriculture_heterogeneous_team_020,survey_field,2026-01-20T14:54:36.000Z,null,drone_scout_1,drone_scout,smart_agriculture_heterogeneous_team_020_exec_1,inprogress,79.1,39.09,34.51,13.31,null,null,null,null,null
smart_agriculture_heterogeneous_team_020,survey_field,2026-01-20T14:55:28.000Z,null,drone_scout_1,drone_scout,smart_agriculture_heterogeneous_team_020_exec_1,inprogress,77.9,52.12,46.02,16.08,null,null,null,null,null
smart_agriculture_heterogeneous_team_020,survey_field,2026-01-20T14:56:22.000Z,complete,drone_scout_1,drone_scout,smart_agriculture_heterogeneous_team_020_exec_1,done,76.7,65.15,57.52,18.85,null,null,null,null,null
smart_agriculture_heterogeneous_team_020,detect_patch,2026-01-20T14:56:23.000Z,start,drone_scout_1,drone_scout,smart_agriculture_heterogeneous_team_020_exec_2,inprogress,76.7,65.15,57.52,18.85,null,null,null,null,null
smart_agriculture_heterogeneous_team_020,detect_patch,2026-01-20T14:57:12.000Z,complete,drone_scout_1,drone_scout,smart_agriculture_heterogeneous_team_020_exec_2,done,76.2,65.15,57.52,18.85,null,null,null,null,null
smart_agriculture_heterogeneous_team_020,send_patch_coordinates,2026-01-20T14:57:13.000Z,start,drone_scout_1,drone_scout,smart_agriculture_heterogeneous_team_020_exec_3,inprogress,76.2,65.15,57.52,18.85,msg_a92fd9d5d6,weed patch coordinates and density,send,drone_scout_1,sprayer_1
smart_agriculture_heterogeneous_team_020,send_patch_coordinates,2026-01-20T14:57:20.000Z,complete,drone_scout_1,drone_scout,smart_agriculture_heterogeneous_team_020_exec_3,done,76.0,65.15,57.52,18.85,msg_a92fd9d5d6,weed patch coordinates and density,send,drone_scout_1,sprayer_1
smart_agriculture_heterogeneous_team_020,receive_patch_coordinates,2026-01-20T14:57:25.000Z,start,sprayer_1,sprayer_rover,smart_agriculture_heterogeneous_team_020_exec_4,inprogress,70.4,0.0,0.0,0.0,msg_a92fd9d5d6,weed patch coordinates and density,receive,drone_scout_1,sprayer_1
smart_agriculture_heterogeneous_team_020,receive_patch_coordinates,2026-01-20T14:57:29.000Z,complete,sprayer_1,sprayer_rover,smart_agriculture_heterogeneous_team_020_exec_4,done,70.3,0.0,0.0,0.0,msg_a92fd9d5d6,weed patch coordinates and density,receive,drone_scout_1,sprayer_1
smart_agriculture_heterogeneous_team_020,navigate_to_patch,2026-01-20T14:57:30.000Z,start,sprayer_1,sprayer_rover,smart_agriculture_heterogeneous_team_020_exec_5,inprogress,70.3,0.0,0.0,0.0,null,null,null,null,null
smart_agriculture_heterogeneous_team_020,navigate_to_patch,2026-01-20T14:58:48.000Z,null,sprayer_1,sprayer_rover,smart_agriculture_heterogeneous_team_020_exec_5,inprogress,69.2,13.03,11.5,0.0,null,null,null,null,null
smart_agriculture_heterogeneous_team_020,navigate_to_patch,2026-01-20T15:00:06.000Z,null,sprayer_1,sprayer_rover,smart_agriculture_heterogeneous_team_020_exec_5,inprogress,68.0,26.06,23.01,0.0,null,null,null,null,null
smart_agriculture_heterogeneous_team_020,navigate_to_patch,2026-01-20T15:01:24.000Z,null,sprayer_1,sprayer_rover,smart_agriculture_heterogeneous_team_020_exec_5,inprogress,66.8,39.09,34.51,0.0,null,null,null,null,null
smart_agriculture_heterogeneous_team_020,navigate_to_patch,2026-01-20T15:02:42.000Z,null,sprayer_1,sprayer_rover,smart_agriculture_heterogeneous_team_020_exec_5,inprogress,65.6,52.12,46.02,0.0,null,null,null,null,null
smart_agriculture_heterogeneous_team_020,navigate_to_patch,2026-01-20T15:04:03.000Z,complete,sprayer_1,sprayer_rover,smart_agriculture_heterogeneous_team_020_exec_5,done,64.4,65.15,57.52,0.0,null,null,null,null,null
smart_agriculture_heterogeneous_team_020,spray_patch,2026-01-20T15:04:04.000Z,start,sprayer_1,sprayer_rover,smart_agriculture_heterogeneous_team_020_exec_6,inprogress,64.4,65.15,57.52,0.0,null,null,null,null,null
smart_agriculture_heterogeneous_team_020,spray_patch,2026-01-20T15:05:27.000Z,null,sprayer_1,sprayer_rover,smart_agriculture_heterogeneous_team_020_exec_6,inprogress,62.4,65.15,57.52,0.0,null,null,null,null,null
smart_agriculture_heterogeneous_team_020,spray_patch,2026-01-20T15:06:50.000Z,null,sprayer_1,sprayer_rover,smart_agriculture_heterogeneous_team_020_exec_6,inprogress,60.4,65.15,57.52,0.0,null,null,null,null,null
smart_agriculture_heterogeneous_team_020,spray_patch,2026-01-20T15:08:15.000Z,complete,sprayer_1,sprayer_rover,smart_agriculture_heterogeneous_team_020_exec_6,done,58.4,65.15,57.52,0.0,null,null,null,null,null
smart_agriculture_heterogeneous_team_020,return_base,2026-01-20T15:08:16.000Z,start,drone_scout_1,drone_scout,smart_agriculture_heterogeneous_team_020_exec_7,inprogress,76.0,65.15,57.52,18.85,null,null,null,null,null
smart_agriculture_heterogeneous_team_020,return_base,2026-01-20T15:09:13.000Z,null,drone_scout_1,drone_scout,smart_agriculture_heterogeneous_team_020_exec_7,inprogress,75.0,48.86,43.14,15.38,null,null,null,null,null
smart_agriculture_heterogeneous_team_020,return_base,2026-01-20T15:10:10.000Z,null,drone_scout_1,drone_scout,smart_agriculture_heterogeneous_team_020_exec_7,inprogress,73.9,32.57,28.76,11.92,null,null,null,null,null
smart_agriculture_heterogeneous_team_020,return_base,2026-01-20T15:11:07.000Z,null,drone_scout_1,drone_scout,smart_agriculture_heterogeneous_team_020_exec_7,inprogress,72.8,16.29,14.38,8.46,null,null,null,null,null
smart_agriculture_heterogeneous_team_020,return_base,2026-01-20T15:12:07.000Z,complete,drone_scout_1,drone_scout,smart_agriculture_heterogeneous_team_020_exec_7,done,71.8,0.0,0.0,5.0,null,null,null,null,null
smart_agriculture_heterogeneous_team_020,return_base,2026-01-20T15:12:08.000Z,start,sprayer_1,sprayer_rover,smart_agriculture_heterogeneous_team_020_exec_8,inprogress,58.4,65.15,57.52,0.0,null,null,null,null,null
smart_agriculture_heterogeneous_team_020,return_base,2026-01-20T15:13:20.000Z,null,sprayer_1,sprayer_rover,smart_agriculture_heterogeneous_team_020_exec_8,inprogress,56.8,48.86,43.14,0.0,null,null,null,null,null
smart_agriculture_heterogeneous_team_020,return_base,2026-01-20T15:14:32.000Z,null,sprayer_1,sprayer_rover,smart_agriculture_heterogeneous_team_020_exec_8,inprogress,55.1,32.57,28.76,0.0,null,null,null,null,null
smart_agriculture_heterogeneous_team_020,return_base,2026-01-20T15:15:44.000Z,null,sprayer_1,sprayer_rover,smart_agriculture_heterogeneous_team_020_exec_8,inprogress,53.5,16.29,14.38,0.0,null,null,null,null,null
smart_agriculture_heterogeneous_team_020,return_base,2026-01-20T15:16:56.000Z,complete,sprayer_1,sprayer_rover,smart_agriculture_heterogeneous_team_020_exec_8,done,51.9,0.0,0.0,0.0,null,null,null,null,null
smart_agriculture_heterogeneous_team_020,return_base,2026-01-20T15:16:57.000Z,start,supply_1,supply_rover,smart_agriculture_heterogeneous_team_020_exec_9,inprogress,74.1,0.0,0.0,0.0,null,null,null,null,null
smart_agriculture_heterogeneous_team_020,return_base,2026-01-20T15:17:56.000Z,null,supply_1,supply_rover,smart_agriculture_heterogeneous_team_020_exec_9,inprogress,73.3,0.0,0.0,0.0,null,null,null,null,null
smart_agriculture_heterogeneous_team_020,return_base,2026-01-20T15:18:55.000Z,null,supply_1,supply_rover,smart_agriculture_heterogeneous_team_020_exec_9,inprogress,72.5,0.0,0.0,0.0,null,null,null,null,null
smart_agriculture_heterogeneous_team_020,return_base,2026-01-20T15:19:54.000Z,null,supply_1,supply_rover,smart_agriculture_heterogeneous_team_020_exec_9,inprogress,71.7,0.0,0.0,0.0,null,null,null,null,null
smart_agriculture_heterogeneous_team_020,return_base,2026-01-20T15:20:53.000Z,null,supply_1,supply_rover,smart_agriculture_heterogeneous_team_020_exec_9,inprogress,70.8,0.0,0.0,0.0,null,null,null,null,null
smart_agriculture_heterogeneous_team_020,return_base,2026-01-20T15:21:52.000Z,complete,supply_1,supply_rover,smart_agriculture_heterogeneous_team_020_exec_9,done,70.0,0.0,0.0,0.0,null,null,null,null,null
smart_agriculture_heterogeneous_team_021,survey_field,2026-01-20T15:20:00.000Z,start,drone_scout_1,drone_scout,smart_agriculture_heterogeneous_team_021_exec_1,inprogress,90.2,0.0,0.0,5.0,null,null,null,null,null
smart_agriculture_heterogeneous_team_021,survey_field,2026-01-20T15:20:46.000Z,null,drone_scout_1,drone_scout,smart_agriculture_heterogeneous_team_021_exec_1,inprogress,88.8,12.25,6.43,7.29,null,null,null,null,null
smart_agriculture_heterogeneous_team_021,survey_field,2026-01-20T15:21:32.000Z,null,drone_scout_1,drone_scout,smart_agriculture_heterogeneous_team_021_exec_1,inprogress,87.4,24.5,12.85,9.58,null,null,null,null,null
smart_agriculture_heterogeneous_team_021,survey_field,2026-01-20T15:22:18.000Z,null,drone_scout_1,drone_scout,smart_agriculture_heterogeneous_team_021_exec_1,inprogress,86.0,36.75,19.28,11.88,null,null,null,null,null
smart_agriculture_heterogeneous_team_021,survey_field,2026-01-20T15:23:04.000Z,null,drone_scout_1,drone_scout,smart_agriculture_heterogeneous_team_021_exec_1,inprogress,84.6,49.0,25.71,14.17,null,null,null,null,null
smart_agriculture_heterogeneous_team_021,survey_field,2026-01-20T15:23:50.000Z,null,drone_scout_1,drone_scout,smart_agriculture_heterogeneous_team_021_exec_1,inprogress,83.2,61.26,32.13,16.46,null,null,null,null,null
smart_agriculture_heterogeneous_team_021,survey_field,2026-01-20T15:24:37.000Z,complete,drone_scout_1,drone_scout,smart_agriculture_heterogeneous_team_021_exec_1,done,81.8,73.51,38.56,18.75,null,null,null,null,null
smart_agriculture_heterogeneous_team_021,detect_patch,2026-01-20T15:24:38.000Z,start,drone_scout_1,drone_scout,smart_agriculture_heterogeneous_team_021_exec_2,inprogress,81.8,73.51,38.56,18.75,null,null,null,null,null
smart_agriculture_heterogeneous_team_021,detect_patch,2026-01-20T15:25:14.000Z,complete,drone_scout_1,drone_scout,smart_agriculture_heterogeneous_team_021_exec_2,done,81.5,73.51,38.56,18.75,null,null,null,null,null
smart_agriculture_heterogeneous_team_021,send_patch_coordinates,2026-01-20T15:25:15.000Z,start,drone_scout_1,drone_scout,smart_agriculture_heterogeneous_team_021_exec_3,inprogress,81.5,73.51,38.56,18.75,msg_f222b49e0c,weed patch coordinates and density,send,drone_scout_1,sprayer_1
smart_agriculture_heterogeneous_team_021,send_patch_coordinates,2026-01-20T15:25:20.000Z,complete,drone_scout_1,drone_scout,smart_agriculture_heterogeneous_team_021_exec_3,done,81.3,73.51,38.56,18.75,msg_f222b49e0c,weed patch coordinates and density,send,drone_scout_1,sprayer_1
smart_agriculture_heterogeneous_team_021,receive_patch_coordinates,2026-01-20T15:25:25.000Z,start,sprayer_1,sprayer_rover,smart_agriculture_heterogeneous_team_021_exec_4,inprogress,94.0,0.0,0.0,0.0,msg_f222b49e0c,weed patch coordinates and density,receive,drone_scout_1,sprayer_1
smart_agriculture_heterogeneous_team_021,receive_patch_coordinates,2026-01-20T15:25:29.000Z,complete,sprayer_1,sprayer_rover,smart_agriculture_heterogeneous_team_021_exec_4,done,93.9,0.0,0.0,0.0,msg_f222b49e0c,weed patch coordinates and density,receive,drone_scout_1,sprayer_1
smart_agriculture_heterogeneous_team_021,receive_patch_coordinates,2026-01-20T15:25:37.000Z,start,sprayer_1,sprayer_rover,smart_agriculture_heterogeneous_team_021_exec_5,inprogress,93.9,0.0,0.0,0.0,msg_f222b49e0c,weed patch coordinates and density,receive,drone_scout_1,sprayer_1
smart_agriculture_heterogeneous_team_021,receive_patch_coordinates,2026-01-20T15:25:41.000Z,complete,sprayer_1,sprayer_rover,smart_agriculture_heterogeneous_team_021_exec_5,done,93.8,0.0,0.0,0.0,msg_f222b49e0c,weed patch coordinates and density,receive,drone_scout_1,sprayer_1
smart_agriculture_heterogeneous_team_021,queue_wait,2026-01-20T15:25:42.000Z,start,sprayer_1,sprayer_rover,smart_agriculture_heterogeneous_team_021_exec_6,inprogress,93.8,0.0,0.0,0.0,null,null,null,null,null
smart_agriculture_heterogeneous_team_021,queue_wait,2026-01-20T15:25:58.000Z,null,sprayer_1,sprayer_rover,smart_agriculture_heterogeneous_team_021_exec_6,inprogress,93.7,0.0,0.0,0.0,null,null,null,null,null
smart_agriculture_heterogeneous_team_021,queue_wait,2026-01-20T15:26:14.000Z,complete,sprayer_1,sprayer_rover,smart_agriculture_heterogeneous_team_021_exec_6,done,93.5,0.0,0.0,0.0,null,null,null,null,null
smart_agriculture_heterogeneous_team_021,navigate_to_patch,2026-01-20T15:26:15.000Z,start,sprayer_1,sprayer_rover,smart_agriculture_heterogeneous_team_021_exec_7,inprogress,93.5,0.0,0.0,0.0,null,null,null,null,null
smart_agriculture_heterogeneous_team_021,navigate_to_patch,2026-01-20T15:27:25.000Z,null,sprayer_1,sprayer_rover,smart_agriculture_heterogeneous_team_021_exec_7,inprogress,92.2,18.38,9.64,0.0,null,null,null,null,null
smart_agriculture_heterogeneous_team_021,navigate_to_patch,2026-01-20T15:28:35.000Z,null,sprayer_1,sprayer_rover,smart_agriculture_heterogeneous_team_021_exec_7,inprogress,90.9,36.75,19.28,0.0,null,null,null,null,null
smart_agriculture_heterogeneous_team_021,navigate_to_patch,2026-01-20T15:29:45.000Z,null,sprayer_1,sprayer_rover,smart_agriculture_heterogeneous_team_021_exec_7,inprogress,89.6,55.13,28.92,0.0,null,null,null,null,null
smart_agriculture_heterogeneous_team_021,navigate_to_patch,2026-01-20T15:30:58.000Z,complete,sprayer_1,sprayer_rover,smart_agriculture_heterogeneous_team_021_exec_7,done,88.3,73.51,38.56,0.0,null,null,null,null,null
smart_agriculture_heterogeneous_team_021,spray_patch,2026-01-20T15:30:59.000Z,start,sprayer_1,sprayer_rover,smart_agriculture_heterogeneous_team_021_exec_8,inprogress,88.3,73.51,38.56,0.0,null,null,null,null,null
smart_agriculture_heterogeneous_team_021,spray_patch,2026-01-20T15:31:47.000Z,null,sprayer_1,sprayer_rover,smart_agriculture_heterogeneous_team_021_exec_8,inprogress,87.2,73.51,38.56,0.0,null,null,null,null,null
smart_agriculture_heterogeneous_team_021,spray_patch,2026-01-20T15:32:35.000Z,null,sprayer_1,sprayer_rover,smart_agriculture_heterogeneous_team_021_exec_8,inprogress,86.2,73.51,38.56,0.0,null,null,null,null,null
smart_agriculture_heterogeneous_team_021,spray_patch,2026-01-20T15:33:23.000Z,null,sprayer_1,sprayer_rover,smart_agriculture_heterogeneous_team_021_exec_8,inprogress,85.1,73.51,38.56,0.0,null,null,null,null,null
smart_agriculture_heterogeneous_team_021,spray_patch,2026-01-20T15:34:11.000Z,null,sprayer_1,sprayer_rover,smart_agriculture_heterogeneous_team_021_exec_8,inprogress,84.1,73.51,38.56,0.0,null,null,null,null,null
smart_agriculture_heterogeneous_team_021,spray_patch,2026-01-20T15:35:02.000Z,complete,sprayer_1,sprayer_rover,smart_agriculture_heterogeneous_team_021_exec_8,done,83.0,73.51,38.56,0.0,null,null,null,null,null
smart_agriculture_heterogeneous_team_021,send_refill_request,2026-01-20T15:35:03.000Z,start,sprayer_1,sprayer_rover,smart_agriculture_heterogeneous_team_021_exec_9,inprogress,83.0,73.51,38.56,0.0,msg_747273e382,refill needed at current patch,send,sprayer_1,supply_1
smart_agriculture_heterogeneous_team_021,send_refill_request,2026-01-20T15:35:09.000Z,complete,sprayer_1,sprayer_rover,smart_agriculture_heterogeneous_team_021_exec_9,done,82.8,73.51,38.56,0.0,msg_747273e382,refill needed at current patch,send,sprayer_1,supply_1
smart_agriculture_heterogeneous_team_021,receive_refill_request,2026-01-20T15:35:15.000Z,start,supply_1,supply_rover,smart_agriculture_heterogeneous_team_021_exec_10,inprogress,89.5,0.0,0.0,0.0,msg_747273e382,refill needed at current patch,receive,sprayer_1,supply_1
smart_agriculture_heterogeneous_team_021,receive_refill_request,2026-01-20T15:35:19.000Z,complete,supply_1,supply_rover,smart_agriculture_heterogeneous_team_021_exec_10,done,89.4,0.0,0.0,0.0,msg_747273e382,refill needed at current patch,receive,sprayer_1,supply_1
smart_agriculture_heterogeneous_team_021,deliver_refill,2026-01-20T15:35:20.000Z,start,supply_1,supply_rover,smart_agriculture_heterogeneous_team_021_exec_11,inprogress,89.4,0.0,0.0,0.0,null,null,null,null,null
smart_agriculture_heterogeneous_team_021,deliver_refill,2026-01-20T15:37:03.000Z,null,supply_1,supply_rover,smart_agriculture_heterogeneous_team_021_exec_11,inprogress,87.5,25.65,14.08,0.0,null,null,null,null,null
smart_agriculture_heterogeneous_team_021,deliver_refill,2026-01-20T15:38:46.000Z,null,supply_1,supply_rover,smart_agriculture_heterogeneous_team_021_exec_11,inprogress,85.6,51.29,28.15,0.0,null,null,null,null,null
smart_agriculture_heterogeneous_team_021,deliver_refill,2026-01-20T15:40:31.000Z,complete,supply_1,supply_rover,smart_agriculture_heterogeneous_team_021_exec_11,done,83.6,76.94,42.23,0.0,null,null,null,null,null
smart_agriculture_heterogeneous_team_021,send_treatment_ack,2026-01-20T15:40:32.000Z,start,supply_1,supply_rover,smart_agriculture_heterogeneous_team_021_exec_12,inprogress,83.6,76.94,42.23,0.0,msg_603087e4a5,refill delivered and treatment may resume,send,supply_1,sprayer_1
smart_agriculture_heterogeneous_team_021,send_treatment_ack,2026-01-20T15:40:40.000Z,complete,supply_1,supply_rover,smart_agriculture_heterogeneous_team_021_exec_12,done,83.4,76.94,42.23,0.0,msg_603087e4a5,refill delivered and treatment may resume,send,supply_1,sprayer_1
smart_agriculture_heterogeneous_team_021,receive_treatment_ack,2026-01-20T15:40:44.000Z,start,sprayer_1,sprayer_rover,smart_agriculture_heterogeneous_team_021_exec_13,inprogress,82.8,73.51,38.56,0.0,msg_603087e4a5,refill delivered and treatment may resume,receive,supply_1,sprayer_1
smart_agriculture_heterogeneous_team_021,receive_treatment_ack,2026-01-20T15:40:48.000Z,complete,sprayer_1,sprayer_rover,smart_agriculture_heterogeneous_team_021_exec_13,done,82.7,73.51,38.56,0.0,msg_603087e4a5,refill delivered and treatment may resume,receive,supply_1,sprayer_1
smart_agriculture_heterogeneous_team_021,resume_treatment,2026-01-20T15:40:49.000Z,start,sprayer_1,sprayer_rover,smart_agriculture_heterogeneous_team_021_exec_14,inprogress,82.7,73.51,38.56,0.0,null,null,null,null,null
smart_agriculture_heterogeneous_team_021,resume_treatment,2026-01-20T15:42:00.000Z,null,sprayer_1,sprayer_rover,smart_agriculture_heterogeneous_team_021_exec_14,inprogress,81.2,73.51,38.56,0.0,null,null,null,null,null
smart_agriculture_heterogeneous_team_021,resume_treatment,2026-01-20T15:43:11.000Z,complete,sprayer_1,sprayer_rover,smart_agriculture_heterogeneous_team_021_exec_14,done,79.8,73.51,38.56,0.0,null,null,null,null,null
smart_agriculture_heterogeneous_team_021,return_base,2026-01-20T15:43:12.000Z,start,drone_scout_1,drone_scout,smart_agriculture_heterogeneous_team_021_exec_15,inprogress,81.3,73.51,38.56,18.75,null,null,null,null,null
smart_agriculture_heterogeneous_team_021,return_base,2026-01-20T15:44:06.000Z,null,drone_scout_1,drone_scout,smart_agriculture_heterogeneous_team_021_exec_15,inprogress,80.4,55.13,28.92,15.31,null,null,null,null,null
smart_agriculture_heterogeneous_team_021,return_base,2026-01-20T15:45:00.000Z,null,drone_scout_1,drone_scout,smart_agriculture_heterogeneous_team_021_exec_15,inprogress,79.6,36.75,19.28,11.88,null,null,null,null,null
smart_agriculture_heterogeneous_team_021,return_base,2026-01-20T15:45:54.000Z,null,drone_scout_1,drone_scout,smart_agriculture_heterogeneous_team_021_exec_15,inprogress,78.8,18.38,9.64,8.44,null,null,null,null,null
smart_agriculture_heterogeneous_team_021,return_base,2026-01-20T15:46:50.000Z,complete,drone_scout_1,drone_scout,smart_agriculture_heterogeneous_team_021_exec_15,done,77.9,0.0,0.0,5.0,null,null,null,null,null
smart_agriculture_heterogeneous_team_021,return_base,2026-01-20T15:46:51.000Z,start,sprayer_1,sprayer_rover,smart_agriculture_heterogeneous_team_021_exec_16,inprogress,79.8,73.51,38.56,0.0,null,null,null,null,null
smart_agriculture_heterogeneous_team_021,return_base,2026-01-20T15:48:03.000Z,null,sprayer_1,sprayer_rover,smart_agriculture_heterogeneous_team_021_exec_16,inprogress,78.9,55.13,28.92,0.0,null,null,null,null,null
smart_agriculture_heterogeneous_team_021,return_base,2026-01-20T15:49:15.000Z,null,sprayer_1,sprayer_rover,smart_agriculture_heterogeneous_team_021_exec_16,inprogress,78.0,36.75,19.28,0.0,null,null,null,null,null
smart_agriculture_heterogeneous_team_021,return_base,2026-01-20T15:50:27.000Z,null,sprayer_1,sprayer_rover,smart_agriculture_heterogeneous_team_021_exec_16,inprogress,77.2,18.38,9.64,0.0,null,null,null,null,null
smart_agriculture_heterogeneous_team_021,return_base,2026-01-20T15:51:41.000Z,complete,sprayer_1,sprayer_rover,smart_agriculture_heterogeneous_team_021_exec_16,done,76.3,0.0,0.0,0.0,null,null,null,null,null
smart_agriculture_heterogeneous_team_021,return_base,2026-01-20T15:51:42.000Z,start,supply_1,supply_rover,smart_agriculture_heterogeneous_team_021_exec_17,inprogress,83.4,76.94,42.23,0.0,null,null,null,null,null
smart_agriculture_heterogeneous_team_021,return_base,2026-01-20T15:52:33.000Z,null,supply_1,supply_rover,smart_agriculture_heterogeneous_team_021_exec_17,inprogress,82.6,57.7,31.67,0.0,null,null,null,null,null
smart_agriculture_heterogeneous_team_021,return_base,2026-01-20T15:53:24.000Z,null,supply_1,supply_rover,smart_agriculture_heterogeneous_team_021_exec_17,inprogress,81.7,38.47,21.12,0.0,null,null,null,null,null
smart_agriculture_heterogeneous_team_021,return_base,2026-01-20T15:54:15.000Z,null,supply_1,supply_rover,smart_agriculture_heterogeneous_team_021_exec_17,inprogress,80.9,19.23,10.56,0.0,null,null,null,null,null
smart_agriculture_heterogeneous_team_021,return_base,2026-01-20T15:55:09.000Z,complete,supply_1,supply_rover,smart_agriculture_heterogeneous_team_021_exec_17,done,80.0,0.0,0.0,0.0,null,null,null,null,null
smart_agriculture_heterogeneous_team_022,survey_field,2026-01-20T15:48:00.000Z,start,drone_scout_1,drone_scout,smart_agriculture_heterogeneous_team_022_exec_1,inprogress,77.5,0.0,0.0,5.0,null,null,null,null,null
smart_agriculture_heterogeneous_team_022,survey_field,2026-01-20T15:48:31.000Z,null,drone_scout_1,drone_scout,smart_agriculture_heterogeneous_team_022_exec_1,inprogress,76.5,6.66,2.74,6.63,null,null,null,null,null
smart_agriculture_heterogeneous_team_022,survey_field,2026-01-20T15:49:02.000Z,null,drone_scout_1,drone_scout,smart_agriculture_heterogeneous_team_022_exec_1,inprogress,75.5,13.32,5.48,8.27,null,null,null,null,null
smart_agriculture_heterogeneous_team_022,survey_field,2026-01-20T15:49:33.000Z,null,drone_scout_1,drone_scout,smart_agriculture_heterogeneous_team_022_exec_1,inprogress,74.5,19.98,8.22,9.9,null,null,null,null,null
smart_agriculture_heterogeneous_team_022,survey_field,2026-01-20T15:50:04.000Z,null,drone_scout_1,drone_scout,smart_agriculture_heterogeneous_team_022_exec_1,inprogress,73.5,26.64,10.96,11.53,null,null,null,null,null
smart_agriculture_heterogeneous_team_022,survey_field,2026-01-20T15:50:35.000Z,null,drone_scout_1,drone_scout,smart_agriculture_heterogeneous_team_022_exec_1,inprogress,72.5,33.3,13.7,13.17,null,null,null,null,null
smart_agriculture_heterogeneous_team_022,survey_field,2026-01-20T15:51:06.000Z,null,drone_scout_1,drone_scout,smart_agriculture_heterogeneous_team_022_exec_1,inprogress,71.5,39.97,16.44,14.8,null,null,null,null,null
smart_agriculture_heterogeneous_team_022,survey_field,2026-01-20T15:51:37.000Z,null,drone_scout_1,drone_scout,smart_agriculture_heterogeneous_team_022_exec_1,inprogress,70.5,46.63,19.18,16.44,null,null,null,null,null
smart_agriculture_heterogeneous_team_022,survey_field,2026-01-20T15:52:11.000Z,complete,drone_scout_1,drone_scout,smart_agriculture_heterogeneous_team_022_exec_1,done,69.5,53.29,21.92,18.07,null,null,null,null,null
smart_agriculture_heterogeneous_team_022,detect_patch,2026-01-20T15:52:12.000Z,start,drone_scout_1,drone_scout,smart_agriculture_heterogeneous_team_022_exec_2,inprogress,69.5,53.29,21.92,18.07,null,null,null,null,null
smart_agriculture_heterogeneous_team_022,detect_patch,2026-01-20T15:52:40.000Z,complete,drone_scout_1,drone_scout,smart_agriculture_heterogeneous_team_022_exec_2,done,69.1,53.29,21.92,18.07,null,null,null,null,null
smart_agriculture_heterogeneous_team_022,send_patch_coordinates,2026-01-20T15:52:41.000Z,start,drone_scout_1,drone_scout,smart_agriculture_heterogeneous_team_022_exec_3,inprogress,69.1,53.29,21.92,18.07,msg_1dd4a688c9,weed patch coordinates and density,send,drone_scout_1,sprayer_1
smart_agriculture_heterogeneous_team_022,send_patch_coordinates,2026-01-20T15:52:48.000Z,complete,drone_scout_1,drone_scout,smart_agriculture_heterogeneous_team_022_exec_3,done,68.9,53.29,21.92,18.07,msg_1dd4a688c9,weed patch coordinates and density,send,drone_scout_1,sprayer_1
smart_agriculture_heterogeneous_team_022,receive_patch_coordinates,2026-01-20T15:52:53.000Z,start,sprayer_1,sprayer_rover,smart_agriculture_heterogeneous_team_022_exec_4,inprogress,81.3,0.0,0.0,0.0,msg_1dd4a688c9,weed patch coordinates and density,receive,drone_scout_1,sprayer_1
smart_agriculture_heterogeneous_team_022,receive_patch_coordinates,2026-01-20T15:52:57.000Z,complete,sprayer_1,sprayer_rover,smart_agriculture_heterogeneous_team_022_exec_4,done,81.2,0.0,0.0,0.0,msg_1dd4a688c9,weed patch coordinates and density,receive,drone_scout_1,sprayer_1
smart_agriculture_heterogeneous_team_022,navigate_to_patch,2026-01-20T15:52:58.000Z,start,sprayer_1,sprayer_rover,smart_agriculture_heterogeneous_team_022_exec_5,inprogress,81.2,0.0,0.0,0.0,null,null,null,null,null
smart_agriculture_heterogeneous_team_022,navigate_to_patch,2026-01-20T15:53:42.000Z,null,sprayer_1,sprayer_rover,smart_agriculture_heterogeneous_team_022_exec_5,inprogress,80.4,8.88,3.65,0.0,null,null,null,null,null
smart_agriculture_heterogeneous_team_022,navigate_to_patch,2026-01-20T15:54:26.000Z,null,sprayer_1,sprayer_rover,smart_agriculture_heterogeneous_team_022_exec_5,inprogress,79.7,17.76,7.31,0.0,null,null,null,null,null
smart_agriculture_heterogeneous_team_022,navigate_to_patch,2026-01-20T15:55:10.000Z,null,sprayer_1,sprayer_rover,smart_agriculture_heterogeneous_team_022_exec_5,inprogress,79.0,26.64,10.96,0.0,null,null,null,null,null
smart_agriculture_heterogeneous_team_022,navigate_to_patch,2026-01-20T15:55:54.000Z,null,sprayer_1,sprayer_rover,smart_agriculture_heterogeneous_team_022_exec_5,inprogress,78.2,35.53,14.61,0.0,null,null,null,null,null
smart_agriculture_heterogeneous_team_022,navigate_to_patch,2026-01-20T15:56:38.000Z,null,sprayer_1,sprayer_rover,smart_agriculture_heterogeneous_team_022_exec_5,inprogress,77.5,44.41,18.26,0.0,null,null,null,null,null
smart_agriculture_heterogeneous_team_022,navigate_to_patch,2026-01-20T15:57:24.000Z,complete,sprayer_1,sprayer_rover,smart_agriculture_heterogeneous_team_022_exec_5,done,76.8,53.29,21.92,0.0,null,null,null,null,null
smart_agriculture_heterogeneous_team_022,spray_patch,2026-01-20T15:57:25.000Z,start,sprayer_1,sprayer_rover,smart_agriculture_heterogeneous_team_022_exec_6,inprogress,76.8,53.29,21.92,0.0,null,null,null,null,null
smart_agriculture_heterogeneous_team_022,spray_patch,2026-01-20T15:58:03.000Z,null,sprayer_1,sprayer_rover,smart_agriculture_heterogeneous_team_022_exec_6,inprogress,75.9,53.29,21.92,0.0,null,null,null,null,null
smart_agriculture_heterogeneous_team_022,spray_patch,2026-01-20T15:58:41.000Z,null,sprayer_1,sprayer_rover,smart_agriculture_heterogeneous_team_022_exec_6,inprogress,75.1,53.29,21.92,0.0,null,null,null,null,null
smart_agriculture_heterogeneous_team_022,spray_patch,2026-01-20T15:59:19.000Z,null,sprayer_1,sprayer_rover,smart_agriculture_heterogeneous_team_022_exec_6,inprogress,74.3,53.29,21.92,0.0,null,null,null,null,null
smart_agriculture_heterogeneous_team_022,spray_patch,2026-01-20T15:59:57.000Z,null,sprayer_1,sprayer_rover,smart_agriculture_heterogeneous_team_022_exec_6,inprogress,73.5,53.29,21.92,0.0,null,null,null,null,null
smart_agriculture_heterogeneous_team_022,spray_patch,2026-01-20T16:00:35.000Z,null,sprayer_1,sprayer_rover,smart_agriculture_heterogeneous_team_022_exec_6,inprogress,72.7,53.29,21.92,0.0,null,null,null,null,null
smart_agriculture_heterogeneous_team_022,spray_patch,2026-01-20T16:01:17.000Z,complete,sprayer_1,sprayer_rover,smart_agriculture_heterogeneous_team_022_exec_6,done,71.9,53.29,21.92,0.0,null,null,null,null,null
smart_agriculture_heterogeneous_team_022,send_refill_request,2026-01-20T16:01:18.000Z,start,sprayer_1,sprayer_rover,smart_agriculture_heterogeneous_team_022_exec_7,inprogress,71.9,53.29,21.92,0.0,msg_3a4ab897dc,refill needed at current patch,send,sprayer_1,supply_1
smart_agriculture_heterogeneous_team_022,send_refill_request,2026-01-20T16:01:23.000Z,complete,sprayer_1,sprayer_rover,smart_agriculture_heterogeneous_team_022_exec_7,done,71.7,53.29,21.92,0.0,msg_3a4ab897dc,refill needed at current patch,send,sprayer_1,supply_1
smart_agriculture_heterogeneous_team_022,receive_refill_request,2026-01-20T16:01:29.000Z,start,supply_1,supply_rover,smart_agriculture_heterogeneous_team_022_exec_8,inprogress,74.2,0.0,0.0,0.0,msg_3a4ab897dc,refill needed at current patch,receive,sprayer_1,supply_1
smart_agriculture_heterogeneous_team_022,receive_refill_request,2026-01-20T16:01:33.000Z,complete,supply_1,supply_rover,smart_agriculture_heterogeneous_team_022_exec_8,done,74.1,0.0,0.0,0.0,msg_3a4ab897dc,refill needed at current patch,receive,sprayer_1,supply_1
smart_agriculture_heterogeneous_team_022,deliver_refill,2026-01-20T16:01:34.000Z,start,supply_1,supply_rover,smart_agriculture_heterogeneous_team_022_exec_9,inprogress,74.1,0.0,0.0,0.0,null,null,null,null,null
smart_agriculture_heterogeneous_team_022,deliver_refill,2026-01-20T16:02:09.000Z,null,supply_1,supply_rover,smart_agriculture_heterogeneous_team_022_exec_9,inprogress,73.4,8.36,3.37,0.0,null,null,null,null,null
smart_agriculture_heterogeneous_team_022,deliver_refill,2026-01-20T16:02:44.000Z,null,supply_1,supply_rover,smart_agriculture_heterogeneous_team_022_exec_9,inprogress,72.7,16.72,6.73,0.0,null,null,null,null,null
smart_agriculture_heterogeneous_team_022,deliver_refill,2026-01-20T16:03:19.000Z,null,supply_1,supply_rover,smart_agriculture_heterogeneous_team_022_exec_9,inprogress,72.0,25.09,10.1,0.0,null,null,null,null,null
smart_agriculture_heterogeneous_team_022,deliver_refill,2026-01-20T16:03:54.000Z,null,supply_1,supply_rover,smart_agriculture_heterogeneous_team_022_exec_9,inprogress,71.3,33.45,13.46,0.0,null,null,null,null,null
smart_agriculture_heterogeneous_team_022,deliver_refill,2026-01-20T16:04:29.000Z,null,supply_1,supply_rover,smart_agriculture_heterogeneous_team_022_exec_9,inprogress,70.6,41.81,16.83,0.0,null,null,null,null,null
smart_agriculture_heterogeneous_team_022,deliver_refill,2026-01-20T16:05:08.000Z,complete,supply_1,supply_rover,smart_agriculture_heterogeneous_team_022_exec_9,done,69.8,50.17,20.2,0.0,null,null,null,null,null
smart_agriculture_heterogeneous_team_022,send_treatment_ack,2026-01-20T16:05:09.000Z,start,supply_1,supply_rover,smart_agriculture_heterogeneous_team_022_exec_10,inprogress,69.8,50.17,20.2,0.0,msg_58b0923565,refill delivered and treatment may resume,send,supply_1,sprayer_1
smart_agriculture_heterogeneous_team_022,send_treatment_ack,2026-01-20T16:05:15.000Z,complete,supply_1,supply_rover,smart_agriculture_heterogeneous_team_022_exec_10,done,69.6,50.17,20.2,0.0,msg_58b0923565,refill delivered and treatment may resume,send,supply_1,sprayer_1
smart_agriculture_heterogeneous_team_022,receive_treatment_ack,2026-01-20T16:05:19.000Z,start,sprayer_1,sprayer_rover,smart_agriculture_heterogeneous_team_022_exec_11,inprogress,71.7,53.29,21.92,0.0,msg_58b0923565,refill delivered and treatment may resume,receive,supply_1,sprayer_1
smart_agriculture_heterogeneous_team_022,receive_treatment_ack,2026-01-20T16:05:23.000Z,complete,sprayer_1,sprayer_rover,smart_agriculture_heterogeneous_team_022_exec_11,done,71.6,53.29,21.92,0.0,msg_58b0923565,refill delivered and treatment may resume,receive,supply_1,sprayer_1
smart_agriculture_heterogeneous_team_022,resume_treatment,2026-01-20T16:05:24.000Z,start,sprayer_1,sprayer_rover,smart_agriculture_heterogeneous_team_022_exec_12,inprogress,71.6,53.29,21.92,0.0,null,null,null,null,null
smart_agriculture_heterogeneous_team_022,resume_treatment,2026-01-20T16:06:06.000Z,null,sprayer_1,sprayer_rover,smart_agriculture_heterogeneous_team_022_exec_12,inprogress,69.8,53.29,21.92,0.0,null,null,null,null,null
smart_agriculture_heterogeneous_team_022,resume_treatment,2026-01-20T16:06:48.000Z,complete,sprayer_1,sprayer_rover,smart_agriculture_heterogeneous_team_022_exec_12,done,68.0,53.29,21.92,0.0,null,null,null,null,null
smart_agriculture_heterogeneous_team_022,return_base,2026-01-20T16:06:49.000Z,start,drone_scout_1,drone_scout,smart_agriculture_heterogeneous_team_022_exec_13,inprogress,68.9,53.29,21.92,18.07,null,null,null,null,null
smart_agriculture_heterogeneous_team_022,return_base,2026-01-20T16:07:29.000Z,null,drone_scout_1,drone_scout,smart_agriculture_heterogeneous_team_022_exec_13,inprogress,68.0,42.63,17.53,15.46,null,null,null,null,null
smart_agriculture_heterogeneous_team_022,return_base,2026-01-20T16:08:09.000Z,null,drone_scout_1,drone_scout,smart_agriculture_heterogeneous_team_022_exec_13,inprogress,67.0,31.97,13.15,12.84,null,null,null,null,null
smart_agriculture_heterogeneous_team_022,return_base,2026-01-20T16:08:49.000Z,null,drone_scout_1,drone_scout,smart_agriculture_heterogeneous_team_022_exec_13,inprogress,66.0,21.32,8.77,10.23,null,null,null,null,null
smart_agriculture_heterogeneous_team_022,return_base,2026-01-20T16:09:29.000Z,null,drone_scout_1,drone_scout,smart_agriculture_heterogeneous_team_022_exec_13,inprogress,65.0,10.66,4.38,7.61,null,null,null,null,null
smart_agriculture_heterogeneous_team_022,return_base,2026-01-20T16:10:10.000Z,complete,drone_scout_1,drone_scout,smart_agriculture_heterogeneous_team_022_exec_13,done,64.0,0.0,0.0,5.0,null,null,null,null,null
smart_agriculture_heterogeneous_team_022,return_base,2026-01-20T16:10:11.000Z,start,sprayer_1,sprayer_rover,smart_agriculture_heterogeneous_team_022_exec_14,inprogress,68.0,53.29,21.92,0.0,null,null,null,null,null
smart_agriculture_heterogeneous_team_022,return_base,2026-01-20T16:10:57.000Z,null,sprayer_1,sprayer_rover,smart_agriculture_heterogeneous_team_022_exec_14,inprogress,67.0,42.63,17.53,0.0,null,null,null,null,null
smart_agriculture_heterogeneous_team_022,return_base,2026-01-20T16:11:43.000Z,null,sprayer_1,sprayer_rover,smart_agriculture_heterogeneous_team_022_exec_14,inprogress,66.0,31.97,13.15,0.0,null,null,null,null,null
smart_agriculture_heterogeneous_team_022,return_base,2026-01-20T16:12:29.000Z,null,sprayer_1,sprayer_rover,smart_agriculture_heterogeneous_team_022_exec_14,inprogress,65.0,21.32,8.77,0.0,null,null,null,null,null
smart_agriculture_heterogeneous_team_022,return_base,2026-01-20T16:13:15.000Z,null,sprayer_1,sprayer_rover,smart_agriculture_heterogeneous_team_022_exec_14,inprogress,64.0,10.66,4.38,0.0,null,null,null,null,null
smart_agriculture_heterogeneous_team_022,return_base,2026-01-20T16:14:01.000Z,complete,sprayer_1,sprayer_rover,smart_agriculture_heterogeneous_team_022_exec_14,done,63.0,0.0,0.0,0.0,null,null,null,null,null
smart_agriculture_heterogeneous_team_022,return_base,2026-01-20T16:14:02.000Z,start,supply_1,supply_rover,smart_agriculture_heterogeneous_team_022_exec_15,inprogress,69.6,50.17,20.2,0.0,null,null,null,null,null
smart_agriculture_heterogeneous_team_022,return_base,2026-01-20T16:14:59.000Z,null,supply_1,supply_rover,smart_agriculture_heterogeneous_team_022_exec_15,inprogress,68.8,40.14,16.16,0.0,null,null,null,null,null
smart_agriculture_heterogeneous_team_022,return_base,2026-01-20T16:15:56.000Z,null,supply_1,supply_rover,smart_agriculture_heterogeneous_team_022_exec_15,inprogress,67.9,30.1,12.12,0.0,null,null,null,null,null
smart_agriculture_heterogeneous_team_022,return_base,2026-01-20T16:16:53.000Z,null,supply_1,supply_rover,smart_agriculture_heterogeneous_team_022_exec_15,inprogress,67.1,20.07,8.08,0.0,null,null,null,null,null
smart_agriculture_heterogeneous_team_022,return_base,2026-01-20T16:17:50.000Z,null,supply_1,supply_rover,smart_agriculture_heterogeneous_team_022_exec_15,inprogress,66.2,10.03,4.04,0.0,null,null,null,null,null
smart_agriculture_heterogeneous_team_022,return_base,2026-01-20T16:18:48.000Z,complete,supply_1,supply_rover,smart_agriculture_heterogeneous_team_022_exec_15,done,65.4,0.0,0.0,0.0,null,null,null,null,null
smart_agriculture_heterogeneous_team_023,survey_field,2026-01-20T16:16:00.000Z,start,drone_scout_1,drone_scout,smart_agriculture_heterogeneous_team_023_exec_1,inprogress,83.1,0.0,0.0,5.0,null,null,null,null,null
smart_agriculture_heterogeneous_team_023,survey_field,2026-01-20T16:16:53.000Z,null,drone_scout_1,drone_scout,smart_agriculture_heterogeneous_team_023_exec_1,inprogress,82.2,8.77,9.43,7.35,null,null,null,null,null
smart_agriculture_heterogeneous_team_023,survey_field,2026-01-20T16:17:46.000Z,null,drone_scout_1,drone_scout,smart_agriculture_heterogeneous_team_023_exec_1,inprogress,81.3,17.53,18.85,9.7,null,null,null,null,null
smart_agriculture_heterogeneous_team_023,survey_field,2026-01-20T16:18:39.000Z,null,drone_scout_1,drone_scout,smart_agriculture_heterogeneous_team_023_exec_1,inprogress,80.4,26.3,28.28,12.05,null,null,null,null,null
smart_agriculture_heterogeneous_team_023,survey_field,2026-01-20T16:19:32.000Z,null,drone_scout_1,drone_scout,smart_agriculture_heterogeneous_team_023_exec_1,inprogress,79.5,35.07,37.71,14.4,null,null,null,null,null
smart_agriculture_heterogeneous_team_023,survey_field,2026-01-20T16:20:25.000Z,null,drone_scout_1,drone_scout,smart_agriculture_heterogeneous_team_023_exec_1,inprogress,78.6,43.84,47.13,16.75,null,null,null,null,null
smart_agriculture_heterogeneous_team_023,survey_field,2026-01-20T16:21:19.000Z,complete,drone_scout_1,drone_scout,smart_agriculture_heterogeneous_team_023_exec_1,done,77.7,52.6,56.56,19.1,null,null,null,null,null
smart_agriculture_heterogeneous_team_023,detect_patch,2026-01-20T16:21:20.000Z,start,drone_scout_1,drone_scout,smart_agriculture_heterogeneous_team_023_exec_2,inprogress,77.7,52.6,56.56,19.1,null,null,null,null,null
smart_agriculture_heterogeneous_team_023,detect_patch,2026-01-20T16:21:40.000Z,complete,drone_scout_1,drone_scout,smart_agriculture_heterogeneous_team_023_exec_2,done,77.4,52.6,56.56,19.1,null,null,null,null,null
smart_agriculture_heterogeneous_team_023,send_patch_coordinates,2026-01-20T16:21:41.000Z,start,drone_scout_1,drone_scout,smart_agriculture_heterogeneous_team_023_exec_3,inprogress,77.4,52.6,56.56,19.1,msg_70202192cb,weed patch coordinates and density,send,drone_scout_1,sprayer_1
smart_agriculture_heterogeneous_team_023,send_patch_coordinates,2026-01-20T16:21:46.000Z,complete,drone_scout_1,drone_scout,smart_agriculture_heterogeneous_team_023_exec_3,done,77.2,52.6,56.56,19.1,msg_70202192cb,weed patch coordinates and density,send,drone_scout_1,sprayer_1
smart_agriculture_heterogeneous_team_023,receive_patch_coordinates,2026-01-20T16:22:34.000Z,start,sprayer_1,sprayer_rover,smart_agriculture_heterogeneous_team_023_exec_4,inprogress,88.6,0.0,0.0,0.0,msg_70202192cb,weed patch coordinates and density,receive,drone_scout_1,sprayer_1
smart_agriculture_heterogeneous_team_023,receive_patch_coordinates,2026-01-20T16:22:38.000Z,complete,sprayer_1,sprayer_rover,smart_agriculture_heterogeneous_team_023_exec_4,done,88.5,0.0,0.0,0.0,msg_70202192cb,weed patch coordinates and density,receive,drone_scout_1,sprayer_1
smart_agriculture_heterogeneous_team_023,navigate_to_patch,2026-01-20T16:22:39.000Z,start,sprayer_1,sprayer_rover,smart_agriculture_heterogeneous_team_023_exec_5,inprogress,88.5,0.0,0.0,0.0,null,null,null,null,null
smart_agriculture_heterogeneous_team_023,navigate_to_patch,2026-01-20T16:23:44.000Z,null,sprayer_1,sprayer_rover,smart_agriculture_heterogeneous_team_023_exec_5,inprogress,87.6,8.77,9.43,0.0,null,null,null,null,null
smart_agriculture_heterogeneous_team_023,navigate_to_patch,2026-01-20T16:24:49.000Z,null,sprayer_1,sprayer_rover,smart_agriculture_heterogeneous_team_023_exec_5,inprogress,86.6,17.53,18.85,0.0,null,null,null,null,null
smart_agriculture_heterogeneous_team_023,navigate_to_patch,2026-01-20T16:25:54.000Z,null,sprayer_1,sprayer_rover,smart_agriculture_heterogeneous_team_023_exec_5,inprogress,85.7,26.3,28.28,0.0,null,null,null,null,null
smart_agriculture_heterogeneous_team_023,navigate_to_patch,2026-01-20T16:26:59.000Z,null,sprayer_1,sprayer_rover,smart_agriculture_heterogeneous_team_023_exec_5,inprogress,84.7,35.07,37.71,0.0,null,null,null,null,null
smart_agriculture_heterogeneous_team_023,navigate_to_patch,2026-01-20T16:28:04.000Z,null,sprayer_1,sprayer_rover,smart_agriculture_heterogeneous_team_023_exec_5,inprogress,83.8,43.84,47.13,0.0,null,null,null,null,null
smart_agriculture_heterogeneous_team_023,navigate_to_patch,2026-01-20T16:29:12.000Z,complete,sprayer_1,sprayer_rover,smart_agriculture_heterogeneous_team_023_exec_5,done,82.8,52.6,56.56,0.0,null,null,null,null,null
smart_agriculture_heterogeneous_team_023,spray_patch,2026-01-20T16:29:13.000Z,start,sprayer_1,sprayer_rover,smart_agriculture_heterogeneous_team_023_exec_6,inprogress,82.8,52.6,56.56,0.0,null,null,null,null,null
smart_agriculture_heterogeneous_team_023,spray_patch,2026-01-20T16:29:33.000Z,null,sprayer_1,sprayer_rover,smart_agriculture_heterogeneous_team_023_exec_6,inprogress,81.8,52.6,56.56,0.0,null,null,null,null,null
smart_agriculture_heterogeneous_team_023,spray_patch,2026-01-20T16:29:53.000Z,null,sprayer_1,sprayer_rover,smart_agriculture_heterogeneous_team_023_exec_6,inprogress,80.7,52.6,56.56,0.0,null,null,null,null,null
smart_agriculture_heterogeneous_team_023,spray_patch,2026-01-20T16:30:13.000Z,null,sprayer_1,sprayer_rover,smart_agriculture_heterogeneous_team_023_exec_6,inprogress,79.6,52.6,56.56,0.0,null,null,null,null,null
smart_agriculture_heterogeneous_team_023,spray_patch,2026-01-20T16:30:33.000Z,null,sprayer_1,sprayer_rover,smart_agriculture_heterogeneous_team_023_exec_6,inprogress,78.6,52.6,56.56,0.0,null,null,null,null,null
smart_agriculture_heterogeneous_team_023,spray_patch,2026-01-20T16:30:53.000Z,null,sprayer_1,sprayer_rover,smart_agriculture_heterogeneous_team_023_exec_6,inprogress,77.5,52.6,56.56,0.0,null,null,null,null,null
smart_agriculture_heterogeneous_team_023,spray_patch,2026-01-20T16:31:15.000Z,complete,sprayer_1,sprayer_rover,smart_agriculture_heterogeneous_team_023_exec_6,done,76.4,52.6,56.56,0.0,null,null,null,null,null
smart_agriculture_heterogeneous_team_023,send_refill_request,2026-01-20T16:31:16.000Z,start,sprayer_1,sprayer_rover,smart_agriculture_heterogeneous_team_023_exec_7,inprogress,76.4,52.6,56.56,0.0,msg_95d7df526a,refill needed at current patch,send,sprayer_1,supply_1
smart_agriculture_heterogeneous_team_023,send_refill_request,2026-01-20T16:31:24.000Z,complete,sprayer_1,sprayer_rover,smart_agriculture_heterogeneous_team_023_exec_7,done,76.2,52.6,56.56,0.0,msg_95d7df526a,refill needed at current patch,send,sprayer_1,supply_1
smart_agriculture_heterogeneous_team_023,receive_refill_request,2026-01-20T16:32:19.000Z,start,supply_1,supply_rover,smart_agriculture_heterogeneous_team_023_exec_8,inprogress,94.9,0.0,0.0,0.0,msg_95d7df526a,refill needed at current patch,receive,sprayer_1,supply_1
smart_agriculture_heterogeneous_team_023,receive_refill_request,2026-01-20T16:32:23.000Z,complete,supply_1,supply_rover,smart_agriculture_heterogeneous_team_023_exec_8,done,94.8,0.0,0.0,0.0,msg_95d7df526a,refill needed at current patch,receive,sprayer_1,supply_1
smart_agriculture_heterogeneous_team_023,queue_wait,2026-01-20T16:32:24.000Z,start,sprayer_1,sprayer_rover,smart_agriculture_heterogeneous_team_023_exec_9,inprogress,76.2,52.6,56.56,0.0,null,null,null,null,null
smart_agriculture_heterogeneous_team_023,queue_wait,2026-01-20T16:33:02.000Z,null,sprayer_1,sprayer_rover,smart_agriculture_heterogeneous_team_023_exec_9,inprogress,76.1,52.6,56.56,0.0,null,null,null,null,null
smart_agriculture_heterogeneous_team_023,queue_wait,2026-01-20T16:33:40.000Z,null,sprayer_1,sprayer_rover,smart_agriculture_heterogeneous_team_023_exec_9,inprogress,76.0,52.6,56.56,0.0,null,null,null,null,null
smart_agriculture_heterogeneous_team_023,queue_wait,2026-01-20T16:34:18.000Z,null,sprayer_1,sprayer_rover,smart_agriculture_heterogeneous_team_023_exec_9,inprogress,75.9,52.6,56.56,0.0,null,null,null,null,null
smart_agriculture_heterogeneous_team_023,queue_wait,2026-01-20T16:34:57.000Z,complete,sprayer_1,sprayer_rover,smart_agriculture_heterogeneous_team_023_exec_9,done,75.8,52.6,56.56,0.0,null,null,null,null,null
smart_agriculture_heterogeneous_team_023,deliver_refill,2026-01-20T16:34:58.000Z,start,supply_1,supply_rover,smart_agriculture_heterogeneous_team_023_exec_10,inprogress,94.8,0.0,0.0,0.0,null,null,null,null,null
smart_agriculture_heterogeneous_team_023,deliver_refill,2026-01-20T16:35:59.000Z,null,supply_1,supply_rover,smart_agriculture_heterogeneous_team_023_exec_10,inprogress,93.6,12.71,13.37,0.0,null,null,null,null,null
smart_agriculture_heterogeneous_team_023,deliver_refill,2026-01-20T16:37:00.000Z,null,supply_1,supply_rover,smart_agriculture_heterogeneous_team_023_exec_10,inprogress,92.3,25.43,26.74,0.0,null,null,null,null,null
smart_agriculture_heterogeneous_team_023,deliver_refill,2026-01-20T16:38:01.000Z,null,supply_1,supply_rover,smart_agriculture_heterogeneous_team_023_exec_10,inprogress,91.1,38.14,40.11,0.0,null,null,null,null,null
smart_agriculture_heterogeneous_team_023,deliver_refill,2026-01-20T16:39:05.000Z,complete,supply_1,supply_rover,smart_agriculture_heterogeneous_team_023_exec_10,done,89.8,50.85,53.48,0.0,null,null,null,null,null
smart_agriculture_heterogeneous_team_023,send_treatment_ack,2026-01-20T16:39:06.000Z,start,supply_1,supply_rover,smart_agriculture_heterogeneous_team_023_exec_11,inprogress,89.8,50.85,53.48,0.0,msg_6aef143463,refill delivered and treatment may resume,send,supply_1,sprayer_1
smart_agriculture_heterogeneous_team_023,send_treatment_ack,2026-01-20T16:39:13.000Z,complete,supply_1,supply_rover,smart_agriculture_heterogeneous_team_023_exec_11,done,89.6,50.85,53.48,0.0,msg_6aef143463,refill delivered and treatment may resume,send,supply_1,sprayer_1
smart_agriculture_heterogeneous_team_023,receive_treatment_ack,2026-01-20T16:39:17.000Z,start,sprayer_1,sprayer_rover,smart_agriculture_heterogeneous_team_023_exec_12,inprogress,75.8,52.6,56.56,0.0,msg_6aef143463,refill delivered and treatment may resume,receive,supply_1,sprayer_1
smart_agriculture_heterogeneous_team_023,receive_treatment_ack,2026-01-20T16:39:21.000Z,complete,sprayer_1,sprayer_rover,smart_agriculture_heterogeneous_team_023_exec_12,done,75.7,52.6,56.56,0.0,msg_6aef143463,refill delivered and treatment may resume,receive,supply_1,sprayer_1
smart_agriculture_heterogeneous_team_023,resume_treatment,2026-01-20T16:39:22.000Z,start,sprayer_1,sprayer_rover,smart_agriculture_heterogeneous_team_023_exec_13,inprogress,75.7,52.6,56.56,0.0,null,null,null,null,null
smart_agriculture_heterogeneous_team_023,resume_treatment,2026-01-20T16:39:57.000Z,null,sprayer_1,sprayer_rover,smart_agriculture_heterogeneous_team_023_exec_13,inprogress,74.4,52.6,56.56,0.0,null,null,null,null,null
smart_agriculture_heterogeneous_team_023,resume_treatment,2026-01-20T16:40:32.000Z,null,sprayer_1,sprayer_rover,smart_agriculture_heterogeneous_team_023_exec_13,inprogress,73.1,52.6,56.56,0.0,null,null,null,null,null
smart_agriculture_heterogeneous_team_023,resume_treatment,2026-01-20T16:41:07.000Z,complete,sprayer_1,sprayer_rover,smart_agriculture_heterogeneous_team_023_exec_13,done,71.9,52.6,56.56,0.0,null,null,null,null,null
smart_agriculture_heterogeneous_team_023,return_base,2026-01-20T16:41:08.000Z,start,drone_scout_1,drone_scout,smart_agriculture_heterogeneous_team_023_exec_14,inprogress,77.2,52.6,56.56,19.1,null,null,null,null,null
smart_agriculture_heterogeneous_team_023,return_base,2026-01-20T16:42:29.000Z,null,drone_scout_1,drone_scout,smart_agriculture_heterogeneous_team_023_exec_14,inprogress,75.8,35.07,37.71,14.4,null,null,null,null,null
smart_agriculture_heterogeneous_team_023,return_base,2026-01-20T16:43:50.000Z,null,drone_scout_1,drone_scout,smart_agriculture_heterogeneous_team_023_exec_14,inprogress,74.4,17.53,18.85,9.7,null,null,null,null,null
smart_agriculture_heterogeneous_team_023,return_base,2026-01-20T16:45:11.000Z,complete,drone_scout_1,drone_scout,smart_agriculture_heterogeneous_team_023_exec_14,done,73.0,0.0,0.0,5.0,null,null,null,null,null
smart_agriculture_heterogeneous_team_023,return_base,2026-01-20T16:45:12.000Z,start,sprayer_1,sprayer_rover,smart_agriculture_heterogeneous_team_023_exec_15,inprogress,71.9,52.6,56.56,0.0,null,null,null,null,null
smart_agriculture_heterogeneous_team_023,return_base,2026-01-20T16:46:06.000Z,null,sprayer_1,sprayer_rover,smart_agriculture_heterogeneous_team_023_exec_15,inprogress,71.2,43.84,47.13,0.0,null,null,null,null,null
smart_agriculture_heterogeneous_team_023,return_base,2026-01-20T16:47:00.000Z,null,sprayer_1,sprayer_rover,smart_agriculture_heterogeneous_team_023_exec_15,inprogress,70.5,35.07,37.71,0.0,null,null,null,null,null
smart_agriculture_heterogeneous_team_023,return_base,2026-01-20T16:47:54.000Z,null,sprayer_1,sprayer_rover,smart_agriculture_heterogeneous_team_023_exec_15,inprogress,69.9,26.3,28.28,0.0,null,null,null,null,null
smart_agriculture_heterogeneous_team_023,return_base,2026-01-20T16:48:48.000Z,null,sprayer_1,sprayer_rover,smart_agriculture_heterogeneous_team_023_exec_15,inprogress,69.2,17.53,18.85,0.0,null,null,null,null,null
smart_agriculture_heterogeneous_team_023,return_base,2026-01-20T16:49:42.000Z,null,sprayer_1,sprayer_rover,smart_agriculture_heterogeneous_team_023_exec_15,inprogress,68.5,8.77,9.43,0.0,null,null,null,null,null
smart_agriculture_heterogeneous_team_023,return_base,2026-01-20T16:50:40.000Z,complete,sprayer_1,sprayer_rover,smart_agriculture_heterogeneous_team_023_exec_15,done,67.8,0.0,0.0,0.0,null,null,null,null,null
smart_agriculture_heterogeneous_team_023,return_base,2026-01-20T16:50:41.000Z,start,supply_1,supply_rover,smart_agriculture_heterogeneous_team_023_exec_16,inprogress,89.6,50.85,53.48,0.0,null,null,null,null,null
smart_agriculture_heterogeneous_team_023,return_base,2026-01-20T16:51:47.000Z,null,supply_1,supply_rover,smart_agriculture_heterogeneous_team_023_exec_16,inprogress,88.7,33.9,35.65,0.0,null,null,null,null,null
smart_agriculture_heterogeneous_team_023,return_base,2026-01-20T16:52:53.000Z,null,supply_1,supply_rover,smart_agriculture_heterogeneous_team_023_exec_16,inprogress,87.8,16.95,17.83,0.0,null,null,null,null,null
smart_agriculture_heterogeneous_team_023,return_base,2026-01-20T16:53:59.000Z,complete,supply_1,supply_rover,smart_agriculture_heterogeneous_team_023_exec_16,done,86.8,0.0,0.0,0.0,null,null,null,null,null
smart_agriculture_heterogeneous_team_024,survey_field,2026-01-20T16:44:00.000Z,start,drone_scout_1,drone_scout,smart_agriculture_heterogeneous_team_024_exec_1,inprogress,85.0,0.0,0.0,5.0,null,null,null,null,null
smart_agriculture_heterogeneous_team_024,survey_field,2026-01-20T16:44:54.000Z,null,drone_scout_1,drone_scout,smart_agriculture_heterogeneous_team_024_exec_1,inprogress,83.7,6.61,3.16,9.33,null,null,null,null,null
smart_agriculture_heterogeneous_team_024,survey_field,2026-01-20T16:45:48.000Z,null,drone_scout_1,drone_scout,smart_agriculture_heterogeneous_team_024_exec_1,inprogress,82.4,13.22,6.32,13.66,null,null,null,null,null
smart_agriculture_heterogeneous_team_024,survey_field,2026-01-20T16:46:42.000Z,null,drone_scout_1,drone_scout,smart_agriculture_heterogeneous_team_024_exec_1,inprogress,81.1,19.82,9.48,17.99,null,null,null,null,null
smart_agriculture_heterogeneous_team_024,survey_field,2026-01-20T16:47:36.000Z,null,drone_scout_1,drone_scout,smart_agriculture_heterogeneous_team_024_exec_1,inprogress,79.8,26.43,12.64,22.31,null,null,null,null,null
smart_agriculture_heterogeneous_team_024,survey_field,2026-01-20T16:48:31.000Z,complete,drone_scout_1,drone_scout,smart_agriculture_heterogeneous_team_024_exec_1,done,78.5,33.04,15.79,26.64,null,null,null,null,null
smart_agriculture_heterogeneous_team_024,detect_patch,2026-01-20T16:48:32.000Z,start,drone_scout_1,drone_scout,smart_agriculture_heterogeneous_team_024_exec_2,inprogress,78.5,33.04,15.79,26.64,null,null,null,null,null
smart_agriculture_heterogeneous_team_024,detect_patch,2026-01-20T16:49:08.000Z,complete,drone_scout_1,drone_scout,smart_agriculture_heterogeneous_team_024_exec_2,done,78.2,33.04,15.79,26.64,null,null,null,null,null
smart_agriculture_heterogeneous_team_024,send_patch_coordinates,2026-01-20T16:49:09.000Z,start,drone_scout_1,drone_scout,smart_agriculture_heterogeneous_team_024_exec_3,inprogress,78.2,33.04,15.79,26.64,msg_3b3c8d773d,weed patch coordinates and density,send,drone_scout_1,sprayer_1
smart_agriculture_heterogeneous_team_024,send_patch_coordinates,2026-01-20T16:49:15.000Z,complete,drone_scout_1,drone_scout,smart_agriculture_heterogeneous_team_024_exec_3,done,78.0,33.04,15.79,26.64,msg_3b3c8d773d,weed patch coordinates and density,send,drone_scout_1,sprayer_1
smart_agriculture_heterogeneous_team_024,receive_patch_coordinates,2026-01-20T16:49:20.000Z,start,sprayer_1,sprayer_rover,smart_agriculture_heterogeneous_team_024_exec_4,inprogress,75.4,0.0,0.0,0.0,msg_3b3c8d773d,weed patch coordinates and density,receive,drone_scout_1,sprayer_1
smart_agriculture_heterogeneous_team_024,receive_patch_coordinates,2026-01-20T16:49:24.000Z,complete,sprayer_1,sprayer_rover,smart_agriculture_heterogeneous_team_024_exec_4,done,75.3,0.0,0.0,0.0,msg_3b3c8d773d,weed patch coordinates and density,receive,drone_scout_1,sprayer_1
smart_agriculture_heterogeneous_team_024,navigate_to_patch,2026-01-20T16:49:25.000Z,start,sprayer_1,sprayer_rover,smart_agriculture_heterogeneous_team_024_exec_5,inprogress,75.3,0.0,0.0,0.0,null,null,null,null,null
smart_agriculture_heterogeneous_team_024,navigate_to_patch,2026-01-20T16:50:12.000Z,null,sprayer_1,sprayer_rover,smart_agriculture_heterogeneous_team_024_exec_5,inprogress,74.7,4.72,2.26,0.0,null,null,null,null,null
smart_agriculture_heterogeneous_team_024,navigate_to_patch,2026-01-20T16:50:59.000Z,null,sprayer_1,sprayer_rover,smart_agriculture_heterogeneous_team_024_exec_5,inprogress,74.1,9.44,4.51,0.0,null,null,null,null,null
smart_agriculture_heterogeneous_team_024,navigate_to_patch,2026-01-20T16:51:46.000Z,null,sprayer_1,sprayer_rover,smart_agriculture_heterogeneous_team_024_exec_5,inprogress,73.5,14.16,6.77,0.0,null,null,null,null,null
smart_agriculture_heterogeneous_team_024,navigate_to_patch,2026-01-20T16:52:33.000Z,null,sprayer_1,sprayer_rover,smart_agriculture_heterogeneous_team_024_exec_5,inprogress,72.9,18.88,9.03,0.0,null,null,null,null,null
smart_agriculture_heterogeneous_team_024,navigate_to_patch,2026-01-20T16:53:20.000Z,null,sprayer_1,sprayer_rover,smart_agriculture_heterogeneous_team_024_exec_5,inprogress,72.3,23.6,11.28,0.0,null,null,null,null,null
smart_agriculture_heterogeneous_team_024,navigate_to_patch,2026-01-20T16:54:07.000Z,null,sprayer_1,sprayer_rover,smart_agriculture_heterogeneous_team_024_exec_5,inprogress,71.7,28.32,13.54,0.0,null,null,null,null,null
smart_agriculture_heterogeneous_team_024,navigate_to_patch,2026-01-20T16:54:54.000Z,complete,sprayer_1,sprayer_rover,smart_agriculture_heterogeneous_team_024_exec_5,done,71.0,33.04,15.79,0.0,null,null,null,null,null
smart_agriculture_heterogeneous_team_024,spray_patch,2026-01-20T16:54:55.000Z,start,sprayer_1,sprayer_rover,smart_agriculture_heterogeneous_team_024_exec_6,inprogress,71.0,33.04,15.79,0.0,null,null,null,null,null
smart_agriculture_heterogeneous_team_024,spray_patch,2026-01-20T16:56:11.000Z,null,sprayer_1,sprayer_rover,smart_agriculture_heterogeneous_team_024_exec_6,inprogress,69.2,33.04,15.79,0.0,null,null,null,null,null
smart_agriculture_heterogeneous_team_024,spray_patch,2026-01-20T16:57:27.000Z,null,sprayer_1,sprayer_rover,smart_agriculture_heterogeneous_team_024_exec_6,inprogress,67.4,33.04,15.79,0.0,null,null,null,null,null
smart_agriculture_heterogeneous_team_024,spray_patch,2026-01-20T16:58:44.000Z,complete,sprayer_1,sprayer_rover,smart_agriculture_heterogeneous_team_024_exec_6,done,65.5,33.04,15.79,0.0,null,null,null,null,null
smart_agriculture_heterogeneous_team_024,send_refill_request,2026-01-20T16:58:45.000Z,start,sprayer_1,sprayer_rover,smart_agriculture_heterogeneous_team_024_exec_7,inprogress,65.5,33.04,15.79,0.0,msg_55d9877eaf,refill needed at current patch,send,sprayer_1,supply_1
smart_agriculture_heterogeneous_team_024,send_refill_request,2026-01-20T16:58:52.000Z,complete,sprayer_1,sprayer_rover,smart_agriculture_heterogeneous_team_024_exec_7,done,65.3,33.04,15.79,0.0,msg_55d9877eaf,refill needed at current patch,send,sprayer_1,supply_1
smart_agriculture_heterogeneous_team_024,receive_refill_request,2026-01-20T16:58:58.000Z,start,supply_1,supply_rover,smart_agriculture_heterogeneous_team_024_exec_8,inprogress,77.0,0.0,0.0,0.0,msg_55d9877eaf,refill needed at current patch,receive,sprayer_1,supply_1
smart_agriculture_heterogeneous_team_024,receive_refill_request,2026-01-20T16:59:02.000Z,complete,supply_1,supply_rover,smart_agriculture_heterogeneous_team_024_exec_8,done,76.9,0.0,0.0,0.0,msg_55d9877eaf,refill needed at current patch,receive,sprayer_1,supply_1
smart_agriculture_heterogeneous_team_024,deliver_refill,2026-01-20T16:59:03.000Z,start,supply_1,supply_rover,smart_agriculture_heterogeneous_team_024_exec_9,inprogress,76.9,0.0,0.0,0.0,null,null,null,null,null
smart_agriculture_heterogeneous_team_024,deliver_refill,2026-01-20T17:00:18.000Z,null,supply_1,supply_rover,smart_agriculture_heterogeneous_team_024_exec_9,inprogress,75.9,10.34,6.32,0.0,null,null,null,null,null
smart_agriculture_heterogeneous_team_024,deliver_refill,2026-01-20T17:01:33.000Z,null,supply_1,supply_rover,smart_agriculture_heterogeneous_team_024_exec_9,inprogress,74.9,20.68,12.64,0.0,null,null,null,null,null
smart_agriculture_heterogeneous_team_024,deliver_refill,2026-01-20T17:02:49.000Z,complete,supply_1,supply_rover,smart_agriculture_heterogeneous_team_024_exec_9,done,73.9,31.02,18.96,0.0,null,null,null,null,null
smart_agriculture_heterogeneous_team_024,send_treatment_ack,2026-01-20T17:02:50.000Z,start,supply_1,supply_rover,smart_agriculture_heterogeneous_team_024_exec_10,inprogress,73.9,31.02,18.96,0.0,msg_3a379250c5,refill delivered and treatment may resume,send,supply_1,sprayer_1
smart_agriculture_heterogeneous_team_024,send_treatment_ack,2026-01-20T17:02:56.000Z,complete,supply_1,supply_rover,smart_agriculture_heterogeneous_team_024_exec_10,done,73.7,31.02,18.96,0.0,msg_3a379250c5,refill delivered and treatment may resume,send,supply_1,sprayer_1
smart_agriculture_heterogeneous_team_024,receive_treatment_ack,2026-01-20T17:03:00.000Z,start,sprayer_1,sprayer_rover,smart_agriculture_heterogeneous_team_024_exec_11,inprogress,65.3,33.04,15.79,0.0,msg_3a379250c5,refill delivered and treatment may resume,receive,supply_1,sprayer_1
smart_agriculture_heterogeneous_team_024,receive_treatment_ack,2026-01-20T17:03:04.000Z,complete,sprayer_1,sprayer_rover,smart_agriculture_heterogeneous_team_024_exec_11,done,65.2,33.04,15.79,0.0,msg_3a379250c5,refill delivered and treatment may resume,receive,supply_1,sprayer_1
smart_agriculture_heterogeneous_team_024,resume_treatment,2026-01-20T17:03:05.000Z,start,sprayer_1,sprayer_rover,smart_agriculture_heterogeneous_team_024_exec_12,inprogress,65.2,33.04,15.79,0.0,null,null,null,null,null
smart_agriculture_heterogeneous_team_024,resume_treatment,2026-01-20T17:03:40.000Z,null,sprayer_1,sprayer_rover,smart_agriculture_heterogeneous_team_024_exec_12,inprogress,64.2,33.04,15.79,0.0,null,null,null,null,null
smart_agriculture_heterogeneous_team_024,resume_treatment,2026-01-20T17:04:15.000Z,null,sprayer_1,sprayer_rover,smart_agriculture_heterogeneous_team_024_exec_12,inprogress,63.1,33.04,15.79,0.0,null,null,null,null,null
smart_agriculture_heterogeneous_team_024,resume_treatment,2026-01-20T17:04:52.000Z,complete,sprayer_1,sprayer_rover,smart_agriculture_heterogeneous_team_024_exec_12,done,62.0,33.04,15.79,0.0,null,null,null,null,null
smart_agriculture_heterogeneous_team_024,return_base,2026-01-20T17:04:53.000Z,start,drone_scout_1,drone_scout,smart_agriculture_heterogeneous_team_024_exec_13,inprogress,78.0,33.04,15.79,26.64,null,null,null,null,null
smart_agriculture_heterogeneous_team_024,return_base,2026-01-20T17:05:44.000Z,null,drone_scout_1,drone_scout,smart_agriculture_heterogeneous_team_024_exec_13,inprogress,77.4,26.43,12.64,22.31,null,null,null,null,null
smart_agriculture_heterogeneous_team_024,return_base,2026-01-20T17:06:35.000Z,null,drone_scout_1,drone_scout,smart_agriculture_heterogeneous_team_024_exec_13,inprogress,76.9,19.82,9.48,17.99,null,null,null,null,null
smart_agriculture_heterogeneous_team_024,return_base,2026-01-20T17:07:26.000Z,null,drone_scout_1,drone_scout,smart_agriculture_heterogeneous_team_024_exec_13,inprogress,76.3,13.22,6.32,13.66,null,null,null,null,null
smart_agriculture_heterogeneous_team_024,return_base,2026-01-20T17:08:17.000Z,null,drone_scout_1,drone_scout,smart_agriculture_heterogeneous_team_024_exec_13,inprogress,75.8,6.61,3.16,9.33,null,null,null,null,null
smart_agriculture_heterogeneous_team_024,return_base,2026-01-20T17:09:09.000Z,complete,drone_scout_1,drone_scout,smart_agriculture_heterogeneous_team_024_exec_13,done,75.2,0.0,0.0,5.0,null,null,null,null,null
smart_agriculture_heterogeneous_team_024,return_base,2026-01-20T17:09:10.000Z,start,sprayer_1,sprayer_rover,smart_agriculture_heterogeneous_team_024_exec_14,inprogress,62.0,33.04,15.79,0.0,null,null,null,null,null
smart_agriculture_heterogeneous_team_024,return_base,2026-01-20T17:09:59.000Z,null,sprayer_1,sprayer_rover,smart_agriculture_heterogeneous_team_024_exec_14,inprogress,60.8,26.43,12.64,0.0,null,null,null,null,null
smart_agriculture_heterogeneous_team_024,return_base,2026-01-20T17:10:48.000Z,null,sprayer_1,sprayer_rover,smart_agriculture_heterogeneous_team_024_exec_14,inprogress,59.5,19.82,9.48,0.0,null,null,null,null,null
smart_agriculture_heterogeneous_team_024,return_base,2026-01-20T17:11:37.000Z,null,sprayer_1,sprayer_rover,smart_agriculture_heterogeneous_team_024_exec_14,inprogress,58.2,13.22,6.32,0.0,null,null,null,null,null
smart_agriculture_heterogeneous_team_024,return_base,2026-01-20T17:12:26.000Z,null,sprayer_1,sprayer_rover,smart_agriculture_heterogeneous_team_024_exec_14,inprogress,57.0,6.61,3.16,0.0,null,null,null,null,null
smart_agriculture_heterogeneous_team_024,return_base,2026-01-20T17:13:17.000Z,complete,sprayer_1,sprayer_rover,smart_agriculture_heterogeneous_team_024_exec_14,done,55.7,0.0,0.0,0.0,null,null,null,null,null
smart_agriculture_heterogeneous_team_024,return_base,2026-01-20T17:13:18.000Z,start,supply_1,supply_rover,smart_agriculture_heterogeneous_team_024_exec_15,inprogress,73.7,31.02,18.96,0.0,null,null,null,null,null
smart_agriculture_heterogeneous_team_024,return_base,2026-01-20T17:14:21.000Z,null,supply_1,supply_rover,smart_agriculture_heterogeneous_team_024_exec_15,inprogress,72.9,23.26,14.22,0.0,null,null,null,null,null
smart_agriculture_heterogeneous_team_024,return_base,2026-01-20T17:15:24.000Z,null,supply_1,supply_rover,smart_agriculture_heterogeneous_team_024_exec_15,inprogress,72.1,15.51,9.48,0.0,null,null,null,null,null
smart_agriculture_heterogeneous_team_024,return_base,2026-01-20T17:16:27.000Z,null,supply_1,supply_rover,smart_agriculture_heterogeneous_team_024_exec_15,inprogress,71.2,7.75,4.74,0.0,null,null,null,null,null
smart_agriculture_heterogeneous_team_024,return_base,2026-01-20T17:17:31.000Z,complete,supply_1,supply_rover,smart_agriculture_heterogeneous_team_024_exec_15,done,70.4,0.0,0.0,0.0,null,null,null,null,null
smart_agriculture_heterogeneous_team_025,survey_field,2026-01-20T17:12:00.000Z,start,drone_scout_1,drone_scout,smart_agriculture_heterogeneous_team_025_exec_1,inprogress,77.4,0.0,0.0,5.0,null,null,null,null,null
smart_agriculture_heterogeneous_team_025,survey_field,2026-01-20T17:12:58.000Z,null,drone_scout_1,drone_scout,smart_agriculture_heterogeneous_team_025_exec_1,inprogress,76.4,10.34,4.27,7.92,null,null,null,null,null
smart_agriculture_heterogeneous_team_025,survey_field,2026-01-20T17:13:56.000Z,null,drone_scout_1,drone_scout,smart_agriculture_heterogeneous_team_025_exec_1,inprogress,75.3,20.69,8.54,10.84,null,null,null,null,null
smart_agriculture_heterogeneous_team_025,survey_field,2026-01-20T17:14:54.000Z,null,drone_scout_1,drone_scout,smart_agriculture_heterogeneous_team_025_exec_1,inprogress,74.3,31.03,12.82,13.76,null,null,null,null,null
smart_agriculture_heterogeneous_team_025,survey_field,2026-01-20T17:15:52.000Z,null,drone_scout_1,drone_scout,smart_agriculture_heterogeneous_team_025_exec_1,inprogress,73.2,41.38,17.09,16.67,null,null,null,null,null
smart_agriculture_heterogeneous_team_025,survey_field,2026-01-20T17:16:50.000Z,null,drone_scout_1,drone_scout,smart_agriculture_heterogeneous_team_025_exec_1,inprogress,72.2,51.72,21.36,19.59,null,null,null,null,null
smart_agriculture_heterogeneous_team_025,survey_field,2026-01-20T17:17:48.000Z,null,drone_scout_1,drone_scout,smart_agriculture_heterogeneous_team_025_exec_1,inprogress,71.1,62.06,25.63,22.51,null,null,null,null,null
smart_agriculture_heterogeneous_team_025,survey_field,2026-01-20T17:18:49.000Z,complete,drone_scout_1,drone_scout,smart_agriculture_heterogeneous_team_025_exec_1,done,70.1,72.41,29.9,25.43,null,null,null,null,null
smart_agriculture_heterogeneous_team_025,detect_patch,2026-01-20T17:18:50.000Z,start,drone_scout_1,drone_scout,smart_agriculture_heterogeneous_team_025_exec_2,inprogress,70.1,72.41,29.9,25.43,null,null,null,null,null
smart_agriculture_heterogeneous_team_025,detect_patch,2026-01-20T17:19:29.000Z,complete,drone_scout_1,drone_scout,smart_agriculture_heterogeneous_team_025_exec_2,done,69.7,72.41,29.9,25.43,null,null,null,null,null
smart_agriculture_heterogeneous_team_025,send_patch_coordinates,2026-01-20T17:19:30.000Z,start,drone_scout_1,drone_scout,smart_agriculture_heterogeneous_team_025_exec_3,inprogress,69.7,72.41,29.9,25.43,msg_637b33309d,weed patch coordinates and density,send,drone_scout_1,sprayer_1
smart_agriculture_heterogeneous_team_025,send_patch_coordinates,2026-01-20T17:19:37.000Z,complete,drone_scout_1,drone_scout,smart_agriculture_heterogeneous_team_025_exec_3,done,69.5,72.41,29.9,25.43,msg_637b33309d,weed patch coordinates and density,send,drone_scout_1,sprayer_1
smart_agriculture_heterogeneous_team_025,receive_patch_coordinates,2026-01-20T17:19:42.000Z,start,sprayer_1,sprayer_rover,smart_agriculture_heterogeneous_team_025_exec_4,inprogress,68.4,0.0,0.0,0.0,msg_637b33309d,weed patch coordinates and density,receive,drone_scout_1,sprayer_1
smart_agriculture_heterogeneous_team_025,receive_patch_coordinates,2026-01-20T17:19:46.000Z,complete,sprayer_1,sprayer_rover,smart_agriculture_heterogeneous_team_025_exec_4,done,68.3,0.0,0.0,0.0,msg_637b33309d,weed patch coordinates and density,receive,drone_scout_1,sprayer_1
smart_agriculture_heterogeneous_team_025,navigate_to_patch,2026-01-20T17:19:47.000Z,start,sprayer_1,sprayer_rover,smart_agriculture_heterogeneous_team_025_exec_5,inprogress,68.3,0.0,0.0,0.0,null,null,null,null,null
smart_agriculture_heterogeneous_team_025,navigate_to_patch,2026-01-20T17:20:47.000Z,null,sprayer_1,sprayer_rover,smart_agriculture_heterogeneous_team_025_exec_5,inprogress,67.1,18.1,7.48,0.0,null,null,null,null,null
smart_agriculture_heterogeneous_team_025,navigate_to_patch,2026-01-20T17:21:47.000Z,null,sprayer_1,sprayer_rover,smart_agriculture_heterogeneous_team_025_exec_5,inprogress,66.0,36.2,14.95,0.0,null,null,null,null,null
smart_agriculture_heterogeneous_team_025,navigate_to_patch,2026-01-20T17:22:47.000Z,null,sprayer_1,sprayer_rover,smart_agriculture_heterogeneous_team_025_exec_5,inprogress,64.9,54.31,22.43,0.0,null,null,null,null,null
smart_agriculture_heterogeneous_team_025,navigate_to_patch,2026-01-20T17:23:49.000Z,complete,sprayer_1,sprayer_rover,smart_agriculture_heterogeneous_team_025_exec_5,done,63.7,72.41,29.9,0.0,null,null,null,null,null
smart_agriculture_heterogeneous_team_025,spray_patch,2026-01-20T17:23:50.000Z,start,sprayer_1,sprayer_rover,smart_agriculture_heterogeneous_team_025_exec_6,inprogress,63.7,72.41,29.9,0.0,null,null,null,null,null
smart_agriculture_heterogeneous_team_025,spray_patch,2026-01-20T17:24:40.000Z,null,sprayer_1,sprayer_rover,smart_agriculture_heterogeneous_team_025_exec_6,inprogress,61.4,72.41,29.9,0.0,null,null,null,null,null
smart_agriculture_heterogeneous_team_025,spray_patch,2026-01-20T17:25:30.000Z,null,sprayer_1,sprayer_rover,smart_agriculture_heterogeneous_team_025_exec_6,inprogress,59.1,72.41,29.9,0.0,null,null,null,null,null
smart_agriculture_heterogeneous_team_025,spray_patch,2026-01-20T17:26:20.000Z,complete,sprayer_1,sprayer_rover,smart_agriculture_heterogeneous_team_025_exec_6,done,56.8,72.41,29.9,0.0,null,null,null,null,null
smart_agriculture_heterogeneous_team_025,return_base,2026-01-20T17:26:21.000Z,start,drone_scout_1,drone_scout,smart_agriculture_heterogeneous_team_025_exec_7,inprogress,69.5,72.41,29.9,25.43,null,null,null,null,null
smart_agriculture_heterogeneous_team_025,return_base,2026-01-20T17:27:18.000Z,null,drone_scout_1,drone_scout,smart_agriculture_heterogeneous_team_025_exec_7,inprogress,68.3,54.31,22.43,20.32,null,null,null,null,null
smart_agriculture_heterogeneous_team_025,return_base,2026-01-20T17:28:15.000Z,null,drone_scout_1,drone_scout,smart_agriculture_heterogeneous_team_025_exec_7,inprogress,67.1,36.2,14.95,15.21,null,null,null,null,null
smart_agriculture_heterogeneous_team_025,return_base,2026-01-20T17:29:12.000Z,null,drone_scout_1,drone_scout,smart_agriculture_heterogeneous_team_025_exec_7,inprogress,65.9,18.1,7.48,10.11,null,null,null,null,null
smart_agriculture_heterogeneous_team_025,return_base,2026-01-20T17:30:11.000Z,complete,drone_scout_1,drone_scout,smart_agriculture_heterogeneous_team_025_exec_7,done,64.7,0.0,0.0,5.0,null,null,null,null,null
smart_agriculture_heterogeneous_team_025,return_base,2026-01-20T17:30:12.000Z,start,sprayer_1,sprayer_rover,smart_agriculture_heterogeneous_team_025_exec_8,inprogress,56.8,72.41,29.9,0.0,null,null,null,null,null
smart_agriculture_heterogeneous_team_025,return_base,2026-01-20T17:30:48.000Z,null,sprayer_1,sprayer_rover,smart_agriculture_heterogeneous_team_025_exec_8,inprogress,55.9,60.34,24.92,0.0,null,null,null,null,null
smart_agriculture_heterogeneous_team_025,return_base,2026-01-20T17:31:24.000Z,null,sprayer_1,sprayer_rover,smart_agriculture_heterogeneous_team_025_exec_8,inprogress,55.0,48.27,19.94,0.0,null,null,null,null,null
smart_agriculture_heterogeneous_team_025,return_base,2026-01-20T17:32:00.000Z,null,sprayer_1,sprayer_rover,smart_agriculture_heterogeneous_team_025_exec_8,inprogress,54.1,36.2,14.95,0.0,null,null,null,null,null
smart_agriculture_heterogeneous_team_025,return_base,2026-01-20T17:32:36.000Z,null,sprayer_1,sprayer_rover,smart_agriculture_heterogeneous_team_025_exec_8,inprogress,53.2,24.14,9.97,0.0,null,null,null,null,null
smart_agriculture_heterogeneous_team_025,return_base,2026-01-20T17:33:12.000Z,null,sprayer_1,sprayer_rover,smart_agriculture_heterogeneous_team_025_exec_8,inprogress,52.3,12.07,4.98,0.0,null,null,null,null,null
smart_agriculture_heterogeneous_team_025,return_base,2026-01-20T17:33:51.000Z,complete,sprayer_1,sprayer_rover,smart_agriculture_heterogeneous_team_025_exec_8,done,51.5,0.0,0.0,0.0,null,null,null,null,null
smart_agriculture_heterogeneous_team_025,return_base,2026-01-20T17:33:52.000Z,start,supply_1,supply_rover,smart_agriculture_heterogeneous_team_025_exec_9,inprogress,86.3,0.0,0.0,0.0,null,null,null,null,null
smart_agriculture_heterogeneous_team_025,return_base,2026-01-20T17:34:39.000Z,null,supply_1,supply_rover,smart_agriculture_heterogeneous_team_025_exec_9,inprogress,85.6,0.0,0.0,0.0,null,null,null,null,null
smart_agriculture_heterogeneous_team_025,return_base,2026-01-20T17:35:26.000Z,null,supply_1,supply_rover,smart_agriculture_heterogeneous_team_025_exec_9,inprogress,84.9,0.0,0.0,0.0,null,null,null,null,null
smart_agriculture_heterogeneous_team_025,return_base,2026-01-20T17:36:13.000Z,null,supply_1,supply_rover,smart_agriculture_heterogeneous_team_025_exec_9,inprogress,84.1,0.0,0.0,0.0,null,null,null,null,null
smart_agriculture_heterogeneous_team_025,return_base,2026-01-20T17:37:00.000Z,null,supply_1,supply_rover,smart_agriculture_heterogeneous_team_025_exec_9,inprogress,83.4,0.0,0.0,0.0,null,null,null,null,null
smart_agriculture_heterogeneous_team_025,return_base,2026-01-20T17:37:49.000Z,complete,supply_1,supply_rover,smart_agriculture_heterogeneous_team_025_exec_9,done,82.7,0.0,0.0,0.0,null,null,null,null,null
smart_agriculture_heterogeneous_team_026,survey_field,2026-01-20T17:40:00.000Z,start,drone_scout_1,drone_scout,smart_agriculture_heterogeneous_team_026_exec_1,inprogress,94.0,0.0,0.0,5.0,null,null,null,null,null
smart_agriculture_heterogeneous_team_026,survey_field,2026-01-20T17:40:57.000Z,null,drone_scout_1,drone_scout,smart_agriculture_heterogeneous_team_026_exec_1,inprogress,92.9,4.58,4.83,8.13,null,null,null,null,null
smart_agriculture_heterogeneous_team_026,survey_field,2026-01-20T17:41:54.000Z,null,drone_scout_1,drone_scout,smart_agriculture_heterogeneous_team_026_exec_1,inprogress,91.7,9.15,9.66,11.26,null,null,null,null,null
smart_agriculture_heterogeneous_team_026,survey_field,2026-01-20T17:42:51.000Z,null,drone_scout_1,drone_scout,smart_agriculture_heterogeneous_team_026_exec_1,inprogress,90.6,13.73,14.49,14.39,null,null,null,null,null
smart_agriculture_heterogeneous_team_026,survey_field,2026-01-20T17:43:48.000Z,null,drone_scout_1,drone_scout,smart_agriculture_heterogeneous_team_026_exec_1,inprogress,89.4,18.3,19.33,17.52,null,null,null,null,null
smart_agriculture_heterogeneous_team_026,survey_field,2026-01-20T17:44:45.000Z,null,drone_scout_1,drone_scout,smart_agriculture_heterogeneous_team_026_exec_1,inprogress,88.3,22.88,24.16,20.65,null,null,null,null,null
smart_agriculture_heterogeneous_team_026,survey_field,2026-01-20T17:45:42.000Z,null,drone_scout_1,drone_scout,smart_agriculture_heterogeneous_team_026_exec_1,inprogress,87.1,27.45,28.99,23.79,null,null,null,null,null
smart_agriculture_heterogeneous_team_026,survey_field,2026-01-20T17:46:42.000Z,complete,drone_scout_1,drone_scout,smart_agriculture_heterogeneous_team_026_exec_1,done,86.0,32.03,33.82,26.92,null,null,null,null,null
smart_agriculture_heterogeneous_team_026,detect_patch,2026-01-20T17:46:43.000Z,start,drone_scout_1,drone_scout,smart_agriculture_heterogeneous_team_026_exec_2,inprogress,86.0,32.03,33.82,26.92,null,null,null,null,null
smart_agriculture_heterogeneous_team_026,detect_patch,2026-01-20T17:47:30.000Z,complete,drone_scout_1,drone_scout,smart_agriculture_heterogeneous_team_026_exec_2,done,85.3,32.03,33.82,26.92,null,null,null,null,null
smart_agriculture_heterogeneous_team_026,send_patch_coordinates,2026-01-20T17:47:31.000Z,start,drone_scout_1,drone_scout,smart_agriculture_heterogeneous_team_026_exec_3,inprogress,85.3,32.03,33.82,26.92,msg_8684ffe5fb,weed patch coordinates and density,send,drone_scout_1,sprayer_1
smart_agriculture_heterogeneous_team_026,send_patch_coordinates,2026-01-20T17:47:38.000Z,complete,drone_scout_1,drone_scout,smart_agriculture_heterogeneous_team_026_exec_3,done,85.1,32.03,33.82,26.92,msg_8684ffe5fb,weed patch coordinates and density,send,drone_scout_1,sprayer_1
smart_agriculture_heterogeneous_team_026,receive_patch_coordinates,2026-01-20T17:47:43.000Z,start,sprayer_1,sprayer_rover,smart_agriculture_heterogeneous_team_026_exec_4,inprogress,82.4,0.0,0.0,0.0,msg_8684ffe5fb,weed patch coordinates and density,receive,drone_scout_1,sprayer_1
smart_agriculture_heterogeneous_team_026,receive_patch_coordinates,2026-01-20T17:47:47.000Z,complete,sprayer_1,sprayer_rover,smart_agriculture_heterogeneous_team_026_exec_4,done,82.3,0.0,0.0,0.0,msg_8684ffe5fb,weed patch coordinates and density,receive,drone_scout_1,sprayer_1
smart_agriculture_heterogeneous_team_026,navigate_to_patch,2026-01-20T17:47:48.000Z,start,sprayer_1,sprayer_rover,smart_agriculture_heterogeneous_team_026_exec_5,inprogress,82.3,0.0,0.0,0.0,null,null,null,null,null
smart_agriculture_heterogeneous_team_026,navigate_to_patch,2026-01-20T17:49:23.000Z,null,sprayer_1,sprayer_rover,smart_agriculture_heterogeneous_team_026_exec_5,inprogress,80.4,8.01,8.45,0.0,null,null,null,null,null
smart_agriculture_heterogeneous_team_026,navigate_to_patch,2026-01-20T17:50:58.000Z,null,sprayer_1,sprayer_rover,smart_agriculture_heterogeneous_team_026_exec_5,inprogress,78.5,16.02,16.91,0.0,null,null,null,null,null
smart_agriculture_heterogeneous_team_026,navigate_to_patch,2026-01-20T17:52:33.000Z,null,sprayer_1,sprayer_rover,smart_agriculture_heterogeneous_team_026_exec_5,inprogress,76.6,24.02,25.36,0.0,null,null,null,null,null
smart_agriculture_heterogeneous_team_026,navigate_to_patch,2026-01-20T17:54:09.000Z,complete,sprayer_1,sprayer_rover,smart_agriculture_heterogeneous_team_026_exec_5,done,74.7,32.03,33.82,0.0,null,null,null,null,null
smart_agriculture_heterogeneous_team_026,spray_patch,2026-01-20T17:54:10.000Z,start,sprayer_1,sprayer_rover,smart_agriculture_heterogeneous_team_026_exec_6,inprogress,74.7,32.03,33.82,0.0,null,null,null,null,null
smart_agriculture_heterogeneous_team_026,spray_patch,2026-01-20T17:54:32.000Z,null,sprayer_1,sprayer_rover,smart_agriculture_heterogeneous_team_026_exec_6,inprogress,73.6,32.03,33.82,0.0,null,null,null,null,null
smart_agriculture_heterogeneous_team_026,spray_patch,2026-01-20T17:54:54.000Z,null,sprayer_1,sprayer_rover,smart_agriculture_heterogeneous_team_026_exec_6,inprogress,72.6,32.03,33.82,0.0,null,null,null,null,null
smart_agriculture_heterogeneous_team_026,spray_patch,2026-01-20T17:55:16.000Z,null,sprayer_1,sprayer_rover,smart_agriculture_heterogeneous_team_026_exec_6,inprogress,71.6,32.03,33.82,0.0,null,null,null,null,null
smart_agriculture_heterogeneous_team_026,spray_patch,2026-01-20T17:55:38.000Z,null,sprayer_1,sprayer_rover,smart_agriculture_heterogeneous_team_026_exec_6,inprogress,70.6,32.03,33.82,0.0,null,null,null,null,null
smart_agriculture_heterogeneous_team_026,spray_patch,2026-01-20T17:56:00.000Z,null,sprayer_1,sprayer_rover,smart_agriculture_heterogeneous_team_026_exec_6,inprogress,69.6,32.03,33.82,0.0,null,null,null,null,null
smart_agriculture_heterogeneous_team_026,spray_patch,2026-01-20T17:56:27.000Z,complete,sprayer_1,sprayer_rover,smart_agriculture_heterogeneous_team_026_exec_6,done,68.6,32.03,33.82,0.0,null,null,null,null,null
smart_agriculture_heterogeneous_team_026,navigate_to_patch,2026-01-20T17:56:28.000Z,start,sprayer_1,sprayer_rover,smart_agriculture_heterogeneous_team_026_exec_7,inprogress,68.6,32.03,33.82,0.0,null,null,null,null,null
smart_agriculture_heterogeneous_team_026,navigate_to_patch,2026-01-20T17:57:02.000Z,null,sprayer_1,sprayer_rover,smart_agriculture_heterogeneous_team_026_exec_7,inprogress,68.0,35.53,34.8,0.0,null,null,null,null,null
smart_agriculture_heterogeneous_team_026,navigate_to_patch,2026-01-20T17:57:36.000Z,null,sprayer_1,sprayer_rover,smart_agriculture_heterogeneous_team_026_exec_7,inprogress,67.5,39.03,35.79,0.0,null,null,null,null,null
smart_agriculture_heterogeneous_team_026,navigate_to_patch,2026-01-20T17:58:10.000Z,null,sprayer_1,sprayer_rover,smart_agriculture_heterogeneous_team_026_exec_7,inprogress,67.0,42.52,36.77,0.0,null,null,null,null,null
smart_agriculture_heterogeneous_team_026,navigate_to_patch,2026-01-20T17:58:44.000Z,complete,sprayer_1,sprayer_rover,smart_agriculture_heterogeneous_team_026_exec_7,done,66.5,46.02,37.75,0.0,null,null,null,null,null
smart_agriculture_heterogeneous_team_026,spray_patch,2026-01-20T17:58:45.000Z,start,sprayer_1,sprayer_rover,smart_agriculture_heterogeneous_team_026_exec_8,inprogress,66.5,46.02,37.75,0.0,null,null,null,null,null
smart_agriculture_heterogeneous_team_026,spray_patch,2026-01-20T18:00:06.000Z,null,sprayer_1,sprayer_rover,smart_agriculture_heterogeneous_team_026_exec_8,inprogress,64.2,46.02,37.75,0.0,null,null,null,null,null
smart_agriculture_heterogeneous_team_026,spray_patch,2026-01-20T18:01:27.000Z,complete,sprayer_1,sprayer_rover,smart_agriculture_heterogeneous_team_026_exec_8,done,62.0,46.02,37.75,0.0,null,null,null,null,null
smart_agriculture_heterogeneous_team_026,return_base,2026-01-20T18:01:28.000Z,start,drone_scout_1,drone_scout,smart_agriculture_heterogeneous_team_026_exec_9,inprogress,85.1,32.03,33.82,26.92,null,null,null,null,null
smart_agriculture_heterogeneous_team_026,return_base,2026-01-20T18:02:44.000Z,null,drone_scout_1,drone_scout,smart_agriculture_heterogeneous_team_026_exec_9,inprogress,83.7,21.35,22.55,19.61,null,null,null,null,null
smart_agriculture_heterogeneous_team_026,return_base,2026-01-20T18:04:00.000Z,null,drone_scout_1,drone_scout,smart_agriculture_heterogeneous_team_026_exec_9,inprogress,82.2,10.68,11.27,12.31,null,null,null,null,null
smart_agriculture_heterogeneous_team_026,return_base,2026-01-20T18:05:16.000Z,complete,drone_scout_1,drone_scout,smart_agriculture_heterogeneous_team_026_exec_9,done,80.8,0.0,0.0,5.0,null,null,null,null,null
smart_agriculture_heterogeneous_team_026,return_base,2026-01-20T18:05:17.000Z,start,sprayer_1,sprayer_rover,smart_agriculture_heterogeneous_team_026_exec_10,inprogress,62.0,46.02,37.75,0.0,null,null,null,null,null
smart_agriculture_heterogeneous_team_026,return_base,2026-01-20T18:06:17.000Z,null,sprayer_1,sprayer_rover,smart_agriculture_heterogeneous_team_026_exec_10,inprogress,60.9,36.82,30.2,0.0,null,null,null,null,null
smart_agriculture_heterogeneous_team_026,return_base,2026-01-20T18:07:17.000Z,null,sprayer_1,sprayer_rover,smart_agriculture_heterogeneous_team_026_exec_10,inprogress,59.8,27.61,22.65,0.0,null,null,null,null,null
smart_agriculture_heterogeneous_team_026,return_base,2026-01-20T18:08:17.000Z,null,sprayer_1,sprayer_rover,smart_agriculture_heterogeneous_team_026_exec_10,inprogress,58.7,18.41,15.1,0.0,null,null,null,null,null
smart_agriculture_heterogeneous_team_026,return_base,2026-01-20T18:09:17.000Z,null,sprayer_1,sprayer_rover,smart_agriculture_heterogeneous_team_026_exec_10,inprogress,57.5,9.2,7.55,0.0,null,null,null,null,null
smart_agriculture_heterogeneous_team_026,return_base,2026-01-20T18:10:18.000Z,complete,sprayer_1,sprayer_rover,smart_agriculture_heterogeneous_team_026_exec_10,done,56.4,0.0,0.0,0.0,null,null,null,null,null
smart_agriculture_heterogeneous_team_026,return_base,2026-01-20T18:10:19.000Z,start,supply_1,supply_rover,smart_agriculture_heterogeneous_team_026_exec_11,inprogress,76.0,0.0,0.0,0.0,null,null,null,null,null
smart_agriculture_heterogeneous_team_026,return_base,2026-01-20T18:11:56.000Z,null,supply_1,supply_rover,smart_agriculture_heterogeneous_team_026_exec_11,inprogress,75.0,0.0,0.0,0.0,null,null,null,null,null
smart_agriculture_heterogeneous_team_026,return_base,2026-01-20T18:13:33.000Z,null,supply_1,supply_rover,smart_agriculture_heterogeneous_team_026_exec_11,inprogress,74.1,0.0,0.0,0.0,null,null,null,null,null
smart_agriculture_heterogeneous_team_026,return_base,2026-01-20T18:15:10.000Z,complete,supply_1,supply_rover,smart_agriculture_heterogeneous_team_026_exec_11,done,73.1,0.0,0.0,0.0,null,null,null,null,null
smart_agriculture_heterogeneous_team_027,survey_field,2026-01-20T18:08:00.000Z,start,drone_scout_1,drone_scout,smart_agriculture_heterogeneous_team_027_exec_1,inprogress,93.8,0.0,0.0,5.0,null,null,null,null,null
smart_agriculture_heterogeneous_team_027,survey_field,2026-01-20T18:08:53.000Z,null,drone_scout_1,drone_scout,smart_agriculture_heterogeneous_team_027_exec_1,inprogress,92.6,9.41,5.44,7.92,null,null,null,null,null
smart_agriculture_heterogeneous_team_027,survey_field,2026-01-20T18:09:46.000Z,null,drone_scout_1,drone_scout,smart_agriculture_heterogeneous_team_027_exec_1,inprogress,91.4,18.82,10.89,10.84,null,null,null,null,null
smart_agriculture_heterogeneous_team_027,survey_field,2026-01-20T18:10:39.000Z,null,drone_scout_1,drone_scout,smart_agriculture_heterogeneous_team_027_exec_1,inprogress,90.2,28.23,16.33,13.76,null,null,null,null,null
smart_agriculture_heterogeneous_team_027,survey_field,2026-01-20T18:11:32.000Z,null,drone_scout_1,drone_scout,smart_agriculture_heterogeneous_team_027_exec_1,inprogress,89.1,37.64,21.77,16.68,null,null,null,null,null
smart_agriculture_heterogeneous_team_027,survey_field,2026-01-20T18:12:27.000Z,complete,drone_scout_1,drone_scout,smart_agriculture_heterogeneous_team_027_exec_1,done,87.9,47.05,27.22,19.6,null,null,null,null,null
smart_agriculture_heterogeneous_team_027,detect_patch,2026-01-20T18:12:28.000Z,start,drone_scout_1,drone_scout,smart_agriculture_heterogeneous_team_027_exec_2,inprogress,87.9,47.05,27.22,19.6,null,null,null,null,null
smart_agriculture_heterogeneous_team_027,detect_patch,2026-01-20T18:13:10.000Z,complete,drone_scout_1,drone_scout,smart_agriculture_heterogeneous_team_027_exec_2,done,87.7,47.05,27.22,19.6,null,null,null,null,null
smart_agriculture_heterogeneous_team_027,send_patch_coordinates,2026-01-20T18:13:11.000Z,start,drone_scout_1,drone_scout,smart_agriculture_heterogeneous_team_027_exec_3,inprogress,87.7,47.05,27.22,19.6,msg_18330b8db2,weed patch coordinates and density,send,drone_scout_1,sprayer_1
smart_agriculture_heterogeneous_team_027,send_patch_coordinates,2026-01-20T18:13:19.000Z,complete,drone_scout_1,drone_scout,smart_agriculture_heterogeneous_team_027_exec_3,done,87.5,47.05,27.22,19.6,msg_18330b8db2,weed patch coordinates and density,send,drone_scout_1,sprayer_1
smart_agriculture_heterogeneous_team_027,receive_patch_coordinates,2026-01-20T18:13:24.000Z,start,sprayer_1,sprayer_rover,smart_agriculture_heterogeneous_team_027_exec_4,inprogress,78.4,0.0,0.0,0.0,msg_18330b8db2,weed patch coordinates and density,receive,drone_scout_1,sprayer_1
smart_agriculture_heterogeneous_team_027,receive_patch_coordinates,2026-01-20T18:13:28.000Z,complete,sprayer_1,sprayer_rover,smart_agriculture_heterogeneous_team_027_exec_4,done,78.3,0.0,0.0,0.0,msg_18330b8db2,weed patch coordinates and density,receive,drone_scout_1,sprayer_1
smart_agriculture_heterogeneous_team_027,navigate_to_patch,2026-01-20T18:13:29.000Z,start,sprayer_1,sprayer_rover,smart_agriculture_heterogeneous_team_027_exec_5,inprogress,78.3,0.0,0.0,0.0,null,null,null,null,null
smart_agriculture_heterogeneous_team_027,navigate_to_patch,2026-01-20T18:14:35.000Z,null,sprayer_1,sprayer_rover,smart_agriculture_heterogeneous_team_027_exec_5,inprogress,77.4,7.84,4.54,0.0,null,null,null,null,null
smart_agriculture_heterogeneous_team_027,navigate_to_patch,2026-01-20T18:15:41.000Z,null,sprayer_1,sprayer_rover,smart_agriculture_heterogeneous_team_027_exec_5,inprogress,76.5,15.68,9.07,0.0,null,null,null,null,null
smart_agriculture_heterogeneous_team_027,navigate_to_patch,2026-01-20T18:16:47.000Z,null,sprayer_1,sprayer_rover,smart_agriculture_heterogeneous_team_027_exec_5,inprogress,75.7,23.52,13.61,0.0,null,null,null,null,null
smart_agriculture_heterogeneous_team_027,navigate_to_patch,2026-01-20T18:17:53.000Z,null,sprayer_1,sprayer_rover,smart_agriculture_heterogeneous_team_027_exec_5,inprogress,74.8,31.36,18.14,0.0,null,null,null,null,null
smart_agriculture_heterogeneous_team_027,navigate_to_patch,2026-01-20T18:18:59.000Z,null,sprayer_1,sprayer_rover,smart_agriculture_heterogeneous_team_027_exec_5,inprogress,73.9,39.21,22.68,0.0,null,null,null,null,null
smart_agriculture_heterogeneous_team_027,navigate_to_patch,2026-01-20T18:20:10.000Z,complete,sprayer_1,sprayer_rover,smart_agriculture_heterogeneous_team_027_exec_5,done,73.1,47.05,27.22,0.0,null,null,null,null,null
smart_agriculture_heterogeneous_team_027,spray_patch,2026-01-20T18:20:11.000Z,start,sprayer_1,sprayer_rover,smart_agriculture_heterogeneous_team_027_exec_6,inprogress,73.1,47.05,27.22,0.0,null,null,null,null,null
smart_agriculture_heterogeneous_team_027,spray_patch,2026-01-20T18:20:46.000Z,null,sprayer_1,sprayer_rover,smart_agriculture_heterogeneous_team_027_exec_6,inprogress,71.6,47.05,27.22,0.0,null,null,null,null,null
smart_agriculture_heterogeneous_team_027,spray_patch,2026-01-20T18:21:21.000Z,null,sprayer_1,sprayer_rover,smart_agriculture_heterogeneous_team_027_exec_6,inprogress,70.0,47.05,27.22,0.0,null,null,null,null,null
smart_agriculture_heterogeneous_team_027,spray_patch,2026-01-20T18:21:56.000Z,null,sprayer_1,sprayer_rover,smart_agriculture_heterogeneous_team_027_exec_6,inprogress,68.5,47.05,27.22,0.0,null,null,null,null,null
smart_agriculture_heterogeneous_team_027,spray_patch,2026-01-20T18:22:31.000Z,null,sprayer_1,sprayer_rover,smart_agriculture_heterogeneous_team_027_exec_6,inprogress,67.0,47.05,27.22,0.0,null,null,null,null,null
smart_agriculture_heterogeneous_team_027,spray_patch,2026-01-20T18:23:07.000Z,complete,sprayer_1,sprayer_rover,smart_agriculture_heterogeneous_team_027_exec_6,done,65.5,47.05,27.22,0.0,null,null,null,null,null
smart_agriculture_heterogeneous_team_027,navigate_to_patch,2026-01-20T18:23:08.000Z,start,sprayer_1,sprayer_rover,smart_agriculture_heterogeneous_team_027_exec_7,inprogress,65.5,47.05,27.22,0.0,null,null,null,null,null
smart_agriculture_heterogeneous_team_027,navigate_to_patch,2026-01-20T18:23:42.000Z,null,sprayer_1,sprayer_rover,smart_agriculture_heterogeneous_team_027_exec_7,inprogress,64.6,49.64,24.91,0.0,null,null,null,null,null
smart_agriculture_heterogeneous_team_027,navigate_to_patch,2026-01-20T18:24:16.000Z,null,sprayer_1,sprayer_rover,smart_agriculture_heterogeneous_team_027_exec_7,inprogress,63.6,52.24,22.61,0.0,null,null,null,null,null
smart_agriculture_heterogeneous_team_027,navigate_to_patch,2026-01-20T18:24:50.000Z,null,sprayer_1,sprayer_rover,smart_agriculture_heterogeneous_team_027_exec_7,inprogress,62.6,54.83,20.3,0.0,null,null,null,null,null
smart_agriculture_heterogeneous_team_027,navigate_to_patch,2026-01-20T18:25:26.000Z,complete,sprayer_1,sprayer_rover,smart_agriculture_heterogeneous_team_027_exec_7,done,61.7,57.43,18.0,0.0,null,null,null,null,null
smart_agriculture_heterogeneous_team_027,spray_patch,2026-01-20T18:25:27.000Z,start,sprayer_1,sprayer_rover,smart_agriculture_heterogeneous_team_027_exec_8,inprogress,61.7,57.43,18.0,0.0,null,null,null,null,null
smart_agriculture_heterogeneous_team_027,spray_patch,2026-01-20T18:26:29.000Z,null,sprayer_1,sprayer_rover,smart_agriculture_heterogeneous_team_027_exec_8,inprogress,59.6,57.43,18.0,0.0,null,null,null,null,null
smart_agriculture_heterogeneous_team_027,spray_patch,2026-01-20T18:27:31.000Z,complete,sprayer_1,sprayer_rover,smart_agriculture_heterogeneous_team_027_exec_8,done,57.6,57.43,18.0,0.0,null,null,null,null,null
smart_agriculture_heterogeneous_team_027,return_base,2026-01-20T18:27:32.000Z,start,drone_scout_1,drone_scout,smart_agriculture_heterogeneous_team_027_exec_9,inprogress,87.5,47.05,27.22,19.6,null,null,null,null,null
smart_agriculture_heterogeneous_team_027,return_base,2026-01-20T18:28:29.000Z,null,drone_scout_1,drone_scout,smart_agriculture_heterogeneous_team_027_exec_9,inprogress,86.2,31.36,18.14,14.73,null,null,null,null,null
smart_agriculture_heterogeneous_team_027,return_base,2026-01-20T18:29:26.000Z,null,drone_scout_1,drone_scout,smart_agriculture_heterogeneous_team_027_exec_9,inprogress,84.9,15.68,9.07,9.87,null,null,null,null,null
smart_agriculture_heterogeneous_team_027,return_base,2026-01-20T18:30:23.000Z,complete,drone_scout_1,drone_scout,smart_agriculture_heterogeneous_team_027_exec_9,done,83.7,0.0,0.0,5.0,null,null,null,null,null
smart_agriculture_heterogeneous_team_027,return_base,2026-01-20T18:30:24.000Z,start,sprayer_1,sprayer_rover,smart_agriculture_heterogeneous_team_027_exec_10,inprogress,57.6,57.43,18.0,0.0,null,null,null,null,null
smart_agriculture_heterogeneous_team_027,return_base,2026-01-20T18:30:57.000Z,null,sprayer_1,sprayer_rover,smart_agriculture_heterogeneous_team_027_exec_10,inprogress,56.8,47.86,15.0,0.0,null,null,null,null,null
smart_agriculture_heterogeneous_team_027,return_base,2026-01-20T18:31:30.000Z,null,sprayer_1,sprayer_rover,smart_agriculture_heterogeneous_team_027_exec_10,inprogress,56.0,38.29,12.0,0.0,null,null,null,null,null
smart_agriculture_heterogeneous_team_027,return_base,2026-01-20T18:32:03.000Z,null,sprayer_1,sprayer_rover,smart_agriculture_heterogeneous_team_027_exec_10,inprogress,55.3,28.71,9.0,0.0,null,null,null,null,null
smart_agriculture_heterogeneous_team_027,return_base,2026-01-20T18:32:36.000Z,null,sprayer_1,sprayer_rover,smart_agriculture_heterogeneous_team_027_exec_10,inprogress,54.5,19.14,6.0,0.0,null,null,null,null,null
smart_agriculture_heterogeneous_team_027,return_base,2026-01-20T18:33:09.000Z,null,sprayer_1,sprayer_rover,smart_agriculture_heterogeneous_team_027_exec_10,inprogress,53.8,9.57,3.0,0.0,null,null,null,null,null
smart_agriculture_heterogeneous_team_027,return_base,2026-01-20T18:33:44.000Z,complete,sprayer_1,sprayer_rover,smart_agriculture_heterogeneous_team_027_exec_10,done,53.0,0.0,0.0,0.0,null,null,null,null,null
smart_agriculture_heterogeneous_team_027,return_base,2026-01-20T18:33:45.000Z,start,supply_1,supply_rover,smart_agriculture_heterogeneous_team_027_exec_11,inprogress,92.3,0.0,0.0,0.0,null,null,null,null,null
smart_agriculture_heterogeneous_team_027,return_base,2026-01-20T18:34:48.000Z,null,supply_1,supply_rover,smart_agriculture_heterogeneous_team_027_exec_11,inprogress,91.6,0.0,0.0,0.0,null,null,null,null,null
smart_agriculture_heterogeneous_team_027,return_base,2026-01-20T18:35:51.000Z,null,supply_1,supply_rover,smart_agriculture_heterogeneous_team_027_exec_11,inprogress,90.9,0.0,0.0,0.0,null,null,null,null,null
smart_agriculture_heterogeneous_team_027,return_base,2026-01-20T18:36:54.000Z,null,supply_1,supply_rover,smart_agriculture_heterogeneous_team_027_exec_11,inprogress,90.2,0.0,0.0,0.0,null,null,null,null,null
smart_agriculture_heterogeneous_team_027,return_base,2026-01-20T18:37:59.000Z,complete,supply_1,supply_rover,smart_agriculture_heterogeneous_team_027_exec_11,done,89.6,0.0,0.0,0.0,null,null,null,null,null
smart_agriculture_heterogeneous_team_028,survey_field,2026-01-20T18:36:00.000Z,start,drone_scout_1,drone_scout,smart_agriculture_heterogeneous_team_028_exec_1,inprogress,92.6,0.0,0.0,5.0,null,null,null,null,null
smart_agriculture_heterogeneous_team_028,survey_field,2026-01-20T18:37:00.000Z,null,drone_scout_1,drone_scout,smart_agriculture_heterogeneous_team_028_exec_1,inprogress,91.6,9.49,8.5,8.85,null,null,null,null,null
smart_agriculture_heterogeneous_team_028,survey_field,2026-01-20T18:38:00.000Z,null,drone_scout_1,drone_scout,smart_agriculture_heterogeneous_team_028_exec_1,inprogress,90.6,18.98,17.01,12.7,null,null,null,null,null
smart_agriculture_heterogeneous_team_028,survey_field,2026-01-20T18:39:00.000Z,null,drone_scout_1,drone_scout,smart_agriculture_heterogeneous_team_028_exec_1,inprogress,89.6,28.48,25.51,16.56,null,null,null,null,null
smart_agriculture_heterogeneous_team_028,survey_field,2026-01-20T18:40:00.000Z,null,drone_scout_1,drone_scout,smart_agriculture_heterogeneous_team_028_exec_1,inprogress,88.6,37.97,34.01,20.41,null,null,null,null,null
smart_agriculture_heterogeneous_team_028,survey_field,2026-01-20T18:41:03.000Z,complete,drone_scout_1,drone_scout,smart_agriculture_heterogeneous_team_028_exec_1,done,87.6,47.46,42.52,24.26,null,null,null,null,null
smart_agriculture_heterogeneous_team_028,detect_patch,2026-01-20T18:41:04.000Z,start,drone_scout_1,drone_scout,smart_agriculture_heterogeneous_team_028_exec_2,inprogress,87.6,47.46,42.52,24.26,null,null,null,null,null
smart_agriculture_heterogeneous_team_028,detect_patch,2026-01-20T18:41:35.000Z,complete,drone_scout_1,drone_scout,smart_agriculture_heterogeneous_team_028_exec_2,done,87.3,47.46,42.52,24.26,null,null,null,null,null
smart_agriculture_heterogeneous_team_028,send_patch_coordinates,2026-01-20T18:41:36.000Z,start,drone_scout_1,drone_scout,smart_agriculture_heterogeneous_team_028_exec_3,inprogress,87.3,47.46,42.52,24.26,msg_f976844fe2,weed patch coordinates and density,send,drone_scout_1,sprayer_1
smart_agriculture_heterogeneous_team_028,send_patch_coordinates,2026-01-20T18:41:40.000Z,complete,drone_scout_1,drone_scout,smart_agriculture_heterogeneous_team_028_exec_3,done,87.1,47.46,42.52,24.26,msg_f976844fe2,weed patch coordinates and density,send,drone_scout_1,sprayer_1
smart_agriculture_heterogeneous_team_028,receive_patch_coordinates,2026-01-20T18:41:45.000Z,start,sprayer_1,sprayer_rover,smart_agriculture_heterogeneous_team_028_exec_4,inprogress,82.8,0.0,0.0,0.0,msg_f976844fe2,weed patch coordinates and density,receive,drone_scout_1,sprayer_1
smart_agriculture_heterogeneous_team_028,receive_patch_coordinates,2026-01-20T18:41:49.000Z,complete,sprayer_1,sprayer_rover,smart_agriculture_heterogeneous_team_028_exec_4,done,82.7,0.0,0.0,0.0,msg_f976844fe2,weed patch coordinates and density,receive,drone_scout_1,sprayer_1
smart_agriculture_heterogeneous_team_028,navigate_to_patch,2026-01-20T18:41:50.000Z,start,sprayer_1,sprayer_rover,smart_agriculture_heterogeneous_team_028_exec_5,inprogress,82.7,0.0,0.0,0.0,null,null,null,null,null
smart_agriculture_heterogeneous_team_028,navigate_to_patch,2026-01-20T18:43:19.000Z,null,sprayer_1,sprayer_rover,smart_agriculture_heterogeneous_team_028_exec_5,inprogress,81.0,11.86,10.63,0.0,null,null,null,null,null
smart_agriculture_heterogeneous_team_028,navigate_to_patch,2026-01-20T18:44:48.000Z,null,sprayer_1,sprayer_rover,smart_agriculture_heterogeneous_team_028_exec_5,inprogress,79.3,23.73,21.26,0.0,null,null,null,null,null
smart_agriculture_heterogeneous_team_028,navigate_to_patch,2026-01-20T18:46:17.000Z,null,sprayer_1,sprayer_rover,smart_agriculture_heterogeneous_team_028_exec_5,inprogress,77.6,35.59,31.89,0.0,null,null,null,null,null
smart_agriculture_heterogeneous_team_028,navigate_to_patch,2026-01-20T18:47:47.000Z,complete,sprayer_1,sprayer_rover,smart_agriculture_heterogeneous_team_028_exec_5,done,75.8,47.46,42.52,0.0,null,null,null,null,null
smart_agriculture_heterogeneous_team_028,spray_patch,2026-01-20T18:47:48.000Z,start,sprayer_1,sprayer_rover,smart_agriculture_heterogeneous_team_028_exec_6,inprogress,75.8,47.46,42.52,0.0,null,null,null,null,null
smart_agriculture_heterogeneous_team_028,spray_patch,2026-01-20T18:48:31.000Z,null,sprayer_1,sprayer_rover,smart_agriculture_heterogeneous_team_028_exec_6,inprogress,74.2,47.46,42.52,0.0,null,null,null,null,null
smart_agriculture_heterogeneous_team_028,spray_patch,2026-01-20T18:49:14.000Z,null,sprayer_1,sprayer_rover,smart_agriculture_heterogeneous_team_028_exec_6,inprogress,72.5,47.46,42.52,0.0,null,null,null,null,null
smart_agriculture_heterogeneous_team_028,spray_patch,2026-01-20T18:49:57.000Z,null,sprayer_1,sprayer_rover,smart_agriculture_heterogeneous_team_028_exec_6,inprogress,70.8,47.46,42.52,0.0,null,null,null,null,null
smart_agriculture_heterogeneous_team_028,spray_patch,2026-01-20T18:50:40.000Z,null,sprayer_1,sprayer_rover,smart_agriculture_heterogeneous_team_028_exec_6,inprogress,69.2,47.46,42.52,0.0,null,null,null,null,null
smart_agriculture_heterogeneous_team_028,spray_patch,2026-01-20T18:51:25.000Z,complete,sprayer_1,sprayer_rover,smart_agriculture_heterogeneous_team_028_exec_6,done,67.5,47.46,42.52,0.0,null,null,null,null,null
smart_agriculture_heterogeneous_team_028,return_base,2026-01-20T18:51:26.000Z,start,drone_scout_1,drone_scout,smart_agriculture_heterogeneous_team_028_exec_7,inprogress,87.1,47.46,42.52,24.26,null,null,null,null,null
smart_agriculture_heterogeneous_team_028,return_base,2026-01-20T18:52:08.000Z,null,drone_scout_1,drone_scout,smart_agriculture_heterogeneous_team_028_exec_7,inprogress,86.3,35.59,31.89,19.44,null,null,null,null,null
smart_agriculture_heterogeneous_team_028,return_base,2026-01-20T18:52:50.000Z,null,drone_scout_1,drone_scout,smart_agriculture_heterogeneous_team_028_exec_7,inprogress,85.5,23.73,21.26,14.63,null,null,null,null,null
smart_agriculture_heterogeneous_team_028,return_base,2026-01-20T18:53:32.000Z,null,drone_scout_1,drone_scout,smart_agriculture_heterogeneous_team_028_exec_7,inprogress,84.7,11.86,10.63,9.81,null,null,null,null,null
smart_agriculture_heterogeneous_team_028,return_base,2026-01-20T18:54:14.000Z,complete,drone_scout_1,drone_scout,smart_agriculture_heterogeneous_team_028_exec_7,done,83.9,0.0,0.0,5.0,null,null,null,null,null
smart_agriculture_heterogeneous_team_028,return_base,2026-01-20T18:54:15.000Z,start,sprayer_1,sprayer_rover,smart_agriculture_heterogeneous_team_028_exec_8,inprogress,67.5,47.46,42.52,0.0,null,null,null,null,null
smart_agriculture_heterogeneous_team_028,return_base,2026-01-20T18:55:13.000Z,null,sprayer_1,sprayer_rover,smart_agriculture_heterogeneous_team_028_exec_8,inprogress,66.5,39.55,35.43,0.0,null,null,null,null,null
smart_agriculture_heterogeneous_team_028,return_base,2026-01-20T18:56:11.000Z,null,sprayer_1,sprayer_rover,smart_agriculture_heterogeneous_team_028_exec_8,inprogress,65.5,31.64,28.34,0.0,null,null,null,null,null
smart_agriculture_heterogeneous_team_028,return_base,2026-01-20T18:57:09.000Z,null,sprayer_1,sprayer_rover,smart_agriculture_heterogeneous_team_028_exec_8,inprogress,64.5,23.73,21.26,0.0,null,null,null,null,null
smart_agriculture_heterogeneous_team_028,return_base,2026-01-20T18:58:07.000Z,null,sprayer_1,sprayer_rover,smart_agriculture_heterogeneous_team_028_exec_8,inprogress,63.5,15.82,14.17,0.0,null,null,null,null,null
smart_agriculture_heterogeneous_team_028,return_base,2026-01-20T18:59:05.000Z,null,sprayer_1,sprayer_rover,smart_agriculture_heterogeneous_team_028_exec_8,inprogress,62.6,7.91,7.09,0.0,null,null,null,null,null
smart_agriculture_heterogeneous_team_028,return_base,2026-01-20T19:00:03.000Z,complete,sprayer_1,sprayer_rover,smart_agriculture_heterogeneous_team_028_exec_8,done,61.6,0.0,0.0,0.0,null,null,null,null,null
smart_agriculture_heterogeneous_team_028,return_base,2026-01-20T19:00:04.000Z,start,supply_1,supply_rover,smart_agriculture_heterogeneous_team_028_exec_9,inprogress,90.8,0.0,0.0,0.0,null,null,null,null,null
smart_agriculture_heterogeneous_team_028,return_base,2026-01-20T19:01:31.000Z,null,supply_1,supply_rover,smart_agriculture_heterogeneous_team_028_exec_9,inprogress,89.6,0.0,0.0,0.0,null,null,null,null,null
smart_agriculture_heterogeneous_team_028,return_base,2026-01-20T19:02:58.000Z,null,supply_1,supply_rover,smart_agriculture_heterogeneous_team_028_exec_9,inprogress,88.4,0.0,0.0,0.0,null,null,null,null,null
smart_agriculture_heterogeneous_team_028,return_base,2026-01-20T19:04:25.000Z,complete,supply_1,supply_rover,smart_agriculture_heterogeneous_team_028_exec_9,done,87.2,0.0,0.0,0.0,null,null,null,null,null
smart_agriculture_heterogeneous_team_029,survey_field,2026-01-20T19:04:00.000Z,start,drone_scout_1,drone_scout,smart_agriculture_heterogeneous_team_029_exec_1,inprogress,93.2,0.0,0.0,5.0,null,null,null,null,null
smart_agriculture_heterogeneous_team_029,survey_field,2026-01-20T19:04:56.000Z,null,drone_scout_1,drone_scout,smart_agriculture_heterogeneous_team_029_exec_1,inprogress,92.3,8.56,6.22,8.53,null,null,null,null,null
smart_agriculture_heterogeneous_team_029,survey_field,2026-01-20T19:05:52.000Z,null,drone_scout_1,drone_scout,smart_agriculture_heterogeneous_team_029_exec_1,inprogress,91.3,17.12,12.44,12.05,null,null,null,null,null
smart_agriculture_heterogeneous_team_029,survey_field,2026-01-20T19:06:48.000Z,null,drone_scout_1,drone_scout,smart_agriculture_heterogeneous_team_029_exec_1,inprogress,90.4,25.67,18.66,15.58,null,null,null,null,null
smart_agriculture_heterogeneous_team_029,survey_field,2026-01-20T19:07:44.000Z,null,drone_scout_1,drone_scout,smart_agriculture_heterogeneous_team_029_exec_1,inprogress,89.4,34.23,24.88,19.1,null,null,null,null,null
smart_agriculture_heterogeneous_team_029,survey_field,2026-01-20T19:08:40.000Z,null,drone_scout_1,drone_scout,smart_agriculture_heterogeneous_team_029_exec_1,inprogress,88.5,42.79,31.1,22.63,null,null,null,null,null
smart_agriculture_heterogeneous_team_029,survey_field,2026-01-20T19:09:37.000Z,complete,drone_scout_1,drone_scout,smart_agriculture_heterogeneous_team_029_exec_1,done,87.5,51.35,37.32,26.16,null,null,null,null,null
smart_agriculture_heterogeneous_team_029,detect_patch,2026-01-20T19:09:38.000Z,start,drone_scout_1,drone_scout,smart_agriculture_heterogeneous_team_029_exec_2,inprogress,87.5,51.35,37.32,26.16,null,null,null,null,null
smart_agriculture_heterogeneous_team_029,detect_patch,2026-01-20T19:10:16.000Z,complete,drone_scout_1,drone_scout,smart_agriculture_heterogeneous_team_029_exec_2,done,87.1,51.35,37.32,26.16,null,null,null,null,null
smart_agriculture_heterogeneous_team_029,send_patch_coordinates,2026-01-20T19:10:17.000Z,start,drone_scout_1,drone_scout,smart_agriculture_heterogeneous_team_029_exec_3,inprogress,87.1,51.35,37.32,26.16,msg_47b6c3924b,weed patch coordinates and density,send,drone_scout_1,sprayer_1
smart_agriculture_heterogeneous_team_029,send_patch_coordinates,2026-01-20T19:10:21.000Z,complete,drone_scout_1,drone_scout,smart_agriculture_heterogeneous_team_029_exec_3,done,86.9,51.35,37.32,26.16,msg_47b6c3924b,weed patch coordinates and density,send,drone_scout_1,sprayer_1
smart_agriculture_heterogeneous_team_029,receive_patch_coordinates,2026-01-20T19:10:26.000Z,start,sprayer_1,sprayer_rover,smart_agriculture_heterogeneous_team_029_exec_4,inprogress,79.7,0.0,0.0,0.0,msg_47b6c3924b,weed patch coordinates and density,receive,drone_scout_1,sprayer_1
smart_agriculture_heterogeneous_team_029,receive_patch_coordinates,2026-01-20T19:10:30.000Z,complete,sprayer_1,sprayer_rover,smart_agriculture_heterogeneous_team_029_exec_4,done,79.6,0.0,0.0,0.0,msg_47b6c3924b,weed patch coordinates and density,receive,drone_scout_1,sprayer_1
smart_agriculture_heterogeneous_team_029,navigate_to_patch,2026-01-20T19:10:31.000Z,start,sprayer_1,sprayer_rover,smart_agriculture_heterogeneous_team_029_exec_5,inprogress,79.6,0.0,0.0,0.0,null,null,null,null,null
smart_agriculture_heterogeneous_team_029,navigate_to_patch,2026-01-20T19:11:30.000Z,null,sprayer_1,sprayer_rover,smart_agriculture_heterogeneous_team_029_exec_5,inprogress,78.1,10.27,7.46,0.0,null,null,null,null,null
smart_agriculture_heterogeneous_team_029,navigate_to_patch,2026-01-20T19:12:29.000Z,null,sprayer_1,sprayer_rover,smart_agriculture_heterogeneous_team_029_exec_5,inprogress,76.6,20.54,14.93,0.0,null,null,null,null,null
smart_agriculture_heterogeneous_team_029,navigate_to_patch,2026-01-20T19:13:28.000Z,null,sprayer_1,sprayer_rover,smart_agriculture_heterogeneous_team_029_exec_5,inprogress,75.1,30.81,22.39,0.0,null,null,null,null,null
smart_agriculture_heterogeneous_team_029,navigate_to_patch,2026-01-20T19:14:27.000Z,null,sprayer_1,sprayer_rover,smart_agriculture_heterogeneous_team_029_exec_5,inprogress,73.6,41.08,29.85,0.0,null,null,null,null,null
smart_agriculture_heterogeneous_team_029,navigate_to_patch,2026-01-20T19:15:30.000Z,complete,sprayer_1,sprayer_rover,smart_agriculture_heterogeneous_team_029_exec_5,done,72.1,51.35,37.32,0.0,null,null,null,null,null
smart_agriculture_heterogeneous_team_029,spray_patch,2026-01-20T19:15:31.000Z,start,sprayer_1,sprayer_rover,smart_agriculture_heterogeneous_team_029_exec_6,inprogress,72.1,51.35,37.32,0.0,null,null,null,null,null
smart_agriculture_heterogeneous_team_029,spray_patch,2026-01-20T19:16:26.000Z,null,sprayer_1,sprayer_rover,smart_agriculture_heterogeneous_team_029_exec_6,inprogress,71.0,51.35,37.32,0.0,null,null,null,null,null
smart_agriculture_heterogeneous_team_029,spray_patch,2026-01-20T19:17:21.000Z,null,sprayer_1,sprayer_rover,smart_agriculture_heterogeneous_team_029_exec_6,inprogress,69.9,51.35,37.32,0.0,null,null,null,null,null
smart_agriculture_heterogeneous_team_029,spray_patch,2026-01-20T19:18:16.000Z,null,sprayer_1,sprayer_rover,smart_agriculture_heterogeneous_team_029_exec_6,inprogress,68.8,51.35,37.32,0.0,null,null,null,null,null
smart_agriculture_heterogeneous_team_029,spray_patch,2026-01-20T19:19:11.000Z,complete,sprayer_1,sprayer_rover,smart_agriculture_heterogeneous_team_029_exec_6,done,67.7,51.35,37.32,0.0,null,null,null,null,null
smart_agriculture_heterogeneous_team_029,send_refill_request,2026-01-20T19:19:12.000Z,start,sprayer_1,sprayer_rover,smart_agriculture_heterogeneous_team_029_exec_7,inprogress,67.7,51.35,37.32,0.0,msg_45f9a6ff56,refill needed at current patch,send,sprayer_1,supply_1
smart_agriculture_heterogeneous_team_029,send_refill_request,2026-01-20T19:19:19.000Z,complete,sprayer_1,sprayer_rover,smart_agriculture_heterogeneous_team_029_exec_7,done,67.5,51.35,37.32,0.0,msg_45f9a6ff56,refill needed at current patch,send,sprayer_1,supply_1
smart_agriculture_heterogeneous_team_029,receive_refill_request,2026-01-20T19:19:25.000Z,start,supply_1,supply_rover,smart_agriculture_heterogeneous_team_029_exec_8,inprogress,75.9,0.0,0.0,0.0,msg_45f9a6ff56,refill needed at current patch,receive,sprayer_1,supply_1
smart_agriculture_heterogeneous_team_029,receive_refill_request,2026-01-20T19:19:29.000Z,complete,supply_1,supply_rover,smart_agriculture_heterogeneous_team_029_exec_8,done,75.8,0.0,0.0,0.0,msg_45f9a6ff56,refill needed at current patch,receive,sprayer_1,supply_1
smart_agriculture_heterogeneous_team_029,deliver_refill,2026-01-20T19:19:30.000Z,start,supply_1,supply_rover,smart_agriculture_heterogeneous_team_029_exec_9,inprogress,75.8,0.0,0.0,0.0,null,null,null,null,null
smart_agriculture_heterogeneous_team_029,deliver_refill,2026-01-20T19:20:31.000Z,null,supply_1,supply_rover,smart_agriculture_heterogeneous_team_029_exec_9,inprogress,74.4,16.05,12.51,0.0,null,null,null,null,null
smart_agriculture_heterogeneous_team_029,deliver_refill,2026-01-20T19:21:32.000Z,null,supply_1,supply_rover,smart_agriculture_heterogeneous_team_029_exec_9,inprogress,73.0,32.1,25.02,0.0,null,null,null,null,null
smart_agriculture_heterogeneous_team_029,deliver_refill,2026-01-20T19:22:33.000Z,complete,supply_1,supply_rover,smart_agriculture_heterogeneous_team_029_exec_9,done,71.6,48.15,37.53,0.0,null,null,null,null,null
smart_agriculture_heterogeneous_team_029,send_treatment_ack,2026-01-20T19:22:34.000Z,start,supply_1,supply_rover,smart_agriculture_heterogeneous_team_029_exec_10,inprogress,71.6,48.15,37.53,0.0,msg_181e958c38,refill delivered and treatment may resume,send,supply_1,sprayer_1
smart_agriculture_heterogeneous_team_029,send_treatment_ack,2026-01-20T19:22:38.000Z,complete,supply_1,supply_rover,smart_agriculture_heterogeneous_team_029_exec_10,done,71.4,48.15,37.53,0.0,msg_181e958c38,refill delivered and treatment may resume,send,supply_1,sprayer_1
smart_agriculture_heterogeneous_team_029,receive_treatment_ack,2026-01-20T19:22:42.000Z,start,sprayer_1,sprayer_rover,smart_agriculture_heterogeneous_team_029_exec_11,inprogress,67.5,51.35,37.32,0.0,msg_181e958c38,refill delivered and treatment may resume,receive,supply_1,sprayer_1
smart_agriculture_heterogeneous_team_029,receive_treatment_ack,2026-01-20T19:22:46.000Z,complete,sprayer_1,sprayer_rover,smart_agriculture_heterogeneous_team_029_exec_11,done,67.4,51.35,37.32,0.0,msg_181e958c38,refill delivered and treatment may resume,receive,supply_1,sprayer_1
smart_agriculture_heterogeneous_team_029,resume_treatment,2026-01-20T19:22:47.000Z,start,sprayer_1,sprayer_rover,smart_agriculture_heterogeneous_team_029_exec_12,inprogress,67.4,51.35,37.32,0.0,null,null,null,null,null
smart_agriculture_heterogeneous_team_029,resume_treatment,2026-01-20T19:23:34.000Z,null,sprayer_1,sprayer_rover,smart_agriculture_heterogeneous_team_029_exec_12,inprogress,65.5,51.35,37.32,0.0,null,null,null,null,null
smart_agriculture_heterogeneous_team_029,resume_treatment,2026-01-20T19:24:21.000Z,complete,sprayer_1,sprayer_rover,smart_agriculture_heterogeneous_team_029_exec_12,done,63.5,51.35,37.32,0.0,null,null,null,null,null
smart_agriculture_heterogeneous_team_029,return_base,2026-01-20T19:24:22.000Z,start,drone_scout_1,drone_scout,smart_agriculture_heterogeneous_team_029_exec_13,inprogress,86.9,51.35,37.32,26.16,null,null,null,null,null
smart_agriculture_heterogeneous_team_029,return_base,2026-01-20T19:25:36.000Z,null,drone_scout_1,drone_scout,smart_agriculture_heterogeneous_team_029_exec_13,inprogress,86.0,34.23,24.88,19.1,null,null,null,null,null
smart_agriculture_heterogeneous_team_029,return_base,2026-01-20T19:26:50.000Z,null,drone_scout_1,drone_scout,smart_agriculture_heterogeneous_team_029_exec_13,inprogress,85.0,17.12,12.44,12.05,null,null,null,null,null
smart_agriculture_heterogeneous_team_029,return_base,2026-01-20T19:28:04.000Z,complete,drone_scout_1,drone_scout,smart_agriculture_heterogeneous_team_029_exec_13,done,84.1,0.0,0.0,5.0,null,null,null,null,null
smart_agriculture_heterogeneous_team_029,return_base,2026-01-20T19:28:05.000Z,start,sprayer_1,sprayer_rover,smart_agriculture_heterogeneous_team_029_exec_14,inprogress,63.5,51.35,37.32,0.0,null,null,null,null,null
smart_agriculture_heterogeneous_team_029,return_base,2026-01-20T19:28:49.000Z,null,sprayer_1,sprayer_rover,smart_agriculture_heterogeneous_team_029_exec_14,inprogress,62.7,41.08,29.85,0.0,null,null,null,null,null
smart_agriculture_heterogeneous_team_029,return_base,2026-01-20T19:29:33.000Z,null,sprayer_1,sprayer_rover,smart_agriculture_heterogeneous_team_029_exec_14,inprogress,61.9,30.81,22.39,0.0,null,null,null,null,null
smart_agriculture_heterogeneous_team_029,return_base,2026-01-20T19:30:17.000Z,null,sprayer_1,sprayer_rover,smart_agriculture_heterogeneous_team_029_exec_14,inprogress,61.2,20.54,14.93,0.0,null,null,null,null,null
smart_agriculture_heterogeneous_team_029,return_base,2026-01-20T19:31:01.000Z,null,sprayer_1,sprayer_rover,smart_agriculture_heterogeneous_team_029_exec_14,inprogress,60.4,10.27,7.46,0.0,null,null,null,null,null
smart_agriculture_heterogeneous_team_029,return_base,2026-01-20T19:31:46.000Z,complete,sprayer_1,sprayer_rover,smart_agriculture_heterogeneous_team_029_exec_14,done,59.6,0.0,0.0,0.0,null,null,null,null,null
smart_agriculture_heterogeneous_team_029,return_base,2026-01-20T19:31:47.000Z,start,supply_1,supply_rover,smart_agriculture_heterogeneous_team_029_exec_15,inprogress,71.4,48.15,37.53,0.0,null,null,null,null,null
smart_agriculture_heterogeneous_team_029,return_base,2026-01-20T19:32:41.000Z,null,supply_1,supply_rover,smart_agriculture_heterogeneous_team_029_exec_15,inprogress,69.8,32.1,25.02,0.0,null,null,null,null,null
smart_agriculture_heterogeneous_team_029,return_base,2026-01-20T19:33:35.000Z,null,supply_1,supply_rover,smart_agriculture_heterogeneous_team_029_exec_15,inprogress,68.2,16.05,12.51,0.0,null,null,null,null,null
smart_agriculture_heterogeneous_team_029,return_base,2026-01-20T19:34:30.000Z,complete,supply_1,supply_rover,smart_agriculture_heterogeneous_team_029_exec_15,done,66.5,0.0,0.0,0.0,null,null,null,null,null
smart_agriculture_heterogeneous_team_030,survey_field,2026-01-20T19:32:00.000Z,start,drone_scout_1,drone_scout,smart_agriculture_heterogeneous_team_030_exec_1,inprogress,77.7,0.0,0.0,5.0,null,null,null,null,null
smart_agriculture_heterogeneous_team_030,survey_field,2026-01-20T19:32:42.000Z,null,drone_scout_1,drone_scout,smart_agriculture_heterogeneous_team_030_exec_1,inprogress,76.9,7.99,3.01,7.64,null,null,null,null,null
smart_agriculture_heterogeneous_team_030,survey_field,2026-01-20T19:33:24.000Z,null,drone_scout_1,drone_scout,smart_agriculture_heterogeneous_team_030_exec_1,inprogress,76.1,15.98,6.03,10.29,null,null,null,null,null
smart_agriculture_heterogeneous_team_030,survey_field,2026-01-20T19:34:06.000Z,null,drone_scout_1,drone_scout,smart_agriculture_heterogeneous_team_030_exec_1,inprogress,75.3,23.97,9.04,12.93,null,null,null,null,null
smart_agriculture_heterogeneous_team_030,survey_field,2026-01-20T19:34:48.000Z,null,drone_scout_1,drone_scout,smart_agriculture_heterogeneous_team_030_exec_1,inprogress,74.5,31.96,12.05,15.58,null,null,null,null,null
smart_agriculture_heterogeneous_team_030,survey_field,2026-01-20T19:35:30.000Z,null,drone_scout_1,drone_scout,smart_agriculture_heterogeneous_team_030_exec_1,inprogress,73.8,39.94,15.07,18.22,null,null,null,null,null
smart_agriculture_heterogeneous_team_030,survey_field,2026-01-20T19:36:12.000Z,null,drone_scout_1,drone_scout,smart_agriculture_heterogeneous_team_030_exec_1,inprogress,73.0,47.93,18.08,20.87,null,null,null,null,null
smart_agriculture_heterogeneous_team_030,survey_field,2026-01-20T19:36:54.000Z,null,drone_scout_1,drone_scout,smart_agriculture_heterogeneous_team_030_exec_1,inprogress,72.2,55.92,21.09,23.51,null,null,null,null,null
smart_agriculture_heterogeneous_team_030,survey_field,2026-01-20T19:37:42.000Z,complete,drone_scout_1,drone_scout,smart_agriculture_heterogeneous_team_030_exec_1,done,71.4,63.91,24.1,26.15,null,null,null,null,null
smart_agriculture_heterogeneous_team_030,detect_patch,2026-01-20T19:37:43.000Z,start,drone_scout_1,drone_scout,smart_agriculture_heterogeneous_team_030_exec_2,inprogress,71.4,63.91,24.1,26.15,null,null,null,null,null
smart_agriculture_heterogeneous_team_030,detect_patch,2026-01-20T19:38:18.000Z,complete,drone_scout_1,drone_scout,smart_agriculture_heterogeneous_team_030_exec_2,done,71.2,63.91,24.1,26.15,null,null,null,null,null
smart_agriculture_heterogeneous_team_030,send_patch_coordinates,2026-01-20T19:38:19.000Z,start,drone_scout_1,drone_scout,smart_agriculture_heterogeneous_team_030_exec_3,inprogress,71.2,63.91,24.1,26.15,msg_e5a4319c2b,weed patch coordinates and density,send,drone_scout_1,sprayer_1
smart_agriculture_heterogeneous_team_030,send_patch_coordinates,2026-01-20T19:38:27.000Z,complete,drone_scout_1,drone_scout,smart_agriculture_heterogeneous_team_030_exec_3,done,71.0,63.91,24.1,26.15,msg_e5a4319c2b,weed patch coordinates and density,send,drone_scout_1,sprayer_1
smart_agriculture_heterogeneous_team_030,receive_patch_coordinates,2026-01-20T19:38:32.000Z,start,sprayer_1,sprayer_rover,smart_agriculture_heterogeneous_team_030_exec_4,inprogress,87.9,0.0,0.0,0.0,msg_e5a4319c2b,weed patch coordinates and density,receive,drone_scout_1,sprayer_1
smart_agriculture_heterogeneous_team_030,receive_patch_coordinates,2026-01-20T19:38:36.000Z,complete,sprayer_1,sprayer_rover,smart_agriculture_heterogeneous_team_030_exec_4,done,87.8,0.0,0.0,0.0,msg_e5a4319c2b,weed patch coordinates and density,receive,drone_scout_1,sprayer_1
smart_agriculture_heterogeneous_team_030,receive_patch_coordinates,2026-01-20T19:38:40.000Z,start,sprayer_1,sprayer_rover,smart_agriculture_heterogeneous_team_030_exec_5,inprogress,87.8,0.0,0.0,0.0,msg_e5a4319c2b,weed patch coordinates and density,receive,drone_scout_1,sprayer_1
smart_agriculture_heterogeneous_team_030,receive_patch_coordinates,2026-01-20T19:38:44.000Z,complete,sprayer_1,sprayer_rover,smart_agriculture_heterogeneous_team_030_exec_5,done,87.7,0.0,0.0,0.0,msg_e5a4319c2b,weed patch coordinates and density,receive,drone_scout_1,sprayer_1
smart_agriculture_heterogeneous_team_030,queue_wait,2026-01-20T19:38:45.000Z,start,sprayer_1,sprayer_rover,smart_agriculture_heterogeneous_team_030_exec_6,inprogress,87.7,0.0,0.0,0.0,null,null,null,null,null
smart_agriculture_heterogeneous_team_030,queue_wait,2026-01-20T19:39:11.000Z,complete,sprayer_1,sprayer_rover,smart_agriculture_heterogeneous_team_030_exec_6,done,87.5,0.0,0.0,0.0,null,null,null,null,null
smart_agriculture_heterogeneous_team_030,navigate_to_patch,2026-01-20T19:39:12.000Z,start,sprayer_1,sprayer_rover,smart_agriculture_heterogeneous_team_030_exec_7,inprogress,87.5,0.0,0.0,0.0,null,null,null,null,null
smart_agriculture_heterogeneous_team_030,navigate_to_patch,2026-01-20T19:40:25.000Z,null,sprayer_1,sprayer_rover,smart_agriculture_heterogeneous_team_030_exec_7,inprogress,86.0,15.98,6.03,0.0,null,null,null,null,null
smart_agriculture_heterogeneous_team_030,navigate_to_patch,2026-01-20T19:41:38.000Z,null,sprayer_1,sprayer_rover,smart_agriculture_heterogeneous_team_030_exec_7,inprogress,84.5,31.96,12.05,0.0,null,null,null,null,null
smart_agriculture_heterogeneous_team_030,navigate_to_patch,2026-01-20T19:42:51.000Z,null,sprayer_1,sprayer_rover,smart_agriculture_heterogeneous_team_030_exec_7,inprogress,83.0,47.93,18.08,0.0,null,null,null,null,null
smart_agriculture_heterogeneous_team_030,navigate_to_patch,2026-01-20T19:44:07.000Z,complete,sprayer_1,sprayer_rover,smart_agriculture_heterogeneous_team_030_exec_7,done,81.5,63.91,24.1,0.0,null,null,null,null,null
smart_agriculture_heterogeneous_team_030,spray_patch,2026-01-20T19:44:08.000Z,start,sprayer_1,sprayer_rover,smart_agriculture_heterogeneous_team_030_exec_8,inprogress,81.5,63.91,24.1,0.0,null,null,null,null,null
smart_agriculture_heterogeneous_team_030,spray_patch,2026-01-20T19:45:04.000Z,null,sprayer_1,sprayer_rover,smart_agriculture_heterogeneous_team_030_exec_8,inprogress,80.5,63.91,24.1,0.0,null,null,null,null,null
smart_agriculture_heterogeneous_team_030,spray_patch,2026-01-20T19:46:00.000Z,null,sprayer_1,sprayer_rover,smart_agriculture_heterogeneous_team_030_exec_8,inprogress,79.5,63.91,24.1,0.0,null,null,null,null,null
smart_agriculture_heterogeneous_team_030,spray_patch,2026-01-20T19:46:56.000Z,null,sprayer_1,sprayer_rover,smart_agriculture_heterogeneous_team_030_exec_8,inprogress,78.5,63.91,24.1,0.0,null,null,null,null,null
smart_agriculture_heterogeneous_team_030,spray_patch,2026-01-20T19:47:54.000Z,complete,sprayer_1,sprayer_rover,smart_agriculture_heterogeneous_team_030_exec_8,done,77.5,63.91,24.1,0.0,null,null,null,null,null
smart_agriculture_heterogeneous_team_030,send_refill_request,2026-01-20T19:47:55.000Z,start,sprayer_1,sprayer_rover,smart_agriculture_heterogeneous_team_030_exec_9,inprogress,77.5,63.91,24.1,0.0,msg_0be57d28e7,refill needed at current patch,send,sprayer_1,supply_1
smart_agriculture_heterogeneous_team_030,send_refill_request,2026-01-20T19:48:01.000Z,complete,sprayer_1,sprayer_rover,smart_agriculture_heterogeneous_team_030_exec_9,done,77.3,63.91,24.1,0.0,msg_0be57d28e7,refill needed at current patch,send,sprayer_1,supply_1
smart_agriculture_heterogeneous_team_030,receive_refill_request,2026-01-20T19:48:07.000Z,start,supply_1,supply_rover,smart_agriculture_heterogeneous_team_030_exec_10,inprogress,80.8,0.0,0.0,0.0,msg_0be57d28e7,refill needed at current patch,receive,sprayer_1,supply_1
smart_agriculture_heterogeneous_team_030,receive_refill_request,2026-01-20T19:48:11.000Z,complete,supply_1,supply_rover,smart_agriculture_heterogeneous_team_030_exec_10,done,80.7,0.0,0.0,0.0,msg_0be57d28e7,refill needed at current patch,receive,sprayer_1,supply_1
smart_agriculture_heterogeneous_team_030,deliver_refill,2026-01-20T19:48:12.000Z,start,supply_1,supply_rover,smart_agriculture_heterogeneous_team_030_exec_11,inprogress,80.7,0.0,0.0,0.0,null,null,null,null,null
smart_agriculture_heterogeneous_team_030,deliver_refill,2026-01-20T19:49:11.000Z,null,supply_1,supply_rover,smart_agriculture_heterogeneous_team_030_exec_11,inprogress,79.9,10.86,3.65,0.0,null,null,null,null,null
smart_agriculture_heterogeneous_team_030,deliver_refill,2026-01-20T19:50:10.000Z,null,supply_1,supply_rover,smart_agriculture_heterogeneous_team_030_exec_11,inprogress,79.0,21.72,7.3,0.0,null,null,null,null,null
smart_agriculture_heterogeneous_team_030,deliver_refill,2026-01-20T19:51:09.000Z,null,supply_1,supply_rover,smart_agriculture_heterogeneous_team_030_exec_11,inprogress,78.2,32.58,10.96,0.0,null,null,null,null,null
smart_agriculture_heterogeneous_team_030,deliver_refill,2026-01-20T19:52:08.000Z,null,supply_1,supply_rover,smart_agriculture_heterogeneous_team_030_exec_11,inprogress,77.3,43.44,14.61,0.0,null,null,null,null,null
smart_agriculture_heterogeneous_team_030,deliver_refill,2026-01-20T19:53:07.000Z,null,supply_1,supply_rover,smart_agriculture_heterogeneous_team_030_exec_11,inprogress,76.5,54.29,18.26,0.0,null,null,null,null,null
smart_agriculture_heterogeneous_team_030,deliver_refill,2026-01-20T19:54:07.000Z,complete,supply_1,supply_rover,smart_agriculture_heterogeneous_team_030_exec_11,done,75.6,65.15,21.91,0.0,null,null,null,null,null
smart_agriculture_heterogeneous_team_030,send_treatment_ack,2026-01-20T19:54:08.000Z,start,supply_1,supply_rover,smart_agriculture_heterogeneous_team_030_exec_12,inprogress,75.6,65.15,21.91,0.0,msg_f28d36bbf5,refill delivered and treatment may resume,send,supply_1,sprayer_1
smart_agriculture_heterogeneous_team_030,send_treatment_ack,2026-01-20T19:54:12.000Z,complete,supply_1,supply_rover,smart_agriculture_heterogeneous_team_030_exec_12,done,75.4,65.15,21.91,0.0,msg_f28d36bbf5,refill delivered and treatment may resume,send,supply_1,sprayer_1
smart_agriculture_heterogeneous_team_030,receive_treatment_ack,2026-01-20T19:54:16.000Z,start,sprayer_1,sprayer_rover,smart_agriculture_heterogeneous_team_030_exec_13,inprogress,77.3,63.91,24.1,0.0,msg_f28d36bbf5,refill delivered and treatment may resume,receive,supply_1,sprayer_1
smart_agriculture_heterogeneous_team_030,receive_treatment_ack,2026-01-20T19:54:20.000Z,complete,sprayer_1,sprayer_rover,smart_agriculture_heterogeneous_team_030_exec_13,done,77.2,63.91,24.1,0.0,msg_f28d36bbf5,refill delivered and treatment may resume,receive,supply_1,sprayer_1
smart_agriculture_heterogeneous_team_030,resume_treatment,2026-01-20T19:54:21.000Z,start,sprayer_1,sprayer_rover,smart_agriculture_heterogeneous_team_030_exec_14,inprogress,77.2,63.91,24.1,0.0,null,null,null,null,null
smart_agriculture_heterogeneous_team_030,resume_treatment,2026-01-20T19:55:32.000Z,null,sprayer_1,sprayer_rover,smart_agriculture_heterogeneous_team_030_exec_14,inprogress,75.0,63.91,24.1,0.0,null,null,null,null,null
smart_agriculture_heterogeneous_team_030,resume_treatment,2026-01-20T19:56:43.000Z,complete,sprayer_1,sprayer_rover,smart_agriculture_heterogeneous_team_030_exec_14,done,72.7,63.91,24.1,0.0,null,null,null,null,null
smart_agriculture_heterogeneous_team_030,return_base,2026-01-20T19:56:44.000Z,start,drone_scout_1,drone_scout,smart_agriculture_heterogeneous_team_030_exec_15,inprogress,71.0,63.91,24.1,26.15,null,null,null,null,null
smart_agriculture_heterogeneous_team_030,return_base,2026-01-20T19:57:40.000Z,null,drone_scout_1,drone_scout,smart_agriculture_heterogeneous_team_030_exec_15,inprogress,69.3,42.61,16.07,19.1,null,null,null,null,null
smart_agriculture_heterogeneous_team_030,return_base,2026-01-20T19:58:36.000Z,null,drone_scout_1,drone_scout,smart_agriculture_heterogeneous_team_030_exec_15,inprogress,67.7,21.3,8.03,12.05,null,null,null,null,null
smart_agriculture_heterogeneous_team_030,return_base,2026-01-20T19:59:32.000Z,complete,drone_scout_1,drone_scout,smart_agriculture_heterogeneous_team_030_exec_15,done,66.1,0.0,0.0,5.0,null,null,null,null,null
smart_agriculture_heterogeneous_team_030,return_base,2026-01-20T19:59:33.000Z,start,sprayer_1,sprayer_rover,smart_agriculture_heterogeneous_team_030_exec_16,inprogress,72.7,63.91,24.1,0.0,null,null,null,null,null
smart_agriculture_heterogeneous_team_030,return_base,2026-01-20T20:00:27.000Z,null,sprayer_1,sprayer_rover,smart_agriculture_heterogeneous_team_030_exec_16,inprogress,72.0,51.13,19.28,0.0,null,null,null,null,null
smart_agriculture_heterogeneous_team_030,return_base,2026-01-20T20:01:21.000Z,null,sprayer_1,sprayer_rover,smart_agriculture_heterogeneous_team_030_exec_16,inprogress,71.2,38.35,14.46,0.0,null,null,null,null,null
smart_agriculture_heterogeneous_team_030,return_base,2026-01-20T20:02:15.000Z,null,sprayer_1,sprayer_rover,smart_agriculture_heterogeneous_team_030_exec_16,inprogress,70.5,25.56,9.64,0.0,null,null,null,null,null
smart_agriculture_heterogeneous_team_030,return_base,2026-01-20T20:03:09.000Z,null,sprayer_1,sprayer_rover,smart_agriculture_heterogeneous_team_030_exec_16,inprogress,69.7,12.78,4.82,0.0,null,null,null,null,null
smart_agriculture_heterogeneous_team_030,return_base,2026-01-20T20:04:05.000Z,complete,sprayer_1,sprayer_rover,smart_agriculture_heterogeneous_team_030_exec_16,done,69.0,0.0,0.0,0.0,null,null,null,null,null
smart_agriculture_heterogeneous_team_030,return_base,2026-01-20T20:04:06.000Z,start,supply_1,supply_rover,smart_agriculture_heterogeneous_team_030_exec_17,inprogress,75.4,65.15,21.91,0.0,null,null,null,null,null
smart_agriculture_heterogeneous_team_030,return_base,2026-01-20T20:05:27.000Z,null,supply_1,supply_rover,smart_agriculture_heterogeneous_team_030_exec_17,inprogress,74.3,43.44,14.61,0.0,null,null,null,null,null
smart_agriculture_heterogeneous_team_030,return_base,2026-01-20T20:06:48.000Z,null,supply_1,supply_rover,smart_agriculture_heterogeneous_team_030_exec_17,inprogress,73.2,21.72,7.3,0.0,null,null,null,null,null
smart_agriculture_heterogeneous_team_030,return_base,2026-01-20T20:08:11.000Z,complete,supply_1,supply_rover,smart_agriculture_heterogeneous_team_030_exec_17,done,72.0,0.0,0.0,0.0,null,null,null,null,null
smart_agriculture_heterogeneous_team_031,survey_field,2026-01-20T20:00:00.000Z,start,drone_scout_1,drone_scout,smart_agriculture_heterogeneous_team_031_exec_1,inprogress,98.1,0.0,0.0,5.0,null,null,null,null,null
smart_agriculture_heterogeneous_team_031,survey_field,2026-01-20T20:00:50.000Z,null,drone_scout_1,drone_scout,smart_agriculture_heterogeneous_team_031_exec_1,inprogress,97.2,5.55,5.71,8.3,null,null,null,null,null
smart_agriculture_heterogeneous_team_031,survey_field,2026-01-20T20:01:40.000Z,null,drone_scout_1,drone_scout,smart_agriculture_heterogeneous_team_031_exec_1,inprogress,96.3,11.1,11.43,11.6,null,null,null,null,null
smart_agriculture_heterogeneous_team_031,survey_field,2026-01-20T20:02:30.000Z,null,drone_scout_1,drone_scout,smart_agriculture_heterogeneous_team_031_exec_1,inprogress,95.3,16.66,17.14,14.9,null,null,null,null,null
smart_agriculture_heterogeneous_team_031,survey_field,2026-01-20T20:03:20.000Z,null,drone_scout_1,drone_scout,smart_agriculture_heterogeneous_team_031_exec_1,inprogress,94.4,22.21,22.86,18.2,null,null,null,null,null
smart_agriculture_heterogeneous_team_031,survey_field,2026-01-20T20:04:10.000Z,null,drone_scout_1,drone_scout,smart_agriculture_heterogeneous_team_031_exec_1,inprogress,93.5,27.76,28.57,21.5,null,null,null,null,null
smart_agriculture_heterogeneous_team_031,survey_field,2026-01-20T20:05:05.000Z,complete,drone_scout_1,drone_scout,smart_agriculture_heterogeneous_team_031_exec_1,done,92.5,33.31,34.29,24.79,null,null,null,null,null
smart_agriculture_heterogeneous_team_031,detect_patch,2026-01-20T20:05:06.000Z,start,drone_scout_1,drone_scout,smart_agriculture_heterogeneous_team_031_exec_2,inprogress,92.5,33.31,34.29,24.79,null,null,null,null,null
smart_agriculture_heterogeneous_team_031,detect_patch,2026-01-20T20:05:47.000Z,complete,drone_scout_1,drone_scout,smart_agriculture_heterogeneous_team_031_exec_2,done,92.0,33.31,34.29,24.79,null,null,null,null,null
smart_agriculture_heterogeneous_team_031,send_patch_coordinates,2026-01-20T20:05:48.000Z,start,drone_scout_1,drone_scout,smart_agriculture_heterogeneous_team_031_exec_3,inprogress,92.0,33.31,34.29,24.79,msg_76af7c88ce,weed patch coordinates and density,send,drone_scout_1,sprayer_1
smart_agriculture_heterogeneous_team_031,send_patch_coordinates,2026-01-20T20:05:52.000Z,complete,drone_scout_1,drone_scout,smart_agriculture_heterogeneous_team_031_exec_3,done,91.8,33.31,34.29,24.79,msg_76af7c88ce,weed patch coordinates and density,send,drone_scout_1,sprayer_1
smart_agriculture_heterogeneous_team_031,receive_patch_coordinates,2026-01-20T20:05:57.000Z,start,sprayer_1,sprayer_rover,smart_agriculture_heterogeneous_team_031_exec_4,inprogress,70.3,0.0,0.0,0.0,msg_76af7c88ce,weed patch coordinates and density,receive,drone_scout_1,sprayer_1
smart_agriculture_heterogeneous_team_031,receive_patch_coordinates,2026-01-20T20:06:01.000Z,complete,sprayer_1,sprayer_rover,smart_agriculture_heterogeneous_team_031_exec_4,done,70.2,0.0,0.0,0.0,msg_76af7c88ce,weed patch coordinates and density,receive,drone_scout_1,sprayer_1
smart_agriculture_heterogeneous_team_031,navigate_to_patch,2026-01-20T20:06:02.000Z,start,sprayer_1,sprayer_rover,smart_agriculture_heterogeneous_team_031_exec_5,inprogress,70.2,0.0,0.0,0.0,null,null,null,null,null
smart_agriculture_heterogeneous_team_031,navigate_to_patch,2026-01-20T20:06:43.000Z,null,sprayer_1,sprayer_rover,smart_agriculture_heterogeneous_team_031_exec_5,inprogress,69.2,4.76,4.9,0.0,null,null,null,null,null
smart_agriculture_heterogeneous_team_031,navigate_to_patch,2026-01-20T20:07:24.000Z,null,sprayer_1,sprayer_rover,smart_agriculture_heterogeneous_team_031_exec_5,inprogress,68.3,9.52,9.8,0.0,null,null,null,null,null
smart_agriculture_heterogeneous_team_031,navigate_to_patch,2026-01-20T20:08:05.000Z,null,sprayer_1,sprayer_rover,smart_agriculture_heterogeneous_team_031_exec_5,inprogress,67.3,14.28,14.69,0.0,null,null,null,null,null
smart_agriculture_heterogeneous_team_031,navigate_to_patch,2026-01-20T20:08:46.000Z,null,sprayer_1,sprayer_rover,smart_agriculture_heterogeneous_team_031_exec_5,inprogress,66.4,19.03,19.59,0.0,null,null,null,null,null
smart_agriculture_heterogeneous_team_031,navigate_to_patch,2026-01-20T20:09:27.000Z,null,sprayer_1,sprayer_rover,smart_agriculture_heterogeneous_team_031_exec_5,inprogress,65.4,23.79,24.49,0.0,null,null,null,null,null
smart_agriculture_heterogeneous_team_031,navigate_to_patch,2026-01-20T20:10:08.000Z,null,sprayer_1,sprayer_rover,smart_agriculture_heterogeneous_team_031_exec_5,inprogress,64.5,28.55,29.39,0.0,null,null,null,null,null
smart_agriculture_heterogeneous_team_031,navigate_to_patch,2026-01-20T20:10:51.000Z,complete,sprayer_1,sprayer_rover,smart_agriculture_heterogeneous_team_031_exec_5,done,63.5,33.31,34.29,0.0,null,null,null,null,null
smart_agriculture_heterogeneous_team_031,spray_patch,2026-01-20T20:10:52.000Z,start,sprayer_1,sprayer_rover,smart_agriculture_heterogeneous_team_031_exec_6,inprogress,63.5,33.31,34.29,0.0,null,null,null,null,null
smart_agriculture_heterogeneous_team_031,spray_patch,2026-01-20T20:11:54.000Z,null,sprayer_1,sprayer_rover,smart_agriculture_heterogeneous_team_031_exec_6,inprogress,60.9,33.31,34.29,0.0,null,null,null,null,null
smart_agriculture_heterogeneous_team_031,spray_patch,2026-01-20T20:12:56.000Z,null,sprayer_1,sprayer_rover,smart_agriculture_heterogeneous_team_031_exec_6,inprogress,58.2,33.31,34.29,0.0,null,null,null,null,null
smart_agriculture_heterogeneous_team_031,spray_patch,2026-01-20T20:13:59.000Z,complete,sprayer_1,sprayer_rover,smart_agriculture_heterogeneous_team_031_exec_6,done,55.6,33.31,34.29,0.0,null,null,null,null,null
smart_agriculture_heterogeneous_team_031,return_base,2026-01-20T20:14:00.000Z,start,drone_scout_1,drone_scout,smart_agriculture_heterogeneous_team_031_exec_7,inprogress,91.8,33.31,34.29,24.79,null,null,null,null,null
smart_agriculture_heterogeneous_team_031,return_base,2026-01-20T20:14:39.000Z,null,drone_scout_1,drone_scout,smart_agriculture_heterogeneous_team_031_exec_7,inprogress,91.1,24.98,25.72,19.85,null,null,null,null,null
smart_agriculture_heterogeneous_team_031,return_base,2026-01-20T20:15:18.000Z,null,drone_scout_1,drone_scout,smart_agriculture_heterogeneous_team_031_exec_7,inprogress,90.3,16.66,17.14,14.9,null,null,null,null,null
smart_agriculture_heterogeneous_team_031,return_base,2026-01-20T20:15:57.000Z,null,drone_scout_1,drone_scout,smart_agriculture_heterogeneous_team_031_exec_7,inprogress,89.6,8.33,8.57,9.95,null,null,null,null,null
smart_agriculture_heterogeneous_team_031,return_base,2026-01-20T20:16:38.000Z,complete,drone_scout_1,drone_scout,smart_agriculture_heterogeneous_team_031_exec_7,done,88.9,0.0,0.0,5.0,null,null,null,null,null
smart_agriculture_heterogeneous_team_031,return_base,2026-01-20T20:16:39.000Z,start,sprayer_1,sprayer_rover,smart_agriculture_heterogeneous_team_031_exec_8,inprogress,55.6,33.31,34.29,0.0,null,null,null,null,null
smart_agriculture_heterogeneous_team_031,return_base,2026-01-20T20:17:31.000Z,null,sprayer_1,sprayer_rover,smart_agriculture_heterogeneous_team_031_exec_8,inprogress,54.6,27.76,28.57,0.0,null,null,null,null,null
smart_agriculture_heterogeneous_team_031,return_base,2026-01-20T20:18:23.000Z,null,sprayer_1,sprayer_rover,smart_agriculture_heterogeneous_team_031_exec_8,inprogress,53.6,22.21,22.86,0.0,null,null,null,null,null
smart_agriculture_heterogeneous_team_031,return_base,2026-01-20T20:19:15.000Z,null,sprayer_1,sprayer_rover,smart_agriculture_heterogeneous_team_031_exec_8,inprogress,52.7,16.66,17.14,0.0,null,null,null,null,null
smart_agriculture_heterogeneous_team_031,return_base,2026-01-20T20:20:07.000Z,null,sprayer_1,sprayer_rover,smart_agriculture_heterogeneous_team_031_exec_8,inprogress,51.7,11.1,11.43,0.0,null,null,null,null,null
smart_agriculture_heterogeneous_team_031,return_base,2026-01-20T20:20:59.000Z,null,sprayer_1,sprayer_rover,smart_agriculture_heterogeneous_team_031_exec_8,inprogress,50.7,5.55,5.71,0.0,null,null,null,null,null
smart_agriculture_heterogeneous_team_031,return_base,2026-01-20T20:21:53.000Z,complete,sprayer_1,sprayer_rover,smart_agriculture_heterogeneous_team_031_exec_8,done,49.7,0.0,0.0,0.0,null,null,null,null,null
smart_agriculture_heterogeneous_team_031,return_base,2026-01-20T20:21:54.000Z,start,supply_1,supply_rover,smart_agriculture_heterogeneous_team_031_exec_9,inprogress,73.1,0.0,0.0,0.0,null,null,null,null,null
smart_agriculture_heterogeneous_team_031,return_base,2026-01-20T20:23:28.000Z,null,supply_1,supply_rover,smart_agriculture_heterogeneous_team_031_exec_9,inprogress,72.2,0.0,0.0,0.0,null,null,null,null,null
smart_agriculture_heterogeneous_team_031,return_base,2026-01-20T20:25:02.000Z,null,supply_1,supply_rover,smart_agriculture_heterogeneous_team_031_exec_9,inprogress,71.3,0.0,0.0,0.0,null,null,null,null,null
smart_agriculture_heterogeneous_team_031,return_base,2026-01-20T20:26:36.000Z,complete,supply_1,supply_rover,smart_agriculture_heterogeneous_team_031_exec_9,done,70.3,0.0,0.0,0.0,null,null,null,null,null
smart_agriculture_heterogeneous_team_032,survey_field,2026-01-20T20:28:00.000Z,start,drone_scout_1,drone_scout,smart_agriculture_heterogeneous_team_032_exec_1,inprogress,85.7,0.0,0.0,5.0,null,null,null,null,null
smart_agriculture_heterogeneous_team_032,survey_field,2026-01-20T20:28:52.000Z,null,drone_scout_1,drone_scout,smart_agriculture_heterogeneous_team_032_exec_1,inprogress,84.8,5.35,2.59,7.07,null,null,null,null,null
smart_agriculture_heterogeneous_team_032,survey_field,2026-01-20T20:29:44.000Z,null,drone_scout_1,drone_scout,smart_agriculture_heterogeneous_team_032_exec_1,inprogress,83.9,10.69,5.18,9.13,null,null,null,null,null
smart_agriculture_heterogeneous_team_032,survey_field,2026-01-20T20:30:36.000Z,null,drone_scout_1,drone_scout,smart_agriculture_heterogeneous_team_032_exec_1,inprogress,83.1,16.04,7.78,11.2,null,null,null,null,null
smart_agriculture_heterogeneous_team_032,survey_field,2026-01-20T20:31:28.000Z,null,drone_scout_1,drone_scout,smart_agriculture_heterogeneous_team_032_exec_1,inprogress,82.2,21.38,10.37,13.26,null,null,null,null,null
smart_agriculture_heterogeneous_team_032,survey_field,2026-01-20T20:32:20.000Z,null,drone_scout_1,drone_scout,smart_agriculture_heterogeneous_team_032_exec_1,inprogress,81.3,26.73,12.96,15.33,null,null,null,null,null
smart_agriculture_heterogeneous_team_032,survey_field,2026-01-20T20:33:12.000Z,null,drone_scout_1,drone_scout,smart_agriculture_heterogeneous_team_032_exec_1,inprogress,80.5,32.08,15.55,17.39,null,null,null,null,null
smart_agriculture_heterogeneous_team_032,survey_field,2026-01-20T20:34:04.000Z,null,drone_scout_1,drone_scout,smart_agriculture_heterogeneous_team_032_exec_1,inprogress,79.6,37.42,18.15,19.46,null,null,null,null,null
smart_agriculture_heterogeneous_team_032,survey_field,2026-01-20T20:34:56.000Z,complete,drone_scout_1,drone_scout,smart_agriculture_heterogeneous_team_032_exec_1,done,78.7,42.77,20.74,21.53,null,null,null,null,null
smart_agriculture_heterogeneous_team_032,detect_patch,2026-01-20T20:34:57.000Z,start,drone_scout_1,drone_scout,smart_agriculture_heterogeneous_team_032_exec_2,inprogress,78.7,42.77,20.74,21.53,null,null,null,null,null
smart_agriculture_heterogeneous_team_032,detect_patch,2026-01-20T20:35:32.000Z,complete,drone_scout_1,drone_scout,smart_agriculture_heterogeneous_team_032_exec_2,done,78.2,42.77,20.74,21.53,null,null,null,null,null
smart_agriculture_heterogeneous_team_032,send_patch_coordinates,2026-01-20T20:35:33.000Z,start,drone_scout_1,drone_scout,smart_agriculture_heterogeneous_team_032_exec_3,inprogress,78.2,42.77,20.74,21.53,msg_a7c03109e0,weed patch coordinates and density,send,drone_scout_1,sprayer_1
smart_agriculture_heterogeneous_team_032,send_patch_coordinates,2026-01-20T20:35:39.000Z,complete,drone_scout_1,drone_scout,smart_agriculture_heterogeneous_team_032_exec_3,done,78.0,42.77,20.74,21.53,msg_a7c03109e0,weed patch coordinates and density,send,drone_scout_1,sprayer_1
smart_agriculture_heterogeneous_team_032,receive_patch_coordinates,2026-01-20T20:35:44.000Z,start,sprayer_1,sprayer_rover,smart_agriculture_heterogeneous_team_032_exec_4,inprogress,87.6,0.0,0.0,0.0,msg_a7c03109e0,weed patch coordinates and density,receive,drone_scout_1,sprayer_1
smart_agriculture_heterogeneous_team_032,receive_patch_coordinates,2026-01-20T20:35:48.000Z,complete,sprayer_1,sprayer_rover,smart_agriculture_heterogeneous_team_032_exec_4,done,87.5,0.0,0.0,0.0,msg_a7c03109e0,weed patch coordinates and density,receive,drone_scout_1,sprayer_1
smart_agriculture_heterogeneous_team_032,navigate_to_patch,2026-01-20T20:35:49.000Z,start,sprayer_1,sprayer_rover,smart_agriculture_heterogeneous_team_032_exec_5,inprogress,87.5,0.0,0.0,0.0,null,null,null,null,null
smart_agriculture_heterogeneous_team_032,navigate_to_patch,2026-01-20T20:36:40.000Z,null,sprayer_1,sprayer_rover,smart_agriculture_heterogeneous_team_032_exec_5,inprogress,86.4,8.55,4.15,0.0,null,null,null,null,null
smart_agriculture_heterogeneous_team_032,navigate_to_patch,2026-01-20T20:37:31.000Z,null,sprayer_1,sprayer_rover,smart_agriculture_heterogeneous_team_032_exec_5,inprogress,85.3,17.11,8.3,0.0,null,null,null,null,null
smart_agriculture_heterogeneous_team_032,navigate_to_patch,2026-01-20T20:38:22.000Z,null,sprayer_1,sprayer_rover,smart_agriculture_heterogeneous_team_032_exec_5,inprogress,84.2,25.66,12.44,0.0,null,null,null,null,null
smart_agriculture_heterogeneous_team_032,navigate_to_patch,2026-01-20T20:39:13.000Z,null,sprayer_1,sprayer_rover,smart_agriculture_heterogeneous_team_032_exec_5,inprogress,83.1,34.21,16.59,0.0,null,null,null,null,null
smart_agriculture_heterogeneous_team_032,navigate_to_patch,2026-01-20T20:40:04.000Z,complete,sprayer_1,sprayer_rover,smart_agriculture_heterogeneous_team_032_exec_5,done,82.0,42.77,20.74,0.0,null,null,null,null,null
smart_agriculture_heterogeneous_team_032,spray_patch,2026-01-20T20:40:05.000Z,start,sprayer_1,sprayer_rover,smart_agriculture_heterogeneous_team_032_exec_6,inprogress,82.0,42.77,20.74,0.0,null,null,null,null,null
smart_agriculture_heterogeneous_team_032,spray_patch,2026-01-20T20:40:48.000Z,null,sprayer_1,sprayer_rover,smart_agriculture_heterogeneous_team_032_exec_6,inprogress,80.9,42.77,20.74,0.0,null,null,null,null,null
smart_agriculture_heterogeneous_team_032,spray_patch,2026-01-20T20:41:31.000Z,null,sprayer_1,sprayer_rover,smart_agriculture_heterogeneous_team_032_exec_6,inprogress,79.8,42.77,20.74,0.0,null,null,null,null,null
smart_agriculture_heterogeneous_team_032,spray_patch,2026-01-20T20:42:14.000Z,null,sprayer_1,sprayer_rover,smart_agriculture_heterogeneous_team_032_exec_6,inprogress,78.6,42.77,20.74,0.0,null,null,null,null,null
smart_agriculture_heterogeneous_team_032,spray_patch,2026-01-20T20:42:57.000Z,null,sprayer_1,sprayer_rover,smart_agriculture_heterogeneous_team_032_exec_6,inprogress,77.5,42.77,20.74,0.0,null,null,null,null,null
smart_agriculture_heterogeneous_team_032,spray_patch,2026-01-20T20:43:40.000Z,null,sprayer_1,sprayer_rover,smart_agriculture_heterogeneous_team_032_exec_6,inprogress,76.4,42.77,20.74,0.0,null,null,null,null,null
smart_agriculture_heterogeneous_team_032,spray_patch,2026-01-20T20:44:25.000Z,complete,sprayer_1,sprayer_rover,smart_agriculture_heterogeneous_team_032_exec_6,done,75.3,42.77,20.74,0.0,null,null,null,null,null
smart_agriculture_heterogeneous_team_032,return_base,2026-01-20T20:44:26.000Z,start,drone_scout_1,drone_scout,smart_agriculture_heterogeneous_team_032_exec_7,inprogress,78.0,42.77,20.74,21.53,null,null,null,null,null
smart_agriculture_heterogeneous_team_032,return_base,2026-01-20T20:44:56.000Z,null,drone_scout_1,drone_scout,smart_agriculture_heterogeneous_team_032_exec_7,inprogress,77.1,34.21,16.59,18.22,null,null,null,null,null
smart_agriculture_heterogeneous_team_032,return_base,2026-01-20T20:45:26.000Z,null,drone_scout_1,drone_scout,smart_agriculture_heterogeneous_team_032_exec_7,inprogress,76.2,25.66,12.44,14.92,null,null,null,null,null
smart_agriculture_heterogeneous_team_032,return_base,2026-01-20T20:45:56.000Z,null,drone_scout_1,drone_scout,smart_agriculture_heterogeneous_team_032_exec_7,inprogress,75.4,17.11,8.3,11.61,null,null,null,null,null
smart_agriculture_heterogeneous_team_032,return_base,2026-01-20T20:46:26.000Z,null,drone_scout_1,drone_scout,smart_agriculture_heterogeneous_team_032_exec_7,inprogress,74.5,8.55,4.15,8.31,null,null,null,null,null
smart_agriculture_heterogeneous_team_032,return_base,2026-01-20T20:46:56.000Z,complete,drone_scout_1,drone_scout,smart_agriculture_heterogeneous_team_032_exec_7,done,73.7,0.0,0.0,5.0,null,null,null,null,null
smart_agriculture_heterogeneous_team_032,return_base,2026-01-20T20:46:57.000Z,start,sprayer_1,sprayer_rover,smart_agriculture_heterogeneous_team_032_exec_8,inprogress,75.3,42.77,20.74,0.0,null,null,null,null,null
smart_agriculture_heterogeneous_team_032,return_base,2026-01-20T20:47:52.000Z,null,sprayer_1,sprayer_rover,smart_agriculture_heterogeneous_team_032_exec_8,inprogress,74.3,35.64,17.28,0.0,null,null,null,null,null
smart_agriculture_heterogeneous_team_032,return_base,2026-01-20T20:48:47.000Z,null,sprayer_1,sprayer_rover,smart_agriculture_heterogeneous_team_032_exec_8,inprogress,73.4,28.51,13.83,0.0,null,null,null,null,null
smart_agriculture_heterogeneous_team_032,return_base,2026-01-20T20:49:42.000Z,null,sprayer_1,sprayer_rover,smart_agriculture_heterogeneous_team_032_exec_8,inprogress,72.4,21.38,10.37,0.0,null,null,null,null,null
smart_agriculture_heterogeneous_team_032,return_base,2026-01-20T20:50:37.000Z,null,sprayer_1,sprayer_rover,smart_agriculture_heterogeneous_team_032_exec_8,inprogress,71.4,14.26,6.91,0.0,null,null,null,null,null
smart_agriculture_heterogeneous_team_032,return_base,2026-01-20T20:51:32.000Z,null,sprayer_1,sprayer_rover,smart_agriculture_heterogeneous_team_032_exec_8,inprogress,70.4,7.13,3.46,0.0,null,null,null,null,null
smart_agriculture_heterogeneous_team_032,return_base,2026-01-20T20:52:31.000Z,complete,sprayer_1,sprayer_rover,smart_agriculture_heterogeneous_team_032_exec_8,done,69.5,0.0,0.0,0.0,null,null,null,null,null
smart_agriculture_heterogeneous_team_032,return_base,2026-01-20T20:52:32.000Z,start,supply_1,supply_rover,smart_agriculture_heterogeneous_team_032_exec_9,inprogress,75.8,0.0,0.0,0.0,null,null,null,null,null
smart_agriculture_heterogeneous_team_032,return_base,2026-01-20T20:53:15.000Z,null,supply_1,supply_rover,smart_agriculture_heterogeneous_team_032_exec_9,inprogress,75.2,0.0,0.0,0.0,null,null,null,null,null
smart_agriculture_heterogeneous_team_032,return_base,2026-01-20T20:53:58.000Z,null,supply_1,supply_rover,smart_agriculture_heterogeneous_team_032_exec_9,inprogress,74.7,0.0,0.0,0.0,null,null,null,null,null
smart_agriculture_heterogeneous_team_032,return_base,2026-01-20T20:54:41.000Z,null,supply_1,supply_rover,smart_agriculture_heterogeneous_team_032_exec_9,inprogress,74.1,0.0,0.0,0.0,null,null,null,null,null
smart_agriculture_heterogeneous_team_032,return_base,2026-01-20T20:55:24.000Z,null,supply_1,supply_rover,smart_agriculture_heterogeneous_team_032_exec_9,inprogress,73.6,0.0,0.0,0.0,null,null,null,null,null
smart_agriculture_heterogeneous_team_032,return_base,2026-01-20T20:56:08.000Z,complete,supply_1,supply_rover,smart_agriculture_heterogeneous_team_032_exec_9,done,73.0,0.0,0.0,0.0,null,null,null,null,null
smart_agriculture_heterogeneous_team_033,survey_field,2026-01-20T20:56:00.000Z,start,drone_scout_1,drone_scout,smart_agriculture_heterogeneous_team_033_exec_1,inprogress,84.0,0.0,0.0,5.0,null,null,null,null,null
smart_agriculture_heterogeneous_team_033,survey_field,2026-01-20T20:56:50.000Z,null,drone_scout_1,drone_scout,smart_agriculture_heterogeneous_team_033_exec_1,inprogress,82.8,8.99,7.27,7.72,null,null,null,null,null
smart_agriculture_heterogeneous_team_033,survey_field,2026-01-20T20:57:40.000Z,null,drone_scout_1,drone_scout,smart_agriculture_heterogeneous_team_033_exec_1,inprogress,81.5,17.97,14.53,10.44,null,null,null,null,null
smart_agriculture_heterogeneous_team_033,survey_field,2026-01-20T20:58:30.000Z,null,drone_scout_1,drone_scout,smart_agriculture_heterogeneous_team_033_exec_1,inprogress,80.2,26.96,21.8,13.16,null,null,null,null,null
smart_agriculture_heterogeneous_team_033,survey_field,2026-01-20T20:59:20.000Z,null,drone_scout_1,drone_scout,smart_agriculture_heterogeneous_team_033_exec_1,inprogress,78.9,35.95,29.06,15.88,null,null,null,null,null
smart_agriculture_heterogeneous_team_033,survey_field,2026-01-20T21:00:14.000Z,complete,drone_scout_1,drone_scout,smart_agriculture_heterogeneous_team_033_exec_1,done,77.6,44.93,36.33,18.6,null,null,null,null,null
smart_agriculture_heterogeneous_team_033,detect_patch,2026-01-20T21:00:15.000Z,start,drone_scout_1,drone_scout,smart_agriculture_heterogeneous_team_033_exec_2,inprogress,77.6,44.93,36.33,18.6,null,null,null,null,null
smart_agriculture_heterogeneous_team_033,detect_patch,2026-01-20T21:01:02.000Z,complete,drone_scout_1,drone_scout,smart_agriculture_heterogeneous_team_033_exec_2,done,77.0,44.93,36.33,18.6,null,null,null,null,null
smart_agriculture_heterogeneous_team_033,send_patch_coordinates,2026-01-20T21:01:03.000Z,start,drone_scout_1,drone_scout,smart_agriculture_heterogeneous_team_033_exec_3,inprogress,77.0,44.93,36.33,18.6,msg_e282d8bf23,weed patch coordinates and density,send,drone_scout_1,sprayer_1
smart_agriculture_heterogeneous_team_033,send_patch_coordinates,2026-01-20T21:01:10.000Z,complete,drone_scout_1,drone_scout,smart_agriculture_heterogeneous_team_033_exec_3,done,76.8,44.93,36.33,18.6,msg_e282d8bf23,weed patch coordinates and density,send,drone_scout_1,sprayer_1
smart_agriculture_heterogeneous_team_033,receive_patch_coordinates,2026-01-20T21:02:04.000Z,start,sprayer_1,sprayer_rover,smart_agriculture_heterogeneous_team_033_exec_4,inprogress,73.5,0.0,0.0,0.0,msg_e282d8bf23,weed patch coordinates and density,receive,drone_scout_1,sprayer_1
smart_agriculture_heterogeneous_team_033,receive_patch_coordinates,2026-01-20T21:02:08.000Z,complete,sprayer_1,sprayer_rover,smart_agriculture_heterogeneous_team_033_exec_4,done,73.4,0.0,0.0,0.0,msg_e282d8bf23,weed patch coordinates and density,receive,drone_scout_1,sprayer_1
smart_agriculture_heterogeneous_team_033,navigate_to_patch,2026-01-20T21:02:09.000Z,start,sprayer_1,sprayer_rover,smart_agriculture_heterogeneous_team_033_exec_5,inprogress,73.4,0.0,0.0,0.0,null,null,null,null,null
smart_agriculture_heterogeneous_team_033,navigate_to_patch,2026-01-20T21:03:00.000Z,null,sprayer_1,sprayer_rover,smart_agriculture_heterogeneous_team_033_exec_5,inprogress,72.7,6.42,5.19,0.0,null,null,null,null,null
smart_agriculture_heterogeneous_team_033,navigate_to_patch,2026-01-20T21:03:51.000Z,null,sprayer_1,sprayer_rover,smart_agriculture_heterogeneous_team_033_exec_5,inprogress,72.0,12.84,10.38,0.0,null,null,null,null,null
smart_agriculture_heterogeneous_team_033,navigate_to_patch,2026-01-20T21:04:42.000Z,null,sprayer_1,sprayer_rover,smart_agriculture_heterogeneous_team_033_exec_5,inprogress,71.3,19.26,15.57,0.0,null,null,null,null,null
smart_agriculture_heterogeneous_team_033,navigate_to_patch,2026-01-20T21:05:33.000Z,null,sprayer_1,sprayer_rover,smart_agriculture_heterogeneous_team_033_exec_5,inprogress,70.5,25.68,20.76,0.0,null,null,null,null,null
smart_agriculture_heterogeneous_team_033,navigate_to_patch,2026-01-20T21:06:24.000Z,null,sprayer_1,sprayer_rover,smart_agriculture_heterogeneous_team_033_exec_5,inprogress,69.8,32.09,25.95,0.0,null,null,null,null,null
smart_agriculture_heterogeneous_team_033,navigate_to_patch,2026-01-20T21:07:15.000Z,null,sprayer_1,sprayer_rover,smart_agriculture_heterogeneous_team_033_exec_5,inprogress,69.1,38.51,31.14,0.0,null,null,null,null,null
smart_agriculture_heterogeneous_team_033,navigate_to_patch,2026-01-20T21:08:10.000Z,complete,sprayer_1,sprayer_rover,smart_agriculture_heterogeneous_team_033_exec_5,done,68.4,44.93,36.33,0.0,null,null,null,null,null
smart_agriculture_heterogeneous_team_033,spray_patch,2026-01-20T21:08:11.000Z,start,sprayer_1,sprayer_rover,smart_agriculture_heterogeneous_team_033_exec_6,inprogress,68.4,44.93,36.33,0.0,null,null,null,null,null
smart_agriculture_heterogeneous_team_033,spray_patch,2026-01-20T21:09:10.000Z,null,sprayer_1,sprayer_rover,smart_agriculture_heterogeneous_team_033_exec_6,inprogress,65.8,44.93,36.33,0.0,null,null,null,null,null
smart_agriculture_heterogeneous_team_033,spray_patch,2026-01-20T21:10:09.000Z,null,sprayer_1,sprayer_rover,smart_agriculture_heterogeneous_team_033_exec_6,inprogress,63.3,44.93,36.33,0.0,null,null,null,null,null
smart_agriculture_heterogeneous_team_033,spray_patch,2026-01-20T21:11:08.000Z,complete,sprayer_1,sprayer_rover,smart_agriculture_heterogeneous_team_033_exec_6,done,60.7,44.93,36.33,0.0,null,null,null,null,null
smart_agriculture_heterogeneous_team_033,send_refill_request,2026-01-20T21:11:09.000Z,start,sprayer_1,sprayer_rover,smart_agriculture_heterogeneous_team_033_exec_7,inprogress,60.7,44.93,36.33,0.0,msg_8f5da6599d,refill needed at current patch,send,sprayer_1,supply_1
smart_agriculture_heterogeneous_team_033,send_refill_request,2026-01-20T21:11:13.000Z,complete,sprayer_1,sprayer_rover,smart_agriculture_heterogeneous_team_033_exec_7,done,60.5,44.93,36.33,0.0,msg_8f5da6599d,refill needed at current patch,send,sprayer_1,supply_1
smart_agriculture_heterogeneous_team_033,receive_refill_request,2026-01-20T21:12:43.000Z,start,supply_1,supply_rover,smart_agriculture_heterogeneous_team_033_exec_8,inprogress,94.1,0.0,0.0,0.0,msg_8f5da6599d,refill needed at current patch,receive,sprayer_1,supply_1
smart_agriculture_heterogeneous_team_033,receive_refill_request,2026-01-20T21:12:47.000Z,complete,supply_1,supply_rover,smart_agriculture_heterogeneous_team_033_exec_8,done,94.0,0.0,0.0,0.0,msg_8f5da6599d,refill needed at current patch,receive,sprayer_1,supply_1
smart_agriculture_heterogeneous_team_033,deliver_refill,2026-01-20T21:12:48.000Z,start,supply_1,supply_rover,smart_agriculture_heterogeneous_team_033_exec_9,inprogress,94.0,0.0,0.0,0.0,null,null,null,null,null
smart_agriculture_heterogeneous_team_033,deliver_refill,2026-01-20T21:14:47.000Z,null,supply_1,supply_rover,smart_agriculture_heterogeneous_team_033_exec_9,inprogress,92.4,16.22,11.77,0.0,null,null,null,null,null
smart_agriculture_heterogeneous_team_033,deliver_refill,2026-01-20T21:16:46.000Z,null,supply_1,supply_rover,smart_agriculture_heterogeneous_team_033_exec_9,inprogress,90.7,32.43,23.53,0.0,null,null,null,null,null
smart_agriculture_heterogeneous_team_033,deliver_refill,2026-01-20T21:18:47.000Z,complete,supply_1,supply_rover,smart_agriculture_heterogeneous_team_033_exec_9,done,89.0,48.65,35.3,0.0,null,null,null,null,null
smart_agriculture_heterogeneous_team_033,send_treatment_ack,2026-01-20T21:18:48.000Z,start,supply_1,supply_rover,smart_agriculture_heterogeneous_team_033_exec_10,inprogress,89.0,48.65,35.3,0.0,msg_bcd6196728,refill delivered and treatment may resume,send,supply_1,sprayer_1
smart_agriculture_heterogeneous_team_033,send_treatment_ack,2026-01-20T21:18:52.000Z,complete,supply_1,supply_rover,smart_agriculture_heterogeneous_team_033_exec_10,done,88.8,48.65,35.3,0.0,msg_bcd6196728,refill delivered and treatment may resume,send,supply_1,sprayer_1
smart_agriculture_heterogeneous_team_033,receive_treatment_ack,2026-01-20T21:18:56.000Z,start,sprayer_1,sprayer_rover,smart_agriculture_heterogeneous_team_033_exec_11,inprogress,60.5,44.93,36.33,0.0,msg_bcd6196728,refill delivered and treatment may resume,receive,supply_1,sprayer_1
smart_agriculture_heterogeneous_team_033,receive_treatment_ack,2026-01-20T21:19:00.000Z,complete,sprayer_1,sprayer_rover,smart_agriculture_heterogeneous_team_033_exec_11,done,60.4,44.93,36.33,0.0,msg_bcd6196728,refill delivered and treatment may resume,receive,supply_1,sprayer_1
smart_agriculture_heterogeneous_team_033,resume_treatment,2026-01-20T21:19:01.000Z,start,sprayer_1,sprayer_rover,smart_agriculture_heterogeneous_team_033_exec_12,inprogress,60.4,44.93,36.33,0.0,null,null,null,null,null
smart_agriculture_heterogeneous_team_033,resume_treatment,2026-01-20T21:19:36.000Z,null,sprayer_1,sprayer_rover,smart_agriculture_heterogeneous_team_033_exec_12,inprogress,59.3,44.93,36.33,0.0,null,null,null,null,null
smart_agriculture_heterogeneous_team_033,resume_treatment,2026-01-20T21:20:11.000Z,null,sprayer_1,sprayer_rover,smart_agriculture_heterogeneous_team_033_exec_12,inprogress,58.3,44.93,36.33,0.0,null,null,null,null,null
smart_agriculture_heterogeneous_team_033,resume_treatment,2026-01-20T21:20:46.000Z,null,sprayer_1,sprayer_rover,smart_agriculture_heterogeneous_team_033_exec_12,inprogress,57.3,44.93,36.33,0.0,null,null,null,null,null
smart_agriculture_heterogeneous_team_033,resume_treatment,2026-01-20T21:21:22.000Z,complete,sprayer_1,sprayer_rover,smart_agriculture_heterogeneous_team_033_exec_12,done,56.2,44.93,36.33,0.0,null,null,null,null,null
smart_agriculture_heterogeneous_team_033,navigate_to_patch,2026-01-20T21:21:23.000Z,start,sprayer_1,sprayer_rover,smart_agriculture_heterogeneous_team_033_exec_13,inprogress,56.2,44.93,36.33,0.0,null,null,null,null,null
smart_agriculture_heterogeneous_team_033,navigate_to_patch,2026-01-20T21:22:06.000Z,null,sprayer_1,sprayer_rover,smart_agriculture_heterogeneous_team_033_exec_13,inprogress,55.5,47.7,35.43,0.0,null,null,null,null,null
smart_agriculture_heterogeneous_team_033,navigate_to_patch,2026-01-20T21:22:49.000Z,null,sprayer_1,sprayer_rover,smart_agriculture_heterogeneous_team_033_exec_13,inprogress,54.8,50.47,34.53,0.0,null,null,null,null,null
smart_agriculture_heterogeneous_team_033,navigate_to_patch,2026-01-20T21:23:33.000Z,complete,sprayer_1,sprayer_rover,smart_agriculture_heterogeneous_team_033_exec_13,done,54.1,53.23,33.63,0.0,null,null,null,null,null
smart_agriculture_heterogeneous_team_033,spray_patch,2026-01-20T21:23:34.000Z,start,sprayer_1,sprayer_rover,smart_agriculture_heterogeneous_team_033_exec_14,inprogress,54.1,53.23,33.63,0.0,null,null,null,null,null
smart_agriculture_heterogeneous_team_033,spray_patch,2026-01-20T21:24:28.000Z,null,sprayer_1,sprayer_rover,smart_agriculture_heterogeneous_team_033_exec_14,inprogress,53.1,53.23,33.63,0.0,null,null,null,null,null
smart_agriculture_heterogeneous_team_033,spray_patch,2026-01-20T21:25:22.000Z,null,sprayer_1,sprayer_rover,smart_agriculture_heterogeneous_team_033_exec_14,inprogress,52.1,53.23,33.63,0.0,null,null,null,null,null
smart_agriculture_heterogeneous_team_033,spray_patch,2026-01-20T21:26:16.000Z,complete,sprayer_1,sprayer_rover,smart_agriculture_heterogeneous_team_033_exec_14,done,51.2,53.23,33.63,0.0,null,null,null,null,null
smart_agriculture_heterogeneous_team_033,return_base,2026-01-20T21:26:17.000Z,start,drone_scout_1,drone_scout,smart_agriculture_heterogeneous_team_033_exec_15,inprogress,76.8,44.93,36.33,18.6,null,null,null,null,null
smart_agriculture_heterogeneous_team_033,return_base,2026-01-20T21:26:57.000Z,null,drone_scout_1,drone_scout,smart_agriculture_heterogeneous_team_033_exec_15,inprogress,75.7,33.7,27.25,15.2,null,null,null,null,null
smart_agriculture_heterogeneous_team_033,return_base,2026-01-20T21:27:37.000Z,null,drone_scout_1,drone_scout,smart_agriculture_heterogeneous_team_033_exec_15,inprogress,74.6,22.47,18.16,11.8,null,null,null,null,null
smart_agriculture_heterogeneous_team_033,return_base,2026-01-20T21:28:17.000Z,null,drone_scout_1,drone_scout,smart_agriculture_heterogeneous_team_033_exec_15,inprogress,73.6,11.23,9.08,8.4,null,null,null,null,null
smart_agriculture_heterogeneous_team_033,return_base,2026-01-20T21:29:00.000Z,complete,drone_scout_1,drone_scout,smart_agriculture_heterogeneous_team_033_exec_15,done,72.5,0.0,0.0,5.0,null,null,null,null,null
smart_agriculture_heterogeneous_team_033,return_base,2026-01-20T21:29:01.000Z,start,sprayer_1,sprayer_rover,smart_agriculture_heterogeneous_team_033_exec_16,inprogress,51.2,53.23,33.63,0.0,null,null,null,null,null
smart_agriculture_heterogeneous_team_033,return_base,2026-01-20T21:29:56.000Z,null,sprayer_1,sprayer_rover,smart_agriculture_heterogeneous_team_033_exec_16,inprogress,50.1,44.36,28.03,0.0,null,null,null,null,null
smart_agriculture_heterogeneous_team_033,return_base,2026-01-20T21:30:51.000Z,null,sprayer_1,sprayer_rover,smart_agriculture_heterogeneous_team_033_exec_16,inprogress,49.1,35.49,22.42,0.0,null,null,null,null,null
smart_agriculture_heterogeneous_team_033,return_base,2026-01-20T21:31:46.000Z,null,sprayer_1,sprayer_rover,smart_agriculture_heterogeneous_team_033_exec_16,inprogress,48.0,26.62,16.82,0.0,null,null,null,null,null
smart_agriculture_heterogeneous_team_033,return_base,2026-01-20T21:32:41.000Z,null,sprayer_1,sprayer_rover,smart_agriculture_heterogeneous_team_033_exec_16,inprogress,46.9,17.74,11.21,0.0,null,null,null,null,null
smart_agriculture_heterogeneous_team_033,return_base,2026-01-20T21:33:36.000Z,null,sprayer_1,sprayer_rover,smart_agriculture_heterogeneous_team_033_exec_16,inprogress,45.9,8.87,5.61,0.0,null,null,null,null,null
smart_agriculture_heterogeneous_team_033,return_base,2026-01-20T21:34:36.000Z,complete,sprayer_1,sprayer_rover,smart_agriculture_heterogeneous_team_033_exec_16,done,44.8,0.0,0.0,0.0,null,null,null,null,null
smart_agriculture_heterogeneous_team_033,return_base,2026-01-20T21:34:37.000Z,start,supply_1,supply_rover,smart_agriculture_heterogeneous_team_033_exec_17,inprogress,88.8,48.65,35.3,0.0,null,null,null,null,null
smart_agriculture_heterogeneous_team_033,return_base,2026-01-20T21:35:47.000Z,null,supply_1,supply_rover,smart_agriculture_heterogeneous_team_033_exec_17,inprogress,87.8,36.49,26.48,0.0,null,null,null,null,null
smart_agriculture_heterogeneous_team_033,return_base,2026-01-20T21:36:57.000Z,null,supply_1,supply_rover,smart_agriculture_heterogeneous_team_033_exec_17,inprogress,86.7,24.33,17.65,0.0,null,null,null,null,null
smart_agriculture_heterogeneous_team_033,return_base,2026-01-20T21:38:07.000Z,null,supply_1,supply_rover,smart_agriculture_heterogeneous_team_033_exec_17,inprogress,85.6,12.16,8.83,0.0,null,null,null,null,null
smart_agriculture_heterogeneous_team_033,return_base,2026-01-20T21:39:17.000Z,complete,supply_1,supply_rover,smart_agriculture_heterogeneous_team_033_exec_17,done,84.5,0.0,0.0,0.0,null,null,null,null,null
smart_agriculture_heterogeneous_team_034,survey_field,2026-01-20T21:24:00.000Z,start,drone_scout_1,drone_scout,smart_agriculture_heterogeneous_team_034_exec_1,inprogress,86.1,0.0,0.0,5.0,null,null,null,null,null
smart_agriculture_heterogeneous_team_034,survey_field,2026-01-20T21:25:16.000Z,null,drone_scout_1,drone_scout,smart_agriculture_heterogeneous_team_034_exec_1,inprogress,85.0,6.22,3.54,8.81,null,null,null,null,null
smart_agriculture_heterogeneous_team_034,survey_field,2026-01-20T21:26:32.000Z,null,drone_scout_1,drone_scout,smart_agriculture_heterogeneous_team_034_exec_1,inprogress,83.8,12.45,7.08,12.62,null,null,null,null,null
smart_agriculture_heterogeneous_team_034,survey_field,2026-01-20T21:27:48.000Z,null,drone_scout_1,drone_scout,smart_agriculture_heterogeneous_team_034_exec_1,inprogress,82.7,18.67,10.62,16.43,null,null,null,null,null
smart_agriculture_heterogeneous_team_034,survey_field,2026-01-20T21:29:04.000Z,null,drone_scout_1,drone_scout,smart_agriculture_heterogeneous_team_034_exec_1,inprogress,81.5,24.9,14.16,20.23,null,null,null,null,null
smart_agriculture_heterogeneous_team_034,survey_field,2026-01-20T21:30:24.000Z,complete,drone_scout_1,drone_scout,smart_agriculture_heterogeneous_team_034_exec_1,done,80.4,31.12,17.7,24.04,null,null,null,null,null
smart_agriculture_heterogeneous_team_034,detect_patch,2026-01-20T21:30:25.000Z,start,drone_scout_1,drone_scout,smart_agriculture_heterogeneous_team_034_exec_2,inprogress,80.4,31.12,17.7,24.04,null,null,null,null,null
smart_agriculture_heterogeneous_team_034,detect_patch,2026-01-20T21:30:50.000Z,complete,drone_scout_1,drone_scout,smart_agriculture_heterogeneous_team_034_exec_2,done,80.2,31.12,17.7,24.04,null,null,null,null,null
smart_agriculture_heterogeneous_team_034,send_patch_coordinates,2026-01-20T21:30:51.000Z,start,drone_scout_1,drone_scout,smart_agriculture_heterogeneous_team_034_exec_3,inprogress,80.2,31.12,17.7,24.04,msg_7490eb701a,weed patch coordinates and density,send,drone_scout_1,sprayer_1
smart_agriculture_heterogeneous_team_034,send_patch_coordinates,2026-01-20T21:30:58.000Z,complete,drone_scout_1,drone_scout,smart_agriculture_heterogeneous_team_034_exec_3,done,80.0,31.12,17.7,24.04,msg_7490eb701a,weed patch coordinates and density,send,drone_scout_1,sprayer_1
smart_agriculture_heterogeneous_team_034,receive_patch_coordinates,2026-01-20T21:31:03.000Z,start,sprayer_1,sprayer_rover,smart_agriculture_heterogeneous_team_034_exec_4,inprogress,85.4,0.0,0.0,0.0,msg_7490eb701a,weed patch coordinates and density,receive,drone_scout_1,sprayer_1
smart_agriculture_heterogeneous_team_034,receive_patch_coordinates,2026-01-20T21:31:07.000Z,complete,sprayer_1,sprayer_rover,smart_agriculture_heterogeneous_team_034_exec_4,done,85.3,0.0,0.0,0.0,msg_7490eb701a,weed patch coordinates and density,receive,drone_scout_1,sprayer_1
smart_agriculture_heterogeneous_team_034,navigate_to_patch,2026-01-20T21:31:08.000Z,start,sprayer_1,sprayer_rover,smart_agriculture_heterogeneous_team_034_exec_5,inprogress,85.3,0.0,0.0,0.0,null,null,null,null,null
smart_agriculture_heterogeneous_team_034,navigate_to_patch,2026-01-20T21:32:08.000Z,null,sprayer_1,sprayer_rover,smart_agriculture_heterogeneous_team_034_exec_5,inprogress,84.0,5.19,2.95,0.0,null,null,null,null,null
smart_agriculture_heterogeneous_team_034,navigate_to_patch,2026-01-20T21:33:08.000Z,null,sprayer_1,sprayer_rover,smart_agriculture_heterogeneous_team_034_exec_5,inprogress,82.8,10.37,5.9,0.0,null,null,null,null,null
smart_agriculture_heterogeneous_team_034,navigate_to_patch,2026-01-20T21:34:08.000Z,null,sprayer_1,sprayer_rover,smart_agriculture_heterogeneous_team_034_exec_5,inprogress,81.5,15.56,8.85,0.0,null,null,null,null,null
smart_agriculture_heterogeneous_team_034,navigate_to_patch,2026-01-20T21:35:08.000Z,null,sprayer_1,sprayer_rover,smart_agriculture_heterogeneous_team_034_exec_5,inprogress,80.2,20.75,11.8,0.0,null,null,null,null,null
smart_agriculture_heterogeneous_team_034,navigate_to_patch,2026-01-20T21:36:08.000Z,null,sprayer_1,sprayer_rover,smart_agriculture_heterogeneous_team_034_exec_5,inprogress,78.9,25.93,14.75,0.0,null,null,null,null,null
smart_agriculture_heterogeneous_team_034,navigate_to_patch,2026-01-20T21:37:09.000Z,complete,sprayer_1,sprayer_rover,smart_agriculture_heterogeneous_team_034_exec_5,done,77.6,31.12,17.7,0.0,null,null,null,null,null
smart_agriculture_heterogeneous_team_034,spray_patch,2026-01-20T21:37:10.000Z,start,sprayer_1,sprayer_rover,smart_agriculture_heterogeneous_team_034_exec_6,inprogress,77.6,31.12,17.7,0.0,null,null,null,null,null
smart_agriculture_heterogeneous_team_034,spray_patch,2026-01-20T21:37:59.000Z,null,sprayer_1,sprayer_rover,smart_agriculture_heterogeneous_team_034_exec_6,inprogress,76.1,31.12,17.7,0.0,null,null,null,null,null
smart_agriculture_heterogeneous_team_034,spray_patch,2026-01-20T21:38:48.000Z,null,sprayer_1,sprayer_rover,smart_agriculture_heterogeneous_team_034_exec_6,inprogress,74.6,31.12,17.7,0.0,null,null,null,null,null
smart_agriculture_heterogeneous_team_034,spray_patch,2026-01-20T21:39:37.000Z,null,sprayer_1,sprayer_rover,smart_agriculture_heterogeneous_team_034_exec_6,inprogress,73.1,31.12,17.7,0.0,null,null,null,null,null
smart_agriculture_heterogeneous_team_034,spray_patch,2026-01-20T21:40:26.000Z,null,sprayer_1,sprayer_rover,smart_agriculture_heterogeneous_team_034_exec_6,inprogress,71.6,31.12,17.7,0.0,null,null,null,null,null
smart_agriculture_heterogeneous_team_034,spray_patch,2026-01-20T21:41:18.000Z,complete,sprayer_1,sprayer_rover,smart_agriculture_heterogeneous_team_034_exec_6,done,70.1,31.12,17.7,0.0,null,null,null,null,null
smart_agriculture_heterogeneous_team_034,send_refill_request,2026-01-20T21:41:19.000Z,start,sprayer_1,sprayer_rover,smart_agriculture_heterogeneous_team_034_exec_7,inprogress,70.1,31.12,17.7,0.0,msg_18dce8ddad,refill needed at current patch,send,sprayer_1,supply_1
smart_agriculture_heterogeneous_team_034,send_refill_request,2026-01-20T21:41:27.000Z,complete,sprayer_1,sprayer_rover,smart_agriculture_heterogeneous_team_034_exec_7,done,69.9,31.12,17.7,0.0,msg_18dce8ddad,refill needed at current patch,send,sprayer_1,supply_1
smart_agriculture_heterogeneous_team_034,receive_refill_request,2026-01-20T21:41:33.000Z,start,supply_1,supply_rover,smart_agriculture_heterogeneous_team_034_exec_8,inprogress,72.3,0.0,0.0,0.0,msg_18dce8ddad,refill needed at current patch,receive,sprayer_1,supply_1
smart_agriculture_heterogeneous_team_034,receive_refill_request,2026-01-20T21:41:37.000Z,complete,supply_1,supply_rover,smart_agriculture_heterogeneous_team_034_exec_8,done,72.2,0.0,0.0,0.0,msg_18dce8ddad,refill needed at current patch,receive,sprayer_1,supply_1
smart_agriculture_heterogeneous_team_034,queue_wait,2026-01-20T21:41:38.000Z,start,sprayer_1,sprayer_rover,smart_agriculture_heterogeneous_team_034_exec_9,inprogress,69.9,31.12,17.7,0.0,null,null,null,null,null
smart_agriculture_heterogeneous_team_034,queue_wait,2026-01-20T21:42:32.000Z,null,sprayer_1,sprayer_rover,smart_agriculture_heterogeneous_team_034_exec_9,inprogress,69.4,31.12,17.7,0.0,null,null,null,null,null
smart_agriculture_heterogeneous_team_034,queue_wait,2026-01-20T21:43:26.000Z,complete,sprayer_1,sprayer_rover,smart_agriculture_heterogeneous_team_034_exec_9,done,68.9,31.12,17.7,0.0,null,null,null,null,null
smart_agriculture_heterogeneous_team_034,deliver_refill,2026-01-20T21:43:27.000Z,start,supply_1,supply_rover,smart_agriculture_heterogeneous_team_034_exec_10,inprogress,72.2,0.0,0.0,0.0,null,null,null,null,null
smart_agriculture_heterogeneous_team_034,deliver_refill,2026-01-20T21:44:37.000Z,null,supply_1,supply_rover,smart_agriculture_heterogeneous_team_034_exec_10,inprogress,70.9,7.58,3.54,0.0,null,null,null,null,null
smart_agriculture_heterogeneous_team_034,deliver_refill,2026-01-20T21:45:47.000Z,null,supply_1,supply_rover,smart_agriculture_heterogeneous_team_034_exec_10,inprogress,69.5,15.16,7.07,0.0,null,null,null,null,null
smart_agriculture_heterogeneous_team_034,deliver_refill,2026-01-20T21:46:57.000Z,null,supply_1,supply_rover,smart_agriculture_heterogeneous_team_034_exec_10,inprogress,68.1,22.74,10.61,0.0,null,null,null,null,null
smart_agriculture_heterogeneous_team_034,deliver_refill,2026-01-20T21:48:07.000Z,complete,supply_1,supply_rover,smart_agriculture_heterogeneous_team_034_exec_10,done,66.8,30.32,14.15,0.0,null,null,null,null,null
smart_agriculture_heterogeneous_team_034,send_treatment_ack,2026-01-20T21:48:08.000Z,start,supply_1,supply_rover,smart_agriculture_heterogeneous_team_034_exec_11,inprogress,66.8,30.32,14.15,0.0,msg_c5af7347ef,refill delivered and treatment may resume,send,supply_1,sprayer_1
smart_agriculture_heterogeneous_team_034,send_treatment_ack,2026-01-20T21:48:16.000Z,complete,supply_1,supply_rover,smart_agriculture_heterogeneous_team_034_exec_11,done,66.6,30.32,14.15,0.0,msg_c5af7347ef,refill delivered and treatment may resume,send,supply_1,sprayer_1
smart_agriculture_heterogeneous_team_034,receive_treatment_ack,2026-01-20T21:48:20.000Z,start,sprayer_1,sprayer_rover,smart_agriculture_heterogeneous_team_034_exec_12,inprogress,68.9,31.12,17.7,0.0,msg_c5af7347ef,refill delivered and treatment may resume,receive,supply_1,sprayer_1
smart_agriculture_heterogeneous_team_034,receive_treatment_ack,2026-01-20T21:48:24.000Z,complete,sprayer_1,sprayer_rover,smart_agriculture_heterogeneous_team_034_exec_12,done,68.8,31.12,17.7,0.0,msg_c5af7347ef,refill delivered and treatment may resume,receive,supply_1,sprayer_1
smart_agriculture_heterogeneous_team_034,resume_treatment,2026-01-20T21:48:25.000Z,start,sprayer_1,sprayer_rover,smart_agriculture_heterogeneous_team_034_exec_13,inprogress,68.8,31.12,17.7,0.0,null,null,null,null,null
smart_agriculture_heterogeneous_team_034,resume_treatment,2026-01-20T21:49:43.000Z,null,sprayer_1,sprayer_rover,smart_agriculture_heterogeneous_team_034_exec_13,inprogress,66.8,31.12,17.7,0.0,null,null,null,null,null
smart_agriculture_heterogeneous_team_034,resume_treatment,2026-01-20T21:51:02.000Z,complete,sprayer_1,sprayer_rover,smart_agriculture_heterogeneous_team_034_exec_13,done,64.8,31.12,17.7,0.0,null,null,null,null,null
smart_agriculture_heterogeneous_team_034,return_base,2026-01-20T21:51:03.000Z,start,drone_scout_1,drone_scout,smart_agriculture_heterogeneous_team_034_exec_14,inprogress,80.0,31.12,17.7,24.04,null,null,null,null,null
smart_agriculture_heterogeneous_team_034,return_base,2026-01-20T21:51:52.000Z,null,drone_scout_1,drone_scout,smart_agriculture_heterogeneous_team_034_exec_14,inprogress,79.2,23.34,13.28,19.28,null,null,null,null,null
smart_agriculture_heterogeneous_team_034,return_base,2026-01-20T21:52:41.000Z,null,drone_scout_1,drone_scout,smart_agriculture_heterogeneous_team_034_exec_14,inprogress,78.4,15.56,8.85,14.52,null,null,null,null,null
smart_agriculture_heterogeneous_team_034,return_base,2026-01-20T21:53:30.000Z,null,drone_scout_1,drone_scout,smart_agriculture_heterogeneous_team_034_exec_14,inprogress,77.5,7.78,4.43,9.76,null,null,null,null,null
smart_agriculture_heterogeneous_team_034,return_base,2026-01-20T21:54:22.000Z,complete,drone_scout_1,drone_scout,smart_agriculture_heterogeneous_team_034_exec_14,done,76.7,0.0,0.0,5.0,null,null,null,null,null
smart_agriculture_heterogeneous_team_034,return_base,2026-01-20T21:54:23.000Z,start,sprayer_1,sprayer_rover,smart_agriculture_heterogeneous_team_034_exec_15,inprogress,64.8,31.12,17.7,0.0,null,null,null,null,null
smart_agriculture_heterogeneous_team_034,return_base,2026-01-20T21:55:23.000Z,null,sprayer_1,sprayer_rover,smart_agriculture_heterogeneous_team_034_exec_15,inprogress,64.0,24.9,14.16,0.0,null,null,null,null,null
smart_agriculture_heterogeneous_team_034,return_base,2026-01-20T21:56:23.000Z,null,sprayer_1,sprayer_rover,smart_agriculture_heterogeneous_team_034_exec_15,inprogress,63.2,18.67,10.62,0.0,null,null,null,null,null
smart_agriculture_heterogeneous_team_034,return_base,2026-01-20T21:57:23.000Z,null,sprayer_1,sprayer_rover,smart_agriculture_heterogeneous_team_034_exec_15,inprogress,62.4,12.45,7.08,0.0,null,null,null,null,null
smart_agriculture_heterogeneous_team_034,return_base,2026-01-20T21:58:23.000Z,null,sprayer_1,sprayer_rover,smart_agriculture_heterogeneous_team_034_exec_15,inprogress,61.6,6.22,3.54,0.0,null,null,null,null,null
smart_agriculture_heterogeneous_team_034,return_base,2026-01-20T21:59:26.000Z,complete,sprayer_1,sprayer_rover,smart_agriculture_heterogeneous_team_034_exec_15,done,60.8,0.0,0.0,0.0,null,null,null,null,null
smart_agriculture_heterogeneous_team_034,return_base,2026-01-20T21:59:27.000Z,start,supply_1,supply_rover,smart_agriculture_heterogeneous_team_034_exec_16,inprogress,66.6,30.32,14.15,0.0,null,null,null,null,null
smart_agriculture_heterogeneous_team_034,return_base,2026-01-20T22:00:18.000Z,null,supply_1,supply_rover,smart_agriculture_heterogeneous_team_034_exec_16,inprogress,65.9,24.26,11.32,0.0,null,null,null,null,null
smart_agriculture_heterogeneous_team_034,return_base,2026-01-20T22:01:09.000Z,null,supply_1,supply_rover,smart_agriculture_heterogeneous_team_034_exec_16,inprogress,65.2,18.19,8.49,0.0,null,null,null,null,null
smart_agriculture_heterogeneous_team_034,return_base,2026-01-20T22:02:00.000Z,null,supply_1,supply_rover,smart_agriculture_heterogeneous_team_034_exec_16,inprogress,64.4,12.13,5.66,0.0,null,null,null,null,null
smart_agriculture_heterogeneous_team_034,return_base,2026-01-20T22:02:51.000Z,null,supply_1,supply_rover,smart_agriculture_heterogeneous_team_034_exec_16,inprogress,63.7,6.06,2.83,0.0,null,null,null,null,null
smart_agriculture_heterogeneous_team_034,return_base,2026-01-20T22:03:42.000Z,complete,supply_1,supply_rover,smart_agriculture_heterogeneous_team_034_exec_16,done,63.0,0.0,0.0,0.0,null,null,null,null,null
smart_agriculture_heterogeneous_team_035,survey_field,2026-01-20T21:52:00.000Z,start,drone_scout_1,drone_scout,smart_agriculture_heterogeneous_team_035_exec_1,inprogress,81.7,0.0,0.0,5.0,null,null,null,null,null
smart_agriculture_heterogeneous_team_035,survey_field,2026-01-20T21:52:40.000Z,null,drone_scout_1,drone_scout,smart_agriculture_heterogeneous_team_035_exec_1,inprogress,81.0,9.69,4.3,7.09,null,null,null,null,null
smart_agriculture_heterogeneous_team_035,survey_field,2026-01-20T21:53:20.000Z,null,drone_scout_1,drone_scout,smart_agriculture_heterogeneous_team_035_exec_1,inprogress,80.2,19.38,8.6,9.18,null,null,null,null,null
smart_agriculture_heterogeneous_team_035,survey_field,2026-01-20T21:54:00.000Z,null,drone_scout_1,drone_scout,smart_agriculture_heterogeneous_team_035_exec_1,inprogress,79.4,29.07,12.9,11.27,null,null,null,null,null
smart_agriculture_heterogeneous_team_035,survey_field,2026-01-20T21:54:40.000Z,null,drone_scout_1,drone_scout,smart_agriculture_heterogeneous_team_035_exec_1,inprogress,78.6,38.76,17.2,13.36,null,null,null,null,null
smart_agriculture_heterogeneous_team_035,survey_field,2026-01-20T21:55:20.000Z,null,drone_scout_1,drone_scout,smart_agriculture_heterogeneous_team_035_exec_1,inprogress,77.9,48.45,21.5,15.45,null,null,null,null,null
smart_agriculture_heterogeneous_team_035,survey_field,2026-01-20T21:56:00.000Z,null,drone_scout_1,drone_scout,smart_agriculture_heterogeneous_team_035_exec_1,inprogress,77.1,58.14,25.8,17.54,null,null,null,null,null
smart_agriculture_heterogeneous_team_035,survey_field,2026-01-20T21:56:41.000Z,complete,drone_scout_1,drone_scout,smart_agriculture_heterogeneous_team_035_exec_1,done,76.3,67.83,30.1,19.63,null,null,null,null,null
smart_agriculture_heterogeneous_team_035,detect_patch,2026-01-20T21:56:42.000Z,start,drone_scout_1,drone_scout,smart_agriculture_heterogeneous_team_035_exec_2,inprogress,76.3,67.83,30.1,19.63,null,null,null,null,null
smart_agriculture_heterogeneous_team_035,detect_patch,2026-01-20T21:57:08.000Z,complete,drone_scout_1,drone_scout,smart_agriculture_heterogeneous_team_035_exec_2,done,75.8,67.83,30.1,19.63,null,null,null,null,null
smart_agriculture_heterogeneous_team_035,send_patch_coordinates,2026-01-20T21:57:09.000Z,start,drone_scout_1,drone_scout,smart_agriculture_heterogeneous_team_035_exec_3,inprogress,75.8,67.83,30.1,19.63,msg_c91c72d5e1,weed patch coordinates and density,send,drone_scout_1,sprayer_1
smart_agriculture_heterogeneous_team_035,send_patch_coordinates,2026-01-20T21:57:17.000Z,complete,drone_scout_1,drone_scout,smart_agriculture_heterogeneous_team_035_exec_3,done,75.6,67.83,30.1,19.63,msg_c91c72d5e1,weed patch coordinates and density,send,drone_scout_1,sprayer_1
smart_agriculture_heterogeneous_team_035,receive_patch_coordinates,2026-01-20T21:57:22.000Z,start,sprayer_1,sprayer_rover,smart_agriculture_heterogeneous_team_035_exec_4,inprogress,70.8,0.0,0.0,0.0,msg_c91c72d5e1,weed patch coordinates and density,receive,drone_scout_1,sprayer_1
smart_agriculture_heterogeneous_team_035,receive_patch_coordinates,2026-01-20T21:57:26.000Z,complete,sprayer_1,sprayer_rover,smart_agriculture_heterogeneous_team_035_exec_4,done,70.7,0.0,0.0,0.0,msg_c91c72d5e1,weed patch coordinates and density,receive,drone_scout_1,sprayer_1
smart_agriculture_heterogeneous_team_035,navigate_to_patch,2026-01-20T21:57:27.000Z,start,sprayer_1,sprayer_rover,smart_agriculture_heterogeneous_team_035_exec_5,inprogress,70.7,0.0,0.0,0.0,null,null,null,null,null
smart_agriculture_heterogeneous_team_035,navigate_to_patch,2026-01-20T21:58:34.000Z,null,sprayer_1,sprayer_rover,smart_agriculture_heterogeneous_team_035_exec_5,inprogress,69.5,16.96,7.52,0.0,null,null,null,null,null
smart_agriculture_heterogeneous_team_035,navigate_to_patch,2026-01-20T21:59:41.000Z,null,sprayer_1,sprayer_rover,smart_agriculture_heterogeneous_team_035_exec_5,inprogress,68.2,33.92,15.05,0.0,null,null,null,null,null
smart_agriculture_heterogeneous_team_035,navigate_to_patch,2026-01-20T22:00:48.000Z,null,sprayer_1,sprayer_rover,smart_agriculture_heterogeneous_team_035_exec_5,inprogress,67.0,50.88,22.57,0.0,null,null,null,null,null
smart_agriculture_heterogeneous_team_035,navigate_to_patch,2026-01-20T22:01:58.000Z,complete,sprayer_1,sprayer_rover,smart_agriculture_heterogeneous_team_035_exec_5,done,65.8,67.83,30.1,0.0,null,null,null,null,null
smart_agriculture_heterogeneous_team_035,spray_patch,2026-01-20T22:01:59.000Z,start,sprayer_1,sprayer_rover,smart_agriculture_heterogeneous_team_035_exec_6,inprogress,65.8,67.83,30.1,0.0,null,null,null,null,null
smart_agriculture_heterogeneous_team_035,spray_patch,2026-01-20T22:02:46.000Z,null,sprayer_1,sprayer_rover,smart_agriculture_heterogeneous_team_035_exec_6,inprogress,63.5,67.83,30.1,0.0,null,null,null,null,null
smart_agriculture_heterogeneous_team_035,spray_patch,2026-01-20T22:03:33.000Z,null,sprayer_1,sprayer_rover,smart_agriculture_heterogeneous_team_035_exec_6,inprogress,61.2,67.83,30.1,0.0,null,null,null,null,null
smart_agriculture_heterogeneous_team_035,spray_patch,2026-01-20T22:04:20.000Z,complete,sprayer_1,sprayer_rover,smart_agriculture_heterogeneous_team_035_exec_6,done,58.9,67.83,30.1,0.0,null,null,null,null,null
smart_agriculture_heterogeneous_team_035,return_base,2026-01-20T22:04:21.000Z,start,drone_scout_1,drone_scout,smart_agriculture_heterogeneous_team_035_exec_7,inprogress,75.6,67.83,30.1,19.63,null,null,null,null,null
smart_agriculture_heterogeneous_team_035,return_base,2026-01-20T22:05:26.000Z,null,drone_scout_1,drone_scout,smart_agriculture_heterogeneous_team_035_exec_7,inprogress,75.0,50.88,22.57,15.97,null,null,null,null,null
smart_agriculture_heterogeneous_team_035,return_base,2026-01-20T22:06:31.000Z,null,drone_scout_1,drone_scout,smart_agriculture_heterogeneous_team_035_exec_7,inprogress,74.4,33.92,15.05,12.31,null,null,null,null,null
smart_agriculture_heterogeneous_team_035,return_base,2026-01-20T22:07:36.000Z,null,drone_scout_1,drone_scout,smart_agriculture_heterogeneous_team_035_exec_7,inprogress,73.7,16.96,7.52,8.66,null,null,null,null,null
smart_agriculture_heterogeneous_team_035,return_base,2026-01-20T22:08:41.000Z,complete,drone_scout_1,drone_scout,smart_agriculture_heterogeneous_team_035_exec_7,done,73.1,0.0,0.0,5.0,null,null,null,null,null
smart_agriculture_heterogeneous_team_035,return_base,2026-01-20T22:08:42.000Z,start,sprayer_1,sprayer_rover,smart_agriculture_heterogeneous_team_035_exec_8,inprogress,58.9,67.83,30.1,0.0,null,null,null,null,null
smart_agriculture_heterogeneous_team_035,return_base,2026-01-20T22:09:40.000Z,null,sprayer_1,sprayer_rover,smart_agriculture_heterogeneous_team_035_exec_8,inprogress,57.7,54.27,24.08,0.0,null,null,null,null,null
smart_agriculture_heterogeneous_team_035,return_base,2026-01-20T22:10:38.000Z,null,sprayer_1,sprayer_rover,smart_agriculture_heterogeneous_team_035_exec_8,inprogress,56.4,40.7,18.06,0.0,null,null,null,null,null
smart_agriculture_heterogeneous_team_035,return_base,2026-01-20T22:11:36.000Z,null,sprayer_1,sprayer_rover,smart_agriculture_heterogeneous_team_035_exec_8,inprogress,55.1,27.13,12.04,0.0,null,null,null,null,null
smart_agriculture_heterogeneous_team_035,return_base,2026-01-20T22:12:34.000Z,null,sprayer_1,sprayer_rover,smart_agriculture_heterogeneous_team_035_exec_8,inprogress,53.8,13.57,6.02,0.0,null,null,null,null,null
smart_agriculture_heterogeneous_team_035,return_base,2026-01-20T22:13:33.000Z,complete,sprayer_1,sprayer_rover,smart_agriculture_heterogeneous_team_035_exec_8,done,52.6,0.0,0.0,0.0,null,null,null,null,null
smart_agriculture_heterogeneous_team_035,return_base,2026-01-20T22:13:34.000Z,start,supply_1,supply_rover,smart_agriculture_heterogeneous_team_035_exec_9,inprogress,81.4,0.0,0.0,0.0,null,null,null,null,null
smart_agriculture_heterogeneous_team_035,return_base,2026-01-20T22:15:10.000Z,null,supply_1,supply_rover,smart_agriculture_heterogeneous_team_035_exec_9,inprogress,80.3,0.0,0.0,0.0,null,null,null,null,null
smart_agriculture_heterogeneous_team_035,return_base,2026-01-20T22:16:46.000Z,null,supply_1,supply_rover,smart_agriculture_heterogeneous_team_035_exec_9,inprogress,79.2,0.0,0.0,0.0,null,null,null,null,null
smart_agriculture_heterogeneous_team_035,return_base,2026-01-20T22:18:22.000Z,complete,supply_1,supply_rover,smart_agriculture_heterogeneous_team_035_exec_9,done,78.1,0.0,0.0,0.0,null,null,null,null,null
smart_agriculture_heterogeneous_team_036,survey_field,2026-01-20T22:20:00.000Z,start,drone_scout_1,drone_scout,smart_agriculture_heterogeneous_team_036_exec_1,inprogress,84.8,0.0,0.0,5.0,null,null,null,null,null
smart_agriculture_heterogeneous_team_036,survey_field,2026-01-20T22:21:21.000Z,null,drone_scout_1,drone_scout,smart_agriculture_heterogeneous_team_036_exec_1,inprogress,83.1,12.42,5.98,8.6,null,null,null,null,null
smart_agriculture_heterogeneous_team_036,survey_field,2026-01-20T22:22:42.000Z,null,drone_scout_1,drone_scout,smart_agriculture_heterogeneous_team_036_exec_1,inprogress,81.5,24.84,11.96,12.21,null,null,null,null,null
smart_agriculture_heterogeneous_team_036,survey_field,2026-01-20T22:24:03.000Z,null,drone_scout_1,drone_scout,smart_agriculture_heterogeneous_team_036_exec_1,inprogress,79.9,37.26,17.95,15.81,null,null,null,null,null
smart_agriculture_heterogeneous_team_036,survey_field,2026-01-20T22:25:24.000Z,null,drone_scout_1,drone_scout,smart_agriculture_heterogeneous_team_036_exec_1,inprogress,78.3,49.69,23.93,19.42,null,null,null,null,null
smart_agriculture_heterogeneous_team_036,survey_field,2026-01-20T22:26:49.000Z,complete,drone_scout_1,drone_scout,smart_agriculture_heterogeneous_team_036_exec_1,done,76.7,62.11,29.91,23.02,null,null,null,null,null
smart_agriculture_heterogeneous_team_036,detect_patch,2026-01-20T22:26:50.000Z,start,drone_scout_1,drone_scout,smart_agriculture_heterogeneous_team_036_exec_2,inprogress,76.7,62.11,29.91,23.02,null,null,null,null,null
smart_agriculture_heterogeneous_team_036,detect_patch,2026-01-20T22:27:10.000Z,complete,drone_scout_1,drone_scout,smart_agriculture_heterogeneous_team_036_exec_2,done,76.2,62.11,29.91,23.02,null,null,null,null,null
smart_agriculture_heterogeneous_team_036,send_patch_coordinates,2026-01-20T22:27:11.000Z,start,drone_scout_1,drone_scout,smart_agriculture_heterogeneous_team_036_exec_3,inprogress,76.2,62.11,29.91,23.02,msg_bc93532928,weed patch coordinates and density,send,drone_scout_1,sprayer_1
smart_agriculture_heterogeneous_team_036,send_patch_coordinates,2026-01-20T22:27:15.000Z,complete,drone_scout_1,drone_scout,smart_agriculture_heterogeneous_team_036_exec_3,done,76.0,62.11,29.91,23.02,msg_bc93532928,weed patch coordinates and density,send,drone_scout_1,sprayer_1
smart_agriculture_heterogeneous_team_036,receive_patch_coordinates,2026-01-20T22:27:20.000Z,start,sprayer_1,sprayer_rover,smart_agriculture_heterogeneous_team_036_exec_4,inprogress,77.6,0.0,0.0,0.0,msg_bc93532928,weed patch coordinates and density,receive,drone_scout_1,sprayer_1
smart_agriculture_heterogeneous_team_036,receive_patch_coordinates,2026-01-20T22:27:24.000Z,complete,sprayer_1,sprayer_rover,smart_agriculture_heterogeneous_team_036_exec_4,done,77.5,0.0,0.0,0.0,msg_bc93532928,weed patch coordinates and density,receive,drone_scout_1,sprayer_1
smart_agriculture_heterogeneous_team_036,navigate_to_patch,2026-01-20T22:27:25.000Z,start,sprayer_1,sprayer_rover,smart_agriculture_heterogeneous_team_036_exec_5,inprogress,77.5,0.0,0.0,0.0,null,null,null,null,null
smart_agriculture_heterogeneous_team_036,navigate_to_patch,2026-01-20T22:28:23.000Z,null,sprayer_1,sprayer_rover,smart_agriculture_heterogeneous_team_036_exec_5,inprogress,76.6,12.42,5.98,0.0,null,null,null,null,null
smart_agriculture_heterogeneous_team_036,navigate_to_patch,2026-01-20T22:29:21.000Z,null,sprayer_1,sprayer_rover,smart_agriculture_heterogeneous_team_036_exec_5,inprogress,75.7,24.84,11.96,0.0,null,null,null,null,null
smart_agriculture_heterogeneous_team_036,navigate_to_patch,2026-01-20T22:30:19.000Z,null,sprayer_1,sprayer_rover,smart_agriculture_heterogeneous_team_036_exec_5,inprogress,74.7,37.26,17.95,0.0,null,null,null,null,null
smart_agriculture_heterogeneous_team_036,navigate_to_patch,2026-01-20T22:31:17.000Z,null,sprayer_1,sprayer_rover,smart_agriculture_heterogeneous_team_036_exec_5,inprogress,73.8,49.69,23.93,0.0,null,null,null,null,null
smart_agriculture_heterogeneous_team_036,navigate_to_patch,2026-01-20T22:32:19.000Z,complete,sprayer_1,sprayer_rover,smart_agriculture_heterogeneous_team_036_exec_5,done,72.9,62.11,29.91,0.0,null,null,null,null,null
smart_agriculture_heterogeneous_team_036,spray_patch,2026-01-20T22:32:20.000Z,start,sprayer_1,sprayer_rover,smart_agriculture_heterogeneous_team_036_exec_6,inprogress,72.9,62.11,29.91,0.0,null,null,null,null,null
smart_agriculture_heterogeneous_team_036,spray_patch,2026-01-20T22:33:39.000Z,null,sprayer_1,sprayer_rover,smart_agriculture_heterogeneous_team_036_exec_6,inprogress,70.1,62.11,29.91,0.0,null,null,null,null,null
smart_agriculture_heterogeneous_team_036,spray_patch,2026-01-20T22:34:58.000Z,null,sprayer_1,sprayer_rover,smart_agriculture_heterogeneous_team_036_exec_6,inprogress,67.3,62.11,29.91,0.0,null,null,null,null,null
smart_agriculture_heterogeneous_team_036,spray_patch,2026-01-20T22:36:18.000Z,complete,sprayer_1,sprayer_rover,smart_agriculture_heterogeneous_team_036_exec_6,done,64.5,62.11,29.91,0.0,null,null,null,null,null
smart_agriculture_heterogeneous_team_036,send_refill_request,2026-01-20T22:36:19.000Z,start,sprayer_1,sprayer_rover,smart_agriculture_heterogeneous_team_036_exec_7,inprogress,64.5,62.11,29.91,0.0,msg_c228efbf3d,refill needed at current patch,send,sprayer_1,supply_1
smart_agriculture_heterogeneous_team_036,send_refill_request,2026-01-20T22:36:24.000Z,complete,sprayer_1,sprayer_rover,smart_agriculture_heterogeneous_team_036_exec_7,done,64.3,62.11,29.91,0.0,msg_c228efbf3d,refill needed at current patch,send,sprayer_1,supply_1
smart_agriculture_heterogeneous_team_036,receive_refill_request,2026-01-20T22:36:30.000Z,start,supply_1,supply_rover,smart_agriculture_heterogeneous_team_036_exec_8,inprogress,75.4,0.0,0.0,0.0,msg_c228efbf3d,refill needed at current patch,receive,sprayer_1,supply_1
smart_agriculture_heterogeneous_team_036,receive_refill_request,2026-01-20T22:36:34.000Z,complete,supply_1,supply_rover,smart_agriculture_heterogeneous_team_036_exec_8,done,75.3,0.0,0.0,0.0,msg_c228efbf3d,refill needed at current patch,receive,sprayer_1,supply_1
smart_agriculture_heterogeneous_team_036,deliver_refill,2026-01-20T22:36:35.000Z,start,supply_1,supply_rover,smart_agriculture_heterogeneous_team_036_exec_9,inprogress,75.3,0.0,0.0,0.0,null,null,null,null,null
smart_agriculture_heterogeneous_team_036,deliver_refill,2026-01-20T22:37:36.000Z,null,supply_1,supply_rover,smart_agriculture_heterogeneous_team_036_exec_9,inprogress,74.4,12.85,5.44,0.0,null,null,null,null,null
smart_agriculture_heterogeneous_team_036,deliver_refill,2026-01-20T22:38:37.000Z,null,supply_1,supply_rover,smart_agriculture_heterogeneous_team_036_exec_9,inprogress,73.5,25.7,10.88,0.0,null,null,null,null,null
smart_agriculture_heterogeneous_team_036,deliver_refill,2026-01-20T22:39:38.000Z,null,supply_1,supply_rover,smart_agriculture_heterogeneous_team_036_exec_9,inprogress,72.7,38.56,16.32,0.0,null,null,null,null,null
smart_agriculture_heterogeneous_team_036,deliver_refill,2026-01-20T22:40:39.000Z,null,supply_1,supply_rover,smart_agriculture_heterogeneous_team_036_exec_9,inprogress,71.8,51.41,21.76,0.0,null,null,null,null,null
smart_agriculture_heterogeneous_team_036,deliver_refill,2026-01-20T22:41:43.000Z,complete,supply_1,supply_rover,smart_agriculture_heterogeneous_team_036_exec_9,done,70.9,64.26,27.2,0.0,null,null,null,null,null
smart_agriculture_heterogeneous_team_036,send_treatment_ack,2026-01-20T22:41:44.000Z,start,supply_1,supply_rover,smart_agriculture_heterogeneous_team_036_exec_10,inprogress,70.9,64.26,27.2,0.0,msg_f5fc2e1098,refill delivered and treatment may resume,send,supply_1,sprayer_1
smart_agriculture_heterogeneous_team_036,send_treatment_ack,2026-01-20T22:41:49.000Z,complete,supply_1,supply_rover,smart_agriculture_heterogeneous_team_036_exec_10,done,70.7,64.26,27.2,0.0,msg_f5fc2e1098,refill delivered and treatment may resume,send,supply_1,sprayer_1
smart_agriculture_heterogeneous_team_036,receive_treatment_ack,2026-01-20T22:41:53.000Z,start,sprayer_1,sprayer_rover,smart_agriculture_heterogeneous_team_036_exec_11,inprogress,64.3,62.11,29.91,0.0,msg_f5fc2e1098,refill delivered and treatment may resume,receive,supply_1,sprayer_1
smart_agriculture_heterogeneous_team_036,receive_treatment_ack,2026-01-20T22:41:57.000Z,complete,sprayer_1,sprayer_rover,smart_agriculture_heterogeneous_team_036_exec_11,done,64.2,62.11,29.91,0.0,msg_f5fc2e1098,refill delivered and treatment may resume,receive,supply_1,sprayer_1
smart_agriculture_heterogeneous_team_036,resume_treatment,2026-01-20T22:41:58.000Z,start,sprayer_1,sprayer_rover,smart_agriculture_heterogeneous_team_036_exec_12,inprogress,64.2,62.11,29.91,0.0,null,null,null,null,null
smart_agriculture_heterogeneous_team_036,resume_treatment,2026-01-20T22:42:39.000Z,null,sprayer_1,sprayer_rover,smart_agriculture_heterogeneous_team_036_exec_12,inprogress,63.2,62.11,29.91,0.0,null,null,null,null,null
smart_agriculture_heterogeneous_team_036,resume_treatment,2026-01-20T22:43:20.000Z,null,sprayer_1,sprayer_rover,smart_agriculture_heterogeneous_team_036_exec_12,inprogress,62.2,62.11,29.91,0.0,null,null,null,null,null
smart_agriculture_heterogeneous_team_036,resume_treatment,2026-01-20T22:44:01.000Z,complete,sprayer_1,sprayer_rover,smart_agriculture_heterogeneous_team_036_exec_12,done,61.3,62.11,29.91,0.0,null,null,null,null,null
smart_agriculture_heterogeneous_team_036,return_base,2026-01-20T22:44:02.000Z,start,drone_scout_1,drone_scout,smart_agriculture_heterogeneous_team_036_exec_13,inprogress,76.0,62.11,29.91,23.02,null,null,null,null,null
smart_agriculture_heterogeneous_team_036,return_base,2026-01-20T22:45:04.000Z,null,drone_scout_1,drone_scout,smart_agriculture_heterogeneous_team_036_exec_13,inprogress,75.3,46.58,22.43,18.52,null,null,null,null,null
smart_agriculture_heterogeneous_team_036,return_base,2026-01-20T22:46:06.000Z,null,drone_scout_1,drone_scout,smart_agriculture_heterogeneous_team_036_exec_13,inprogress,74.7,31.05,14.95,14.01,null,null,null,null,null
smart_agriculture_heterogeneous_team_036,return_base,2026-01-20T22:47:08.000Z,null,drone_scout_1,drone_scout,smart_agriculture_heterogeneous_team_036_exec_13,inprogress,74.0,15.53,7.48,9.51,null,null,null,null,null
smart_agriculture_heterogeneous_team_036,return_base,2026-01-20T22:48:11.000Z,complete,drone_scout_1,drone_scout,smart_agriculture_heterogeneous_team_036_exec_13,done,73.4,0.0,0.0,5.0,null,null,null,null,null
smart_agriculture_heterogeneous_team_036,return_base,2026-01-20T22:48:12.000Z,start,sprayer_1,sprayer_rover,smart_agriculture_heterogeneous_team_036_exec_14,inprogress,61.3,62.11,29.91,0.0,null,null,null,null,null
smart_agriculture_heterogeneous_team_036,return_base,2026-01-20T22:49:26.000Z,null,sprayer_1,sprayer_rover,smart_agriculture_heterogeneous_team_036_exec_14,inprogress,60.2,46.58,22.43,0.0,null,null,null,null,null
smart_agriculture_heterogeneous_team_036,return_base,2026-01-20T22:50:40.000Z,null,sprayer_1,sprayer_rover,smart_agriculture_heterogeneous_team_036_exec_14,inprogress,59.2,31.05,14.95,0.0,null,null,null,null,null
smart_agriculture_heterogeneous_team_036,return_base,2026-01-20T22:51:54.000Z,null,sprayer_1,sprayer_rover,smart_agriculture_heterogeneous_team_036_exec_14,inprogress,58.2,15.53,7.48,0.0,null,null,null,null,null
smart_agriculture_heterogeneous_team_036,return_base,2026-01-20T22:53:11.000Z,complete,sprayer_1,sprayer_rover,smart_agriculture_heterogeneous_team_036_exec_14,done,57.1,0.0,0.0,0.0,null,null,null,null,null
smart_agriculture_heterogeneous_team_036,return_base,2026-01-20T22:53:12.000Z,start,supply_1,supply_rover,smart_agriculture_heterogeneous_team_036_exec_15,inprogress,70.7,64.26,27.2,0.0,null,null,null,null,null
smart_agriculture_heterogeneous_team_036,return_base,2026-01-20T22:54:11.000Z,null,supply_1,supply_rover,smart_agriculture_heterogeneous_team_036_exec_15,inprogress,69.4,42.84,18.13,0.0,null,null,null,null,null
smart_agriculture_heterogeneous_team_036,return_base,2026-01-20T22:55:10.000Z,null,supply_1,supply_rover,smart_agriculture_heterogeneous_team_036_exec_15,inprogress,68.1,21.42,9.07,0.0,null,null,null,null,null
smart_agriculture_heterogeneous_team_036,return_base,2026-01-20T22:56:11.000Z,complete,supply_1,supply_rover,smart_agriculture_heterogeneous_team_036_exec_15,done,66.8,0.0,0.0,0.0,null,null,null,null,null
smart_agriculture_heterogeneous_team_037,survey_field,2026-01-20T22:48:00.000Z,start,drone_scout_1,drone_scout,smart_agriculture_heterogeneous_team_037_exec_1,inprogress,99.9,0.0,0.0,5.0,null,null,null,null,null
smart_agriculture_heterogeneous_team_037,survey_field,2026-01-20T22:49:24.000Z,null,drone_scout_1,drone_scout,smart_agriculture_heterogeneous_team_037_exec_1,inprogress,98.5,13.43,5.79,8.6,null,null,null,null,null
smart_agriculture_heterogeneous_team_037,survey_field,2026-01-20T22:50:48.000Z,null,drone_scout_1,drone_scout,smart_agriculture_heterogeneous_team_037_exec_1,inprogress,97.1,26.86,11.57,12.2,null,null,null,null,null
smart_agriculture_heterogeneous_team_037,survey_field,2026-01-20T22:52:12.000Z,null,drone_scout_1,drone_scout,smart_agriculture_heterogeneous_team_037_exec_1,inprogress,95.8,40.29,17.36,15.79,null,null,null,null,null
smart_agriculture_heterogeneous_team_037,survey_field,2026-01-20T22:53:36.000Z,null,drone_scout_1,drone_scout,smart_agriculture_heterogeneous_team_037_exec_1,inprogress,94.4,53.72,23.14,19.39,null,null,null,null,null
smart_agriculture_heterogeneous_team_037,survey_field,2026-01-20T22:55:00.000Z,complete,drone_scout_1,drone_scout,smart_agriculture_heterogeneous_team_037_exec_1,done,93.0,67.15,28.93,22.99,null,null,null,null,null
smart_agriculture_heterogeneous_team_037,detect_patch,2026-01-20T22:55:01.000Z,start,drone_scout_1,drone_scout,smart_agriculture_heterogeneous_team_037_exec_2,inprogress,93.0,67.15,28.93,22.99,null,null,null,null,null
smart_agriculture_heterogeneous_team_037,detect_patch,2026-01-20T22:55:26.000Z,complete,drone_scout_1,drone_scout,smart_agriculture_heterogeneous_team_037_exec_2,done,92.4,67.15,28.93,22.99,null,null,null,null,null
smart_agriculture_heterogeneous_team_037,send_patch_coordinates,2026-01-20T22:55:27.000Z,start,drone_scout_1,drone_scout,smart_agriculture_heterogeneous_team_037_exec_3,inprogress,92.4,67.15,28.93,22.99,msg_dd94bfcd15,weed patch coordinates and density,send,drone_scout_1,sprayer_1
smart_agriculture_heterogeneous_team_037,send_patch_coordinates,2026-01-20T22:55:33.000Z,complete,drone_scout_1,drone_scout,smart_agriculture_heterogeneous_team_037_exec_3,done,92.2,67.15,28.93,22.99,msg_dd94bfcd15,weed patch coordinates and density,send,drone_scout_1,sprayer_1
smart_agriculture_heterogeneous_team_037,receive_patch_coordinates,2026-01-20T22:55:38.000Z,start,sprayer_1,sprayer_rover,smart_agriculture_heterogeneous_team_037_exec_4,inprogress,70.6,0.0,0.0,0.0,msg_dd94bfcd15,weed patch coordinates and density,receive,drone_scout_1,sprayer_1
smart_agriculture_heterogeneous_team_037,receive_patch_coordinates,2026-01-20T22:55:42.000Z,complete,sprayer_1,sprayer_rover,smart_agriculture_heterogeneous_team_037_exec_4,done,70.5,0.0,0.0,0.0,msg_dd94bfcd15,weed patch coordinates and density,receive,drone_scout_1,sprayer_1
smart_agriculture_heterogeneous_team_037,navigate_to_patch,2026-01-20T22:55:43.000Z,start,sprayer_1,sprayer_rover,smart_agriculture_heterogeneous_team_037_exec_5,inprogress,70.5,0.0,0.0,0.0,null,null,null,null,null
smart_agriculture_heterogeneous_team_037,navigate_to_patch,2026-01-20T22:57:00.000Z,null,sprayer_1,sprayer_rover,smart_agriculture_heterogeneous_team_037_exec_5,inprogress,69.5,16.79,7.23,0.0,null,null,null,null,null
smart_agriculture_heterogeneous_team_037,navigate_to_patch,2026-01-20T22:58:17.000Z,null,sprayer_1,sprayer_rover,smart_agriculture_heterogeneous_team_037_exec_5,inprogress,68.4,33.57,14.46,0.0,null,null,null,null,null
smart_agriculture_heterogeneous_team_037,navigate_to_patch,2026-01-20T22:59:34.000Z,null,sprayer_1,sprayer_rover,smart_agriculture_heterogeneous_team_037_exec_5,inprogress,67.3,50.36,21.7,0.0,null,null,null,null,null
smart_agriculture_heterogeneous_team_037,navigate_to_patch,2026-01-20T23:00:53.000Z,complete,sprayer_1,sprayer_rover,smart_agriculture_heterogeneous_team_037_exec_5,done,66.2,67.15,28.93,0.0,null,null,null,null,null
smart_agriculture_heterogeneous_team_037,spray_patch,2026-01-20T23:00:54.000Z,start,sprayer_1,sprayer_rover,smart_agriculture_heterogeneous_team_037_exec_6,inprogress,66.2,67.15,28.93,0.0,null,null,null,null,null
smart_agriculture_heterogeneous_team_037,spray_patch,2026-01-20T23:01:41.000Z,null,sprayer_1,sprayer_rover,smart_agriculture_heterogeneous_team_037_exec_6,inprogress,64.5,67.15,28.93,0.0,null,null,null,null,null
smart_agriculture_heterogeneous_team_037,spray_patch,2026-01-20T23:02:28.000Z,null,sprayer_1,sprayer_rover,smart_agriculture_heterogeneous_team_037_exec_6,inprogress,62.7,67.15,28.93,0.0,null,null,null,null,null
smart_agriculture_heterogeneous_team_037,spray_patch,2026-01-20T23:03:15.000Z,null,sprayer_1,sprayer_rover,smart_agriculture_heterogeneous_team_037_exec_6,inprogress,60.9,67.15,28.93,0.0,null,null,null,null,null
smart_agriculture_heterogeneous_team_037,spray_patch,2026-01-20T23:04:02.000Z,null,sprayer_1,sprayer_rover,smart_agriculture_heterogeneous_team_037_exec_6,inprogress,59.1,67.15,28.93,0.0,null,null,null,null,null
smart_agriculture_heterogeneous_team_037,spray_patch,2026-01-20T23:04:51.000Z,complete,sprayer_1,sprayer_rover,smart_agriculture_heterogeneous_team_037_exec_6,done,57.3,67.15,28.93,0.0,null,null,null,null,null
smart_agriculture_heterogeneous_team_037,return_base,2026-01-20T23:04:52.000Z,start,drone_scout_1,drone_scout,smart_agriculture_heterogeneous_team_037_exec_7,inprogress,92.2,67.15,28.93,22.99,null,null,null,null,null
smart_agriculture_heterogeneous_team_037,return_base,2026-01-20T23:06:18.000Z,null,drone_scout_1,drone_scout,smart_agriculture_heterogeneous_team_037_exec_7,inprogress,90.6,44.76,19.29,16.99,null,null,null,null,null
smart_agriculture_heterogeneous_team_037,return_base,2026-01-20T23:07:44.000Z,null,drone_scout_1,drone_scout,smart_agriculture_heterogeneous_team_037_exec_7,inprogress,88.9,22.38,9.64,11.0,null,null,null,null,null
smart_agriculture_heterogeneous_team_037,return_base,2026-01-20T23:09:10.000Z,complete,drone_scout_1,drone_scout,smart_agriculture_heterogeneous_team_037_exec_7,done,87.3,0.0,0.0,5.0,null,null,null,null,null
smart_agriculture_heterogeneous_team_037,return_base,2026-01-20T23:09:11.000Z,start,sprayer_1,sprayer_rover,smart_agriculture_heterogeneous_team_037_exec_8,inprogress,57.3,67.15,28.93,0.0,null,null,null,null,null
smart_agriculture_heterogeneous_team_037,return_base,2026-01-20T23:10:20.000Z,null,sprayer_1,sprayer_rover,smart_agriculture_heterogeneous_team_037_exec_8,inprogress,56.6,53.72,23.14,0.0,null,null,null,null,null
smart_agriculture_heterogeneous_team_037,return_base,2026-01-20T23:11:29.000Z,null,sprayer_1,sprayer_rover,smart_agriculture_heterogeneous_team_037_exec_8,inprogress,55.9,40.29,17.36,0.0,null,null,null,null,null
smart_agriculture_heterogeneous_team_037,return_base,2026-01-20T23:12:38.000Z,null,sprayer_1,sprayer_rover,smart_agriculture_heterogeneous_team_037_exec_8,inprogress,55.1,26.86,11.57,0.0,null,null,null,null,null
smart_agriculture_heterogeneous_team_037,return_base,2026-01-20T23:13:47.000Z,null,sprayer_1,sprayer_rover,smart_agriculture_heterogeneous_team_037_exec_8,inprogress,54.4,13.43,5.79,0.0,null,null,null,null,null
smart_agriculture_heterogeneous_team_037,return_base,2026-01-20T23:14:56.000Z,complete,sprayer_1,sprayer_rover,smart_agriculture_heterogeneous_team_037_exec_8,done,53.7,0.0,0.0,0.0,null,null,null,null,null
smart_agriculture_heterogeneous_team_037,return_base,2026-01-20T23:14:57.000Z,start,supply_1,supply_rover,smart_agriculture_heterogeneous_team_037_exec_9,inprogress,72.4,0.0,0.0,0.0,null,null,null,null,null
smart_agriculture_heterogeneous_team_037,return_base,2026-01-20T23:15:55.000Z,null,supply_1,supply_rover,smart_agriculture_heterogeneous_team_037_exec_9,inprogress,71.5,0.0,0.0,0.0,null,null,null,null,null
smart_agriculture_heterogeneous_team_037,return_base,2026-01-20T23:16:53.000Z,null,supply_1,supply_rover,smart_agriculture_heterogeneous_team_037_exec_9,inprogress,70.6,0.0,0.0,0.0,null,null,null,null,null
smart_agriculture_heterogeneous_team_037,return_base,2026-01-20T23:17:51.000Z,null,supply_1,supply_rover,smart_agriculture_heterogeneous_team_037_exec_9,inprogress,69.7,0.0,0.0,0.0,null,null,null,null,null
smart_agriculture_heterogeneous_team_037,return_base,2026-01-20T23:18:50.000Z,complete,supply_1,supply_rover,smart_agriculture_heterogeneous_team_037_exec_9,done,68.9,0.0,0.0,0.0,null,null,null,null,null
smart_agriculture_heterogeneous_team_038,survey_field,2026-01-20T23:16:00.000Z,start,drone_scout_1,drone_scout,smart_agriculture_heterogeneous_team_038_exec_1,inprogress,90.5,0.0,0.0,5.0,null,null,null,null,null
smart_agriculture_heterogeneous_team_038,survey_field,2026-01-20T23:16:42.000Z,null,drone_scout_1,drone_scout,smart_agriculture_heterogeneous_team_038_exec_1,inprogress,89.5,7.6,6.16,6.98,null,null,null,null,null
smart_agriculture_heterogeneous_team_038,survey_field,2026-01-20T23:17:24.000Z,null,drone_scout_1,drone_scout,smart_agriculture_heterogeneous_team_038_exec_1,inprogress,88.6,15.2,12.32,8.95,null,null,null,null,null
smart_agriculture_heterogeneous_team_038,survey_field,2026-01-20T23:18:06.000Z,null,drone_scout_1,drone_scout,smart_agriculture_heterogeneous_team_038_exec_1,inprogress,87.6,22.79,18.48,10.93,null,null,null,null,null
smart_agriculture_heterogeneous_team_038,survey_field,2026-01-20T23:18:48.000Z,null,drone_scout_1,drone_scout,smart_agriculture_heterogeneous_team_038_exec_1,inprogress,86.7,30.39,24.63,12.91,null,null,null,null,null
smart_agriculture_heterogeneous_team_038,survey_field,2026-01-20T23:19:30.000Z,null,drone_scout_1,drone_scout,smart_agriculture_heterogeneous_team_038_exec_1,inprogress,85.7,37.99,30.79,14.88,null,null,null,null,null
smart_agriculture_heterogeneous_team_038,survey_field,2026-01-20T23:20:12.000Z,null,drone_scout_1,drone_scout,smart_agriculture_heterogeneous_team_038_exec_1,inprogress,84.8,45.59,36.95,16.86,null,null,null,null,null
smart_agriculture_heterogeneous_team_038,survey_field,2026-01-20T23:21:00.000Z,complete,drone_scout_1,drone_scout,smart_agriculture_heterogeneous_team_038_exec_1,done,83.8,53.19,43.11,18.83,null,null,null,null,null
smart_agriculture_heterogeneous_team_038,detect_patch,2026-01-20T23:21:01.000Z,start,drone_scout_1,drone_scout,smart_agriculture_heterogeneous_team_038_exec_2,inprogress,83.8,53.19,43.11,18.83,null,null,null,null,null
smart_agriculture_heterogeneous_team_038,detect_patch,2026-01-20T23:21:35.000Z,complete,drone_scout_1,drone_scout,smart_agriculture_heterogeneous_team_038_exec_2,done,83.5,53.19,43.11,18.83,null,null,null,null,null
smart_agriculture_heterogeneous_team_038,send_patch_coordinates,2026-01-20T23:21:36.000Z,start,drone_scout_1,drone_scout,smart_agriculture_heterogeneous_team_038_exec_3,inprogress,83.5,53.19,43.11,18.83,msg_e6a5097b82,weed patch coordinates and density,send,drone_scout_1,sprayer_1
smart_agriculture_heterogeneous_team_038,send_patch_coordinates,2026-01-20T23:21:44.000Z,complete,drone_scout_1,drone_scout,smart_agriculture_heterogeneous_team_038_exec_3,done,83.3,53.19,43.11,18.83,msg_e6a5097b82,weed patch coordinates and density,send,drone_scout_1,sprayer_1
smart_agriculture_heterogeneous_team_038,receive_patch_coordinates,2026-01-20T23:21:49.000Z,start,sprayer_1,sprayer_rover,smart_agriculture_heterogeneous_team_038_exec_4,inprogress,86.4,0.0,0.0,0.0,msg_e6a5097b82,weed patch coordinates and density,receive,drone_scout_1,sprayer_1
smart_agriculture_heterogeneous_team_038,receive_patch_coordinates,2026-01-20T23:21:53.000Z,complete,sprayer_1,sprayer_rover,smart_agriculture_heterogeneous_team_038_exec_4,done,86.3,0.0,0.0,0.0,msg_e6a5097b82,weed patch coordinates and density,receive,drone_scout_1,sprayer_1
smart_agriculture_heterogeneous_team_038,navigate_to_patch,2026-01-20T23:21:54.000Z,start,sprayer_1,sprayer_rover,smart_agriculture_heterogeneous_team_038_exec_5,inprogress,86.3,0.0,0.0,0.0,null,null,null,null,null
smart_agriculture_heterogeneous_team_038,navigate_to_patch,2026-01-20T23:23:30.000Z,null,sprayer_1,sprayer_rover,smart_agriculture_heterogeneous_team_038_exec_5,inprogress,84.5,13.3,10.78,0.0,null,null,null,null,null
smart_agriculture_heterogeneous_team_038,navigate_to_patch,2026-01-20T23:25:06.000Z,null,sprayer_1,sprayer_rover,smart_agriculture_heterogeneous_team_038_exec_5,inprogress,82.8,26.59,21.55,0.0,null,null,null,null,null
smart_agriculture_heterogeneous_team_038,navigate_to_patch,2026-01-20T23:26:42.000Z,null,sprayer_1,sprayer_rover,smart_agriculture_heterogeneous_team_038_exec_5,inprogress,81.1,39.89,32.33,0.0,null,null,null,null,null
smart_agriculture_heterogeneous_team_038,navigate_to_patch,2026-01-20T23:28:18.000Z,complete,sprayer_1,sprayer_rover,smart_agriculture_heterogeneous_team_038_exec_5,done,79.3,53.19,43.11,0.0,null,null,null,null,null
smart_agriculture_heterogeneous_team_038,spray_patch,2026-01-20T23:28:19.000Z,start,sprayer_1,sprayer_rover,smart_agriculture_heterogeneous_team_038_exec_6,inprogress,79.3,53.19,43.11,0.0,null,null,null,null,null
smart_agriculture_heterogeneous_team_038,spray_patch,2026-01-20T23:29:19.000Z,null,sprayer_1,sprayer_rover,smart_agriculture_heterogeneous_team_038_exec_6,inprogress,77.7,53.19,43.11,0.0,null,null,null,null,null
smart_agriculture_heterogeneous_team_038,spray_patch,2026-01-20T23:30:19.000Z,null,sprayer_1,sprayer_rover,smart_agriculture_heterogeneous_team_038_exec_6,inprogress,76.1,53.19,43.11,0.0,null,null,null,null,null
smart_agriculture_heterogeneous_team_038,spray_patch,2026-01-20T23:31:21.000Z,complete,sprayer_1,sprayer_rover,smart_agriculture_heterogeneous_team_038_exec_6,done,74.5,53.19,43.11,0.0,null,null,null,null,null
smart_agriculture_heterogeneous_team_038,send_refill_request,2026-01-20T23:31:22.000Z,start,sprayer_1,sprayer_rover,smart_agriculture_heterogeneous_team_038_exec_7,inprogress,74.5,53.19,43.11,0.0,msg_8b09c74a84,refill needed at current patch,send,sprayer_1,supply_1
smart_agriculture_heterogeneous_team_038,send_refill_request,2026-01-20T23:31:26.000Z,complete,sprayer_1,sprayer_rover,smart_agriculture_heterogeneous_team_038_exec_7,done,74.3,53.19,43.11,0.0,msg_8b09c74a84,refill needed at current patch,send,sprayer_1,supply_1
smart_agriculture_heterogeneous_team_038,receive_refill_request,2026-01-20T23:31:32.000Z,start,supply_1,supply_rover,smart_agriculture_heterogeneous_team_038_exec_8,inprogress,83.5,0.0,0.0,0.0,msg_8b09c74a84,refill needed at current patch,receive,sprayer_1,supply_1
smart_agriculture_heterogeneous_team_038,receive_refill_request,2026-01-20T23:31:36.000Z,complete,supply_1,supply_rover,smart_agriculture_heterogeneous_team_038_exec_8,done,83.4,0.0,0.0,0.0,msg_8b09c74a84,refill needed at current patch,receive,sprayer_1,supply_1
smart_agriculture_heterogeneous_team_038,deliver_refill,2026-01-20T23:31:37.000Z,start,supply_1,supply_rover,smart_agriculture_heterogeneous_team_038_exec_9,inprogress,83.4,0.0,0.0,0.0,null,null,null,null,null
smart_agriculture_heterogeneous_team_038,deliver_refill,2026-01-20T23:33:34.000Z,null,supply_1,supply_rover,smart_agriculture_heterogeneous_team_038_exec_9,inprogress,82.0,16.99,15.37,0.0,null,null,null,null,null
smart_agriculture_heterogeneous_team_038,deliver_refill,2026-01-20T23:35:31.000Z,null,supply_1,supply_rover,smart_agriculture_heterogeneous_team_038_exec_9,inprogress,80.7,33.98,30.73,0.0,null,null,null,null,null
smart_agriculture_heterogeneous_team_038,deliver_refill,2026-01-20T23:37:28.000Z,complete,supply_1,supply_rover,smart_agriculture_heterogeneous_team_038_exec_9,done,79.3,50.97,46.1,0.0,null,null,null,null,null
smart_agriculture_heterogeneous_team_038,send_treatment_ack,2026-01-20T23:37:29.000Z,start,supply_1,supply_rover,smart_agriculture_heterogeneous_team_038_exec_10,inprogress,79.3,50.97,46.1,0.0,msg_585c53efc0,refill delivered and treatment may resume,send,supply_1,sprayer_1
smart_agriculture_heterogeneous_team_038,send_treatment_ack,2026-01-20T23:37:36.000Z,complete,supply_1,supply_rover,smart_agriculture_heterogeneous_team_038_exec_10,done,79.1,50.97,46.1,0.0,msg_585c53efc0,refill delivered and treatment may resume,send,supply_1,sprayer_1
smart_agriculture_heterogeneous_team_038,receive_treatment_ack,2026-01-20T23:37:40.000Z,start,sprayer_1,sprayer_rover,smart_agriculture_heterogeneous_team_038_exec_11,inprogress,74.3,53.19,43.11,0.0,msg_585c53efc0,refill delivered and treatment may resume,receive,supply_1,sprayer_1
smart_agriculture_heterogeneous_team_038,receive_treatment_ack,2026-01-20T23:37:44.000Z,complete,sprayer_1,sprayer_rover,smart_agriculture_heterogeneous_team_038_exec_11,done,74.2,53.19,43.11,0.0,msg_585c53efc0,refill delivered and treatment may resume,receive,supply_1,sprayer_1
smart_agriculture_heterogeneous_team_038,resume_treatment,2026-01-20T23:37:45.000Z,start,sprayer_1,sprayer_rover,smart_agriculture_heterogeneous_team_038_exec_12,inprogress,74.2,53.19,43.11,0.0,null,null,null,null,null
smart_agriculture_heterogeneous_team_038,resume_treatment,2026-01-20T23:38:25.000Z,null,sprayer_1,sprayer_rover,smart_agriculture_heterogeneous_team_038_exec_12,inprogress,73.2,53.19,43.11,0.0,null,null,null,null,null
smart_agriculture_heterogeneous_team_038,resume_treatment,2026-01-20T23:39:05.000Z,null,sprayer_1,sprayer_rover,smart_agriculture_heterogeneous_team_038_exec_12,inprogress,72.1,53.19,43.11,0.0,null,null,null,null,null
smart_agriculture_heterogeneous_team_038,resume_treatment,2026-01-20T23:39:45.000Z,null,sprayer_1,sprayer_rover,smart_agriculture_heterogeneous_team_038_exec_12,inprogress,71.1,53.19,43.11,0.0,null,null,null,null,null
smart_agriculture_heterogeneous_team_038,resume_treatment,2026-01-20T23:40:27.000Z,complete,sprayer_1,sprayer_rover,smart_agriculture_heterogeneous_team_038_exec_12,done,70.0,53.19,43.11,0.0,null,null,null,null,null
smart_agriculture_heterogeneous_team_038,return_base,2026-01-20T23:40:28.000Z,start,drone_scout_1,drone_scout,smart_agriculture_heterogeneous_team_038_exec_13,inprogress,83.3,53.19,43.11,18.83,null,null,null,null,null
smart_agriculture_heterogeneous_team_038,return_base,2026-01-20T23:41:34.000Z,null,drone_scout_1,drone_scout,smart_agriculture_heterogeneous_team_038_exec_13,inprogress,82.4,35.46,28.74,14.22,null,null,null,null,null
smart_agriculture_heterogeneous_team_038,return_base,2026-01-20T23:42:40.000Z,null,drone_scout_1,drone_scout,smart_agriculture_heterogeneous_team_038_exec_13,inprogress,81.5,17.73,14.37,9.61,null,null,null,null,null
smart_agriculture_heterogeneous_team_038,return_base,2026-01-20T23:43:47.000Z,complete,drone_scout_1,drone_scout,smart_agriculture_heterogeneous_team_038_exec_13,done,80.6,0.0,0.0,5.0,null,null,null,null,null
smart_agriculture_heterogeneous_team_038,return_base,2026-01-20T23:43:48.000Z,start,sprayer_1,sprayer_rover,smart_agriculture_heterogeneous_team_038_exec_14,inprogress,70.0,53.19,43.11,0.0,null,null,null,null,null
smart_agriculture_heterogeneous_team_038,return_base,2026-01-20T23:44:33.000Z,null,sprayer_1,sprayer_rover,smart_agriculture_heterogeneous_team_038_exec_14,inprogress,68.8,42.55,34.49,0.0,null,null,null,null,null
smart_agriculture_heterogeneous_team_038,return_base,2026-01-20T23:45:18.000Z,null,sprayer_1,sprayer_rover,smart_agriculture_heterogeneous_team_038_exec_14,inprogress,67.7,31.91,25.87,0.0,null,null,null,null,null
smart_agriculture_heterogeneous_team_038,return_base,2026-01-20T23:46:03.000Z,null,sprayer_1,sprayer_rover,smart_agriculture_heterogeneous_team_038_exec_14,inprogress,66.5,21.27,17.24,0.0,null,null,null,null,null
smart_agriculture_heterogeneous_team_038,return_base,2026-01-20T23:46:48.000Z,null,sprayer_1,sprayer_rover,smart_agriculture_heterogeneous_team_038_exec_14,inprogress,65.3,10.64,8.62,0.0,null,null,null,null,null
smart_agriculture_heterogeneous_team_038,return_base,2026-01-20T23:47:35.000Z,complete,sprayer_1,sprayer_rover,smart_agriculture_heterogeneous_team_038_exec_14,done,64.2,0.0,0.0,0.0,null,null,null,null,null
smart_agriculture_heterogeneous_team_038,return_base,2026-01-20T23:47:36.000Z,start,supply_1,supply_rover,smart_agriculture_heterogeneous_team_038_exec_15,inprogress,79.1,50.97,46.1,0.0,null,null,null,null,null
smart_agriculture_heterogeneous_team_038,return_base,2026-01-20T23:48:28.000Z,null,supply_1,supply_rover,smart_agriculture_heterogeneous_team_038_exec_15,inprogress,78.3,38.23,34.58,0.0,null,null,null,null,null
smart_agriculture_heterogeneous_team_038,return_base,2026-01-20T23:49:20.000Z,null,supply_1,supply_rover,smart_agriculture_heterogeneous_team_038_exec_15,inprogress,77.5,25.49,23.05,0.0,null,null,null,null,null
smart_agriculture_heterogeneous_team_038,return_base,2026-01-20T23:50:12.000Z,null,supply_1,supply_rover,smart_agriculture_heterogeneous_team_038_exec_15,inprogress,76.6,12.74,11.53,0.0,null,null,null,null,null
smart_agriculture_heterogeneous_team_038,return_base,2026-01-20T23:51:07.000Z,complete,supply_1,supply_rover,smart_agriculture_heterogeneous_team_038_exec_15,done,75.8,0.0,0.0,0.0,null,null,null,null,null
smart_agriculture_heterogeneous_team_039,survey_field,2026-01-20T23:44:00.000Z,start,drone_scout_1,drone_scout,smart_agriculture_heterogeneous_team_039_exec_1,inprogress,82.9,0.0,0.0,5.0,null,null,null,null,null
smart_agriculture_heterogeneous_team_039,survey_field,2026-01-20T23:44:36.000Z,null,drone_scout_1,drone_scout,smart_agriculture_heterogeneous_team_039_exec_1,inprogress,82.2,7.95,4.55,6.67,null,null,null,null,null
smart_agriculture_heterogeneous_team_039,survey_field,2026-01-20T23:45:12.000Z,null,drone_scout_1,drone_scout,smart_agriculture_heterogeneous_team_039_exec_1,inprogress,81.5,15.91,9.11,8.35,null,null,null,null,null
smart_agriculture_heterogeneous_team_039,survey_field,2026-01-20T23:45:48.000Z,null,drone_scout_1,drone_scout,smart_agriculture_heterogeneous_team_039_exec_1,inprogress,80.8,23.86,13.66,10.02,null,null,null,null,null
smart_agriculture_heterogeneous_team_039,survey_field,2026-01-20T23:46:24.000Z,null,drone_scout_1,drone_scout,smart_agriculture_heterogeneous_team_039_exec_1,inprogress,80.1,31.81,18.21,11.69,null,null,null,null,null
smart_agriculture_heterogeneous_team_039,survey_field,2026-01-20T23:47:00.000Z,null,drone_scout_1,drone_scout,smart_agriculture_heterogeneous_team_039_exec_1,inprogress,79.4,39.77,22.77,13.36,null,null,null,null,null
smart_agriculture_heterogeneous_team_039,survey_field,2026-01-20T23:47:36.000Z,null,drone_scout_1,drone_scout,smart_agriculture_heterogeneous_team_039_exec_1,inprogress,78.7,47.72,27.32,15.04,null,null,null,null,null
smart_agriculture_heterogeneous_team_039,survey_field,2026-01-20T23:48:12.000Z,null,drone_scout_1,drone_scout,smart_agriculture_heterogeneous_team_039_exec_1,inprogress,78.0,55.67,31.88,16.71,null,null,null,null,null
smart_agriculture_heterogeneous_team_039,survey_field,2026-01-20T23:48:51.000Z,complete,drone_scout_1,drone_scout,smart_agriculture_heterogeneous_team_039_exec_1,done,77.3,63.63,36.43,18.38,null,null,null,null,null
smart_agriculture_heterogeneous_team_039,detect_patch,2026-01-20T23:48:52.000Z,start,drone_scout_1,drone_scout,smart_agriculture_heterogeneous_team_039_exec_2,inprogress,77.3,63.63,36.43,18.38,null,null,null,null,null
smart_agriculture_heterogeneous_team_039,detect_patch,2026-01-20T23:49:27.000Z,complete,drone_scout_1,drone_scout,smart_agriculture_heterogeneous_team_039_exec_2,done,77.0,63.63,36.43,18.38,null,null,null,null,null
smart_agriculture_heterogeneous_team_039,send_patch_coordinates,2026-01-20T23:49:28.000Z,start,drone_scout_1,drone_scout,smart_agriculture_heterogeneous_team_039_exec_3,inprogress,77.0,63.63,36.43,18.38,msg_712b74910a,weed patch coordinates and density,send,drone_scout_1,sprayer_1
smart_agriculture_heterogeneous_team_039,send_patch_coordinates,2026-01-20T23:49:36.000Z,complete,drone_scout_1,drone_scout,smart_agriculture_heterogeneous_team_039_exec_3,done,76.8,63.63,36.43,18.38,msg_712b74910a,weed patch coordinates and density,send,drone_scout_1,sprayer_1
smart_agriculture_heterogeneous_team_039,receive_patch_coordinates,2026-01-20T23:49:41.000Z,start,sprayer_1,sprayer_rover,smart_agriculture_heterogeneous_team_039_exec_4,inprogress,94.9,0.0,0.0,0.0,msg_712b74910a,weed patch coordinates and density,receive,drone_scout_1,sprayer_1
smart_agriculture_heterogeneous_team_039,receive_patch_coordinates,2026-01-20T23:49:45.000Z,complete,sprayer_1,sprayer_rover,smart_agriculture_heterogeneous_team_039_exec_4,done,94.8,0.0,0.0,0.0,msg_712b74910a,weed patch coordinates and density,receive,drone_scout_1,sprayer_1
smart_agriculture_heterogeneous_team_039,navigate_to_patch,2026-01-20T23:49:46.000Z,start,sprayer_1,sprayer_rover,smart_agriculture_heterogeneous_team_039_exec_5,inprogress,94.8,0.0,0.0,0.0,null,null,null,null,null
smart_agriculture_heterogeneous_team_039,navigate_to_patch,2026-01-20T23:50:45.000Z,null,sprayer_1,sprayer_rover,smart_agriculture_heterogeneous_team_039_exec_5,inprogress,94.2,9.09,5.2,0.0,null,null,null,null,null
smart_agriculture_heterogeneous_team_039,navigate_to_patch,2026-01-20T23:51:44.000Z,null,sprayer_1,sprayer_rover,smart_agriculture_heterogeneous_team_039_exec_5,inprogress,93.6,18.18,10.41,0.0,null,null,null,null,null
smart_agriculture_heterogeneous_team_039,navigate_to_patch,2026-01-20T23:52:43.000Z,null,sprayer_1,sprayer_rover,smart_agriculture_heterogeneous_team_039_exec_5,inprogress,93.0,27.27,15.61,0.0,null,null,null,null,null
smart_agriculture_heterogeneous_team_039,navigate_to_patch,2026-01-20T23:53:42.000Z,null,sprayer_1,sprayer_rover,smart_agriculture_heterogeneous_team_039_exec_5,inprogress,92.4,36.36,20.82,0.0,null,null,null,null,null
smart_agriculture_heterogeneous_team_039,navigate_to_patch,2026-01-20T23:54:41.000Z,null,sprayer_1,sprayer_rover,smart_agriculture_heterogeneous_team_039_exec_5,inprogress,91.8,45.45,26.02,0.0,null,null,null,null,null
smart_agriculture_heterogeneous_team_039,navigate_to_patch,2026-01-20T23:55:40.000Z,null,sprayer_1,sprayer_rover,smart_agriculture_heterogeneous_team_039_exec_5,inprogress,91.2,54.54,31.23,0.0,null,null,null,null,null
smart_agriculture_heterogeneous_team_039,navigate_to_patch,2026-01-20T23:56:44.000Z,complete,sprayer_1,sprayer_rover,smart_agriculture_heterogeneous_team_039_exec_5,done,90.6,63.63,36.43,0.0,null,null,null,null,null
smart_agriculture_heterogeneous_team_039,spray_patch,2026-01-20T23:56:45.000Z,start,sprayer_1,sprayer_rover,smart_agriculture_heterogeneous_team_039_exec_6,inprogress,90.6,63.63,36.43,0.0,null,null,null,null,null
smart_agriculture_heterogeneous_team_039,spray_patch,2026-01-20T23:57:20.000Z,null,sprayer_1,sprayer_rover,smart_agriculture_heterogeneous_team_039_exec_6,inprogress,89.1,63.63,36.43,0.0,null,null,null,null,null
smart_agriculture_heterogeneous_team_039,spray_patch,2026-01-20T23:57:55.000Z,null,sprayer_1,sprayer_rover,smart_agriculture_heterogeneous_team_039_exec_6,inprogress,87.6,63.63,36.43,0.0,null,null,null,null,null
smart_agriculture_heterogeneous_team_039,spray_patch,2026-01-20T23:58:30.000Z,null,sprayer_1,sprayer_rover,smart_agriculture_heterogeneous_team_039_exec_6,inprogress,86.1,63.63,36.43,0.0,null,null,null,null,null
smart_agriculture_heterogeneous_team_039,spray_patch,2026-01-20T23:59:05.000Z,null,sprayer_1,sprayer_rover,smart_agriculture_heterogeneous_team_039_exec_6,inprogress,84.6,63.63,36.43,0.0,null,null,null,null,null
smart_agriculture_heterogeneous_team_039,spray_patch,2026-01-20T23:59:40.000Z,null,sprayer_1,sprayer_rover,smart_agriculture_heterogeneous_team_039_exec_6,inprogress,83.1,63.63,36.43,0.0,null,null,null,null,null
smart_agriculture_heterogeneous_team_039,spray_patch,2026-01-21T00:00:17.000Z,complete,sprayer_1,sprayer_rover,smart_agriculture_heterogeneous_team_039_exec_6,done,81.7,63.63,36.43,0.0,null,null,null,null,null
smart_agriculture_heterogeneous_team_039,send_refill_request,2026-01-21T00:00:18.000Z,start,sprayer_1,sprayer_rover,smart_agriculture_heterogeneous_team_039_exec_7,inprogress,81.7,63.63,36.43,0.0,msg_929653a3c1,refill needed at current patch,send,sprayer_1,supply_1
smart_agriculture_heterogeneous_team_039,send_refill_request,2026-01-21T00:00:25.000Z,complete,sprayer_1,sprayer_rover,smart_agriculture_heterogeneous_team_039_exec_7,done,81.5,63.63,36.43,0.0,msg_929653a3c1,refill needed at current patch,send,sprayer_1,supply_1
smart_agriculture_heterogeneous_team_039,receive_refill_request,2026-01-21T00:00:31.000Z,start,supply_1,supply_rover,smart_agriculture_heterogeneous_team_039_exec_8,inprogress,84.6,0.0,0.0,0.0,msg_929653a3c1,refill needed at current patch,receive,sprayer_1,supply_1
smart_agriculture_heterogeneous_team_039,receive_refill_request,2026-01-21T00:00:35.000Z,complete,supply_1,supply_rover,smart_agriculture_heterogeneous_team_039_exec_8,done,84.5,0.0,0.0,0.0,msg_929653a3c1,refill needed at current patch,receive,sprayer_1,supply_1
smart_agriculture_heterogeneous_team_039,deliver_refill,2026-01-21T00:00:36.000Z,start,supply_1,supply_rover,smart_agriculture_heterogeneous_team_039_exec_9,inprogress,84.5,0.0,0.0,0.0,null,null,null,null,null
smart_agriculture_heterogeneous_team_039,deliver_refill,2026-01-21T00:01:26.000Z,null,supply_1,supply_rover,smart_agriculture_heterogeneous_team_039_exec_9,inprogress,83.7,15.45,9.38,0.0,null,null,null,null,null
smart_agriculture_heterogeneous_team_039,deliver_refill,2026-01-21T00:02:16.000Z,null,supply_1,supply_rover,smart_agriculture_heterogeneous_team_039_exec_9,inprogress,82.9,30.89,18.76,0.0,null,null,null,null,null
smart_agriculture_heterogeneous_team_039,deliver_refill,2026-01-21T00:03:06.000Z,null,supply_1,supply_rover,smart_agriculture_heterogeneous_team_039_exec_9,inprogress,82.1,46.34,28.14,0.0,null,null,null,null,null
smart_agriculture_heterogeneous_team_039,deliver_refill,2026-01-21T00:03:57.000Z,complete,supply_1,supply_rover,smart_agriculture_heterogeneous_team_039_exec_9,done,81.3,61.78,37.52,0.0,null,null,null,null,null
smart_agriculture_heterogeneous_team_039,send_treatment_ack,2026-01-21T00:03:58.000Z,start,supply_1,supply_rover,smart_agriculture_heterogeneous_team_039_exec_10,inprogress,81.3,61.78,37.52,0.0,msg_3d5ba479eb,refill delivered and treatment may resume,send,supply_1,sprayer_1
smart_agriculture_heterogeneous_team_039,send_treatment_ack,2026-01-21T00:04:05.000Z,complete,supply_1,supply_rover,smart_agriculture_heterogeneous_team_039_exec_10,done,81.1,61.78,37.52,0.0,msg_3d5ba479eb,refill delivered and treatment may resume,send,supply_1,sprayer_1
smart_agriculture_heterogeneous_team_039,receive_treatment_ack,2026-01-21T00:04:09.000Z,start,sprayer_1,sprayer_rover,smart_agriculture_heterogeneous_team_039_exec_11,inprogress,81.5,63.63,36.43,0.0,msg_3d5ba479eb,refill delivered and treatment may resume,receive,supply_1,sprayer_1
smart_agriculture_heterogeneous_team_039,receive_treatment_ack,2026-01-21T00:04:13.000Z,complete,sprayer_1,sprayer_rover,smart_agriculture_heterogeneous_team_039_exec_11,done,81.4,63.63,36.43,0.0,msg_3d5ba479eb,refill delivered and treatment may resume,receive,supply_1,sprayer_1
smart_agriculture_heterogeneous_team_039,resume_treatment,2026-01-21T00:04:14.000Z,start,sprayer_1,sprayer_rover,smart_agriculture_heterogeneous_team_039_exec_12,inprogress,81.4,63.63,36.43,0.0,null,null,null,null,null
smart_agriculture_heterogeneous_team_039,resume_treatment,2026-01-21T00:04:44.000Z,null,sprayer_1,sprayer_rover,smart_agriculture_heterogeneous_team_039_exec_12,inprogress,80.0,63.63,36.43,0.0,null,null,null,null,null
smart_agriculture_heterogeneous_team_039,resume_treatment,2026-01-21T00:05:14.000Z,null,sprayer_1,sprayer_rover,smart_agriculture_heterogeneous_team_039_exec_12,inprogress,78.6,63.63,36.43,0.0,null,null,null,null,null
smart_agriculture_heterogeneous_team_039,resume_treatment,2026-01-21T00:05:44.000Z,complete,sprayer_1,sprayer_rover,smart_agriculture_heterogeneous_team_039_exec_12,done,77.2,63.63,36.43,0.0,null,null,null,null,null
smart_agriculture_heterogeneous_team_039,navigate_to_patch,2026-01-21T00:05:45.000Z,start,sprayer_1,sprayer_rover,smart_agriculture_heterogeneous_team_039_exec_13,inprogress,77.2,63.63,36.43,0.0,null,null,null,null,null
smart_agriculture_heterogeneous_team_039,navigate_to_patch,2026-01-21T00:06:14.000Z,null,sprayer_1,sprayer_rover,smart_agriculture_heterogeneous_team_039_exec_13,inprogress,76.4,66.13,36.11,0.0,null,null,null,null,null
smart_agriculture_heterogeneous_team_039,navigate_to_patch,2026-01-21T00:06:43.000Z,null,sprayer_1,sprayer_rover,smart_agriculture_heterogeneous_team_039_exec_13,inprogress,75.7,68.63,35.79,0.0,null,null,null,null,null
smart_agriculture_heterogeneous_team_039,navigate_to_patch,2026-01-21T00:07:12.000Z,null,sprayer_1,sprayer_rover,smart_agriculture_heterogeneous_team_039_exec_13,inprogress,74.9,71.13,35.47,0.0,null,null,null,null,null
smart_agriculture_heterogeneous_team_039,navigate_to_patch,2026-01-21T00:07:41.000Z,null,sprayer_1,sprayer_rover,smart_agriculture_heterogeneous_team_039_exec_13,inprogress,74.1,73.64,35.15,0.0,null,null,null,null,null
smart_agriculture_heterogeneous_team_039,navigate_to_patch,2026-01-21T00:08:12.000Z,complete,sprayer_1,sprayer_rover,smart_agriculture_heterogeneous_team_039_exec_13,done,73.4,76.14,34.82,0.0,null,null,null,null,null
smart_agriculture_heterogeneous_team_039,spray_patch,2026-01-21T00:08:13.000Z,start,sprayer_1,sprayer_rover,smart_agriculture_heterogeneous_team_039_exec_14,inprogress,73.4,76.14,34.82,0.0,null,null,null,null,null
smart_agriculture_heterogeneous_team_039,spray_patch,2026-01-21T00:09:09.000Z,null,sprayer_1,sprayer_rover,smart_agriculture_heterogeneous_team_039_exec_14,inprogress,72.0,76.14,34.82,0.0,null,null,null,null,null
smart_agriculture_heterogeneous_team_039,spray_patch,2026-01-21T00:10:06.000Z,complete,sprayer_1,sprayer_rover,smart_agriculture_heterogeneous_team_039_exec_14,done,70.7,76.14,34.82,0.0,null,null,null,null,null
smart_agriculture_heterogeneous_team_039,return_base,2026-01-21T00:10:07.000Z,start,drone_scout_1,drone_scout,smart_agriculture_heterogeneous_team_039_exec_15,inprogress,76.8,63.63,36.43,18.38,null,null,null,null,null
smart_agriculture_heterogeneous_team_039,return_base,2026-01-21T00:11:10.000Z,null,drone_scout_1,drone_scout,smart_agriculture_heterogeneous_team_039_exec_15,inprogress,76.0,47.72,27.32,15.04,null,null,null,null,null
smart_agriculture_heterogeneous_team_039,return_base,2026-01-21T00:12:13.000Z,null,drone_scout_1,drone_scout,smart_agriculture_heterogeneous_team_039_exec_15,inprogress,75.2,31.81,18.21,11.69,null,null,null,null,null
smart_agriculture_heterogeneous_team_039,return_base,2026-01-21T00:13:16.000Z,null,drone_scout_1,drone_scout,smart_agriculture_heterogeneous_team_039_exec_15,inprogress,74.3,15.91,9.11,8.35,null,null,null,null,null
smart_agriculture_heterogeneous_team_039,return_base,2026-01-21T00:14:22.000Z,complete,drone_scout_1,drone_scout,smart_agriculture_heterogeneous_team_039_exec_15,done,73.5,0.0,0.0,5.0,null,null,null,null,null
smart_agriculture_heterogeneous_team_039,return_base,2026-01-21T00:14:23.000Z,start,sprayer_1,sprayer_rover,smart_agriculture_heterogeneous_team_039_exec_16,inprogress,70.7,76.14,34.82,0.0,null,null,null,null,null
smart_agriculture_heterogeneous_team_039,return_base,2026-01-21T00:15:32.000Z,null,sprayer_1,sprayer_rover,smart_agriculture_heterogeneous_team_039_exec_16,inprogress,69.6,57.11,26.12,0.0,null,null,null,null,null
smart_agriculture_heterogeneous_team_039,return_base,2026-01-21T00:16:41.000Z,null,sprayer_1,sprayer_rover,smart_agriculture_heterogeneous_team_039_exec_16,inprogress,68.6,38.07,17.41,0.0,null,null,null,null,null
smart_agriculture_heterogeneous_team_039,return_base,2026-01-21T00:17:50.000Z,null,sprayer_1,sprayer_rover,smart_agriculture_heterogeneous_team_039_exec_16,inprogress,67.6,19.04,8.71,0.0,null,null,null,null,null
smart_agriculture_heterogeneous_team_039,return_base,2026-01-21T00:18:59.000Z,complete,sprayer_1,sprayer_rover,smart_agriculture_heterogeneous_team_039_exec_16,done,66.6,0.0,0.0,0.0,null,null,null,null,null
smart_agriculture_heterogeneous_team_039,return_base,2026-01-21T00:19:00.000Z,start,supply_1,supply_rover,smart_agriculture_heterogeneous_team_039_exec_17,inprogress,81.1,61.78,37.52,0.0,null,null,null,null,null
smart_agriculture_heterogeneous_team_039,return_base,2026-01-21T00:20:06.000Z,null,supply_1,supply_rover,smart_agriculture_heterogeneous_team_039_exec_17,inprogress,80.2,46.34,28.14,0.0,null,null,null,null,null
smart_agriculture_heterogeneous_team_039,return_base,2026-01-21T00:21:12.000Z,null,supply_1,supply_rover,smart_agriculture_heterogeneous_team_039_exec_17,inprogress,79.3,30.89,18.76,0.0,null,null,null,null,null
smart_agriculture_heterogeneous_team_039,return_base,2026-01-21T00:22:18.000Z,null,supply_1,supply_rover,smart_agriculture_heterogeneous_team_039_exec_17,inprogress,78.4,15.45,9.38,0.0,null,null,null,null,null
smart_agriculture_heterogeneous_team_039,return_base,2026-01-21T00:23:27.000Z,complete,supply_1,supply_rover,smart_agriculture_heterogeneous_team_039_exec_17,done,77.4,0.0,0.0,0.0,null,null,null,null,null
smart_agriculture_heterogeneous_team_040,survey_field,2026-01-21T00:12:00.000Z,start,drone_scout_1,drone_scout,smart_agriculture_heterogeneous_team_040_exec_1,inprogress,92.2,0.0,0.0,5.0,null,null,null,null,null
smart_agriculture_heterogeneous_team_040,survey_field,2026-01-21T00:13:03.000Z,null,drone_scout_1,drone_scout,smart_agriculture_heterogeneous_team_040_exec_1,inprogress,90.5,8.9,9.24,8.72,null,null,null,null,null
smart_agriculture_heterogeneous_team_040,survey_field,2026-01-21T00:14:06.000Z,null,drone_scout_1,drone_scout,smart_agriculture_heterogeneous_team_040_exec_1,inprogress,88.8,17.8,18.47,12.44,null,null,null,null,null
smart_agriculture_heterogeneous_team_040,survey_field,2026-01-21T00:15:09.000Z,null,drone_scout_1,drone_scout,smart_agriculture_heterogeneous_team_040_exec_1,inprogress,87.1,26.7,27.71,16.17,null,null,null,null,null
smart_agriculture_heterogeneous_team_040,survey_field,2026-01-21T00:16:12.000Z,null,drone_scout_1,drone_scout,smart_agriculture_heterogeneous_team_040_exec_1,inprogress,85.4,35.61,36.94,19.89,null,null,null,null,null
smart_agriculture_heterogeneous_team_040,survey_field,2026-01-21T00:17:19.000Z,complete,drone_scout_1,drone_scout,smart_agriculture_heterogeneous_team_040_exec_1,done,83.6,44.51,46.18,23.61,null,null,null,null,null
smart_agriculture_heterogeneous_team_040,detect_patch,2026-01-21T00:17:20.000Z,start,drone_scout_1,drone_scout,smart_agriculture_heterogeneous_team_040_exec_2,inprogress,83.6,44.51,46.18,23.61,null,null,null,null,null
smart_agriculture_heterogeneous_team_040,detect_patch,2026-01-21T00:17:46.000Z,complete,drone_scout_1,drone_scout,smart_agriculture_heterogeneous_team_040_exec_2,done,83.4,44.51,46.18,23.61,null,null,null,null,null
smart_agriculture_heterogeneous_team_040,send_patch_coordinates,2026-01-21T00:17:47.000Z,start,drone_scout_1,drone_scout,smart_agriculture_heterogeneous_team_040_exec_3,inprogress,83.4,44.51,46.18,23.61,msg_03601dc4bc,weed patch coordinates and density,send,drone_scout_1,sprayer_1
smart_agriculture_heterogeneous_team_040,send_patch_coordinates,2026-01-21T00:17:53.000Z,complete,drone_scout_1,drone_scout,smart_agriculture_heterogeneous_team_040_exec_3,done,83.2,44.51,46.18,23.61,msg_03601dc4bc,weed patch coordinates and density,send,drone_scout_1,sprayer_1
smart_agriculture_heterogeneous_team_040,receive_patch_coordinates,2026-01-21T00:17:58.000Z,start,sprayer_1,sprayer_rover,smart_agriculture_heterogeneous_team_040_exec_4,inprogress,72.3,0.0,0.0,0.0,msg_03601dc4bc,weed patch coordinates and density,receive,drone_scout_1,sprayer_1
smart_agriculture_heterogeneous_team_040,receive_patch_coordinates,2026-01-21T00:18:02.000Z,complete,sprayer_1,sprayer_rover,smart_agriculture_heterogeneous_team_040_exec_4,done,72.2,0.0,0.0,0.0,msg_03601dc4bc,weed patch coordinates and density,receive,drone_scout_1,sprayer_1
smart_agriculture_heterogeneous_team_040,navigate_to_patch,2026-01-21T00:18:03.000Z,start,sprayer_1,sprayer_rover,smart_agriculture_heterogeneous_team_040_exec_5,inprogress,72.2,0.0,0.0,0.0,null,null,null,null,null
smart_agriculture_heterogeneous_team_040,navigate_to_patch,2026-01-21T00:19:08.000Z,null,sprayer_1,sprayer_rover,smart_agriculture_heterogeneous_team_040_exec_5,inprogress,71.6,7.42,7.7,0.0,null,null,null,null,null
smart_agriculture_heterogeneous_team_040,navigate_to_patch,2026-01-21T00:20:13.000Z,null,sprayer_1,sprayer_rover,smart_agriculture_heterogeneous_team_040_exec_5,inprogress,70.9,14.84,15.39,0.0,null,null,null,null,null
smart_agriculture_heterogeneous_team_040,navigate_to_patch,2026-01-21T00:21:18.000Z,null,sprayer_1,sprayer_rover,smart_agriculture_heterogeneous_team_040_exec_5,inprogress,70.2,22.25,23.09,0.0,null,null,null,null,null
smart_agriculture_heterogeneous_team_040,navigate_to_patch,2026-01-21T00:22:23.000Z,null,sprayer_1,sprayer_rover,smart_agriculture_heterogeneous_team_040_exec_5,inprogress,69.5,29.67,30.79,0.0,null,null,null,null,null
smart_agriculture_heterogeneous_team_040,navigate_to_patch,2026-01-21T00:23:28.000Z,null,sprayer_1,sprayer_rover,smart_agriculture_heterogeneous_team_040_exec_5,inprogress,68.9,37.09,38.48,0.0,null,null,null,null,null
smart_agriculture_heterogeneous_team_040,navigate_to_patch,2026-01-21T00:24:33.000Z,complete,sprayer_1,sprayer_rover,smart_agriculture_heterogeneous_team_040_exec_5,done,68.2,44.51,46.18,0.0,null,null,null,null,null
smart_agriculture_heterogeneous_team_040,spray_patch,2026-01-21T00:24:34.000Z,start,sprayer_1,sprayer_rover,smart_agriculture_heterogeneous_team_040_exec_6,inprogress,68.2,44.51,46.18,0.0,null,null,null,null,null
smart_agriculture_heterogeneous_team_040,spray_patch,2026-01-21T00:25:33.000Z,null,sprayer_1,sprayer_rover,smart_agriculture_heterogeneous_team_040_exec_6,inprogress,66.6,44.51,46.18,0.0,null,null,null,null,null
smart_agriculture_heterogeneous_team_040,spray_patch,2026-01-21T00:26:32.000Z,null,sprayer_1,sprayer_rover,smart_agriculture_heterogeneous_team_040_exec_6,inprogress,64.9,44.51,46.18,0.0,null,null,null,null,null
smart_agriculture_heterogeneous_team_040,spray_patch,2026-01-21T00:27:31.000Z,null,sprayer_1,sprayer_rover,smart_agriculture_heterogeneous_team_040_exec_6,inprogress,63.3,44.51,46.18,0.0,null,null,null,null,null
smart_agriculture_heterogeneous_team_040,spray_patch,2026-01-21T00:28:31.000Z,complete,sprayer_1,sprayer_rover,smart_agriculture_heterogeneous_team_040_exec_6,done,61.7,44.51,46.18,0.0,null,null,null,null,null
smart_agriculture_heterogeneous_team_040,send_refill_request,2026-01-21T00:28:32.000Z,start,sprayer_1,sprayer_rover,smart_agriculture_heterogeneous_team_040_exec_7,inprogress,61.7,44.51,46.18,0.0,msg_968883712b,refill needed at current patch,send,sprayer_1,supply_1
smart_agriculture_heterogeneous_team_040,send_refill_request,2026-01-21T00:28:38.000Z,complete,sprayer_1,sprayer_rover,smart_agriculture_heterogeneous_team_040_exec_7,done,61.5,44.51,46.18,0.0,msg_968883712b,refill needed at current patch,send,sprayer_1,supply_1
smart_agriculture_heterogeneous_team_040,receive_refill_request,2026-01-21T00:28:44.000Z,start,supply_1,supply_rover,smart_agriculture_heterogeneous_team_040_exec_8,inprogress,90.1,0.0,0.0,0.0,msg_968883712b,refill needed at current patch,receive,sprayer_1,supply_1
smart_agriculture_heterogeneous_team_040,receive_refill_request,2026-01-21T00:28:48.000Z,complete,supply_1,supply_rover,smart_agriculture_heterogeneous_team_040_exec_8,done,90.0,0.0,0.0,0.0,msg_968883712b,refill needed at current patch,receive,sprayer_1,supply_1
smart_agriculture_heterogeneous_team_040,deliver_refill,2026-01-21T00:28:49.000Z,start,supply_1,supply_rover,smart_agriculture_heterogeneous_team_040_exec_9,inprogress,90.0,0.0,0.0,0.0,null,null,null,null,null
smart_agriculture_heterogeneous_team_040,deliver_refill,2026-01-21T00:30:02.000Z,null,supply_1,supply_rover,smart_agriculture_heterogeneous_team_040_exec_9,inprogress,88.8,11.17,10.55,0.0,null,null,null,null,null
smart_agriculture_heterogeneous_team_040,deliver_refill,2026-01-21T00:31:15.000Z,null,supply_1,supply_rover,smart_agriculture_heterogeneous_team_040_exec_9,inprogress,87.6,22.34,21.1,0.0,null,null,null,null,null
smart_agriculture_heterogeneous_team_040,deliver_refill,2026-01-21T00:32:28.000Z,null,supply_1,supply_rover,smart_agriculture_heterogeneous_team_040_exec_9,inprogress,86.3,33.51,31.66,0.0,null,null,null,null,null
smart_agriculture_heterogeneous_team_040,deliver_refill,2026-01-21T00:33:44.000Z,complete,supply_1,supply_rover,smart_agriculture_heterogeneous_team_040_exec_9,done,85.1,44.67,42.21,0.0,null,null,null,null,null
smart_agriculture_heterogeneous_team_040,send_treatment_ack,2026-01-21T00:33:45.000Z,start,supply_1,supply_rover,smart_agriculture_heterogeneous_team_040_exec_10,inprogress,85.1,44.67,42.21,0.0,msg_ed485f28f1,refill delivered and treatment may resume,send,supply_1,sprayer_1
smart_agriculture_heterogeneous_team_040,send_treatment_ack,2026-01-21T00:33:53.000Z,complete,supply_1,supply_rover,smart_agriculture_heterogeneous_team_040_exec_10,done,84.9,44.67,42.21,0.0,msg_ed485f28f1,refill delivered and treatment may resume,send,supply_1,sprayer_1
smart_agriculture_heterogeneous_team_040,receive_treatment_ack,2026-01-21T00:33:57.000Z,start,sprayer_1,sprayer_rover,smart_agriculture_heterogeneous_team_040_exec_11,inprogress,61.5,44.51,46.18,0.0,msg_ed485f28f1,refill delivered and treatment may resume,receive,supply_1,sprayer_1
smart_agriculture_heterogeneous_team_040,receive_treatment_ack,2026-01-21T00:34:01.000Z,complete,sprayer_1,sprayer_rover,smart_agriculture_heterogeneous_team_040_exec_11,done,61.4,44.51,46.18,0.0,msg_ed485f28f1,refill delivered and treatment may resume,receive,supply_1,sprayer_1
smart_agriculture_heterogeneous_team_040,resume_treatment,2026-01-21T00:34:02.000Z,start,sprayer_1,sprayer_rover,smart_agriculture_heterogeneous_team_040_exec_12,inprogress,61.4,44.51,46.18,0.0,null,null,null,null,null
smart_agriculture_heterogeneous_team_040,resume_treatment,2026-01-21T00:34:48.000Z,null,sprayer_1,sprayer_rover,smart_agriculture_heterogeneous_team_040_exec_12,inprogress,60.1,44.51,46.18,0.0,null,null,null,null,null
smart_agriculture_heterogeneous_team_040,resume_treatment,2026-01-21T00:35:34.000Z,complete,sprayer_1,sprayer_rover,smart_agriculture_heterogeneous_team_040_exec_12,done,58.8,44.51,46.18,0.0,null,null,null,null,null
smart_agriculture_heterogeneous_team_040,return_base,2026-01-21T00:35:35.000Z,start,drone_scout_1,drone_scout,smart_agriculture_heterogeneous_team_040_exec_13,inprogress,83.2,44.51,46.18,23.61,null,null,null,null,null
smart_agriculture_heterogeneous_team_040,return_base,2026-01-21T00:36:16.000Z,null,drone_scout_1,drone_scout,smart_agriculture_heterogeneous_team_040_exec_13,inprogress,82.1,33.38,34.64,18.96,null,null,null,null,null
smart_agriculture_heterogeneous_team_040,return_base,2026-01-21T00:36:57.000Z,null,drone_scout_1,drone_scout,smart_agriculture_heterogeneous_team_040_exec_13,inprogress,81.1,22.25,23.09,14.3,null,null,null,null,null
smart_agriculture_heterogeneous_team_040,return_base,2026-01-21T00:37:38.000Z,null,drone_scout_1,drone_scout,smart_agriculture_heterogeneous_team_040_exec_13,inprogress,80.0,11.13,11.55,9.65,null,null,null,null,null
smart_agriculture_heterogeneous_team_040,return_base,2026-01-21T00:38:19.000Z,complete,drone_scout_1,drone_scout,smart_agriculture_heterogeneous_team_040_exec_13,done,79.0,0.0,0.0,5.0,null,null,null,null,null
smart_agriculture_heterogeneous_team_040,return_base,2026-01-21T00:38:20.000Z,start,sprayer_1,sprayer_rover,smart_agriculture_heterogeneous_team_040_exec_14,inprogress,58.8,44.51,46.18,0.0,null,null,null,null,null
smart_agriculture_heterogeneous_team_040,return_base,2026-01-21T00:39:00.000Z,null,sprayer_1,sprayer_rover,smart_agriculture_heterogeneous_team_040_exec_14,inprogress,58.1,37.09,38.48,0.0,null,null,null,null,null
smart_agriculture_heterogeneous_team_040,return_base,2026-01-21T00:39:40.000Z,null,sprayer_1,sprayer_rover,smart_agriculture_heterogeneous_team_040_exec_14,inprogress,57.3,29.67,30.79,0.0,null,null,null,null,null
smart_agriculture_heterogeneous_team_040,return_base,2026-01-21T00:40:20.000Z,null,sprayer_1,sprayer_rover,smart_agriculture_heterogeneous_team_040_exec_14,inprogress,56.5,22.25,23.09,0.0,null,null,null,null,null
smart_agriculture_heterogeneous_team_040,return_base,2026-01-21T00:41:00.000Z,null,sprayer_1,sprayer_rover,smart_agriculture_heterogeneous_team_040_exec_14,inprogress,55.7,14.84,15.39,0.0,null,null,null,null,null
smart_agriculture_heterogeneous_team_040,return_base,2026-01-21T00:41:40.000Z,null,sprayer_1,sprayer_rover,smart_agriculture_heterogeneous_team_040_exec_14,inprogress,55.0,7.42,7.7,0.0,null,null,null,null,null
smart_agriculture_heterogeneous_team_040,return_base,2026-01-21T00:42:22.000Z,complete,sprayer_1,sprayer_rover,smart_agriculture_heterogeneous_team_040_exec_14,done,54.2,0.0,0.0,0.0,null,null,null,null,null
smart_agriculture_heterogeneous_team_040,return_base,2026-01-21T00:42:23.000Z,start,supply_1,supply_rover,smart_agriculture_heterogeneous_team_040_exec_15,inprogress,84.9,44.67,42.21,0.0,null,null,null,null,null
smart_agriculture_heterogeneous_team_040,return_base,2026-01-21T00:43:46.000Z,null,supply_1,supply_rover,smart_agriculture_heterogeneous_team_040_exec_15,inprogress,83.3,29.78,28.14,0.0,null,null,null,null,null
smart_agriculture_heterogeneous_team_040,return_base,2026-01-21T00:45:09.000Z,null,supply_1,supply_rover,smart_agriculture_heterogeneous_team_040_exec_15,inprogress,81.7,14.89,14.07,0.0,null,null,null,null,null
smart_agriculture_heterogeneous_team_040,return_base,2026-01-21T00:46:32.000Z,complete,supply_1,supply_rover,smart_agriculture_heterogeneous_team_040_exec_15,done,80.0,0.0,0.0,0.0,null,null,null,null,null
smart_agriculture_heterogeneous_team_041,survey_field,2026-01-21T00:40:00.000Z,start,drone_scout_1,drone_scout,smart_agriculture_heterogeneous_team_041_exec_1,inprogress,99.3,0.0,0.0,5.0,null,null,null,null,null
smart_agriculture_heterogeneous_team_041,survey_field,2026-01-21T00:40:59.000Z,null,drone_scout_1,drone_scout,smart_agriculture_heterogeneous_team_041_exec_1,inprogress,97.8,13.95,3.15,9.0,null,null,null,null,null
smart_agriculture_heterogeneous_team_041,survey_field,2026-01-21T00:41:58.000Z,null,drone_scout_1,drone_scout,smart_agriculture_heterogeneous_team_041_exec_1,inprogress,96.3,27.9,6.29,13.0,null,null,null,null,null
smart_agriculture_heterogeneous_team_041,survey_field,2026-01-21T00:42:57.000Z,null,drone_scout_1,drone_scout,smart_agriculture_heterogeneous_team_041_exec_1,inprogress,94.7,41.85,9.44,17.0,null,null,null,null,null
smart_agriculture_heterogeneous_team_041,survey_field,2026-01-21T00:43:56.000Z,null,drone_scout_1,drone_scout,smart_agriculture_heterogeneous_team_041_exec_1,inprogress,93.2,55.81,12.58,20.99,null,null,null,null,null
smart_agriculture_heterogeneous_team_041,survey_field,2026-01-21T00:44:58.000Z,complete,drone_scout_1,drone_scout,smart_agriculture_heterogeneous_team_041_exec_1,done,91.7,69.76,15.73,24.99,null,null,null,null,null
smart_agriculture_heterogeneous_team_041,detect_patch,2026-01-21T00:44:59.000Z,start,drone_scout_1,drone_scout,smart_agriculture_heterogeneous_team_041_exec_2,inprogress,91.7,69.76,15.73,24.99,null,null,null,null,null
smart_agriculture_heterogeneous_team_041,detect_patch,2026-01-21T00:45:33.000Z,complete,drone_scout_1,drone_scout,smart_agriculture_heterogeneous_team_041_exec_2,done,91.3,69.76,15.73,24.99,null,null,null,null,null
smart_agriculture_heterogeneous_team_041,send_patch_coordinates,2026-01-21T00:45:34.000Z,start,drone_scout_1,drone_scout,smart_agriculture_heterogeneous_team_041_exec_3,inprogress,91.3,69.76,15.73,24.99,msg_7022199e03,weed patch coordinates and density,send,drone_scout_1,sprayer_1
smart_agriculture_heterogeneous_team_041,send_patch_coordinates,2026-01-21T00:45:41.000Z,complete,drone_scout_1,drone_scout,smart_agriculture_heterogeneous_team_041_exec_3,done,91.1,69.76,15.73,24.99,msg_7022199e03,weed patch coordinates and density,send,drone_scout_1,sprayer_1
smart_agriculture_heterogeneous_team_041,receive_patch_coordinates,2026-01-21T00:45:46.000Z,start,sprayer_1,sprayer_rover,smart_agriculture_heterogeneous_team_041_exec_4,inprogress,83.6,0.0,0.0,0.0,msg_7022199e03,weed patch coordinates and density,receive,drone_scout_1,sprayer_1
smart_agriculture_heterogeneous_team_041,receive_patch_coordinates,2026-01-21T00:45:50.000Z,complete,sprayer_1,sprayer_rover,smart_agriculture_heterogeneous_team_041_exec_4,done,83.5,0.0,0.0,0.0,msg_7022199e03,weed patch coordinates and density,receive,drone_scout_1,sprayer_1
smart_agriculture_heterogeneous_team_041,navigate_to_patch,2026-01-21T00:45:51.000Z,start,sprayer_1,sprayer_rover,smart_agriculture_heterogeneous_team_041_exec_5,inprogress,83.5,0.0,0.0,0.0,null,null,null,null,null
smart_agriculture_heterogeneous_team_041,navigate_to_patch,2026-01-21T00:46:49.000Z,null,sprayer_1,sprayer_rover,smart_agriculture_heterogeneous_team_041_exec_5,inprogress,82.7,11.63,2.62,0.0,null,null,null,null,null
smart_agriculture_heterogeneous_team_041,navigate_to_patch,2026-01-21T00:47:47.000Z,null,sprayer_1,sprayer_rover,smart_agriculture_heterogeneous_team_041_exec_5,inprogress,82.0,23.25,5.24,0.0,null,null,null,null,null
smart_agriculture_heterogeneous_team_041,navigate_to_patch,2026-01-21T00:48:45.000Z,null,sprayer_1,sprayer_rover,smart_agriculture_heterogeneous_team_041_exec_5,inprogress,81.2,34.88,7.86,0.0,null,null,null,null,null
smart_agriculture_heterogeneous_team_041,navigate_to_patch,2026-01-21T00:49:43.000Z,null,sprayer_1,sprayer_rover,smart_agriculture_heterogeneous_team_041_exec_5,inprogress,80.5,46.51,10.49,0.0,null,null,null,null,null
smart_agriculture_heterogeneous_team_041,navigate_to_patch,2026-01-21T00:50:41.000Z,null,sprayer_1,sprayer_rover,smart_agriculture_heterogeneous_team_041_exec_5,inprogress,79.8,58.13,13.11,0.0,null,null,null,null,null
smart_agriculture_heterogeneous_team_041,navigate_to_patch,2026-01-21T00:51:44.000Z,complete,sprayer_1,sprayer_rover,smart_agriculture_heterogeneous_team_041_exec_5,done,79.0,69.76,15.73,0.0,null,null,null,null,null
smart_agriculture_heterogeneous_team_041,spray_patch,2026-01-21T00:51:45.000Z,start,sprayer_1,sprayer_rover,smart_agriculture_heterogeneous_team_041_exec_6,inprogress,79.0,69.76,15.73,0.0,null,null,null,null,null
smart_agriculture_heterogeneous_team_041,spray_patch,2026-01-21T00:52:12.000Z,null,sprayer_1,sprayer_rover,smart_agriculture_heterogeneous_team_041_exec_6,inprogress,78.0,69.76,15.73,0.0,null,null,null,null,null
smart_agriculture_heterogeneous_team_041,spray_patch,2026-01-21T00:52:39.000Z,null,sprayer_1,sprayer_rover,smart_agriculture_heterogeneous_team_041_exec_6,inprogress,77.0,69.76,15.73,0.0,null,null,null,null,null
smart_agriculture_heterogeneous_team_041,spray_patch,2026-01-21T00:53:06.000Z,null,sprayer_1,sprayer_rover,smart_agriculture_heterogeneous_team_041_exec_6,inprogress,76.0,69.76,15.73,0.0,null,null,null,null,null
smart_agriculture_heterogeneous_team_041,spray_patch,2026-01-21T00:53:33.000Z,null,sprayer_1,sprayer_rover,smart_agriculture_heterogeneous_team_041_exec_6,inprogress,74.9,69.76,15.73,0.0,null,null,null,null,null
smart_agriculture_heterogeneous_team_041,spray_patch,2026-01-21T00:54:00.000Z,null,sprayer_1,sprayer_rover,smart_agriculture_heterogeneous_team_041_exec_6,inprogress,73.9,69.76,15.73,0.0,null,null,null,null,null
smart_agriculture_heterogeneous_team_041,spray_patch,2026-01-21T00:54:30.000Z,complete,sprayer_1,sprayer_rover,smart_agriculture_heterogeneous_team_041_exec_6,done,72.9,69.76,15.73,0.0,null,null,null,null,null
smart_agriculture_heterogeneous_team_041,send_refill_request,2026-01-21T00:54:31.000Z,start,sprayer_1,sprayer_rover,smart_agriculture_heterogeneous_team_041_exec_7,inprogress,72.9,69.76,15.73,0.0,msg_82f69a2bb2,refill needed at current patch,send,sprayer_1,supply_1
smart_agriculture_heterogeneous_team_041,send_refill_request,2026-01-21T00:54:38.000Z,complete,sprayer_1,sprayer_rover,smart_agriculture_heterogeneous_team_041_exec_7,done,72.7,69.76,15.73,0.0,msg_82f69a2bb2,refill needed at current patch,send,sprayer_1,supply_1
smart_agriculture_heterogeneous_team_041,receive_refill_request,2026-01-21T00:54:44.000Z,start,supply_1,supply_rover,smart_agriculture_heterogeneous_team_041_exec_8,inprogress,72.4,0.0,0.0,0.0,msg_82f69a2bb2,refill needed at current patch,receive,sprayer_1,supply_1
smart_agriculture_heterogeneous_team_041,receive_refill_request,2026-01-21T00:54:48.000Z,complete,supply_1,supply_rover,smart_agriculture_heterogeneous_team_041_exec_8,done,72.3,0.0,0.0,0.0,msg_82f69a2bb2,refill needed at current patch,receive,sprayer_1,supply_1
smart_agriculture_heterogeneous_team_041,deliver_refill,2026-01-21T00:54:49.000Z,start,supply_1,supply_rover,smart_agriculture_heterogeneous_team_041_exec_9,inprogress,72.3,0.0,0.0,0.0,null,null,null,null,null
smart_agriculture_heterogeneous_team_041,deliver_refill,2026-01-21T00:55:48.000Z,null,supply_1,supply_rover,smart_agriculture_heterogeneous_team_041_exec_9,inprogress,71.5,11.34,2.83,0.0,null,null,null,null,null
smart_agriculture_heterogeneous_team_041,deliver_refill,2026-01-21T00:56:47.000Z,null,supply_1,supply_rover,smart_agriculture_heterogeneous_team_041_exec_9,inprogress,70.6,22.68,5.67,0.0,null,null,null,null,null
smart_agriculture_heterogeneous_team_041,deliver_refill,2026-01-21T00:57:46.000Z,null,supply_1,supply_rover,smart_agriculture_heterogeneous_team_041_exec_9,inprogress,69.8,34.02,8.5,0.0,null,null,null,null,null
smart_agriculture_heterogeneous_team_041,deliver_refill,2026-01-21T00:58:45.000Z,null,supply_1,supply_rover,smart_agriculture_heterogeneous_team_041_exec_9,inprogress,69.0,45.36,11.34,0.0,null,null,null,null,null
smart_agriculture_heterogeneous_team_041,deliver_refill,2026-01-21T00:59:44.000Z,null,supply_1,supply_rover,smart_agriculture_heterogeneous_team_041_exec_9,inprogress,68.2,56.7,14.17,0.0,null,null,null,null,null
smart_agriculture_heterogeneous_team_041,deliver_refill,2026-01-21T01:00:43.000Z,complete,supply_1,supply_rover,smart_agriculture_heterogeneous_team_041_exec_9,done,67.4,68.04,17.01,0.0,null,null,null,null,null
smart_agriculture_heterogeneous_team_041,send_treatment_ack,2026-01-21T01:00:44.000Z,start,supply_1,supply_rover,smart_agriculture_heterogeneous_team_041_exec_10,inprogress,67.4,68.04,17.01,0.0,msg_62c0de2ca0,refill delivered and treatment may resume,send,supply_1,sprayer_1
smart_agriculture_heterogeneous_team_041,send_treatment_ack,2026-01-21T01:00:52.000Z,complete,supply_1,supply_rover,smart_agriculture_heterogeneous_team_041_exec_10,done,67.2,68.04,17.01,0.0,msg_62c0de2ca0,refill delivered and treatment may resume,send,supply_1,sprayer_1
smart_agriculture_heterogeneous_team_041,receive_treatment_ack,2026-01-21T01:00:56.000Z,start,sprayer_1,sprayer_rover,smart_agriculture_heterogeneous_team_041_exec_11,inprogress,72.7,69.76,15.73,0.0,msg_62c0de2ca0,refill delivered and treatment may resume,receive,supply_1,sprayer_1
smart_agriculture_heterogeneous_team_041,receive_treatment_ack,2026-01-21T01:01:00.000Z,complete,sprayer_1,sprayer_rover,smart_agriculture_heterogeneous_team_041_exec_11,done,72.6,69.76,15.73,0.0,msg_62c0de2ca0,refill delivered and treatment may resume,receive,supply_1,sprayer_1
smart_agriculture_heterogeneous_team_041,resume_treatment,2026-01-21T01:01:01.000Z,start,sprayer_1,sprayer_rover,smart_agriculture_heterogeneous_team_041_exec_12,inprogress,72.6,69.76,15.73,0.0,null,null,null,null,null
smart_agriculture_heterogeneous_team_041,resume_treatment,2026-01-21T01:01:47.000Z,null,sprayer_1,sprayer_rover,smart_agriculture_heterogeneous_team_041_exec_12,inprogress,70.6,69.76,15.73,0.0,null,null,null,null,null
smart_agriculture_heterogeneous_team_041,resume_treatment,2026-01-21T01:02:33.000Z,complete,sprayer_1,sprayer_rover,smart_agriculture_heterogeneous_team_041_exec_12,done,68.6,69.76,15.73,0.0,null,null,null,null,null
smart_agriculture_heterogeneous_team_041,return_base,2026-01-21T01:02:34.000Z,start,drone_scout_1,drone_scout,smart_agriculture_heterogeneous_team_041_exec_13,inprogress,91.1,69.76,15.73,24.99,null,null,null,null,null
smart_agriculture_heterogeneous_team_041,return_base,2026-01-21T01:03:25.000Z,null,drone_scout_1,drone_scout,smart_agriculture_heterogeneous_team_041_exec_13,inprogress,89.7,46.51,10.49,18.33,null,null,null,null,null
smart_agriculture_heterogeneous_team_041,return_base,2026-01-21T01:04:16.000Z,null,drone_scout_1,drone_scout,smart_agriculture_heterogeneous_team_041_exec_13,inprogress,88.3,23.25,5.24,11.66,null,null,null,null,null
smart_agriculture_heterogeneous_team_041,return_base,2026-01-21T01:05:07.000Z,complete,drone_scout_1,drone_scout,smart_agriculture_heterogeneous_team_041_exec_13,done,87.0,0.0,0.0,5.0,null,null,null,null,null
smart_agriculture_heterogeneous_team_041,return_base,2026-01-21T01:05:08.000Z,start,sprayer_1,sprayer_rover,smart_agriculture_heterogeneous_team_041_exec_14,inprogress,68.6,69.76,15.73,0.0,null,null,null,null,null
smart_agriculture_heterogeneous_team_041,return_base,2026-01-21T01:06:19.000Z,null,sprayer_1,sprayer_rover,smart_agriculture_heterogeneous_team_041_exec_14,inprogress,67.8,55.81,12.58,0.0,null,null,null,null,null
smart_agriculture_heterogeneous_team_041,return_base,2026-01-21T01:07:30.000Z,null,sprayer_1,sprayer_rover,smart_agriculture_heterogeneous_team_041_exec_14,inprogress,67.0,41.85,9.44,0.0,null,null,null,null,null
smart_agriculture_heterogeneous_team_041,return_base,2026-01-21T01:08:41.000Z,null,sprayer_1,sprayer_rover,smart_agriculture_heterogeneous_team_041_exec_14,inprogress,66.3,27.9,6.29,0.0,null,null,null,null,null
smart_agriculture_heterogeneous_team_041,return_base,2026-01-21T01:09:52.000Z,null,sprayer_1,sprayer_rover,smart_agriculture_heterogeneous_team_041_exec_14,inprogress,65.5,13.95,3.15,0.0,null,null,null,null,null
smart_agriculture_heterogeneous_team_041,return_base,2026-01-21T01:11:05.000Z,complete,sprayer_1,sprayer_rover,smart_agriculture_heterogeneous_team_041_exec_14,done,64.8,0.0,0.0,0.0,null,null,null,null,null
smart_agriculture_heterogeneous_team_041,return_base,2026-01-21T01:11:06.000Z,start,supply_1,supply_rover,smart_agriculture_heterogeneous_team_041_exec_15,inprogress,67.2,68.04,17.01,0.0,null,null,null,null,null
smart_agriculture_heterogeneous_team_041,return_base,2026-01-21T01:12:45.000Z,null,supply_1,supply_rover,smart_agriculture_heterogeneous_team_041_exec_15,inprogress,65.8,45.36,11.34,0.0,null,null,null,null,null
smart_agriculture_heterogeneous_team_041,return_base,2026-01-21T01:14:24.000Z,null,supply_1,supply_rover,smart_agriculture_heterogeneous_team_041_exec_15,inprogress,64.4,22.68,5.67,0.0,null,null,null,null,null
smart_agriculture_heterogeneous_team_041,return_base,2026-01-21T01:16:05.000Z,complete,supply_1,supply_rover,smart_agriculture_heterogeneous_team_041_exec_15,done,63.1,0.0,0.0,0.0,null,null,null,null,null
smart_agriculture_heterogeneous_team_042,survey_field,2026-01-21T01:08:00.000Z,start,drone_scout_1,drone_scout,smart_agriculture_heterogeneous_team_042_exec_1,inprogress,87.6,0.0,0.0,5.0,null,null,null,null,null
smart_agriculture_heterogeneous_team_042,survey_field,2026-01-21T01:08:52.000Z,null,drone_scout_1,drone_scout,smart_agriculture_heterogeneous_team_042_exec_1,inprogress,86.9,8.98,3.07,7.31,null,null,null,null,null
smart_agriculture_heterogeneous_team_042,survey_field,2026-01-21T01:09:44.000Z,null,drone_scout_1,drone_scout,smart_agriculture_heterogeneous_team_042_exec_1,inprogress,86.2,17.96,6.13,9.63,null,null,null,null,null
smart_agriculture_heterogeneous_team_042,survey_field,2026-01-21T01:10:36.000Z,null,drone_scout_1,drone_scout,smart_agriculture_heterogeneous_team_042_exec_1,inprogress,85.5,26.94,9.2,11.94,null,null,null,null,null
smart_agriculture_heterogeneous_team_042,survey_field,2026-01-21T01:11:28.000Z,null,drone_scout_1,drone_scout,smart_agriculture_heterogeneous_team_042_exec_1,inprogress,84.9,35.92,12.27,14.26,null,null,null,null,null
smart_agriculture_heterogeneous_team_042,survey_field,2026-01-21T01:12:20.000Z,null,drone_scout_1,drone_scout,smart_agriculture_heterogeneous_team_042_exec_1,inprogress,84.2,44.9,15.33,16.57,null,null,null,null,null
smart_agriculture_heterogeneous_team_042,survey_field,2026-01-21T01:13:12.000Z,null,drone_scout_1,drone_scout,smart_agriculture_heterogeneous_team_042_exec_1,inprogress,83.5,53.88,18.4,18.89,null,null,null,null,null
smart_agriculture_heterogeneous_team_042,survey_field,2026-01-21T01:14:04.000Z,null,drone_scout_1,drone_scout,smart_agriculture_heterogeneous_team_042_exec_1,inprogress,82.8,62.86,21.47,21.2,null,null,null,null,null
smart_agriculture_heterogeneous_team_042,survey_field,2026-01-21T01:14:58.000Z,complete,drone_scout_1,drone_scout,smart_agriculture_heterogeneous_team_042_exec_1,done,82.1,71.84,24.53,23.52,null,null,null,null,null
smart_agriculture_heterogeneous_team_042,detect_patch,2026-01-21T01:14:59.000Z,start,drone_scout_1,drone_scout,smart_agriculture_heterogeneous_team_042_exec_2,inprogress,82.1,71.84,24.53,23.52,null,null,null,null,null
smart_agriculture_heterogeneous_team_042,detect_patch,2026-01-21T01:15:46.000Z,complete,drone_scout_1,drone_scout,smart_agriculture_heterogeneous_team_042_exec_2,done,81.7,71.84,24.53,23.52,null,null,null,null,null
smart_agriculture_heterogeneous_team_042,send_patch_coordinates,2026-01-21T01:15:47.000Z,start,drone_scout_1,drone_scout,smart_agriculture_heterogeneous_team_042_exec_3,inprogress,81.7,71.84,24.53,23.52,msg_22a2d564ed,weed patch coordinates and density,send,drone_scout_1,sprayer_1
smart_agriculture_heterogeneous_team_042,send_patch_coordinates,2026-01-21T01:15:54.000Z,complete,drone_scout_1,drone_scout,smart_agriculture_heterogeneous_team_042_exec_3,done,81.5,71.84,24.53,23.52,msg_22a2d564ed,weed patch coordinates and density,send,drone_scout_1,sprayer_1
smart_agriculture_heterogeneous_team_042,receive_patch_coordinates,2026-01-21T01:15:59.000Z,start,sprayer_1,sprayer_rover,smart_agriculture_heterogeneous_team_042_exec_4,inprogress,89.8,0.0,0.0,0.0,msg_22a2d564ed,weed patch coordinates and density,receive,drone_scout_1,sprayer_1
smart_agriculture_heterogeneous_team_042,receive_patch_coordinates,2026-01-21T01:16:03.000Z,complete,sprayer_1,sprayer_rover,smart_agriculture_heterogeneous_team_042_exec_4,done,89.7,0.0,0.0,0.0,msg_22a2d564ed,weed patch coordinates and density,receive,drone_scout_1,sprayer_1
smart_agriculture_heterogeneous_team_042,navigate_to_patch,2026-01-21T01:16:04.000Z,start,sprayer_1,sprayer_rover,smart_agriculture_heterogeneous_team_042_exec_5,inprogress,89.7,0.0,0.0,0.0,null,null,null,null,null
smart_agriculture_heterogeneous_team_042,navigate_to_patch,2026-01-21T01:16:50.000Z,null,sprayer_1,sprayer_rover,smart_agriculture_heterogeneous_team_042_exec_5,inprogress,89.1,10.26,3.5,0.0,null,null,null,null,null
smart_agriculture_heterogeneous_team_042,navigate_to_patch,2026-01-21T01:17:36.000Z,null,sprayer_1,sprayer_rover,smart_agriculture_heterogeneous_team_042_exec_5,inprogress,88.5,20.53,7.01,0.0,null,null,null,null,null
smart_agriculture_heterogeneous_team_042,navigate_to_patch,2026-01-21T01:18:22.000Z,null,sprayer_1,sprayer_rover,smart_agriculture_heterogeneous_team_042_exec_5,inprogress,87.9,30.79,10.51,0.0,null,null,null,null,null
smart_agriculture_heterogeneous_team_042,navigate_to_patch,2026-01-21T01:19:08.000Z,null,sprayer_1,sprayer_rover,smart_agriculture_heterogeneous_team_042_exec_5,inprogress,87.4,41.05,14.02,0.0,null,null,null,null,null
smart_agriculture_heterogeneous_team_042,navigate_to_patch,2026-01-21T01:19:54.000Z,null,sprayer_1,sprayer_rover,smart_agriculture_heterogeneous_team_042_exec_5,inprogress,86.8,51.32,17.52,0.0,null,null,null,null,null
smart_agriculture_heterogeneous_team_042,navigate_to_patch,2026-01-21T01:20:40.000Z,null,sprayer_1,sprayer_rover,smart_agriculture_heterogeneous_team_042_exec_5,inprogress,86.2,61.58,21.03,0.0,null,null,null,null,null
smart_agriculture_heterogeneous_team_042,navigate_to_patch,2026-01-21T01:21:29.000Z,complete,sprayer_1,sprayer_rover,smart_agriculture_heterogeneous_team_042_exec_5,done,85.6,71.84,24.53,0.0,null,null,null,null,null
smart_agriculture_heterogeneous_team_042,spray_patch,2026-01-21T01:21:30.000Z,start,sprayer_1,sprayer_rover,smart_agriculture_heterogeneous_team_042_exec_6,inprogress,85.6,71.84,24.53,0.0,null,null,null,null,null
smart_agriculture_heterogeneous_team_042,spray_patch,2026-01-21T01:22:23.000Z,null,sprayer_1,sprayer_rover,smart_agriculture_heterogeneous_team_042_exec_6,inprogress,84.0,71.84,24.53,0.0,null,null,null,null,null
smart_agriculture_heterogeneous_team_042,spray_patch,2026-01-21T01:23:16.000Z,null,sprayer_1,sprayer_rover,smart_agriculture_heterogeneous_team_042_exec_6,inprogress,82.4,71.84,24.53,0.0,null,null,null,null,null
smart_agriculture_heterogeneous_team_042,spray_patch,2026-01-21T01:24:09.000Z,null,sprayer_1,sprayer_rover,smart_agriculture_heterogeneous_team_042_exec_6,inprogress,80.7,71.84,24.53,0.0,null,null,null,null,null
smart_agriculture_heterogeneous_team_042,spray_patch,2026-01-21T01:25:05.000Z,complete,sprayer_1,sprayer_rover,smart_agriculture_heterogeneous_team_042_exec_6,done,79.1,71.84,24.53,0.0,null,null,null,null,null
smart_agriculture_heterogeneous_team_042,send_refill_request,2026-01-21T01:25:06.000Z,start,sprayer_1,sprayer_rover,smart_agriculture_heterogeneous_team_042_exec_7,inprogress,79.1,71.84,24.53,0.0,msg_fd2e40e16e,refill needed at current patch,send,sprayer_1,supply_1
smart_agriculture_heterogeneous_team_042,send_refill_request,2026-01-21T01:25:13.000Z,complete,sprayer_1,sprayer_rover,smart_agriculture_heterogeneous_team_042_exec_7,done,78.9,71.84,24.53,0.0,msg_fd2e40e16e,refill needed at current patch,send,sprayer_1,supply_1
smart_agriculture_heterogeneous_team_042,receive_refill_request,2026-01-21T01:25:19.000Z,start,supply_1,supply_rover,smart_agriculture_heterogeneous_team_042_exec_8,inprogress,89.4,0.0,0.0,0.0,msg_fd2e40e16e,refill needed at current patch,receive,sprayer_1,supply_1
smart_agriculture_heterogeneous_team_042,receive_refill_request,2026-01-21T01:25:23.000Z,complete,supply_1,supply_rover,smart_agriculture_heterogeneous_team_042_exec_8,done,89.3,0.0,0.0,0.0,msg_fd2e40e16e,refill needed at current patch,receive,sprayer_1,supply_1
smart_agriculture_heterogeneous_team_042,deliver_refill,2026-01-21T01:25:24.000Z,start,supply_1,supply_rover,smart_agriculture_heterogeneous_team_042_exec_9,inprogress,89.3,0.0,0.0,0.0,null,null,null,null,null
smart_agriculture_heterogeneous_team_042,deliver_refill,2026-01-21T01:26:59.000Z,null,supply_1,supply_rover,smart_agriculture_heterogeneous_team_042_exec_9,inprogress,88.2,24.41,6.86,0.0,null,null,null,null,null
smart_agriculture_heterogeneous_team_042,deliver_refill,2026-01-21T01:28:34.000Z,null,supply_1,supply_rover,smart_agriculture_heterogeneous_team_042_exec_9,inprogress,87.2,48.82,13.71,0.0,null,null,null,null,null
smart_agriculture_heterogeneous_team_042,deliver_refill,2026-01-21T01:30:10.000Z,complete,supply_1,supply_rover,smart_agriculture_heterogeneous_team_042_exec_9,done,86.2,73.23,20.57,0.0,null,null,null,null,null
smart_agriculture_heterogeneous_team_042,send_treatment_ack,2026-01-21T01:30:11.000Z,start,supply_1,supply_rover,smart_agriculture_heterogeneous_team_042_exec_10,inprogress,86.2,73.23,20.57,0.0,msg_566888c588,refill delivered and treatment may resume,send,supply_1,sprayer_1
smart_agriculture_heterogeneous_team_042,send_treatment_ack,2026-01-21T01:30:16.000Z,complete,supply_1,supply_rover,smart_agriculture_heterogeneous_team_042_exec_10,done,86.0,73.23,20.57,0.0,msg_566888c588,refill delivered and treatment may resume,send,supply_1,sprayer_1
smart_agriculture_heterogeneous_team_042,receive_treatment_ack,2026-01-21T01:30:20.000Z,start,sprayer_1,sprayer_rover,smart_agriculture_heterogeneous_team_042_exec_11,inprogress,78.9,71.84,24.53,0.0,msg_566888c588,refill delivered and treatment may resume,receive,supply_1,sprayer_1
smart_agriculture_heterogeneous_team_042,receive_treatment_ack,2026-01-21T01:30:24.000Z,complete,sprayer_1,sprayer_rover,smart_agriculture_heterogeneous_team_042_exec_11,done,78.8,71.84,24.53,0.0,msg_566888c588,refill delivered and treatment may resume,receive,supply_1,sprayer_1
smart_agriculture_heterogeneous_team_042,resume_treatment,2026-01-21T01:30:25.000Z,start,sprayer_1,sprayer_rover,smart_agriculture_heterogeneous_team_042_exec_12,inprogress,78.8,71.84,24.53,0.0,null,null,null,null,null
smart_agriculture_heterogeneous_team_042,resume_treatment,2026-01-21T01:30:56.000Z,null,sprayer_1,sprayer_rover,smart_agriculture_heterogeneous_team_042_exec_12,inprogress,77.8,71.84,24.53,0.0,null,null,null,null,null
smart_agriculture_heterogeneous_team_042,resume_treatment,2026-01-21T01:31:27.000Z,null,sprayer_1,sprayer_rover,smart_agriculture_heterogeneous_team_042_exec_12,inprogress,76.8,71.84,24.53,0.0,null,null,null,null,null
smart_agriculture_heterogeneous_team_042,resume_treatment,2026-01-21T01:31:58.000Z,null,sprayer_1,sprayer_rover,smart_agriculture_heterogeneous_team_042_exec_12,inprogress,75.8,71.84,24.53,0.0,null,null,null,null,null
smart_agriculture_heterogeneous_team_042,resume_treatment,2026-01-21T01:32:32.000Z,complete,sprayer_1,sprayer_rover,smart_agriculture_heterogeneous_team_042_exec_12,done,74.7,71.84,24.53,0.0,null,null,null,null,null
smart_agriculture_heterogeneous_team_042,return_base,2026-01-21T01:32:33.000Z,start,drone_scout_1,drone_scout,smart_agriculture_heterogeneous_team_042_exec_13,inprogress,81.5,71.84,24.53,23.52,null,null,null,null,null
smart_agriculture_heterogeneous_team_042,return_base,2026-01-21T01:33:27.000Z,null,drone_scout_1,drone_scout,smart_agriculture_heterogeneous_team_042_exec_13,inprogress,80.7,53.88,18.4,18.89,null,null,null,null,null
smart_agriculture_heterogeneous_team_042,return_base,2026-01-21T01:34:21.000Z,null,drone_scout_1,drone_scout,smart_agriculture_heterogeneous_team_042_exec_13,inprogress,79.8,35.92,12.27,14.26,null,null,null,null,null
smart_agriculture_heterogeneous_team_042,return_base,2026-01-21T01:35:15.000Z,null,drone_scout_1,drone_scout,smart_agriculture_heterogeneous_team_042_exec_13,inprogress,79.0,17.96,6.13,9.63,null,null,null,null,null
smart_agriculture_heterogeneous_team_042,return_base,2026-01-21T01:36:09.000Z,complete,drone_scout_1,drone_scout,smart_agriculture_heterogeneous_team_042_exec_13,done,78.2,0.0,0.0,5.0,null,null,null,null,null
smart_agriculture_heterogeneous_team_042,return_base,2026-01-21T01:36:10.000Z,start,sprayer_1,sprayer_rover,smart_agriculture_heterogeneous_team_042_exec_14,inprogress,74.7,71.84,24.53,0.0,null,null,null,null,null
smart_agriculture_heterogeneous_team_042,return_base,2026-01-21T01:37:19.000Z,null,sprayer_1,sprayer_rover,smart_agriculture_heterogeneous_team_042_exec_14,inprogress,73.9,57.48,19.63,0.0,null,null,null,null,null
smart_agriculture_heterogeneous_team_042,return_base,2026-01-21T01:38:28.000Z,null,sprayer_1,sprayer_rover,smart_agriculture_heterogeneous_team_042_exec_14,inprogress,73.0,43.11,14.72,0.0,null,null,null,null,null
smart_agriculture_heterogeneous_team_042,return_base,2026-01-21T01:39:37.000Z,null,sprayer_1,sprayer_rover,smart_agriculture_heterogeneous_team_042_exec_14,inprogress,72.2,28.74,9.81,0.0,null,null,null,null,null
smart_agriculture_heterogeneous_team_042,return_base,2026-01-21T01:40:46.000Z,null,sprayer_1,sprayer_rover,smart_agriculture_heterogeneous_team_042_exec_14,inprogress,71.4,14.37,4.91,0.0,null,null,null,null,null
smart_agriculture_heterogeneous_team_042,return_base,2026-01-21T01:41:56.000Z,complete,sprayer_1,sprayer_rover,smart_agriculture_heterogeneous_team_042_exec_14,done,70.5,0.0,0.0,0.0,null,null,null,null,null
smart_agriculture_heterogeneous_team_042,return_base,2026-01-21T01:41:57.000Z,start,supply_1,supply_rover,smart_agriculture_heterogeneous_team_042_exec_15,inprogress,86.0,73.23,20.57,0.0,null,null,null,null,null
smart_agriculture_heterogeneous_team_042,return_base,2026-01-21T01:43:23.000Z,null,supply_1,supply_rover,smart_agriculture_heterogeneous_team_042_exec_15,inprogress,84.7,48.82,13.71,0.0,null,null,null,null,null
smart_agriculture_heterogeneous_team_042,return_base,2026-01-21T01:44:49.000Z,null,supply_1,supply_rover,smart_agriculture_heterogeneous_team_042_exec_15,inprogress,83.3,24.41,6.86,0.0,null,null,null,null,null
smart_agriculture_heterogeneous_team_042,return_base,2026-01-21T01:46:17.000Z,complete,supply_1,supply_rover,smart_agriculture_heterogeneous_team_042_exec_15,done,82.0,0.0,0.0,0.0,null,null,null,null,null
smart_agriculture_heterogeneous_team_043,survey_field,2026-01-21T01:36:00.000Z,start,drone_scout_1,drone_scout,smart_agriculture_heterogeneous_team_043_exec_1,inprogress,84.8,0.0,0.0,5.0,null,null,null,null,null
smart_agriculture_heterogeneous_team_043,survey_field,2026-01-21T01:36:53.000Z,null,drone_scout_1,drone_scout,smart_agriculture_heterogeneous_team_043_exec_1,inprogress,83.8,8.1,9.55,7.84,null,null,null,null,null
smart_agriculture_heterogeneous_team_043,survey_field,2026-01-21T01:37:46.000Z,null,drone_scout_1,drone_scout,smart_agriculture_heterogeneous_team_043_exec_1,inprogress,82.7,16.2,19.09,10.68,null,null,null,null,null
smart_agriculture_heterogeneous_team_043,survey_field,2026-01-21T01:38:39.000Z,null,drone_scout_1,drone_scout,smart_agriculture_heterogeneous_team_043_exec_1,inprogress,81.7,24.3,28.64,13.52,null,null,null,null,null
smart_agriculture_heterogeneous_team_043,survey_field,2026-01-21T01:39:32.000Z,null,drone_scout_1,drone_scout,smart_agriculture_heterogeneous_team_043_exec_1,inprogress,80.7,32.4,38.18,16.35,null,null,null,null,null
smart_agriculture_heterogeneous_team_043,survey_field,2026-01-21T01:40:25.000Z,null,drone_scout_1,drone_scout,smart_agriculture_heterogeneous_team_043_exec_1,inprogress,79.6,40.5,47.73,19.19,null,null,null,null,null
smart_agriculture_heterogeneous_team_043,survey_field,2026-01-21T01:41:19.000Z,complete,drone_scout_1,drone_scout,smart_agriculture_heterogeneous_team_043_exec_1,done,78.6,48.6,57.27,22.03,null,null,null,null,null
smart_agriculture_heterogeneous_team_043,detect_patch,2026-01-21T01:41:20.000Z,start,drone_scout_1,drone_scout,smart_agriculture_heterogeneous_team_043_exec_2,inprogress,78.6,48.6,57.27,22.03,null,null,null,null,null
smart_agriculture_heterogeneous_team_043,detect_patch,2026-01-21T01:41:45.000Z,complete,drone_scout_1,drone_scout,smart_agriculture_heterogeneous_team_043_exec_2,done,78.1,48.6,57.27,22.03,null,null,null,null,null
smart_agriculture_heterogeneous_team_043,send_patch_coordinates,2026-01-21T01:41:46.000Z,start,drone_scout_1,drone_scout,smart_agriculture_heterogeneous_team_043_exec_3,inprogress,78.1,48.6,57.27,22.03,msg_6ef2df4317,weed patch coordinates and density,send,drone_scout_1,sprayer_1
smart_agriculture_heterogeneous_team_043,send_patch_coordinates,2026-01-21T01:41:54.000Z,complete,drone_scout_1,drone_scout,smart_agriculture_heterogeneous_team_043_exec_3,done,77.9,48.6,57.27,22.03,msg_6ef2df4317,weed patch coordinates and density,send,drone_scout_1,sprayer_1
smart_agriculture_heterogeneous_team_043,receive_patch_coordinates,2026-01-21T01:41:59.000Z,start,sprayer_1,sprayer_rover,smart_agriculture_heterogeneous_team_043_exec_4,inprogress,69.4,0.0,0.0,0.0,msg_6ef2df4317,weed patch coordinates and density,receive,drone_scout_1,sprayer_1
smart_agriculture_heterogeneous_team_043,receive_patch_coordinates,2026-01-21T01:42:03.000Z,complete,sprayer_1,sprayer_rover,smart_agriculture_heterogeneous_team_043_exec_4,done,69.3,0.0,0.0,0.0,msg_6ef2df4317,weed patch coordinates and density,receive,drone_scout_1,sprayer_1
smart_agriculture_heterogeneous_team_043,receive_patch_coordinates,2026-01-21T01:42:07.000Z,start,sprayer_1,sprayer_rover,smart_agriculture_heterogeneous_team_043_exec_5,inprogress,69.3,0.0,0.0,0.0,msg_6ef2df4317,weed patch coordinates and density,receive,drone_scout_1,sprayer_1
smart_agriculture_heterogeneous_team_043,receive_patch_coordinates,2026-01-21T01:42:11.000Z,complete,sprayer_1,sprayer_rover,smart_agriculture_heterogeneous_team_043_exec_5,done,69.2,0.0,0.0,0.0,msg_6ef2df4317,weed patch coordinates and density,receive,drone_scout_1,sprayer_1
smart_agriculture_heterogeneous_team_043,queue_wait,2026-01-21T01:42:12.000Z,start,sprayer_1,sprayer_rover,smart_agriculture_heterogeneous_team_043_exec_6,inprogress,69.2,0.0,0.0,0.0,null,null,null,null,null
smart_agriculture_heterogeneous_team_043,queue_wait,2026-01-21T01:42:44.000Z,null,sprayer_1,sprayer_rover,smart_agriculture_heterogeneous_team_043_exec_6,inprogress,69.0,0.0,0.0,0.0,null,null,null,null,null
smart_agriculture_heterogeneous_team_043,queue_wait,2026-01-21T01:43:17.000Z,complete,sprayer_1,sprayer_rover,smart_agriculture_heterogeneous_team_043_exec_6,done,68.8,0.0,0.0,0.0,null,null,null,null,null
smart_agriculture_heterogeneous_team_043,navigate_to_patch,2026-01-21T01:43:18.000Z,start,sprayer_1,sprayer_rover,smart_agriculture_heterogeneous_team_043_exec_7,inprogress,68.8,0.0,0.0,0.0,null,null,null,null,null
smart_agriculture_heterogeneous_team_043,navigate_to_patch,2026-01-21T01:44:21.000Z,null,sprayer_1,sprayer_rover,smart_agriculture_heterogeneous_team_043_exec_7,inprogress,67.6,8.1,9.55,0.0,null,null,null,null,null
smart_agriculture_heterogeneous_team_043,navigate_to_patch,2026-01-21T01:45:24.000Z,null,sprayer_1,sprayer_rover,smart_agriculture_heterogeneous_team_043_exec_7,inprogress,66.4,16.2,19.09,0.0,null,null,null,null,null
smart_agriculture_heterogeneous_team_043,navigate_to_patch,2026-01-21T01:46:27.000Z,null,sprayer_1,sprayer_rover,smart_agriculture_heterogeneous_team_043_exec_7,inprogress,65.2,24.3,28.64,0.0,null,null,null,null,null
smart_agriculture_heterogeneous_team_043,navigate_to_patch,2026-01-21T01:47:30.000Z,null,sprayer_1,sprayer_rover,smart_agriculture_heterogeneous_team_043_exec_7,inprogress,63.9,32.4,38.18,0.0,null,null,null,null,null
smart_agriculture_heterogeneous_team_043,navigate_to_patch,2026-01-21T01:48:33.000Z,null,sprayer_1,sprayer_rover,smart_agriculture_heterogeneous_team_043_exec_7,inprogress,62.7,40.5,47.73,0.0,null,null,null,null,null
smart_agriculture_heterogeneous_team_043,navigate_to_patch,2026-01-21T01:49:38.000Z,complete,sprayer_1,sprayer_rover,smart_agriculture_heterogeneous_team_043_exec_7,done,61.5,48.6,57.27,0.0,null,null,null,null,null
smart_agriculture_heterogeneous_team_043,spray_patch,2026-01-21T01:49:39.000Z,start,sprayer_1,sprayer_rover,smart_agriculture_heterogeneous_team_043_exec_8,inprogress,61.5,48.6,57.27,0.0,null,null,null,null,null
smart_agriculture_heterogeneous_team_043,spray_patch,2026-01-21T01:50:11.000Z,null,sprayer_1,sprayer_rover,smart_agriculture_heterogeneous_team_043_exec_8,inprogress,60.5,48.6,57.27,0.0,null,null,null,null,null
smart_agriculture_heterogeneous_team_043,spray_patch,2026-01-21T01:50:43.000Z,null,sprayer_1,sprayer_rover,smart_agriculture_heterogeneous_team_043_exec_8,inprogress,59.5,48.6,57.27,0.0,null,null,null,null,null
smart_agriculture_heterogeneous_team_043,spray_patch,2026-01-21T01:51:15.000Z,null,sprayer_1,sprayer_rover,smart_agriculture_heterogeneous_team_043_exec_8,inprogress,58.5,48.6,57.27,0.0,null,null,null,null,null
smart_agriculture_heterogeneous_team_043,spray_patch,2026-01-21T01:51:47.000Z,null,sprayer_1,sprayer_rover,smart_agriculture_heterogeneous_team_043_exec_8,inprogress,57.5,48.6,57.27,0.0,null,null,null,null,null
smart_agriculture_heterogeneous_team_043,spray_patch,2026-01-21T01:52:19.000Z,complete,sprayer_1,sprayer_rover,smart_agriculture_heterogeneous_team_043_exec_8,done,56.5,48.6,57.27,0.0,null,null,null,null,null
smart_agriculture_heterogeneous_team_043,send_refill_request,2026-01-21T01:52:20.000Z,start,sprayer_1,sprayer_rover,smart_agriculture_heterogeneous_team_043_exec_9,inprogress,56.5,48.6,57.27,0.0,msg_c68c3b256f,refill needed at current patch,send,sprayer_1,supply_1
smart_agriculture_heterogeneous_team_043,send_refill_request,2026-01-21T01:52:28.000Z,complete,sprayer_1,sprayer_rover,smart_agriculture_heterogeneous_team_043_exec_9,done,56.3,48.6,57.27,0.0,msg_c68c3b256f,refill needed at current patch,send,sprayer_1,supply_1
smart_agriculture_heterogeneous_team_043,receive_refill_request,2026-01-21T01:52:34.000Z,start,supply_1,supply_rover,smart_agriculture_heterogeneous_team_043_exec_10,inprogress,96.2,0.0,0.0,0.0,msg_c68c3b256f,refill needed at current patch,receive,sprayer_1,supply_1
smart_agriculture_heterogeneous_team_043,receive_refill_request,2026-01-21T01:52:38.000Z,complete,supply_1,supply_rover,smart_agriculture_heterogeneous_team_043_exec_10,done,96.1,0.0,0.0,0.0,msg_c68c3b256f,refill needed at current patch,receive,sprayer_1,supply_1
smart_agriculture_heterogeneous_team_043,deliver_refill,2026-01-21T01:52:39.000Z,start,supply_1,supply_rover,smart_agriculture_heterogeneous_team_043_exec_11,inprogress,96.1,0.0,0.0,0.0,null,null,null,null,null
smart_agriculture_heterogeneous_team_043,deliver_refill,2026-01-21T01:54:25.000Z,null,supply_1,supply_rover,smart_agriculture_heterogeneous_team_043_exec_11,inprogress,94.6,15.28,19.41,0.0,null,null,null,null,null
smart_agriculture_heterogeneous_team_043,deliver_refill,2026-01-21T01:56:11.000Z,null,supply_1,supply_rover,smart_agriculture_heterogeneous_team_043_exec_11,inprogress,93.0,30.55,38.81,0.0,null,null,null,null,null
smart_agriculture_heterogeneous_team_043,deliver_refill,2026-01-21T01:57:58.000Z,complete,supply_1,supply_rover,smart_agriculture_heterogeneous_team_043_exec_11,done,91.4,45.83,58.22,0.0,null,null,null,null,null
smart_agriculture_heterogeneous_team_043,send_treatment_ack,2026-01-21T01:57:59.000Z,start,supply_1,supply_rover,smart_agriculture_heterogeneous_team_043_exec_12,inprogress,91.4,45.83,58.22,0.0,msg_885baaf74f,refill delivered and treatment may resume,send,supply_1,sprayer_1
smart_agriculture_heterogeneous_team_043,send_treatment_ack,2026-01-21T01:58:03.000Z,complete,supply_1,supply_rover,smart_agriculture_heterogeneous_team_043_exec_12,done,91.2,45.83,58.22,0.0,msg_885baaf74f,refill delivered and treatment may resume,send,supply_1,sprayer_1
smart_agriculture_heterogeneous_team_043,receive_treatment_ack,2026-01-21T01:58:07.000Z,start,sprayer_1,sprayer_rover,smart_agriculture_heterogeneous_team_043_exec_13,inprogress,56.3,48.6,57.27,0.0,msg_885baaf74f,refill delivered and treatment may resume,receive,supply_1,sprayer_1
smart_agriculture_heterogeneous_team_043,receive_treatment_ack,2026-01-21T01:58:11.000Z,complete,sprayer_1,sprayer_rover,smart_agriculture_heterogeneous_team_043_exec_13,done,56.2,48.6,57.27,0.0,msg_885baaf74f,refill delivered and treatment may resume,receive,supply_1,sprayer_1
smart_agriculture_heterogeneous_team_043,resume_treatment,2026-01-21T01:58:12.000Z,start,sprayer_1,sprayer_rover,smart_agriculture_heterogeneous_team_043_exec_14,inprogress,56.2,48.6,57.27,0.0,null,null,null,null,null
smart_agriculture_heterogeneous_team_043,resume_treatment,2026-01-21T01:58:55.000Z,null,sprayer_1,sprayer_rover,smart_agriculture_heterogeneous_team_043_exec_14,inprogress,55.6,48.6,57.27,0.0,null,null,null,null,null
smart_agriculture_heterogeneous_team_043,resume_treatment,2026-01-21T01:59:38.000Z,null,sprayer_1,sprayer_rover,smart_agriculture_heterogeneous_team_043_exec_14,inprogress,55.0,48.6,57.27,0.0,null,null,null,null,null
smart_agriculture_heterogeneous_team_043,resume_treatment,2026-01-21T02:00:21.000Z,null,sprayer_1,sprayer_rover,smart_agriculture_heterogeneous_team_043_exec_14,inprogress,54.4,48.6,57.27,0.0,null,null,null,null,null
smart_agriculture_heterogeneous_team_043,resume_treatment,2026-01-21T02:01:07.000Z,complete,sprayer_1,sprayer_rover,smart_agriculture_heterogeneous_team_043_exec_14,done,53.8,48.6,57.27,0.0,null,null,null,null,null
smart_agriculture_heterogeneous_team_043,return_base,2026-01-21T02:01:08.000Z,start,drone_scout_1,drone_scout,smart_agriculture_heterogeneous_team_043_exec_15,inprogress,77.9,48.6,57.27,22.03,null,null,null,null,null
smart_agriculture_heterogeneous_team_043,return_base,2026-01-21T02:01:47.000Z,null,drone_scout_1,drone_scout,smart_agriculture_heterogeneous_team_043_exec_15,inprogress,77.1,38.88,45.82,18.62,null,null,null,null,null
smart_agriculture_heterogeneous_team_043,return_base,2026-01-21T02:02:26.000Z,null,drone_scout_1,drone_scout,smart_agriculture_heterogeneous_team_043_exec_15,inprogress,76.3,29.16,34.36,15.22,null,null,null,null,null
smart_agriculture_heterogeneous_team_043,return_base,2026-01-21T02:03:05.000Z,null,drone_scout_1,drone_scout,smart_agriculture_heterogeneous_team_043_exec_15,inprogress,75.5,19.44,22.91,11.81,null,null,null,null,null
smart_agriculture_heterogeneous_team_043,return_base,2026-01-21T02:03:44.000Z,null,drone_scout_1,drone_scout,smart_agriculture_heterogeneous_team_043_exec_15,inprogress,74.7,9.72,11.45,8.41,null,null,null,null,null
smart_agriculture_heterogeneous_team_043,return_base,2026-01-21T02:04:26.000Z,complete,drone_scout_1,drone_scout,smart_agriculture_heterogeneous_team_043_exec_15,done,73.9,0.0,0.0,5.0,null,null,null,null,null
smart_agriculture_heterogeneous_team_043,return_base,2026-01-21T02:04:27.000Z,start,sprayer_1,sprayer_rover,smart_agriculture_heterogeneous_team_043_exec_16,inprogress,53.8,48.6,57.27,0.0,null,null,null,null,null
smart_agriculture_heterogeneous_team_043,return_base,2026-01-21T02:05:39.000Z,null,sprayer_1,sprayer_rover,smart_agriculture_heterogeneous_team_043_exec_16,inprogress,52.8,36.45,42.95,0.0,null,null,null,null,null
smart_agriculture_heterogeneous_team_043,return_base,2026-01-21T02:06:51.000Z,null,sprayer_1,sprayer_rover,smart_agriculture_heterogeneous_team_043_exec_16,inprogress,51.7,24.3,28.64,0.0,null,null,null,null,null
smart_agriculture_heterogeneous_team_043,return_base,2026-01-21T02:08:03.000Z,null,sprayer_1,sprayer_rover,smart_agriculture_heterogeneous_team_043_exec_16,inprogress,50.7,12.15,14.32,0.0,null,null,null,null,null
smart_agriculture_heterogeneous_team_043,return_base,2026-01-21T02:09:18.000Z,complete,sprayer_1,sprayer_rover,smart_agriculture_heterogeneous_team_043_exec_16,done,49.6,0.0,0.0,0.0,null,null,null,null,null
smart_agriculture_heterogeneous_team_043,return_base,2026-01-21T02:09:19.000Z,start,supply_1,supply_rover,smart_agriculture_heterogeneous_team_043_exec_17,inprogress,91.2,45.83,58.22,0.0,null,null,null,null,null
smart_agriculture_heterogeneous_team_043,return_base,2026-01-21T02:10:13.000Z,null,supply_1,supply_rover,smart_agriculture_heterogeneous_team_043_exec_17,inprogress,90.5,34.37,43.66,0.0,null,null,null,null,null
smart_agriculture_heterogeneous_team_043,return_base,2026-01-21T02:11:07.000Z,null,supply_1,supply_rover,smart_agriculture_heterogeneous_team_043_exec_17,inprogress,89.7,22.91,29.11,0.0,null,null,null,null,null
smart_agriculture_heterogeneous_team_043,return_base,2026-01-21T02:12:01.000Z,null,supply_1,supply_rover,smart_agriculture_heterogeneous_team_043_exec_17,inprogress,89.0,11.46,14.55,0.0,null,null,null,null,null
smart_agriculture_heterogeneous_team_043,return_base,2026-01-21T02:12:55.000Z,complete,supply_1,supply_rover,smart_agriculture_heterogeneous_team_043_exec_17,done,88.2,0.0,0.0,0.0,null,null,null,null,null
smart_agriculture_heterogeneous_team_044,survey_field,2026-01-21T02:04:00.000Z,start,drone_scout_1,drone_scout,smart_agriculture_heterogeneous_team_044_exec_1,inprogress,96.0,0.0,0.0,5.0,null,null,null,null,null
smart_agriculture_heterogeneous_team_044,survey_field,2026-01-21T02:04:33.000Z,null,drone_scout_1,drone_scout,smart_agriculture_heterogeneous_team_044_exec_1,inprogress,95.2,6.54,3.82,6.98,null,null,null,null,null
smart_agriculture_heterogeneous_team_044,survey_field,2026-01-21T02:05:06.000Z,null,drone_scout_1,drone_scout,smart_agriculture_heterogeneous_team_044_exec_1,inprogress,94.4,13.08,7.63,8.95,null,null,null,null,null
smart_agriculture_heterogeneous_team_044,survey_field,2026-01-21T02:05:39.000Z,null,drone_scout_1,drone_scout,smart_agriculture_heterogeneous_team_044_exec_1,inprogress,93.6,19.63,11.45,10.93,null,null,null,null,null
smart_agriculture_heterogeneous_team_044,survey_field,2026-01-21T02:06:12.000Z,null,drone_scout_1,drone_scout,smart_agriculture_heterogeneous_team_044_exec_1,inprogress,92.8,26.17,15.27,12.9,null,null,null,null,null
smart_agriculture_heterogeneous_team_044,survey_field,2026-01-21T02:06:45.000Z,null,drone_scout_1,drone_scout,smart_agriculture_heterogeneous_team_044_exec_1,inprogress,92.0,32.71,19.09,14.88,null,null,null,null,null
smart_agriculture_heterogeneous_team_044,survey_field,2026-01-21T02:07:18.000Z,null,drone_scout_1,drone_scout,smart_agriculture_heterogeneous_team_044_exec_1,inprogress,91.2,39.25,22.9,16.85,null,null,null,null,null
smart_agriculture_heterogeneous_team_044,survey_field,2026-01-21T02:07:53.000Z,complete,drone_scout_1,drone_scout,smart_agriculture_heterogeneous_team_044_exec_1,done,90.4,45.8,26.72,18.83,null,null,null,null,null
smart_agriculture_heterogeneous_team_044,detect_patch,2026-01-21T02:07:54.000Z,start,drone_scout_1,drone_scout,smart_agriculture_heterogeneous_team_044_exec_2,inprogress,90.4,45.8,26.72,18.83,null,null,null,null,null
smart_agriculture_heterogeneous_team_044,detect_patch,2026-01-21T02:08:14.000Z,complete,drone_scout_1,drone_scout,smart_agriculture_heterogeneous_team_044_exec_2,done,89.9,45.8,26.72,18.83,null,null,null,null,null
smart_agriculture_heterogeneous_team_044,send_patch_coordinates,2026-01-21T02:08:15.000Z,start,drone_scout_1,drone_scout,smart_agriculture_heterogeneous_team_044_exec_3,inprogress,89.9,45.8,26.72,18.83,msg_ce9efe762e,weed patch coordinates and density,send,drone_scout_1,sprayer_1
smart_agriculture_heterogeneous_team_044,send_patch_coordinates,2026-01-21T02:08:22.000Z,complete,drone_scout_1,drone_scout,smart_agriculture_heterogeneous_team_044_exec_3,done,89.7,45.8,26.72,18.83,msg_ce9efe762e,weed patch coordinates and density,send,drone_scout_1,sprayer_1
smart_agriculture_heterogeneous_team_044,receive_patch_coordinates,2026-01-21T02:09:45.000Z,start,sprayer_1,sprayer_rover,smart_agriculture_heterogeneous_team_044_exec_4,inprogress,87.6,0.0,0.0,0.0,msg_ce9efe762e,weed patch coordinates and density,receive,drone_scout_1,sprayer_1
smart_agriculture_heterogeneous_team_044,receive_patch_coordinates,2026-01-21T02:09:49.000Z,complete,sprayer_1,sprayer_rover,smart_agriculture_heterogeneous_team_044_exec_4,done,87.5,0.0,0.0,0.0,msg_ce9efe762e,weed patch coordinates and density,receive,drone_scout_1,sprayer_1
smart_agriculture_heterogeneous_team_044,navigate_to_patch,2026-01-21T02:09:50.000Z,start,sprayer_1,sprayer_rover,smart_agriculture_heterogeneous_team_044_exec_5,inprogress,87.5,0.0,0.0,0.0,null,null,null,null,null
smart_agriculture_heterogeneous_team_044,navigate_to_patch,2026-01-21T02:10:52.000Z,null,sprayer_1,sprayer_rover,smart_agriculture_heterogeneous_team_044_exec_5,inprogress,86.4,11.45,6.68,0.0,null,null,null,null,null
smart_agriculture_heterogeneous_team_044,navigate_to_patch,2026-01-21T02:11:54.000Z,null,sprayer_1,sprayer_rover,smart_agriculture_heterogeneous_team_044_exec_5,inprogress,85.2,22.9,13.36,0.0,null,null,null,null,null
smart_agriculture_heterogeneous_team_044,navigate_to_patch,2026-01-21T02:12:56.000Z,null,sprayer_1,sprayer_rover,smart_agriculture_heterogeneous_team_044_exec_5,inprogress,84.1,34.35,20.04,0.0,null,null,null,null,null
smart_agriculture_heterogeneous_team_044,navigate_to_patch,2026-01-21T02:14:01.000Z,complete,sprayer_1,sprayer_rover,smart_agriculture_heterogeneous_team_044_exec_5,done,82.9,45.8,26.72,0.0,null,null,null,null,null
smart_agriculture_heterogeneous_team_044,spray_patch,2026-01-21T02:14:02.000Z,start,sprayer_1,sprayer_rover,smart_agriculture_heterogeneous_team_044_exec_6,inprogress,82.9,45.8,26.72,0.0,null,null,null,null,null
smart_agriculture_heterogeneous_team_044,spray_patch,2026-01-21T02:14:48.000Z,null,sprayer_1,sprayer_rover,smart_agriculture_heterogeneous_team_044_exec_6,inprogress,81.8,45.8,26.72,0.0,null,null,null,null,null
smart_agriculture_heterogeneous_team_044,spray_patch,2026-01-21T02:15:34.000Z,null,sprayer_1,sprayer_rover,smart_agriculture_heterogeneous_team_044_exec_6,inprogress,80.7,45.8,26.72,0.0,null,null,null,null,null
smart_agriculture_heterogeneous_team_044,spray_patch,2026-01-21T02:16:20.000Z,null,sprayer_1,sprayer_rover,smart_agriculture_heterogeneous_team_044_exec_6,inprogress,79.6,45.8,26.72,0.0,null,null,null,null,null
smart_agriculture_heterogeneous_team_044,spray_patch,2026-01-21T02:17:09.000Z,complete,sprayer_1,sprayer_rover,smart_agriculture_heterogeneous_team_044_exec_6,done,78.5,45.8,26.72,0.0,null,null,null,null,null
smart_agriculture_heterogeneous_team_044,return_base,2026-01-21T02:17:10.000Z,start,drone_scout_1,drone_scout,smart_agriculture_heterogeneous_team_044_exec_7,inprogress,89.7,45.8,26.72,18.83,null,null,null,null,null
smart_agriculture_heterogeneous_team_044,return_base,2026-01-21T02:18:13.000Z,null,drone_scout_1,drone_scout,smart_agriculture_heterogeneous_team_044_exec_7,inprogress,88.5,30.53,17.81,14.22,null,null,null,null,null
smart_agriculture_heterogeneous_team_044,return_base,2026-01-21T02:19:16.000Z,null,drone_scout_1,drone_scout,smart_agriculture_heterogeneous_team_044_exec_7,inprogress,87.2,15.27,8.91,9.61,null,null,null,null,null
smart_agriculture_heterogeneous_team_044,return_base,2026-01-21T02:20:20.000Z,complete,drone_scout_1,drone_scout,smart_agriculture_heterogeneous_team_044_exec_7,done,86.0,0.0,0.0,5.0,null,null,null,null,null
smart_agriculture_heterogeneous_team_044,return_base,2026-01-21T02:20:21.000Z,start,sprayer_1,sprayer_rover,smart_agriculture_heterogeneous_team_044_exec_8,inprogress,78.5,45.8,26.72,0.0,null,null,null,null,null
smart_agriculture_heterogeneous_team_044,return_base,2026-01-21T02:21:02.000Z,null,sprayer_1,sprayer_rover,smart_agriculture_heterogeneous_team_044_exec_8,inprogress,77.7,36.64,21.38,0.0,null,null,null,null,null
smart_agriculture_heterogeneous_team_044,return_base,2026-01-21T02:21:43.000Z,null,sprayer_1,sprayer_rover,smart_agriculture_heterogeneous_team_044_exec_8,inprogress,77.0,27.48,16.03,0.0,null,null,null,null,null
smart_agriculture_heterogeneous_team_044,return_base,2026-01-21T02:22:24.000Z,null,sprayer_1,sprayer_rover,smart_agriculture_heterogeneous_team_044_exec_8,inprogress,76.2,18.32,10.69,0.0,null,null,null,null,null
smart_agriculture_heterogeneous_team_044,return_base,2026-01-21T02:23:05.000Z,null,sprayer_1,sprayer_rover,smart_agriculture_heterogeneous_team_044_exec_8,inprogress,75.5,9.16,5.34,0.0,null,null,null,null,null
smart_agriculture_heterogeneous_team_044,return_base,2026-01-21T02:23:46.000Z,complete,sprayer_1,sprayer_rover,smart_agriculture_heterogeneous_team_044_exec_8,done,74.8,0.0,0.0,0.0,null,null,null,null,null
smart_agriculture_heterogeneous_team_044,return_base,2026-01-21T02:23:47.000Z,start,supply_1,supply_rover,smart_agriculture_heterogeneous_team_044_exec_9,inprogress,93.0,0.0,0.0,0.0,null,null,null,null,null
smart_agriculture_heterogeneous_team_044,return_base,2026-01-21T02:24:46.000Z,null,supply_1,supply_rover,smart_agriculture_heterogeneous_team_044_exec_9,inprogress,91.6,0.0,0.0,0.0,null,null,null,null,null
smart_agriculture_heterogeneous_team_044,return_base,2026-01-21T02:25:45.000Z,null,supply_1,supply_rover,smart_agriculture_heterogeneous_team_044_exec_9,inprogress,90.2,0.0,0.0,0.0,null,null,null,null,null
smart_agriculture_heterogeneous_team_044,return_base,2026-01-21T02:26:46.000Z,complete,supply_1,supply_rover,smart_agriculture_heterogeneous_team_044_exec_9,done,88.8,0.0,0.0,0.0,null,null,null,null,null
smart_agriculture_heterogeneous_team_045,survey_field,2026-01-21T02:32:00.000Z,start,drone_scout_1,drone_scout,smart_agriculture_heterogeneous_team_045_exec_1,inprogress,84.4,0.0,0.0,5.0,null,null,null,null,null
smart_agriculture_heterogeneous_team_045,survey_field,2026-01-21T02:32:37.000Z,null,drone_scout_1,drone_scout,smart_agriculture_heterogeneous_team_045_exec_1,inprogress,83.1,11.58,3.85,8.27,null,null,null,null,null
smart_agriculture_heterogeneous_team_045,survey_field,2026-01-21T02:33:14.000Z,null,drone_scout_1,drone_scout,smart_agriculture_heterogeneous_team_045_exec_1,inprogress,81.9,23.16,7.7,11.53,null,null,null,null,null
smart_agriculture_heterogeneous_team_045,survey_field,2026-01-21T02:33:51.000Z,null,drone_scout_1,drone_scout,smart_agriculture_heterogeneous_team_045_exec_1,inprogress,80.6,34.74,11.55,14.8,null,null,null,null,null
smart_agriculture_heterogeneous_team_045,survey_field,2026-01-21T02:34:28.000Z,null,drone_scout_1,drone_scout,smart_agriculture_heterogeneous_team_045_exec_1,inprogress,79.4,46.31,15.39,18.06,null,null,null,null,null
smart_agriculture_heterogeneous_team_045,survey_field,2026-01-21T02:35:05.000Z,null,drone_scout_1,drone_scout,smart_agriculture_heterogeneous_team_045_exec_1,inprogress,78.1,57.89,19.24,21.33,null,null,null,null,null
smart_agriculture_heterogeneous_team_045,survey_field,2026-01-21T02:35:42.000Z,complete,drone_scout_1,drone_scout,smart_agriculture_heterogeneous_team_045_exec_1,done,76.9,69.47,23.09,24.6,null,null,null,null,null
smart_agriculture_heterogeneous_team_045,detect_patch,2026-01-21T02:35:43.000Z,start,drone_scout_1,drone_scout,smart_agriculture_heterogeneous_team_045_exec_2,inprogress,76.9,69.47,23.09,24.6,null,null,null,null,null
smart_agriculture_heterogeneous_team_045,detect_patch,2026-01-21T02:36:30.000Z,complete,drone_scout_1,drone_scout,smart_agriculture_heterogeneous_team_045_exec_2,done,76.6,69.47,23.09,24.6,null,null,null,null,null
smart_agriculture_heterogeneous_team_045,send_patch_coordinates,2026-01-21T02:36:31.000Z,start,drone_scout_1,drone_scout,smart_agriculture_heterogeneous_team_045_exec_3,inprogress,76.6,69.47,23.09,24.6,msg_76c9b87751,weed patch coordinates and density,send,drone_scout_1,sprayer_1
smart_agriculture_heterogeneous_team_045,send_patch_coordinates,2026-01-21T02:36:38.000Z,complete,drone_scout_1,drone_scout,smart_agriculture_heterogeneous_team_045_exec_3,done,76.4,69.47,23.09,24.6,msg_76c9b87751,weed patch coordinates and density,send,drone_scout_1,sprayer_1
smart_agriculture_heterogeneous_team_045,receive_patch_coordinates,2026-01-21T02:36:43.000Z,start,sprayer_1,sprayer_rover,smart_agriculture_heterogeneous_team_045_exec_4,inprogress,76.5,0.0,0.0,0.0,msg_76c9b87751,weed patch coordinates and density,receive,drone_scout_1,sprayer_1
smart_agriculture_heterogeneous_team_045,receive_patch_coordinates,2026-01-21T02:36:47.000Z,complete,sprayer_1,sprayer_rover,smart_agriculture_heterogeneous_team_045_exec_4,done,76.4,0.0,0.0,0.0,msg_76c9b87751,weed patch coordinates and density,receive,drone_scout_1,sprayer_1
smart_agriculture_heterogeneous_team_045,navigate_to_patch,2026-01-21T02:36:48.000Z,start,sprayer_1,sprayer_rover,smart_agriculture_heterogeneous_team_045_exec_5,inprogress,76.4,0.0,0.0,0.0,null,null,null,null,null
smart_agriculture_heterogeneous_team_045,navigate_to_patch,2026-01-21T02:38:22.000Z,null,sprayer_1,sprayer_rover,smart_agriculture_heterogeneous_team_045_exec_5,inprogress,75.2,17.37,5.77,0.0,null,null,null,null,null
smart_agriculture_heterogeneous_team_045,navigate_to_patch,2026-01-21T02:39:56.000Z,null,sprayer_1,sprayer_rover,smart_agriculture_heterogeneous_team_045_exec_5,inprogress,74.1,34.74,11.55,0.0,null,null,null,null,null
smart_agriculture_heterogeneous_team_045,navigate_to_patch,2026-01-21T02:41:30.000Z,null,sprayer_1,sprayer_rover,smart_agriculture_heterogeneous_team_045_exec_5,inprogress,72.9,52.1,17.32,0.0,null,null,null,null,null
smart_agriculture_heterogeneous_team_045,navigate_to_patch,2026-01-21T02:43:05.000Z,complete,sprayer_1,sprayer_rover,smart_agriculture_heterogeneous_team_045_exec_5,done,71.7,69.47,23.09,0.0,null,null,null,null,null
smart_agriculture_heterogeneous_team_045,spray_patch,2026-01-21T02:43:06.000Z,start,sprayer_1,sprayer_rover,smart_agriculture_heterogeneous_team_045_exec_6,inprogress,71.7,69.47,23.09,0.0,null,null,null,null,null
smart_agriculture_heterogeneous_team_045,spray_patch,2026-01-21T02:44:07.000Z,null,sprayer_1,sprayer_rover,smart_agriculture_heterogeneous_team_045_exec_6,inprogress,70.1,69.47,23.09,0.0,null,null,null,null,null
smart_agriculture_heterogeneous_team_045,spray_patch,2026-01-21T02:45:08.000Z,null,sprayer_1,sprayer_rover,smart_agriculture_heterogeneous_team_045_exec_6,inprogress,68.4,69.47,23.09,0.0,null,null,null,null,null
smart_agriculture_heterogeneous_team_045,spray_patch,2026-01-21T02:46:11.000Z,complete,sprayer_1,sprayer_rover,smart_agriculture_heterogeneous_team_045_exec_6,done,66.8,69.47,23.09,0.0,null,null,null,null,null
smart_agriculture_heterogeneous_team_045,send_refill_request,2026-01-21T02:46:12.000Z,start,sprayer_1,sprayer_rover,smart_agriculture_heterogeneous_team_045_exec_7,inprogress,66.8,69.47,23.09,0.0,msg_02aa5d81ba,refill needed at current patch,send,sprayer_1,supply_1
smart_agriculture_heterogeneous_team_045,send_refill_request,2026-01-21T02:46:17.000Z,complete,sprayer_1,sprayer_rover,smart_agriculture_heterogeneous_team_045_exec_7,done,66.6,69.47,23.09,0.0,msg_02aa5d81ba,refill needed at current patch,send,sprayer_1,supply_1
smart_agriculture_heterogeneous_team_045,receive_refill_request,2026-01-21T02:46:23.000Z,start,supply_1,supply_rover,smart_agriculture_heterogeneous_team_045_exec_8,inprogress,95.6,0.0,0.0,0.0,msg_02aa5d81ba,refill needed at current patch,receive,sprayer_1,supply_1
smart_agriculture_heterogeneous_team_045,receive_refill_request,2026-01-21T02:46:27.000Z,complete,supply_1,supply_rover,smart_agriculture_heterogeneous_team_045_exec_8,done,95.5,0.0,0.0,0.0,msg_02aa5d81ba,refill needed at current patch,receive,sprayer_1,supply_1
smart_agriculture_heterogeneous_team_045,queue_wait,2026-01-21T02:46:28.000Z,start,sprayer_1,sprayer_rover,smart_agriculture_heterogeneous_team_045_exec_9,inprogress,66.6,69.47,23.09,0.0,null,null,null,null,null
smart_agriculture_heterogeneous_team_045,queue_wait,2026-01-21T02:46:57.000Z,null,sprayer_1,sprayer_rover,smart_agriculture_heterogeneous_team_045_exec_9,inprogress,66.4,69.47,23.09,0.0,null,null,null,null,null
smart_agriculture_heterogeneous_team_045,queue_wait,2026-01-21T02:47:26.000Z,null,sprayer_1,sprayer_rover,smart_agriculture_heterogeneous_team_045_exec_9,inprogress,66.3,69.47,23.09,0.0,null,null,null,null,null
smart_agriculture_heterogeneous_team_045,queue_wait,2026-01-21T02:47:55.000Z,complete,sprayer_1,sprayer_rover,smart_agriculture_heterogeneous_team_045_exec_9,done,66.2,69.47,23.09,0.0,null,null,null,null,null
smart_agriculture_heterogeneous_team_045,deliver_refill,2026-01-21T02:47:56.000Z,start,supply_1,supply_rover,smart_agriculture_heterogeneous_team_045_exec_10,inprogress,95.5,0.0,0.0,0.0,null,null,null,null,null
smart_agriculture_heterogeneous_team_045,deliver_refill,2026-01-21T02:49:14.000Z,null,supply_1,supply_rover,smart_agriculture_heterogeneous_team_045_exec_10,inprogress,93.8,22.4,7.24,0.0,null,null,null,null,null
smart_agriculture_heterogeneous_team_045,deliver_refill,2026-01-21T02:50:32.000Z,null,supply_1,supply_rover,smart_agriculture_heterogeneous_team_045_exec_10,inprogress,92.1,44.8,14.47,0.0,null,null,null,null,null
smart_agriculture_heterogeneous_team_045,deliver_refill,2026-01-21T02:51:52.000Z,complete,supply_1,supply_rover,smart_agriculture_heterogeneous_team_045_exec_10,done,90.3,67.21,21.71,0.0,null,null,null,null,null
smart_agriculture_heterogeneous_team_045,send_treatment_ack,2026-01-21T02:51:53.000Z,start,supply_1,supply_rover,smart_agriculture_heterogeneous_team_045_exec_11,inprogress,90.3,67.21,21.71,0.0,msg_b23bfe0bfd,refill delivered and treatment may resume,send,supply_1,sprayer_1
smart_agriculture_heterogeneous_team_045,send_treatment_ack,2026-01-21T02:51:58.000Z,complete,supply_1,supply_rover,smart_agriculture_heterogeneous_team_045_exec_11,done,90.1,67.21,21.71,0.0,msg_b23bfe0bfd,refill delivered and treatment may resume,send,supply_1,sprayer_1
smart_agriculture_heterogeneous_team_045,receive_treatment_ack,2026-01-21T02:52:02.000Z,start,sprayer_1,sprayer_rover,smart_agriculture_heterogeneous_team_045_exec_12,inprogress,66.2,69.47,23.09,0.0,msg_b23bfe0bfd,refill delivered and treatment may resume,receive,supply_1,sprayer_1
smart_agriculture_heterogeneous_team_045,receive_treatment_ack,2026-01-21T02:52:06.000Z,complete,sprayer_1,sprayer_rover,smart_agriculture_heterogeneous_team_045_exec_12,done,66.1,69.47,23.09,0.0,msg_b23bfe0bfd,refill delivered and treatment may resume,receive,supply_1,sprayer_1
smart_agriculture_heterogeneous_team_045,resume_treatment,2026-01-21T02:52:07.000Z,start,sprayer_1,sprayer_rover,smart_agriculture_heterogeneous_team_045_exec_13,inprogress,66.1,69.47,23.09,0.0,null,null,null,null,null
smart_agriculture_heterogeneous_team_045,resume_treatment,2026-01-21T02:52:45.000Z,null,sprayer_1,sprayer_rover,smart_agriculture_heterogeneous_team_045_exec_13,inprogress,65.0,69.47,23.09,0.0,null,null,null,null,null
smart_agriculture_heterogeneous_team_045,resume_treatment,2026-01-21T02:53:23.000Z,null,sprayer_1,sprayer_rover,smart_agriculture_heterogeneous_team_045_exec_13,inprogress,63.9,69.47,23.09,0.0,null,null,null,null,null
smart_agriculture_heterogeneous_team_045,resume_treatment,2026-01-21T02:54:01.000Z,complete,sprayer_1,sprayer_rover,smart_agriculture_heterogeneous_team_045_exec_13,done,62.9,69.47,23.09,0.0,null,null,null,null,null
smart_agriculture_heterogeneous_team_045,return_base,2026-01-21T02:54:02.000Z,start,drone_scout_1,drone_scout,smart_agriculture_heterogeneous_team_045_exec_14,inprogress,76.4,69.47,23.09,24.6,null,null,null,null,null
smart_agriculture_heterogeneous_team_045,return_base,2026-01-21T02:54:39.000Z,null,drone_scout_1,drone_scout,smart_agriculture_heterogeneous_team_045_exec_14,inprogress,75.4,52.1,17.32,19.7,null,null,null,null,null
smart_agriculture_heterogeneous_team_045,return_base,2026-01-21T02:55:16.000Z,null,drone_scout_1,drone_scout,smart_agriculture_heterogeneous_team_045_exec_14,inprogress,74.3,34.74,11.55,14.8,null,null,null,null,null
smart_agriculture_heterogeneous_team_045,return_base,2026-01-21T02:55:53.000Z,null,drone_scout_1,drone_scout,smart_agriculture_heterogeneous_team_045_exec_14,inprogress,73.2,17.37,5.77,9.9,null,null,null,null,null
smart_agriculture_heterogeneous_team_045,return_base,2026-01-21T02:56:33.000Z,complete,drone_scout_1,drone_scout,smart_agriculture_heterogeneous_team_045_exec_14,done,72.2,0.0,0.0,5.0,null,null,null,null,null
smart_agriculture_heterogeneous_team_045,return_base,2026-01-21T02:56:34.000Z,start,sprayer_1,sprayer_rover,smart_agriculture_heterogeneous_team_045_exec_15,inprogress,62.9,69.47,23.09,0.0,null,null,null,null,null
smart_agriculture_heterogeneous_team_045,return_base,2026-01-21T02:57:29.000Z,null,sprayer_1,sprayer_rover,smart_agriculture_heterogeneous_team_045_exec_15,inprogress,61.7,55.58,18.47,0.0,null,null,null,null,null
smart_agriculture_heterogeneous_team_045,return_base,2026-01-21T02:58:24.000Z,null,sprayer_1,sprayer_rover,smart_agriculture_heterogeneous_team_045_exec_15,inprogress,60.6,41.68,13.85,0.0,null,null,null,null,null
smart_agriculture_heterogeneous_team_045,return_base,2026-01-21T02:59:19.000Z,null,sprayer_1,sprayer_rover,smart_agriculture_heterogeneous_team_045_exec_15,inprogress,59.4,27.79,9.24,0.0,null,null,null,null,null
smart_agriculture_heterogeneous_team_045,return_base,2026-01-21T03:00:14.000Z,null,sprayer_1,sprayer_rover,smart_agriculture_heterogeneous_team_045_exec_15,inprogress,58.3,13.89,4.62,0.0,null,null,null,null,null
smart_agriculture_heterogeneous_team_045,return_base,2026-01-21T03:01:09.000Z,complete,sprayer_1,sprayer_rover,smart_agriculture_heterogeneous_team_045_exec_15,done,57.1,0.0,0.0,0.0,null,null,null,null,null
smart_agriculture_heterogeneous_team_045,return_base,2026-01-21T03:01:10.000Z,start,supply_1,supply_rover,smart_agriculture_heterogeneous_team_045_exec_16,inprogress,90.1,67.21,21.71,0.0,null,null,null,null,null
smart_agriculture_heterogeneous_team_045,return_base,2026-01-21T03:02:21.000Z,null,supply_1,supply_rover,smart_agriculture_heterogeneous_team_045_exec_16,inprogress,89.2,50.4,16.28,0.0,null,null,null,null,null
smart_agriculture_heterogeneous_team_045,return_base,2026-01-21T03:03:32.000Z,null,supply_1,supply_rover,smart_agriculture_heterogeneous_team_045_exec_16,inprogress,88.2,33.6,10.86,0.0,null,null,null,null,null
smart_agriculture_heterogeneous_team_045,return_base,2026-01-21T03:04:43.000Z,null,supply_1,supply_rover,smart_agriculture_heterogeneous_team_045_exec_16,inprogress,87.3,16.8,5.43,0.0,null,null,null,null,null
smart_agriculture_heterogeneous_team_045,return_base,2026-01-21T03:05:56.000Z,complete,supply_1,supply_rover,smart_agriculture_heterogeneous_team_045_exec_16,done,86.4,0.0,0.0,0.0,null,null,null,null,null
smart_agriculture_heterogeneous_team_046,survey_field,2026-01-21T03:00:00.000Z,start,drone_scout_1,drone_scout,smart_agriculture_heterogeneous_team_046_exec_1,inprogress,85.0,0.0,0.0,5.0,null,null,null,null,null
smart_agriculture_heterogeneous_team_046,survey_field,2026-01-21T03:00:36.000Z,null,drone_scout_1,drone_scout,smart_agriculture_heterogeneous_team_046_exec_1,inprogress,84.0,7.85,6.87,6.75,null,null,null,null,null
smart_agriculture_heterogeneous_team_046,survey_field,2026-01-21T03:01:12.000Z,null,drone_scout_1,drone_scout,smart_agriculture_heterogeneous_team_046_exec_1,inprogress,83.0,15.7,13.73,8.51,null,null,null,null,null
smart_agriculture_heterogeneous_team_046,survey_field,2026-01-21T03:01:48.000Z,null,drone_scout_1,drone_scout,smart_agriculture_heterogeneous_team_046_exec_1,inprogress,81.9,23.55,20.6,10.26,null,null,null,null,null
smart_agriculture_heterogeneous_team_046,survey_field,2026-01-21T03:02:24.000Z,null,drone_scout_1,drone_scout,smart_agriculture_heterogeneous_team_046_exec_1,inprogress,80.9,31.39,27.46,12.01,null,null,null,null,null
smart_agriculture_heterogeneous_team_046,survey_field,2026-01-21T03:03:00.000Z,null,drone_scout_1,drone_scout,smart_agriculture_heterogeneous_team_046_exec_1,inprogress,79.9,39.24,34.33,13.77,null,null,null,null,null
smart_agriculture_heterogeneous_team_046,survey_field,2026-01-21T03:03:36.000Z,null,drone_scout_1,drone_scout,smart_agriculture_heterogeneous_team_046_exec_1,inprogress,78.9,47.09,41.2,15.52,null,null,null,null,null
smart_agriculture_heterogeneous_team_046,survey_field,2026-01-21T03:04:12.000Z,null,drone_scout_1,drone_scout,smart_agriculture_heterogeneous_team_046_exec_1,inprogress,77.8,54.94,48.06,17.28,null,null,null,null,null
smart_agriculture_heterogeneous_team_046,survey_field,2026-01-21T03:04:51.000Z,complete,drone_scout_1,drone_scout,smart_agriculture_heterogeneous_team_046_exec_1,done,76.8,62.79,54.93,19.03,null,null,null,null,null
smart_agriculture_heterogeneous_team_046,detect_patch,2026-01-21T03:04:52.000Z,start,drone_scout_1,drone_scout,smart_agriculture_heterogeneous_team_046_exec_2,inprogress,76.8,62.79,54.93,19.03,null,null,null,null,null
smart_agriculture_heterogeneous_team_046,detect_patch,2026-01-21T03:05:30.000Z,complete,drone_scout_1,drone_scout,smart_agriculture_heterogeneous_team_046_exec_2,done,76.5,62.79,54.93,19.03,null,null,null,null,null
smart_agriculture_heterogeneous_team_046,send_patch_coordinates,2026-01-21T03:05:31.000Z,start,drone_scout_1,drone_scout,smart_agriculture_heterogeneous_team_046_exec_3,inprogress,76.5,62.79,54.93,19.03,msg_471a70e74a,weed patch coordinates and density,send,drone_scout_1,sprayer_1
smart_agriculture_heterogeneous_team_046,send_patch_coordinates,2026-01-21T03:05:38.000Z,complete,drone_scout_1,drone_scout,smart_agriculture_heterogeneous_team_046_exec_3,done,76.3,62.79,54.93,19.03,msg_471a70e74a,weed patch coordinates and density,send,drone_scout_1,sprayer_1
smart_agriculture_heterogeneous_team_046,receive_patch_coordinates,2026-01-21T03:05:43.000Z,start,sprayer_1,sprayer_rover,smart_agriculture_heterogeneous_team_046_exec_4,inprogress,73.2,0.0,0.0,0.0,msg_471a70e74a,weed patch coordinates and density,receive,drone_scout_1,sprayer_1
smart_agriculture_heterogeneous_team_046,receive_patch_coordinates,2026-01-21T03:05:47.000Z,complete,sprayer_1,sprayer_rover,smart_agriculture_heterogeneous_team_046_exec_4,done,73.1,0.0,0.0,0.0,msg_471a70e74a,weed patch coordinates and density,receive,drone_scout_1,sprayer_1
smart_agriculture_heterogeneous_team_046,navigate_to_patch,2026-01-21T03:05:48.000Z,start,sprayer_1,sprayer_rover,smart_agriculture_heterogeneous_team_046_exec_5,inprogress,73.1,0.0,0.0,0.0,null,null,null,null,null
smart_agriculture_heterogeneous_team_046,navigate_to_patch,2026-01-21T03:06:35.000Z,null,sprayer_1,sprayer_rover,smart_agriculture_heterogeneous_team_046_exec_5,inprogress,72.3,8.97,7.85,0.0,null,null,null,null,null
smart_agriculture_heterogeneous_team_046,navigate_to_patch,2026-01-21T03:07:22.000Z,null,sprayer_1,sprayer_rover,smart_agriculture_heterogeneous_team_046_exec_5,inprogress,71.5,17.94,15.69,0.0,null,null,null,null,null
smart_agriculture_heterogeneous_team_046,navigate_to_patch,2026-01-21T03:08:09.000Z,null,sprayer_1,sprayer_rover,smart_agriculture_heterogeneous_team_046_exec_5,inprogress,70.7,26.91,23.54,0.0,null,null,null,null,null
smart_agriculture_heterogeneous_team_046,navigate_to_patch,2026-01-21T03:08:56.000Z,null,sprayer_1,sprayer_rover,smart_agriculture_heterogeneous_team_046_exec_5,inprogress,69.9,35.88,31.39,0.0,null,null,null,null,null
smart_agriculture_heterogeneous_team_046,navigate_to_patch,2026-01-21T03:09:43.000Z,null,sprayer_1,sprayer_rover,smart_agriculture_heterogeneous_team_046_exec_5,inprogress,69.0,44.85,39.24,0.0,null,null,null,null,null
smart_agriculture_heterogeneous_team_046,navigate_to_patch,2026-01-21T03:10:30.000Z,null,sprayer_1,sprayer_rover,smart_agriculture_heterogeneous_team_046_exec_5,inprogress,68.2,53.82,47.08,0.0,null,null,null,null,null
smart_agriculture_heterogeneous_team_046,navigate_to_patch,2026-01-21T03:11:18.000Z,complete,sprayer_1,sprayer_rover,smart_agriculture_heterogeneous_team_046_exec_5,done,67.4,62.79,54.93,0.0,null,null,null,null,null
smart_agriculture_heterogeneous_team_046,spray_patch,2026-01-21T03:11:19.000Z,start,sprayer_1,sprayer_rover,smart_agriculture_heterogeneous_team_046_exec_6,inprogress,67.4,62.79,54.93,0.0,null,null,null,null,null
smart_agriculture_heterogeneous_team_046,spray_patch,2026-01-21T03:11:56.000Z,null,sprayer_1,sprayer_rover,smart_agriculture_heterogeneous_team_046_exec_6,inprogress,66.0,62.79,54.93,0.0,null,null,null,null,null
smart_agriculture_heterogeneous_team_046,spray_patch,2026-01-21T03:12:33.000Z,null,sprayer_1,sprayer_rover,smart_agriculture_heterogeneous_team_046_exec_6,inprogress,64.6,62.79,54.93,0.0,null,null,null,null,null
smart_agriculture_heterogeneous_team_046,spray_patch,2026-01-21T03:13:10.000Z,null,sprayer_1,sprayer_rover,smart_agriculture_heterogeneous_team_046_exec_6,inprogress,63.1,62.79,54.93,0.0,null,null,null,null,null
smart_agriculture_heterogeneous_team_046,spray_patch,2026-01-21T03:13:47.000Z,null,sprayer_1,sprayer_rover,smart_agriculture_heterogeneous_team_046_exec_6,inprogress,61.7,62.79,54.93,0.0,null,null,null,null,null
smart_agriculture_heterogeneous_team_046,spray_patch,2026-01-21T03:14:28.000Z,complete,sprayer_1,sprayer_rover,smart_agriculture_heterogeneous_team_046_exec_6,done,60.3,62.79,54.93,0.0,null,null,null,null,null
smart_agriculture_heterogeneous_team_046,return_base,2026-01-21T03:14:29.000Z,start,drone_scout_1,drone_scout,smart_agriculture_heterogeneous_team_046_exec_7,inprogress,76.3,62.79,54.93,19.03,null,null,null,null,null
smart_agriculture_heterogeneous_team_046,return_base,2026-01-21T03:15:06.000Z,null,drone_scout_1,drone_scout,smart_agriculture_heterogeneous_team_046_exec_7,inprogress,75.4,50.23,43.94,16.22,null,null,null,null,null
smart_agriculture_heterogeneous_team_046,return_base,2026-01-21T03:15:43.000Z,null,drone_scout_1,drone_scout,smart_agriculture_heterogeneous_team_046_exec_7,inprogress,74.5,37.67,32.96,13.42,null,null,null,null,null
smart_agriculture_heterogeneous_team_046,return_base,2026-01-21T03:16:20.000Z,null,drone_scout_1,drone_scout,smart_agriculture_heterogeneous_team_046_exec_7,inprogress,73.5,25.12,21.97,10.61,null,null,null,null,null
smart_agriculture_heterogeneous_team_046,return_base,2026-01-21T03:16:57.000Z,null,drone_scout_1,drone_scout,smart_agriculture_heterogeneous_team_046_exec_7,inprogress,72.6,12.56,10.99,7.81,null,null,null,null,null
smart_agriculture_heterogeneous_team_046,return_base,2026-01-21T03:17:36.000Z,complete,drone_scout_1,drone_scout,smart_agriculture_heterogeneous_team_046_exec_7,done,71.7,0.0,0.0,5.0,null,null,null,null,null
smart_agriculture_heterogeneous_team_046,return_base,2026-01-21T03:17:37.000Z,start,sprayer_1,sprayer_rover,smart_agriculture_heterogeneous_team_046_exec_8,inprogress,60.3,62.79,54.93,0.0,null,null,null,null,null
smart_agriculture_heterogeneous_team_046,return_base,2026-01-21T03:18:55.000Z,null,sprayer_1,sprayer_rover,smart_agriculture_heterogeneous_team_046_exec_8,inprogress,58.8,47.09,41.2,0.0,null,null,null,null,null
smart_agriculture_heterogeneous_team_046,return_base,2026-01-21T03:20:13.000Z,null,sprayer_1,sprayer_rover,smart_agriculture_heterogeneous_team_046_exec_8,inprogress,57.2,31.39,27.46,0.0,null,null,null,null,null
smart_agriculture_heterogeneous_team_046,return_base,2026-01-21T03:21:31.000Z,null,sprayer_1,sprayer_rover,smart_agriculture_heterogeneous_team_046_exec_8,inprogress,55.7,15.7,13.73,0.0,null,null,null,null,null
smart_agriculture_heterogeneous_team_046,return_base,2026-01-21T03:22:52.000Z,complete,sprayer_1,sprayer_rover,smart_agriculture_heterogeneous_team_046_exec_8,done,54.1,0.0,0.0,0.0,null,null,null,null,null
smart_agriculture_heterogeneous_team_046,return_base,2026-01-21T03:22:53.000Z,start,supply_1,supply_rover,smart_agriculture_heterogeneous_team_046_exec_9,inprogress,76.5,0.0,0.0,0.0,null,null,null,null,null
smart_agriculture_heterogeneous_team_046,return_base,2026-01-21T03:24:05.000Z,null,supply_1,supply_rover,smart_agriculture_heterogeneous_team_046_exec_9,inprogress,75.5,0.0,0.0,0.0,null,null,null,null,null
smart_agriculture_heterogeneous_team_046,return_base,2026-01-21T03:25:17.000Z,null,supply_1,supply_rover,smart_agriculture_heterogeneous_team_046_exec_9,inprogress,74.5,0.0,0.0,0.0,null,null,null,null,null
smart_agriculture_heterogeneous_team_046,return_base,2026-01-21T03:26:29.000Z,null,supply_1,supply_rover,smart_agriculture_heterogeneous_team_046_exec_9,inprogress,73.5,0.0,0.0,0.0,null,null,null,null,null
smart_agriculture_heterogeneous_team_046,return_base,2026-01-21T03:27:43.000Z,complete,supply_1,supply_rover,smart_agriculture_heterogeneous_team_046_exec_9,done,72.5,0.0,0.0,0.0,null,null,null,null,null
smart_agriculture_heterogeneous_team_047,survey_field,2026-01-21T03:28:00.000Z,start,drone_scout_1,drone_scout,smart_agriculture_heterogeneous_team_047_exec_1,inprogress,82.3,0.0,0.0,5.0,null,null,null,null,null
smart_agriculture_heterogeneous_team_047,survey_field,2026-01-21T03:28:45.000Z,null,drone_scout_1,drone_scout,smart_agriculture_heterogeneous_team_047_exec_1,inprogress,81.1,15.62,6.17,7.96,null,null,null,null,null
smart_agriculture_heterogeneous_team_047,survey_field,2026-01-21T03:29:30.000Z,null,drone_scout_1,drone_scout,smart_agriculture_heterogeneous_team_047_exec_1,inprogress,79.8,31.23,12.34,10.92,null,null,null,null,null
smart_agriculture_heterogeneous_team_047,survey_field,2026-01-21T03:30:15.000Z,null,drone_scout_1,drone_scout,smart_agriculture_heterogeneous_team_047_exec_1,inprogress,78.6,46.85,18.51,13.88,null,null,null,null,null
smart_agriculture_heterogeneous_team_047,survey_field,2026-01-21T03:31:00.000Z,null,drone_scout_1,drone_scout,smart_agriculture_heterogeneous_team_047_exec_1,inprogress,77.3,62.47,24.68,16.84,null,null,null,null,null
smart_agriculture_heterogeneous_team_047,survey_field,2026-01-21T03:31:47.000Z,complete,drone_scout_1,drone_scout,smart_agriculture_heterogeneous_team_047_exec_1,done,76.0,78.08,30.85,19.8,null,null,null,null,null
smart_agriculture_heterogeneous_team_047,detect_patch,2026-01-21T03:31:48.000Z,start,drone_scout_1,drone_scout,smart_agriculture_heterogeneous_team_047_exec_2,inprogress,76.0,78.08,30.85,19.8,null,null,null,null,null
smart_agriculture_heterogeneous_team_047,detect_patch,2026-01-21T03:32:33.000Z,complete,drone_scout_1,drone_scout,smart_agriculture_heterogeneous_team_047_exec_2,done,75.8,78.08,30.85,19.8,null,null,null,null,null
smart_agriculture_heterogeneous_team_047,send_patch_coordinates,2026-01-21T03:32:34.000Z,start,drone_scout_1,drone_scout,smart_agriculture_heterogeneous_team_047_exec_3,inprogress,75.8,78.08,30.85,19.8,msg_d198474303,weed patch coordinates and density,send,drone_scout_1,sprayer_1
smart_agriculture_heterogeneous_team_047,send_patch_coordinates,2026-01-21T03:32:40.000Z,complete,drone_scout_1,drone_scout,smart_agriculture_heterogeneous_team_047_exec_3,done,75.6,78.08,30.85,19.8,msg_d198474303,weed patch coordinates and density,send,drone_scout_1,sprayer_1
smart_agriculture_heterogeneous_team_047,receive_patch_coordinates,2026-01-21T03:32:45.000Z,start,sprayer_1,sprayer_rover,smart_agriculture_heterogeneous_team_047_exec_4,inprogress,90.3,0.0,0.0,0.0,msg_d198474303,weed patch coordinates and density,receive,drone_scout_1,sprayer_1
smart_agriculture_heterogeneous_team_047,receive_patch_coordinates,2026-01-21T03:32:49.000Z,complete,sprayer_1,sprayer_rover,smart_agriculture_heterogeneous_team_047_exec_4,done,90.2,0.0,0.0,0.0,msg_d198474303,weed patch coordinates and density,receive,drone_scout_1,sprayer_1
smart_agriculture_heterogeneous_team_047,navigate_to_patch,2026-01-21T03:32:50.000Z,start,sprayer_1,sprayer_rover,smart_agriculture_heterogeneous_team_047_exec_5,inprogress,90.2,0.0,0.0,0.0,null,null,null,null,null
smart_agriculture_heterogeneous_team_047,navigate_to_patch,2026-01-21T03:33:53.000Z,null,sprayer_1,sprayer_rover,smart_agriculture_heterogeneous_team_047_exec_5,inprogress,88.8,15.62,6.17,0.0,null,null,null,null,null
smart_agriculture_heterogeneous_team_047,navigate_to_patch,2026-01-21T03:34:56.000Z,null,sprayer_1,sprayer_rover,smart_agriculture_heterogeneous_team_047_exec_5,inprogress,87.4,31.23,12.34,0.0,null,null,null,null,null
smart_agriculture_heterogeneous_team_047,navigate_to_patch,2026-01-21T03:35:59.000Z,null,sprayer_1,sprayer_rover,smart_agriculture_heterogeneous_team_047_exec_5,inprogress,85.9,46.85,18.51,0.0,null,null,null,null,null
smart_agriculture_heterogeneous_team_047,navigate_to_patch,2026-01-21T03:37:02.000Z,null,sprayer_1,sprayer_rover,smart_agriculture_heterogeneous_team_047_exec_5,inprogress,84.5,62.47,24.68,0.0,null,null,null,null,null
smart_agriculture_heterogeneous_team_047,navigate_to_patch,2026-01-21T03:38:05.000Z,complete,sprayer_1,sprayer_rover,smart_agriculture_heterogeneous_team_047_exec_5,done,83.1,78.08,30.85,0.0,null,null,null,null,null
smart_agriculture_heterogeneous_team_047,spray_patch,2026-01-21T03:38:06.000Z,start,sprayer_1,sprayer_rover,smart_agriculture_heterogeneous_team_047_exec_6,inprogress,83.1,78.08,30.85,0.0,null,null,null,null,null
smart_agriculture_heterogeneous_team_047,spray_patch,2026-01-21T03:38:56.000Z,null,sprayer_1,sprayer_rover,smart_agriculture_heterogeneous_team_047_exec_6,inprogress,81.2,78.08,30.85,0.0,null,null,null,null,null
smart_agriculture_heterogeneous_team_047,spray_patch,2026-01-21T03:39:46.000Z,null,sprayer_1,sprayer_rover,smart_agriculture_heterogeneous_team_047_exec_6,inprogress,79.4,78.08,30.85,0.0,null,null,null,null,null
smart_agriculture_heterogeneous_team_047,spray_patch,2026-01-21T03:40:37.000Z,complete,sprayer_1,sprayer_rover,smart_agriculture_heterogeneous_team_047_exec_6,done,77.5,78.08,30.85,0.0,null,null,null,null,null
smart_agriculture_heterogeneous_team_047,send_refill_request,2026-01-21T03:40:38.000Z,start,sprayer_1,sprayer_rover,smart_agriculture_heterogeneous_team_047_exec_7,inprogress,77.5,78.08,30.85,0.0,msg_82cd079ac0,refill needed at current patch,send,sprayer_1,supply_1
smart_agriculture_heterogeneous_team_047,send_refill_request,2026-01-21T03:40:44.000Z,complete,sprayer_1,sprayer_rover,smart_agriculture_heterogeneous_team_047_exec_7,done,77.3,78.08,30.85,0.0,msg_82cd079ac0,refill needed at current patch,send,sprayer_1,supply_1
smart_agriculture_heterogeneous_team_047,receive_refill_request,2026-01-21T03:40:50.000Z,start,supply_1,supply_rover,smart_agriculture_heterogeneous_team_047_exec_8,inprogress,88.8,0.0,0.0,0.0,msg_82cd079ac0,refill needed at current patch,receive,sprayer_1,supply_1
smart_agriculture_heterogeneous_team_047,receive_refill_request,2026-01-21T03:40:54.000Z,complete,supply_1,supply_rover,smart_agriculture_heterogeneous_team_047_exec_8,done,88.7,0.0,0.0,0.0,msg_82cd079ac0,refill needed at current patch,receive,sprayer_1,supply_1
smart_agriculture_heterogeneous_team_047,deliver_refill,2026-01-21T03:40:55.000Z,start,supply_1,supply_rover,smart_agriculture_heterogeneous_team_047_exec_9,inprogress,88.7,0.0,0.0,0.0,null,null,null,null,null
smart_agriculture_heterogeneous_team_047,deliver_refill,2026-01-21T03:41:50.000Z,null,supply_1,supply_rover,smart_agriculture_heterogeneous_team_047_exec_9,inprogress,87.7,16.25,6.27,0.0,null,null,null,null,null
smart_agriculture_heterogeneous_team_047,deliver_refill,2026-01-21T03:42:45.000Z,null,supply_1,supply_rover,smart_agriculture_heterogeneous_team_047_exec_9,inprogress,86.8,32.51,12.54,0.0,null,null,null,null,null
smart_agriculture_heterogeneous_team_047,deliver_refill,2026-01-21T03:43:40.000Z,null,supply_1,supply_rover,smart_agriculture_heterogeneous_team_047_exec_9,inprogress,85.8,48.76,18.81,0.0,null,null,null,null,null
smart_agriculture_heterogeneous_team_047,deliver_refill,2026-01-21T03:44:35.000Z,null,supply_1,supply_rover,smart_agriculture_heterogeneous_team_047_exec_9,inprogress,84.8,65.02,25.08,0.0,null,null,null,null,null
smart_agriculture_heterogeneous_team_047,deliver_refill,2026-01-21T03:45:33.000Z,complete,supply_1,supply_rover,smart_agriculture_heterogeneous_team_047_exec_9,done,83.9,81.27,31.34,0.0,null,null,null,null,null
smart_agriculture_heterogeneous_team_047,send_treatment_ack,2026-01-21T03:45:34.000Z,start,supply_1,supply_rover,smart_agriculture_heterogeneous_team_047_exec_10,inprogress,83.9,81.27,31.34,0.0,msg_93bf372327,refill delivered and treatment may resume,send,supply_1,sprayer_1
smart_agriculture_heterogeneous_team_047,send_treatment_ack,2026-01-21T03:45:42.000Z,complete,supply_1,supply_rover,smart_agriculture_heterogeneous_team_047_exec_10,done,83.7,81.27,31.34,0.0,msg_93bf372327,refill delivered and treatment may resume,send,supply_1,sprayer_1
smart_agriculture_heterogeneous_team_047,receive_treatment_ack,2026-01-21T03:45:46.000Z,start,sprayer_1,sprayer_rover,smart_agriculture_heterogeneous_team_047_exec_11,inprogress,77.3,78.08,30.85,0.0,msg_93bf372327,refill delivered and treatment may resume,receive,supply_1,sprayer_1
smart_agriculture_heterogeneous_team_047,receive_treatment_ack,2026-01-21T03:45:50.000Z,complete,sprayer_1,sprayer_rover,smart_agriculture_heterogeneous_team_047_exec_11,done,77.2,78.08,30.85,0.0,msg_93bf372327,refill delivered and treatment may resume,receive,supply_1,sprayer_1
smart_agriculture_heterogeneous_team_047,resume_treatment,2026-01-21T03:45:51.000Z,start,sprayer_1,sprayer_rover,smart_agriculture_heterogeneous_team_047_exec_12,inprogress,77.2,78.08,30.85,0.0,null,null,null,null,null
smart_agriculture_heterogeneous_team_047,resume_treatment,2026-01-21T03:46:44.000Z,null,sprayer_1,sprayer_rover,smart_agriculture_heterogeneous_team_047_exec_12,inprogress,75.5,78.08,30.85,0.0,null,null,null,null,null
smart_agriculture_heterogeneous_team_047,resume_treatment,2026-01-21T03:47:38.000Z,complete,sprayer_1,sprayer_rover,smart_agriculture_heterogeneous_team_047_exec_12,done,73.8,78.08,30.85,0.0,null,null,null,null,null
smart_agriculture_heterogeneous_team_047,return_base,2026-01-21T03:47:39.000Z,start,drone_scout_1,drone_scout,smart_agriculture_heterogeneous_team_047_exec_13,inprogress,75.6,78.08,30.85,19.8,null,null,null,null,null
smart_agriculture_heterogeneous_team_047,return_base,2026-01-21T03:48:25.000Z,null,drone_scout_1,drone_scout,smart_agriculture_heterogeneous_team_047_exec_13,inprogress,74.6,62.47,24.68,16.84,null,null,null,null,null
smart_agriculture_heterogeneous_team_047,return_base,2026-01-21T03:49:11.000Z,null,drone_scout_1,drone_scout,smart_agriculture_heterogeneous_team_047_exec_13,inprogress,73.6,46.85,18.51,13.88,null,null,null,null,null
smart_agriculture_heterogeneous_team_047,return_base,2026-01-21T03:49:57.000Z,null,drone_scout_1,drone_scout,smart_agriculture_heterogeneous_team_047_exec_13,inprogress,72.6,31.23,12.34,10.92,null,null,null,null,null
smart_agriculture_heterogeneous_team_047,return_base,2026-01-21T03:50:43.000Z,null,drone_scout_1,drone_scout,smart_agriculture_heterogeneous_team_047_exec_13,inprogress,71.7,15.62,6.17,7.96,null,null,null,null,null
smart_agriculture_heterogeneous_team_047,return_base,2026-01-21T03:51:30.000Z,complete,drone_scout_1,drone_scout,smart_agriculture_heterogeneous_team_047_exec_13,done,70.7,0.0,0.0,5.0,null,null,null,null,null
smart_agriculture_heterogeneous_team_047,return_base,2026-01-21T03:51:31.000Z,start,sprayer_1,sprayer_rover,smart_agriculture_heterogeneous_team_047_exec_14,inprogress,73.8,78.08,30.85,0.0,null,null,null,null,null
smart_agriculture_heterogeneous_team_047,return_base,2026-01-21T03:52:07.000Z,null,sprayer_1,sprayer_rover,smart_agriculture_heterogeneous_team_047_exec_14,inprogress,72.8,65.07,25.71,0.0,null,null,null,null,null
smart_agriculture_heterogeneous_team_047,return_base,2026-01-21T03:52:43.000Z,null,sprayer_1,sprayer_rover,smart_agriculture_heterogeneous_team_047_exec_14,inprogress,71.7,52.06,20.57,0.0,null,null,null,null,null
smart_agriculture_heterogeneous_team_047,return_base,2026-01-21T03:53:19.000Z,null,sprayer_1,sprayer_rover,smart_agriculture_heterogeneous_team_047_exec_14,inprogress,70.7,39.04,15.43,0.0,null,null,null,null,null
smart_agriculture_heterogeneous_team_047,return_base,2026-01-21T03:53:55.000Z,null,sprayer_1,sprayer_rover,smart_agriculture_heterogeneous_team_047_exec_14,inprogress,69.7,26.03,10.28,0.0,null,null,null,null,null
smart_agriculture_heterogeneous_team_047,return_base,2026-01-21T03:54:31.000Z,null,sprayer_1,sprayer_rover,smart_agriculture_heterogeneous_team_047_exec_14,inprogress,68.7,13.01,5.14,0.0,null,null,null,null,null
smart_agriculture_heterogeneous_team_047,return_base,2026-01-21T03:55:10.000Z,complete,sprayer_1,sprayer_rover,smart_agriculture_heterogeneous_team_047_exec_14,done,67.6,0.0,0.0,0.0,null,null,null,null,null
smart_agriculture_heterogeneous_team_047,return_base,2026-01-21T03:55:11.000Z,start,supply_1,supply_rover,smart_agriculture_heterogeneous_team_047_exec_15,inprogress,83.7,81.27,31.34,0.0,null,null,null,null,null
smart_agriculture_heterogeneous_team_047,return_base,2026-01-21T03:56:04.000Z,null,supply_1,supply_rover,smart_agriculture_heterogeneous_team_047_exec_15,inprogress,82.8,65.02,25.08,0.0,null,null,null,null,null
smart_agriculture_heterogeneous_team_047,return_base,2026-01-21T03:56:57.000Z,null,supply_1,supply_rover,smart_agriculture_heterogeneous_team_047_exec_15,inprogress,81.9,48.76,18.81,0.0,null,null,null,null,null
smart_agriculture_heterogeneous_team_047,return_base,2026-01-21T03:57:50.000Z,null,supply_1,supply_rover,smart_agriculture_heterogeneous_team_047_exec_15,inprogress,81.0,32.51,12.54,0.0,null,null,null,null,null
smart_agriculture_heterogeneous_team_047,return_base,2026-01-21T03:58:43.000Z,null,supply_1,supply_rover,smart_agriculture_heterogeneous_team_047_exec_15,inprogress,80.2,16.25,6.27,0.0,null,null,null,null,null
smart_agriculture_heterogeneous_team_047,return_base,2026-01-21T03:59:38.000Z,complete,supply_1,supply_rover,smart_agriculture_heterogeneous_team_047_exec_15,done,79.3,0.0,0.0,0.0,null,null,null,null,null
smart_agriculture_heterogeneous_team_048,survey_field,2026-01-21T03:56:00.000Z,start,drone_scout_1,drone_scout,smart_agriculture_heterogeneous_team_048_exec_1,inprogress,82.9,0.0,0.0,5.0,null,null,null,null,null
smart_agriculture_heterogeneous_team_048,survey_field,2026-01-21T03:56:36.000Z,null,drone_scout_1,drone_scout,smart_agriculture_heterogeneous_team_048_exec_1,inprogress,82.1,8.64,4.68,6.77,null,null,null,null,null
smart_agriculture_heterogeneous_team_048,survey_field,2026-01-21T03:57:12.000Z,null,drone_scout_1,drone_scout,smart_agriculture_heterogeneous_team_048_exec_1,inprogress,81.2,17.29,9.36,8.55,null,null,null,null,null
smart_agriculture_heterogeneous_team_048,survey_field,2026-01-21T03:57:48.000Z,null,drone_scout_1,drone_scout,smart_agriculture_heterogeneous_team_048_exec_1,inprogress,80.4,25.93,14.04,10.32,null,null,null,null,null
smart_agriculture_heterogeneous_team_048,survey_field,2026-01-21T03:58:24.000Z,null,drone_scout_1,drone_scout,smart_agriculture_heterogeneous_team_048_exec_1,inprogress,79.5,34.57,18.72,12.1,null,null,null,null,null
smart_agriculture_heterogeneous_team_048,survey_field,2026-01-21T03:59:00.000Z,null,drone_scout_1,drone_scout,smart_agriculture_heterogeneous_team_048_exec_1,inprogress,78.7,43.22,23.4,13.87,null,null,null,null,null
smart_agriculture_heterogeneous_team_048,survey_field,2026-01-21T03:59:36.000Z,null,drone_scout_1,drone_scout,smart_agriculture_heterogeneous_team_048_exec_1,inprogress,77.8,51.86,28.08,15.64,null,null,null,null,null
smart_agriculture_heterogeneous_team_048,survey_field,2026-01-21T04:00:12.000Z,null,drone_scout_1,drone_scout,smart_agriculture_heterogeneous_team_048_exec_1,inprogress,77.0,60.51,32.76,17.42,null,null,null,null,null
smart_agriculture_heterogeneous_team_048,survey_field,2026-01-21T04:00:50.000Z,complete,drone_scout_1,drone_scout,smart_agriculture_heterogeneous_team_048_exec_1,done,76.1,69.15,37.44,19.19,null,null,null,null,null
smart_agriculture_heterogeneous_team_048,detect_patch,2026-01-21T04:00:51.000Z,start,drone_scout_1,drone_scout,smart_agriculture_heterogeneous_team_048_exec_2,inprogress,76.1,69.15,37.44,19.19,null,null,null,null,null
smart_agriculture_heterogeneous_team_048,detect_patch,2026-01-21T04:01:30.000Z,complete,drone_scout_1,drone_scout,smart_agriculture_heterogeneous_team_048_exec_2,done,75.8,69.15,37.44,19.19,null,null,null,null,null
smart_agriculture_heterogeneous_team_048,send_patch_coordinates,2026-01-21T04:01:31.000Z,start,drone_scout_1,drone_scout,smart_agriculture_heterogeneous_team_048_exec_3,inprogress,75.8,69.15,37.44,19.19,msg_0d55f6cda4,weed patch coordinates and density,send,drone_scout_1,sprayer_1
smart_agriculture_heterogeneous_team_048,send_patch_coordinates,2026-01-21T04:01:37.000Z,complete,drone_scout_1,drone_scout,smart_agriculture_heterogeneous_team_048_exec_3,done,75.6,69.15,37.44,19.19,msg_0d55f6cda4,weed patch coordinates and density,send,drone_scout_1,sprayer_1
smart_agriculture_heterogeneous_team_048,receive_patch_coordinates,2026-01-21T04:01:42.000Z,start,sprayer_1,sprayer_rover,smart_agriculture_heterogeneous_team_048_exec_4,inprogress,76.6,0.0,0.0,0.0,msg_0d55f6cda4,weed patch coordinates and density,receive,drone_scout_1,sprayer_1
smart_agriculture_heterogeneous_team_048,receive_patch_coordinates,2026-01-21T04:01:46.000Z,complete,sprayer_1,sprayer_rover,smart_agriculture_heterogeneous_team_048_exec_4,done,76.5,0.0,0.0,0.0,msg_0d55f6cda4,weed patch coordinates and density,receive,drone_scout_1,sprayer_1
smart_agriculture_heterogeneous_team_048,navigate_to_patch,2026-01-21T04:01:47.000Z,start,sprayer_1,sprayer_rover,smart_agriculture_heterogeneous_team_048_exec_5,inprogress,76.5,0.0,0.0,0.0,null,null,null,null,null
smart_agriculture_heterogeneous_team_048,navigate_to_patch,2026-01-21T04:02:43.000Z,null,sprayer_1,sprayer_rover,smart_agriculture_heterogeneous_team_048_exec_5,inprogress,74.6,17.29,9.36,0.0,null,null,null,null,null
smart_agriculture_heterogeneous_team_048,navigate_to_patch,2026-01-21T04:03:39.000Z,null,sprayer_1,sprayer_rover,smart_agriculture_heterogeneous_team_048_exec_5,inprogress,72.7,34.57,18.72,0.0,null,null,null,null,null
smart_agriculture_heterogeneous_team_048,navigate_to_patch,2026-01-21T04:04:35.000Z,null,sprayer_1,sprayer_rover,smart_agriculture_heterogeneous_team_048_exec_5,inprogress,70.8,51.86,28.08,0.0,null,null,null,null,null
smart_agriculture_heterogeneous_team_048,navigate_to_patch,2026-01-21T04:05:31.000Z,complete,sprayer_1,sprayer_rover,smart_agriculture_heterogeneous_team_048_exec_5,done,68.9,69.15,37.44,0.0,null,null,null,null,null
smart_agriculture_heterogeneous_team_048,spray_patch,2026-01-21T04:05:32.000Z,start,sprayer_1,sprayer_rover,smart_agriculture_heterogeneous_team_048_exec_6,inprogress,68.9,69.15,37.44,0.0,null,null,null,null,null
smart_agriculture_heterogeneous_team_048,spray_patch,2026-01-21T04:06:20.000Z,null,sprayer_1,sprayer_rover,smart_agriculture_heterogeneous_team_048_exec_6,inprogress,66.8,69.15,37.44,0.0,null,null,null,null,null
smart_agriculture_heterogeneous_team_048,spray_patch,2026-01-21T04:07:08.000Z,null,sprayer_1,sprayer_rover,smart_agriculture_heterogeneous_team_048_exec_6,inprogress,64.8,69.15,37.44,0.0,null,null,null,null,null
smart_agriculture_heterogeneous_team_048,spray_patch,2026-01-21T04:07:56.000Z,null,sprayer_1,sprayer_rover,smart_agriculture_heterogeneous_team_048_exec_6,inprogress,62.7,69.15,37.44,0.0,null,null,null,null,null
smart_agriculture_heterogeneous_team_048,spray_patch,2026-01-21T04:08:44.000Z,complete,sprayer_1,sprayer_rover,smart_agriculture_heterogeneous_team_048_exec_6,done,60.7,69.15,37.44,0.0,null,null,null,null,null
smart_agriculture_heterogeneous_team_048,send_refill_request,2026-01-21T04:08:45.000Z,start,sprayer_1,sprayer_rover,smart_agriculture_heterogeneous_team_048_exec_7,inprogress,60.7,69.15,37.44,0.0,msg_54c73ffa23,refill needed at current patch,send,sprayer_1,supply_1
smart_agriculture_heterogeneous_team_048,send_refill_request,2026-01-21T04:08:49.000Z,complete,sprayer_1,sprayer_rover,smart_agriculture_heterogeneous_team_048_exec_7,done,60.5,69.15,37.44,0.0,msg_54c73ffa23,refill needed at current patch,send,sprayer_1,supply_1
smart_agriculture_heterogeneous_team_048,receive_refill_request,2026-01-21T04:08:55.000Z,start,supply_1,supply_rover,smart_agriculture_heterogeneous_team_048_exec_8,inprogress,77.1,0.0,0.0,0.0,msg_54c73ffa23,refill needed at current patch,receive,sprayer_1,supply_1
smart_agriculture_heterogeneous_team_048,receive_refill_request,2026-01-21T04:08:59.000Z,complete,supply_1,supply_rover,smart_agriculture_heterogeneous_team_048_exec_8,done,77.0,0.0,0.0,0.0,msg_54c73ffa23,refill needed at current patch,receive,sprayer_1,supply_1
smart_agriculture_heterogeneous_team_048,deliver_refill,2026-01-21T04:09:00.000Z,start,supply_1,supply_rover,smart_agriculture_heterogeneous_team_048_exec_9,inprogress,77.0,0.0,0.0,0.0,null,null,null,null,null
smart_agriculture_heterogeneous_team_048,deliver_refill,2026-01-21T04:10:40.000Z,null,supply_1,supply_rover,smart_agriculture_heterogeneous_team_048_exec_9,inprogress,75.2,22.62,11.19,0.0,null,null,null,null,null
smart_agriculture_heterogeneous_team_048,deliver_refill,2026-01-21T04:12:20.000Z,null,supply_1,supply_rover,smart_agriculture_heterogeneous_team_048_exec_9,inprogress,73.4,45.23,22.38,0.0,null,null,null,null,null
smart_agriculture_heterogeneous_team_048,deliver_refill,2026-01-21T04:14:00.000Z,complete,supply_1,supply_rover,smart_agriculture_heterogeneous_team_048_exec_9,done,71.5,67.85,33.57,0.0,null,null,null,null,null
smart_agriculture_heterogeneous_team_048,send_treatment_ack,2026-01-21T04:14:01.000Z,start,supply_1,supply_rover,smart_agriculture_heterogeneous_team_048_exec_10,inprogress,71.5,67.85,33.57,0.0,msg_06caca5bd6,refill delivered and treatment may resume,send,supply_1,sprayer_1
smart_agriculture_heterogeneous_team_048,send_treatment_ack,2026-01-21T04:14:08.000Z,complete,supply_1,supply_rover,smart_agriculture_heterogeneous_team_048_exec_10,done,71.3,67.85,33.57,0.0,msg_06caca5bd6,refill delivered and treatment may resume,send,supply_1,sprayer_1
smart_agriculture_heterogeneous_team_048,receive_treatment_ack,2026-01-21T04:14:12.000Z,start,sprayer_1,sprayer_rover,smart_agriculture_heterogeneous_team_048_exec_11,inprogress,60.5,69.15,37.44,0.0,msg_06caca5bd6,refill delivered and treatment may resume,receive,supply_1,sprayer_1
smart_agriculture_heterogeneous_team_048,receive_treatment_ack,2026-01-21T04:14:16.000Z,complete,sprayer_1,sprayer_rover,smart_agriculture_heterogeneous_team_048_exec_11,done,60.4,69.15,37.44,0.0,msg_06caca5bd6,refill delivered and treatment may resume,receive,supply_1,sprayer_1
smart_agriculture_heterogeneous_team_048,resume_treatment,2026-01-21T04:14:17.000Z,start,sprayer_1,sprayer_rover,smart_agriculture_heterogeneous_team_048_exec_12,inprogress,60.4,69.15,37.44,0.0,null,null,null,null,null
smart_agriculture_heterogeneous_team_048,resume_treatment,2026-01-21T04:15:14.000Z,null,sprayer_1,sprayer_rover,smart_agriculture_heterogeneous_team_048_exec_12,inprogress,59.5,69.15,37.44,0.0,null,null,null,null,null
smart_agriculture_heterogeneous_team_048,resume_treatment,2026-01-21T04:16:11.000Z,null,sprayer_1,sprayer_rover,smart_agriculture_heterogeneous_team_048_exec_12,inprogress,58.6,69.15,37.44,0.0,null,null,null,null,null
smart_agriculture_heterogeneous_team_048,resume_treatment,2026-01-21T04:17:09.000Z,complete,sprayer_1,sprayer_rover,smart_agriculture_heterogeneous_team_048_exec_12,done,57.7,69.15,37.44,0.0,null,null,null,null,null
smart_agriculture_heterogeneous_team_048,return_base,2026-01-21T04:17:10.000Z,start,drone_scout_1,drone_scout,smart_agriculture_heterogeneous_team_048_exec_13,inprogress,75.6,69.15,37.44,19.19,null,null,null,null,null
smart_agriculture_heterogeneous_team_048,return_base,2026-01-21T04:18:09.000Z,null,drone_scout_1,drone_scout,smart_agriculture_heterogeneous_team_048_exec_13,inprogress,74.7,51.86,28.08,15.64,null,null,null,null,null
smart_agriculture_heterogeneous_team_048,return_base,2026-01-21T04:19:08.000Z,null,drone_scout_1,drone_scout,smart_agriculture_heterogeneous_team_048_exec_13,inprogress,73.8,34.57,18.72,12.1,null,null,null,null,null
smart_agriculture_heterogeneous_team_048,return_base,2026-01-21T04:20:07.000Z,null,drone_scout_1,drone_scout,smart_agriculture_heterogeneous_team_048_exec_13,inprogress,72.9,17.29,9.36,8.55,null,null,null,null,null
smart_agriculture_heterogeneous_team_048,return_base,2026-01-21T04:21:06.000Z,complete,drone_scout_1,drone_scout,smart_agriculture_heterogeneous_team_048_exec_13,done,72.1,0.0,0.0,5.0,null,null,null,null,null
smart_agriculture_heterogeneous_team_048,return_base,2026-01-21T04:21:07.000Z,start,sprayer_1,sprayer_rover,smart_agriculture_heterogeneous_team_048_exec_14,inprogress,57.7,69.15,37.44,0.0,null,null,null,null,null
smart_agriculture_heterogeneous_team_048,return_base,2026-01-21T04:22:15.000Z,null,sprayer_1,sprayer_rover,smart_agriculture_heterogeneous_team_048_exec_14,inprogress,56.7,55.32,29.95,0.0,null,null,null,null,null
smart_agriculture_heterogeneous_team_048,return_base,2026-01-21T04:23:23.000Z,null,sprayer_1,sprayer_rover,smart_agriculture_heterogeneous_team_048_exec_14,inprogress,55.7,41.49,22.46,0.0,null,null,null,null,null
smart_agriculture_heterogeneous_team_048,return_base,2026-01-21T04:24:31.000Z,null,sprayer_1,sprayer_rover,smart_agriculture_heterogeneous_team_048_exec_14,inprogress,54.7,27.66,14.98,0.0,null,null,null,null,null
smart_agriculture_heterogeneous_team_048,return_base,2026-01-21T04:25:39.000Z,null,sprayer_1,sprayer_rover,smart_agriculture_heterogeneous_team_048_exec_14,inprogress,53.7,13.83,7.49,0.0,null,null,null,null,null
smart_agriculture_heterogeneous_team_048,return_base,2026-01-21T04:26:49.000Z,complete,sprayer_1,sprayer_rover,smart_agriculture_heterogeneous_team_048_exec_14,done,52.7,0.0,0.0,0.0,null,null,null,null,null
smart_agriculture_heterogeneous_team_048,return_base,2026-01-21T04:26:50.000Z,start,supply_1,supply_rover,smart_agriculture_heterogeneous_team_048_exec_15,inprogress,71.3,67.85,33.57,0.0,null,null,null,null,null
smart_agriculture_heterogeneous_team_048,return_base,2026-01-21T04:27:33.000Z,null,supply_1,supply_rover,smart_agriculture_heterogeneous_team_048_exec_15,inprogress,70.5,50.89,25.18,0.0,null,null,null,null,null
smart_agriculture_heterogeneous_team_048,return_base,2026-01-21T04:28:16.000Z,null,supply_1,supply_rover,smart_agriculture_heterogeneous_team_048_exec_15,inprogress,69.7,33.92,16.78,0.0,null,null,null,null,null
smart_agriculture_heterogeneous_team_048,return_base,2026-01-21T04:28:59.000Z,null,supply_1,supply_rover,smart_agriculture_heterogeneous_team_048_exec_15,inprogress,68.9,16.96,8.39,0.0,null,null,null,null,null
smart_agriculture_heterogeneous_team_048,return_base,2026-01-21T04:29:42.000Z,complete,supply_1,supply_rover,smart_agriculture_heterogeneous_team_048_exec_15,done,68.1,0.0,0.0,0.0,null,null,null,null,null
smart_agriculture_heterogeneous_team_049,survey_field,2026-01-21T04:24:00.000Z,start,drone_scout_1,drone_scout,smart_agriculture_heterogeneous_team_049_exec_1,inprogress,99.6,0.0,0.0,5.0,null,null,null,null,null
smart_agriculture_heterogeneous_team_049,survey_field,2026-01-21T04:25:15.000Z,null,drone_scout_1,drone_scout,smart_agriculture_heterogeneous_team_049_exec_1,inprogress,98.6,15.02,10.59,7.66,null,null,null,null,null
smart_agriculture_heterogeneous_team_049,survey_field,2026-01-21T04:26:30.000Z,null,drone_scout_1,drone_scout,smart_agriculture_heterogeneous_team_049_exec_1,inprogress,97.5,30.03,21.18,10.32,null,null,null,null,null
smart_agriculture_heterogeneous_team_049,survey_field,2026-01-21T04:27:45.000Z,null,drone_scout_1,drone_scout,smart_agriculture_heterogeneous_team_049_exec_1,inprogress,96.5,45.05,31.76,12.98,null,null,null,null,null
smart_agriculture_heterogeneous_team_049,survey_field,2026-01-21T04:29:00.000Z,null,drone_scout_1,drone_scout,smart_agriculture_heterogeneous_team_049_exec_1,inprogress,95.4,60.06,42.35,15.63,null,null,null,null,null
smart_agriculture_heterogeneous_team_049,survey_field,2026-01-21T04:30:18.000Z,complete,drone_scout_1,drone_scout,smart_agriculture_heterogeneous_team_049_exec_1,done,94.4,75.08,52.94,18.29,null,null,null,null,null
smart_agriculture_heterogeneous_team_049,detect_patch,2026-01-21T04:30:19.000Z,start,drone_scout_1,drone_scout,smart_agriculture_heterogeneous_team_049_exec_2,inprogress,94.4,75.08,52.94,18.29,null,null,null,null,null
smart_agriculture_heterogeneous_team_049,detect_patch,2026-01-21T04:30:39.000Z,complete,drone_scout_1,drone_scout,smart_agriculture_heterogeneous_team_049_exec_2,done,94.1,75.08,52.94,18.29,null,null,null,null,null
smart_agriculture_heterogeneous_team_049,send_patch_coordinates,2026-01-21T04:30:40.000Z,start,drone_scout_1,drone_scout,smart_agriculture_heterogeneous_team_049_exec_3,inprogress,94.1,75.08,52.94,18.29,msg_1de6dce064,weed patch coordinates and density,send,drone_scout_1,sprayer_1
smart_agriculture_heterogeneous_team_049,send_patch_coordinates,2026-01-21T04:30:47.000Z,complete,drone_scout_1,drone_scout,smart_agriculture_heterogeneous_team_049_exec_3,done,93.9,75.08,52.94,18.29,msg_1de6dce064,weed patch coordinates and density,send,drone_scout_1,sprayer_1
smart_agriculture_heterogeneous_team_049,receive_patch_coordinates,2026-01-21T04:30:52.000Z,start,sprayer_1,sprayer_rover,smart_agriculture_heterogeneous_team_049_exec_4,inprogress,81.3,0.0,0.0,0.0,msg_1de6dce064,weed patch coordinates and density,receive,drone_scout_1,sprayer_1
smart_agriculture_heterogeneous_team_049,receive_patch_coordinates,2026-01-21T04:30:56.000Z,complete,sprayer_1,sprayer_rover,smart_agriculture_heterogeneous_team_049_exec_4,done,81.2,0.0,0.0,0.0,msg_1de6dce064,weed patch coordinates and density,receive,drone_scout_1,sprayer_1
smart_agriculture_heterogeneous_team_049,navigate_to_patch,2026-01-21T04:30:57.000Z,start,sprayer_1,sprayer_rover,smart_agriculture_heterogeneous_team_049_exec_5,inprogress,81.2,0.0,0.0,0.0,null,null,null,null,null
smart_agriculture_heterogeneous_team_049,navigate_to_patch,2026-01-21T04:31:52.000Z,null,sprayer_1,sprayer_rover,smart_agriculture_heterogeneous_team_049_exec_5,inprogress,80.3,15.02,10.59,0.0,null,null,null,null,null
smart_agriculture_heterogeneous_team_049,navigate_to_patch,2026-01-21T04:32:47.000Z,null,sprayer_1,sprayer_rover,smart_agriculture_heterogeneous_team_049_exec_5,inprogress,79.5,30.03,21.18,0.0,null,null,null,null,null
smart_agriculture_heterogeneous_team_049,navigate_to_patch,2026-01-21T04:33:42.000Z,null,sprayer_1,sprayer_rover,smart_agriculture_heterogeneous_team_049_exec_5,inprogress,78.6,45.05,31.76,0.0,null,null,null,null,null
smart_agriculture_heterogeneous_team_049,navigate_to_patch,2026-01-21T04:34:37.000Z,null,sprayer_1,sprayer_rover,smart_agriculture_heterogeneous_team_049_exec_5,inprogress,77.7,60.06,42.35,0.0,null,null,null,null,null
smart_agriculture_heterogeneous_team_049,navigate_to_patch,2026-01-21T04:35:34.000Z,complete,sprayer_1,sprayer_rover,smart_agriculture_heterogeneous_team_049_exec_5,done,76.9,75.08,52.94,0.0,null,null,null,null,null
smart_agriculture_heterogeneous_team_049,spray_patch,2026-01-21T04:35:35.000Z,start,sprayer_1,sprayer_rover,smart_agriculture_heterogeneous_team_049_exec_6,inprogress,76.9,75.08,52.94,0.0,null,null,null,null,null
smart_agriculture_heterogeneous_team_049,spray_patch,2026-01-21T04:36:46.000Z,null,sprayer_1,sprayer_rover,smart_agriculture_heterogeneous_team_049_exec_6,inprogress,74.0,75.08,52.94,0.0,null,null,null,null,null
smart_agriculture_heterogeneous_team_049,spray_patch,2026-01-21T04:37:57.000Z,null,sprayer_1,sprayer_rover,smart_agriculture_heterogeneous_team_049_exec_6,inprogress,71.1,75.08,52.94,0.0,null,null,null,null,null
smart_agriculture_heterogeneous_team_049,spray_patch,2026-01-21T04:39:09.000Z,complete,sprayer_1,sprayer_rover,smart_agriculture_heterogeneous_team_049_exec_6,done,68.2,75.08,52.94,0.0,null,null,null,null,null
smart_agriculture_heterogeneous_team_049,return_base,2026-01-21T04:39:10.000Z,start,drone_scout_1,drone_scout,smart_agriculture_heterogeneous_team_049_exec_7,inprogress,93.9,75.08,52.94,18.29,null,null,null,null,null
smart_agriculture_heterogeneous_team_049,return_base,2026-01-21T04:40:01.000Z,null,drone_scout_1,drone_scout,smart_agriculture_heterogeneous_team_049_exec_7,inprogress,92.3,50.05,35.29,13.86,null,null,null,null,null
smart_agriculture_heterogeneous_team_049,return_base,2026-01-21T04:40:52.000Z,null,drone_scout_1,drone_scout,smart_agriculture_heterogeneous_team_049_exec_7,inprogress,90.7,25.03,17.65,9.43,null,null,null,null,null
smart_agriculture_heterogeneous_team_049,return_base,2026-01-21T04:41:44.000Z,complete,drone_scout_1,drone_scout,smart_agriculture_heterogeneous_team_049_exec_7,done,89.1,0.0,0.0,5.0,null,null,null,null,null
smart_agriculture_heterogeneous_team_049,return_base,2026-01-21T04:41:45.000Z,start,sprayer_1,sprayer_rover,smart_agriculture_heterogeneous_team_049_exec_8,inprogress,68.2,75.08,52.94,0.0,null,null,null,null,null
smart_agriculture_heterogeneous_team_049,return_base,2026-01-21T04:42:28.000Z,null,sprayer_1,sprayer_rover,smart_agriculture_heterogeneous_team_049_exec_8,inprogress,67.3,60.06,42.35,0.0,null,null,null,null,null
smart_agriculture_heterogeneous_team_049,return_base,2026-01-21T04:43:11.000Z,null,sprayer_1,sprayer_rover,smart_agriculture_heterogeneous_team_049_exec_8,inprogress,66.4,45.05,31.76,0.0,null,null,null,null,null
smart_agriculture_heterogeneous_team_049,return_base,2026-01-21T04:43:54.000Z,null,sprayer_1,sprayer_rover,smart_agriculture_heterogeneous_team_049_exec_8,inprogress,65.5,30.03,21.18,0.0,null,null,null,null,null
smart_agriculture_heterogeneous_team_049,return_base,2026-01-21T04:44:37.000Z,null,sprayer_1,sprayer_rover,smart_agriculture_heterogeneous_team_049_exec_8,inprogress,64.6,15.02,10.59,0.0,null,null,null,null,null
smart_agriculture_heterogeneous_team_049,return_base,2026-01-21T04:45:24.000Z,complete,sprayer_1,sprayer_rover,smart_agriculture_heterogeneous_team_049_exec_8,done,63.7,0.0,0.0,0.0,null,null,null,null,null
smart_agriculture_heterogeneous_team_049,return_base,2026-01-21T04:45:25.000Z,start,supply_1,supply_rover,smart_agriculture_heterogeneous_team_049_exec_9,inprogress,88.7,0.0,0.0,0.0,null,null,null,null,null
smart_agriculture_heterogeneous_team_049,return_base,2026-01-21T04:46:29.000Z,null,supply_1,supply_rover,smart_agriculture_heterogeneous_team_049_exec_9,inprogress,87.6,0.0,0.0,0.0,null,null,null,null,null
smart_agriculture_heterogeneous_team_049,return_base,2026-01-21T04:47:33.000Z,null,supply_1,supply_rover,smart_agriculture_heterogeneous_team_049_exec_9,inprogress,86.5,0.0,0.0,0.0,null,null,null,null,null
smart_agriculture_heterogeneous_team_049,return_base,2026-01-21T04:48:37.000Z,null,supply_1,supply_rover,smart_agriculture_heterogeneous_team_049_exec_9,inprogress,85.5,0.0,0.0,0.0,null,null,null,null,null
smart_agriculture_heterogeneous_team_049,return_base,2026-01-21T04:49:42.000Z,complete,supply_1,supply_rover,smart_agriculture_heterogeneous_team_049_exec_9,done,84.4,0.0,0.0,0.0,null,null,null,null,null
smart_agriculture_heterogeneous_team_050,survey_field,2026-01-21T04:52:00.000Z,start,drone_scout_1,drone_scout,smart_agriculture_heterogeneous_team_050_exec_1,inprogress,98.1,0.0,0.0,5.0,null,null,null,null,null
smart_agriculture_heterogeneous_team_050,survey_field,2026-01-21T04:52:46.000Z,null,drone_scout_1,drone_scout,smart_agriculture_heterogeneous_team_050_exec_1,inprogress,97.2,5.32,2.71,7.42,null,null,null,null,null
smart_agriculture_heterogeneous_team_050,survey_field,2026-01-21T04:53:32.000Z,null,drone_scout_1,drone_scout,smart_agriculture_heterogeneous_team_050_exec_1,inprogress,96.2,10.64,5.42,9.84,null,null,null,null,null
smart_agriculture_heterogeneous_team_050,survey_field,2026-01-21T04:54:18.000Z,null,drone_scout_1,drone_scout,smart_agriculture_heterogeneous_team_050_exec_1,inprogress,95.2,15.96,8.12,12.26,null,null,null,null,null
smart_agriculture_heterogeneous_team_050,survey_field,2026-01-21T04:55:04.000Z,null,drone_scout_1,drone_scout,smart_agriculture_heterogeneous_team_050_exec_1,inprogress,94.3,21.28,10.83,14.68,null,null,null,null,null
smart_agriculture_heterogeneous_team_050,survey_field,2026-01-21T04:55:50.000Z,null,drone_scout_1,drone_scout,smart_agriculture_heterogeneous_team_050_exec_1,inprogress,93.3,26.6,13.54,17.11,null,null,null,null,null
smart_agriculture_heterogeneous_team_050,survey_field,2026-01-21T04:56:36.000Z,null,drone_scout_1,drone_scout,smart_agriculture_heterogeneous_team_050_exec_1,inprogress,92.4,31.92,16.25,19.53,null,null,null,null,null
smart_agriculture_heterogeneous_team_050,survey_field,2026-01-21T04:57:22.000Z,null,drone_scout_1,drone_scout,smart_agriculture_heterogeneous_team_050_exec_1,inprogress,91.4,37.24,18.95,21.95,null,null,null,null,null
smart_agriculture_heterogeneous_team_050,survey_field,2026-01-21T04:58:09.000Z,complete,drone_scout_1,drone_scout,smart_agriculture_heterogeneous_team_050_exec_1,done,90.4,42.56,21.66,24.37,null,null,null,null,null
smart_agriculture_heterogeneous_team_050,detect_patch,2026-01-21T04:58:10.000Z,start,drone_scout_1,drone_scout,smart_agriculture_heterogeneous_team_050_exec_2,inprogress,90.4,42.56,21.66,24.37,null,null,null,null,null
smart_agriculture_heterogeneous_team_050,detect_patch,2026-01-21T04:58:46.000Z,complete,drone_scout_1,drone_scout,smart_agriculture_heterogeneous_team_050_exec_2,done,90.0,42.56,21.66,24.37,null,null,null,null,null
smart_agriculture_heterogeneous_team_050,send_patch_coordinates,2026-01-21T04:58:47.000Z,start,drone_scout_1,drone_scout,smart_agriculture_heterogeneous_team_050_exec_3,inprogress,90.0,42.56,21.66,24.37,msg_6724fe7c01,weed patch coordinates and density,send,drone_scout_1,sprayer_1
smart_agriculture_heterogeneous_team_050,send_patch_coordinates,2026-01-21T04:58:53.000Z,complete,drone_scout_1,drone_scout,smart_agriculture_heterogeneous_team_050_exec_3,done,89.8,42.56,21.66,24.37,msg_6724fe7c01,weed patch coordinates and density,send,drone_scout_1,sprayer_1
smart_agriculture_heterogeneous_team_050,receive_patch_coordinates,2026-01-21T04:58:58.000Z,start,sprayer_1,sprayer_rover,smart_agriculture_heterogeneous_team_050_exec_4,inprogress,83.8,0.0,0.0,0.0,msg_6724fe7c01,weed patch coordinates and density,receive,drone_scout_1,sprayer_1
smart_agriculture_heterogeneous_team_050,receive_patch_coordinates,2026-01-21T04:59:02.000Z,complete,sprayer_1,sprayer_rover,smart_agriculture_heterogeneous_team_050_exec_4,done,83.7,0.0,0.0,0.0,msg_6724fe7c01,weed patch coordinates and density,receive,drone_scout_1,sprayer_1
smart_agriculture_heterogeneous_team_050,navigate_to_patch,2026-01-21T04:59:03.000Z,start,sprayer_1,sprayer_rover,smart_agriculture_heterogeneous_team_050_exec_5,inprogress,83.7,0.0,0.0,0.0,null,null,null,null,null
smart_agriculture_heterogeneous_team_050,navigate_to_patch,2026-01-21T04:59:46.000Z,null,sprayer_1,sprayer_rover,smart_agriculture_heterogeneous_team_050_exec_5,inprogress,83.0,6.08,3.09,0.0,null,null,null,null,null
smart_agriculture_heterogeneous_team_050,navigate_to_patch,2026-01-21T05:00:29.000Z,null,sprayer_1,sprayer_rover,smart_agriculture_heterogeneous_team_050_exec_5,inprogress,82.3,12.16,6.19,0.0,null,null,null,null,null
smart_agriculture_heterogeneous_team_050,navigate_to_patch,2026-01-21T05:01:12.000Z,null,sprayer_1,sprayer_rover,smart_agriculture_heterogeneous_team_050_exec_5,inprogress,81.6,18.24,9.28,0.0,null,null,null,null,null
smart_agriculture_heterogeneous_team_050,navigate_to_patch,2026-01-21T05:01:55.000Z,null,sprayer_1,sprayer_rover,smart_agriculture_heterogeneous_team_050_exec_5,inprogress,80.9,24.32,12.38,0.0,null,null,null,null,null
smart_agriculture_heterogeneous_team_050,navigate_to_patch,2026-01-21T05:02:38.000Z,null,sprayer_1,sprayer_rover,smart_agriculture_heterogeneous_team_050_exec_5,inprogress,80.2,30.4,15.47,0.0,null,null,null,null,null
smart_agriculture_heterogeneous_team_050,navigate_to_patch,2026-01-21T05:03:21.000Z,null,sprayer_1,sprayer_rover,smart_agriculture_heterogeneous_team_050_exec_5,inprogress,79.5,36.48,18.57,0.0,null,null,null,null,null
smart_agriculture_heterogeneous_team_050,navigate_to_patch,2026-01-21T05:04:05.000Z,complete,sprayer_1,sprayer_rover,smart_agriculture_heterogeneous_team_050_exec_5,done,78.7,42.56,21.66,0.0,null,null,null,null,null
smart_agriculture_heterogeneous_team_050,spray_patch,2026-01-21T05:04:06.000Z,start,sprayer_1,sprayer_rover,smart_agriculture_heterogeneous_team_050_exec_6,inprogress,78.7,42.56,21.66,0.0,null,null,null,null,null
smart_agriculture_heterogeneous_team_050,spray_patch,2026-01-21T05:04:43.000Z,null,sprayer_1,sprayer_rover,smart_agriculture_heterogeneous_team_050_exec_6,inprogress,77.2,42.56,21.66,0.0,null,null,null,null,null
smart_agriculture_heterogeneous_team_050,spray_patch,2026-01-21T05:05:20.000Z,null,sprayer_1,sprayer_rover,smart_agriculture_heterogeneous_team_050_exec_6,inprogress,75.7,42.56,21.66,0.0,null,null,null,null,null
smart_agriculture_heterogeneous_team_050,spray_patch,2026-01-21T05:05:57.000Z,null,sprayer_1,sprayer_rover,smart_agriculture_heterogeneous_team_050_exec_6,inprogress,74.2,42.56,21.66,0.0,null,null,null,null,null
smart_agriculture_heterogeneous_team_050,spray_patch,2026-01-21T05:06:34.000Z,null,sprayer_1,sprayer_rover,smart_agriculture_heterogeneous_team_050_exec_6,inprogress,72.7,42.56,21.66,0.0,null,null,null,null,null
smart_agriculture_heterogeneous_team_050,spray_patch,2026-01-21T05:07:13.000Z,complete,sprayer_1,sprayer_rover,smart_agriculture_heterogeneous_team_050_exec_6,done,71.2,42.56,21.66,0.0,null,null,null,null,null
smart_agriculture_heterogeneous_team_050,send_refill_request,2026-01-21T05:07:14.000Z,start,sprayer_1,sprayer_rover,smart_agriculture_heterogeneous_team_050_exec_7,inprogress,71.2,42.56,21.66,0.0,msg_57d8e3ecfb,refill needed at current patch,send,sprayer_1,supply_1
smart_agriculture_heterogeneous_team_050,send_refill_request,2026-01-21T05:07:19.000Z,complete,sprayer_1,sprayer_rover,smart_agriculture_heterogeneous_team_050_exec_7,done,71.0,42.56,21.66,0.0,msg_57d8e3ecfb,refill needed at current patch,send,sprayer_1,supply_1
smart_agriculture_heterogeneous_team_050,receive_refill_request,2026-01-21T05:07:25.000Z,start,supply_1,supply_rover,smart_agriculture_heterogeneous_team_050_exec_8,inprogress,75.1,0.0,0.0,0.0,msg_57d8e3ecfb,refill needed at current patch,receive,sprayer_1,supply_1
smart_agriculture_heterogeneous_team_050,receive_refill_request,2026-01-21T05:07:29.000Z,complete,supply_1,supply_rover,smart_agriculture_heterogeneous_team_050_exec_8,done,75.0,0.0,0.0,0.0,msg_57d8e3ecfb,refill needed at current patch,receive,sprayer_1,supply_1
smart_agriculture_heterogeneous_team_050,deliver_refill,2026-01-21T05:07:30.000Z,start,supply_1,supply_rover,smart_agriculture_heterogeneous_team_050_exec_9,inprogress,75.0,0.0,0.0,0.0,null,null,null,null,null
smart_agriculture_heterogeneous_team_050,deliver_refill,2026-01-21T05:09:12.000Z,null,supply_1,supply_rover,smart_agriculture_heterogeneous_team_050_exec_9,inprogress,73.8,14.71,6.09,0.0,null,null,null,null,null
smart_agriculture_heterogeneous_team_050,deliver_refill,2026-01-21T05:10:54.000Z,null,supply_1,supply_rover,smart_agriculture_heterogeneous_team_050_exec_9,inprogress,72.6,29.42,12.17,0.0,null,null,null,null,null
smart_agriculture_heterogeneous_team_050,deliver_refill,2026-01-21T05:12:36.000Z,complete,supply_1,supply_rover,smart_agriculture_heterogeneous_team_050_exec_9,done,71.4,44.12,18.26,0.0,null,null,null,null,null
smart_agriculture_heterogeneous_team_050,send_treatment_ack,2026-01-21T05:12:37.000Z,start,supply_1,supply_rover,smart_agriculture_heterogeneous_team_050_exec_10,inprogress,71.4,44.12,18.26,0.0,msg_9030082245,refill delivered and treatment may resume,send,supply_1,sprayer_1
smart_agriculture_heterogeneous_team_050,send_treatment_ack,2026-01-21T05:12:42.000Z,complete,supply_1,supply_rover,smart_agriculture_heterogeneous_team_050_exec_10,done,71.2,44.12,18.26,0.0,msg_9030082245,refill delivered and treatment may resume,send,supply_1,sprayer_1
smart_agriculture_heterogeneous_team_050,receive_treatment_ack,2026-01-21T05:12:46.000Z,start,sprayer_1,sprayer_rover,smart_agriculture_heterogeneous_team_050_exec_11,inprogress,71.0,42.56,21.66,0.0,msg_9030082245,refill delivered and treatment may resume,receive,supply_1,sprayer_1
smart_agriculture_heterogeneous_team_050,receive_treatment_ack,2026-01-21T05:12:50.000Z,complete,sprayer_1,sprayer_rover,smart_agriculture_heterogeneous_team_050_exec_11,done,70.9,42.56,21.66,0.0,msg_9030082245,refill delivered and treatment may resume,receive,supply_1,sprayer_1
smart_agriculture_heterogeneous_team_050,resume_treatment,2026-01-21T05:12:51.000Z,start,sprayer_1,sprayer_rover,smart_agriculture_heterogeneous_team_050_exec_12,inprogress,70.9,42.56,21.66,0.0,null,null,null,null,null
smart_agriculture_heterogeneous_team_050,resume_treatment,2026-01-21T05:13:37.000Z,null,sprayer_1,sprayer_rover,smart_agriculture_heterogeneous_team_050_exec_12,inprogress,70.1,42.56,21.66,0.0,null,null,null,null,null
smart_agriculture_heterogeneous_team_050,resume_treatment,2026-01-21T05:14:23.000Z,null,sprayer_1,sprayer_rover,smart_agriculture_heterogeneous_team_050_exec_12,inprogress,69.2,42.56,21.66,0.0,null,null,null,null,null
smart_agriculture_heterogeneous_team_050,resume_treatment,2026-01-21T05:15:10.000Z,complete,sprayer_1,sprayer_rover,smart_agriculture_heterogeneous_team_050_exec_12,done,68.4,42.56,21.66,0.0,null,null,null,null,null
smart_agriculture_heterogeneous_team_050,return_base,2026-01-21T05:15:11.000Z,start,drone_scout_1,drone_scout,smart_agriculture_heterogeneous_team_050_exec_13,inprogress,89.8,42.56,21.66,24.37,null,null,null,null,null
smart_agriculture_heterogeneous_team_050,return_base,2026-01-21T05:15:49.000Z,null,drone_scout_1,drone_scout,smart_agriculture_heterogeneous_team_050_exec_13,inprogress,89.0,31.92,16.25,19.53,null,null,null,null,null
smart_agriculture_heterogeneous_team_050,return_base,2026-01-21T05:16:27.000Z,null,drone_scout_1,drone_scout,smart_agriculture_heterogeneous_team_050_exec_13,inprogress,88.3,21.28,10.83,14.68,null,null,null,null,null
smart_agriculture_heterogeneous_team_050,return_base,2026-01-21T05:17:05.000Z,null,drone_scout_1,drone_scout,smart_agriculture_heterogeneous_team_050_exec_13,inprogress,87.5,10.64,5.42,9.84,null,null,null,null,null
smart_agriculture_heterogeneous_team_050,return_base,2026-01-21T05:17:44.000Z,complete,drone_scout_1,drone_scout,smart_agriculture_heterogeneous_team_050_exec_13,done,86.8,0.0,0.0,5.0,null,null,null,null,null
smart_agriculture_heterogeneous_team_050,return_base,2026-01-21T05:17:45.000Z,start,sprayer_1,sprayer_rover,smart_agriculture_heterogeneous_team_050_exec_14,inprogress,68.4,42.56,21.66,0.0,null,null,null,null,null
smart_agriculture_heterogeneous_team_050,return_base,2026-01-21T05:18:43.000Z,null,sprayer_1,sprayer_rover,smart_agriculture_heterogeneous_team_050_exec_14,inprogress,67.6,35.47,18.05,0.0,null,null,null,null,null
smart_agriculture_heterogeneous_team_050,return_base,2026-01-21T05:19:41.000Z,null,sprayer_1,sprayer_rover,smart_agriculture_heterogeneous_team_050_exec_14,inprogress,66.7,28.38,14.44,0.0,null,null,null,null,null
smart_agriculture_heterogeneous_team_050,return_base,2026-01-21T05:20:39.000Z,null,sprayer_1,sprayer_rover,smart_agriculture_heterogeneous_team_050_exec_14,inprogress,65.9,21.28,10.83,0.0,null,null,null,null,null
smart_agriculture_heterogeneous_team_050,return_base,2026-01-21T05:21:37.000Z,null,sprayer_1,sprayer_rover,smart_agriculture_heterogeneous_team_050_exec_14,inprogress,65.1,14.19,7.22,0.0,null,null,null,null,null
smart_agriculture_heterogeneous_team_050,return_base,2026-01-21T05:22:35.000Z,null,sprayer_1,sprayer_rover,smart_agriculture_heterogeneous_team_050_exec_14,inprogress,64.2,7.09,3.61,0.0,null,null,null,null,null
smart_agriculture_heterogeneous_team_050,return_base,2026-01-21T05:23:36.000Z,complete,sprayer_1,sprayer_rover,smart_agriculture_heterogeneous_team_050_exec_14,done,63.4,0.0,0.0,0.0,null,null,null,null,null
smart_agriculture_heterogeneous_team_050,return_base,2026-01-21T05:23:37.000Z,start,supply_1,supply_rover,smart_agriculture_heterogeneous_team_050_exec_15,inprogress,71.2,44.12,18.26,0.0,null,null,null,null,null
smart_agriculture_heterogeneous_team_050,return_base,2026-01-21T05:24:37.000Z,null,supply_1,supply_rover,smart_agriculture_heterogeneous_team_050_exec_15,inprogress,70.1,33.09,13.7,0.0,null,null,null,null,null
smart_agriculture_heterogeneous_team_050,return_base,2026-01-21T05:25:37.000Z,null,supply_1,supply_rover,smart_agriculture_heterogeneous_team_050_exec_15,inprogress,69.0,22.06,9.13,0.0,null,null,null,null,null
smart_agriculture_heterogeneous_team_050,return_base,2026-01-21T05:26:37.000Z,null,supply_1,supply_rover,smart_agriculture_heterogeneous_team_050_exec_15,inprogress,68.0,11.03,4.57,0.0,null,null,null,null,null
smart_agriculture_heterogeneous_team_050,return_base,2026-01-21T05:27:37.000Z,complete,supply_1,supply_rover,smart_agriculture_heterogeneous_team_050_exec_15,done,66.9,0.0,0.0,0.0,null,null,null,null,null
smart_agriculture_heterogeneous_team_051,survey_field,2026-01-21T05:20:00.000Z,start,drone_scout_1,drone_scout,smart_agriculture_heterogeneous_team_051_exec_1,inprogress,91.4,0.0,0.0,5.0,null,null,null,null,null
smart_agriculture_heterogeneous_team_051,survey_field,2026-01-21T05:20:39.000Z,null,drone_scout_1,drone_scout,smart_agriculture_heterogeneous_team_051_exec_1,inprogress,90.5,4.02,7.03,7.71,null,null,null,null,null
smart_agriculture_heterogeneous_team_051,survey_field,2026-01-21T05:21:18.000Z,null,drone_scout_1,drone_scout,smart_agriculture_heterogeneous_team_051_exec_1,inprogress,89.6,8.04,14.06,10.42,null,null,null,null,null
smart_agriculture_heterogeneous_team_051,survey_field,2026-01-21T05:21:57.000Z,null,drone_scout_1,drone_scout,smart_agriculture_heterogeneous_team_051_exec_1,inprogress,88.7,12.06,21.09,13.13,null,null,null,null,null
smart_agriculture_heterogeneous_team_051,survey_field,2026-01-21T05:22:36.000Z,null,drone_scout_1,drone_scout,smart_agriculture_heterogeneous_team_051_exec_1,inprogress,87.9,16.08,28.13,15.84,null,null,null,null,null
smart_agriculture_heterogeneous_team_051,survey_field,2026-01-21T05:23:15.000Z,null,drone_scout_1,drone_scout,smart_agriculture_heterogeneous_team_051_exec_1,inprogress,87.0,20.1,35.16,18.55,null,null,null,null,null
smart_agriculture_heterogeneous_team_051,survey_field,2026-01-21T05:23:54.000Z,null,drone_scout_1,drone_scout,smart_agriculture_heterogeneous_team_051_exec_1,inprogress,86.1,24.11,42.19,21.26,null,null,null,null,null
smart_agriculture_heterogeneous_team_051,survey_field,2026-01-21T05:24:33.000Z,null,drone_scout_1,drone_scout,smart_agriculture_heterogeneous_team_051_exec_1,inprogress,85.2,28.13,49.22,23.97,null,null,null,null,null
smart_agriculture_heterogeneous_team_051,survey_field,2026-01-21T05:25:18.000Z,complete,drone_scout_1,drone_scout,smart_agriculture_heterogeneous_team_051_exec_1,done,84.3,32.15,56.25,26.68,null,null,null,null,null
smart_agriculture_heterogeneous_team_051,detect_patch,2026-01-21T05:25:19.000Z,start,drone_scout_1,drone_scout,smart_agriculture_heterogeneous_team_051_exec_2,inprogress,84.3,32.15,56.25,26.68,null,null,null,null,null
smart_agriculture_heterogeneous_team_051,detect_patch,2026-01-21T05:26:03.000Z,complete,drone_scout_1,drone_scout,smart_agriculture_heterogeneous_team_051_exec_2,done,83.9,32.15,56.25,26.68,null,null,null,null,null
smart_agriculture_heterogeneous_team_051,send_patch_coordinates,2026-01-21T05:26:04.000Z,start,drone_scout_1,drone_scout,smart_agriculture_heterogeneous_team_051_exec_3,inprogress,83.9,32.15,56.25,26.68,msg_bdc49cc9f2,weed patch coordinates and density,send,drone_scout_1,sprayer_1
smart_agriculture_heterogeneous_team_051,send_patch_coordinates,2026-01-21T05:26:10.000Z,complete,drone_scout_1,drone_scout,smart_agriculture_heterogeneous_team_051_exec_3,done,83.7,32.15,56.25,26.68,msg_bdc49cc9f2,weed patch coordinates and density,send,drone_scout_1,sprayer_1
smart_agriculture_heterogeneous_team_051,receive_patch_coordinates,2026-01-21T05:26:15.000Z,start,sprayer_1,sprayer_rover,smart_agriculture_heterogeneous_team_051_exec_4,inprogress,90.9,0.0,0.0,0.0,msg_bdc49cc9f2,weed patch coordinates and density,receive,drone_scout_1,sprayer_1
smart_agriculture_heterogeneous_team_051,receive_patch_coordinates,2026-01-21T05:26:19.000Z,complete,sprayer_1,sprayer_rover,smart_agriculture_heterogeneous_team_051_exec_4,done,90.8,0.0,0.0,0.0,msg_bdc49cc9f2,weed patch coordinates and density,receive,drone_scout_1,sprayer_1
smart_agriculture_heterogeneous_team_051,receive_patch_coordinates,2026-01-21T05:26:23.000Z,start,sprayer_1,sprayer_rover,smart_agriculture_heterogeneous_team_051_exec_5,inprogress,90.8,0.0,0.0,0.0,msg_bdc49cc9f2,weed patch coordinates and density,receive,drone_scout_1,sprayer_1
smart_agriculture_heterogeneous_team_051,receive_patch_coordinates,2026-01-21T05:26:27.000Z,complete,sprayer_1,sprayer_rover,smart_agriculture_heterogeneous_team_051_exec_5,done,90.7,0.0,0.0,0.0,msg_bdc49cc9f2,weed patch coordinates and density,receive,drone_scout_1,sprayer_1
smart_agriculture_heterogeneous_team_051,queue_wait,2026-01-21T05:26:28.000Z,start,sprayer_1,sprayer_rover,smart_agriculture_heterogeneous_team_051_exec_6,inprogress,90.7,0.0,0.0,0.0,null,null,null,null,null
smart_agriculture_heterogeneous_team_051,queue_wait,2026-01-21T05:26:45.000Z,null,sprayer_1,sprayer_rover,smart_agriculture_heterogeneous_team_051_exec_6,inprogress,90.5,0.0,0.0,0.0,null,null,null,null,null
smart_agriculture_heterogeneous_team_051,queue_wait,2026-01-21T05:27:02.000Z,complete,sprayer_1,sprayer_rover,smart_agriculture_heterogeneous_team_051_exec_6,done,90.3,0.0,0.0,0.0,null,null,null,null,null
smart_agriculture_heterogeneous_team_051,navigate_to_patch,2026-01-21T05:27:03.000Z,start,sprayer_1,sprayer_rover,smart_agriculture_heterogeneous_team_051_exec_7,inprogress,90.3,0.0,0.0,0.0,null,null,null,null,null
smart_agriculture_heterogeneous_team_051,navigate_to_patch,2026-01-21T05:28:45.000Z,null,sprayer_1,sprayer_rover,smart_agriculture_heterogeneous_team_051_exec_7,inprogress,89.1,8.04,14.06,0.0,null,null,null,null,null
smart_agriculture_heterogeneous_team_051,navigate_to_patch,2026-01-21T05:30:27.000Z,null,sprayer_1,sprayer_rover,smart_agriculture_heterogeneous_team_051_exec_7,inprogress,87.8,16.08,28.13,0.0,null,null,null,null,null
smart_agriculture_heterogeneous_team_051,navigate_to_patch,2026-01-21T05:32:09.000Z,null,sprayer_1,sprayer_rover,smart_agriculture_heterogeneous_team_051_exec_7,inprogress,86.6,24.11,42.19,0.0,null,null,null,null,null
smart_agriculture_heterogeneous_team_051,navigate_to_patch,2026-01-21T05:33:53.000Z,complete,sprayer_1,sprayer_rover,smart_agriculture_heterogeneous_team_051_exec_7,done,85.4,32.15,56.25,0.0,null,null,null,null,null
smart_agriculture_heterogeneous_team_051,spray_patch,2026-01-21T05:33:54.000Z,start,sprayer_1,sprayer_rover,smart_agriculture_heterogeneous_team_051_exec_8,inprogress,85.4,32.15,56.25,0.0,null,null,null,null,null
smart_agriculture_heterogeneous_team_051,spray_patch,2026-01-21T05:34:53.000Z,null,sprayer_1,sprayer_rover,smart_agriculture_heterogeneous_team_051_exec_8,inprogress,84.0,32.15,56.25,0.0,null,null,null,null,null
smart_agriculture_heterogeneous_team_051,spray_patch,2026-01-21T05:35:52.000Z,null,sprayer_1,sprayer_rover,smart_agriculture_heterogeneous_team_051_exec_8,inprogress,82.7,32.15,56.25,0.0,null,null,null,null,null
smart_agriculture_heterogeneous_team_051,spray_patch,2026-01-21T05:36:51.000Z,null,sprayer_1,sprayer_rover,smart_agriculture_heterogeneous_team_051_exec_8,inprogress,81.4,32.15,56.25,0.0,null,null,null,null,null
smart_agriculture_heterogeneous_team_051,spray_patch,2026-01-21T05:37:51.000Z,complete,sprayer_1,sprayer_rover,smart_agriculture_heterogeneous_team_051_exec_8,done,80.0,32.15,56.25,0.0,null,null,null,null,null
smart_agriculture_heterogeneous_team_051,return_base,2026-01-21T05:37:52.000Z,start,drone_scout_1,drone_scout,smart_agriculture_heterogeneous_team_051_exec_9,inprogress,83.7,32.15,56.25,26.68,null,null,null,null,null
smart_agriculture_heterogeneous_team_051,return_base,2026-01-21T05:38:23.000Z,null,drone_scout_1,drone_scout,smart_agriculture_heterogeneous_team_051_exec_9,inprogress,83.2,25.72,45.0,22.34,null,null,null,null,null
smart_agriculture_heterogeneous_team_051,return_base,2026-01-21T05:38:54.000Z,null,drone_scout_1,drone_scout,smart_agriculture_heterogeneous_team_051_exec_9,inprogress,82.6,19.29,33.75,18.01,null,null,null,null,null
smart_agriculture_heterogeneous_team_051,return_base,2026-01-21T05:39:25.000Z,null,drone_scout_1,drone_scout,smart_agriculture_heterogeneous_team_051_exec_9,inprogress,82.1,12.86,22.5,13.67,null,null,null,null,null
smart_agriculture_heterogeneous_team_051,return_base,2026-01-21T05:39:56.000Z,null,drone_scout_1,drone_scout,smart_agriculture_heterogeneous_team_051_exec_9,inprogress,81.6,6.43,11.25,9.34,null,null,null,null,null
smart_agriculture_heterogeneous_team_051,return_base,2026-01-21T05:40:27.000Z,complete,drone_scout_1,drone_scout,smart_agriculture_heterogeneous_team_051_exec_9,done,81.0,0.0,0.0,5.0,null,null,null,null,null
smart_agriculture_heterogeneous_team_051,return_base,2026-01-21T05:40:28.000Z,start,sprayer_1,sprayer_rover,smart_agriculture_heterogeneous_team_051_exec_10,inprogress,80.0,32.15,56.25,0.0,null,null,null,null,null
smart_agriculture_heterogeneous_team_051,return_base,2026-01-21T05:41:45.000Z,null,sprayer_1,sprayer_rover,smart_agriculture_heterogeneous_team_051_exec_10,inprogress,79.0,24.11,42.19,0.0,null,null,null,null,null
smart_agriculture_heterogeneous_team_051,return_base,2026-01-21T05:43:02.000Z,null,sprayer_1,sprayer_rover,smart_agriculture_heterogeneous_team_051_exec_10,inprogress,78.1,16.08,28.13,0.0,null,null,null,null,null
smart_agriculture_heterogeneous_team_051,return_base,2026-01-21T05:44:19.000Z,null,sprayer_1,sprayer_rover,smart_agriculture_heterogeneous_team_051_exec_10,inprogress,77.1,8.04,14.06,0.0,null,null,null,null,null
smart_agriculture_heterogeneous_team_051,return_base,2026-01-21T05:45:38.000Z,complete,sprayer_1,sprayer_rover,smart_agriculture_heterogeneous_team_051_exec_10,done,76.1,0.0,0.0,0.0,null,null,null,null,null
smart_agriculture_heterogeneous_team_051,return_base,2026-01-21T05:45:39.000Z,start,supply_1,supply_rover,smart_agriculture_heterogeneous_team_051_exec_11,inprogress,74.7,0.0,0.0,0.0,null,null,null,null,null
smart_agriculture_heterogeneous_team_051,return_base,2026-01-21T05:46:51.000Z,null,supply_1,supply_rover,smart_agriculture_heterogeneous_team_051_exec_11,inprogress,73.8,0.0,0.0,0.0,null,null,null,null,null
smart_agriculture_heterogeneous_team_051,return_base,2026-01-21T05:48:03.000Z,null,supply_1,supply_rover,smart_agriculture_heterogeneous_team_051_exec_11,inprogress,72.9,0.0,0.0,0.0,null,null,null,null,null
smart_agriculture_heterogeneous_team_051,return_base,2026-01-21T05:49:15.000Z,null,supply_1,supply_rover,smart_agriculture_heterogeneous_team_051_exec_11,inprogress,71.9,0.0,0.0,0.0,null,null,null,null,null
smart_agriculture_heterogeneous_team_051,return_base,2026-01-21T05:50:27.000Z,complete,supply_1,supply_rover,smart_agriculture_heterogeneous_team_051_exec_11,done,71.0,0.0,0.0,0.0,null,null,null,null,null
smart_agriculture_heterogeneous_team_052,survey_field,2026-01-21T05:48:00.000Z,start,drone_scout_1,drone_scout,smart_agriculture_heterogeneous_team_052_exec_1,inprogress,76.3,0.0,0.0,5.0,null,null,null,null,null
smart_agriculture_heterogeneous_team_052,survey_field,2026-01-21T05:48:54.000Z,null,drone_scout_1,drone_scout,smart_agriculture_heterogeneous_team_052_exec_1,inprogress,75.2,10.11,7.99,7.66,null,null,null,null,null
smart_agriculture_heterogeneous_team_052,survey_field,2026-01-21T05:49:48.000Z,null,drone_scout_1,drone_scout,smart_agriculture_heterogeneous_team_052_exec_1,inprogress,74.1,20.22,15.98,10.31,null,null,null,null,null
smart_agriculture_heterogeneous_team_052,survey_field,2026-01-21T05:50:42.000Z,null,drone_scout_1,drone_scout,smart_agriculture_heterogeneous_team_052_exec_1,inprogress,73.0,30.34,23.97,12.97,null,null,null,null,null
smart_agriculture_heterogeneous_team_052,survey_field,2026-01-21T05:51:36.000Z,null,drone_scout_1,drone_scout,smart_agriculture_heterogeneous_team_052_exec_1,inprogress,71.9,40.45,31.96,15.63,null,null,null,null,null
smart_agriculture_heterogeneous_team_052,survey_field,2026-01-21T05:52:30.000Z,null,drone_scout_1,drone_scout,smart_agriculture_heterogeneous_team_052_exec_1,inprogress,70.8,50.56,39.95,18.28,null,null,null,null,null
smart_agriculture_heterogeneous_team_052,survey_field,2026-01-21T05:53:28.000Z,complete,drone_scout_1,drone_scout,smart_agriculture_heterogeneous_team_052_exec_1,done,69.7,60.67,47.94,20.94,null,null,null,null,null
smart_agriculture_heterogeneous_team_052,detect_patch,2026-01-21T05:53:29.000Z,start,drone_scout_1,drone_scout,smart_agriculture_heterogeneous_team_052_exec_2,inprogress,69.7,60.67,47.94,20.94,null,null,null,null,null
smart_agriculture_heterogeneous_team_052,detect_patch,2026-01-21T05:54:08.000Z,complete,drone_scout_1,drone_scout,smart_agriculture_heterogeneous_team_052_exec_2,done,69.4,60.67,47.94,20.94,null,null,null,null,null
smart_agriculture_heterogeneous_team_052,send_patch_coordinates,2026-01-21T05:54:09.000Z,start,drone_scout_1,drone_scout,smart_agriculture_heterogeneous_team_052_exec_3,inprogress,69.4,60.67,47.94,20.94,msg_9e0b26b8ab,weed patch coordinates and density,send,drone_scout_1,sprayer_1
smart_agriculture_heterogeneous_team_052,send_patch_coordinates,2026-01-21T05:54:13.000Z,complete,drone_scout_1,drone_scout,smart_agriculture_heterogeneous_team_052_exec_3,done,69.2,60.67,47.94,20.94,msg_9e0b26b8ab,weed patch coordinates and density,send,drone_scout_1,sprayer_1
smart_agriculture_heterogeneous_team_052,receive_patch_coordinates,2026-01-21T05:54:18.000Z,start,sprayer_1,sprayer_rover,smart_agriculture_heterogeneous_team_052_exec_4,inprogress,75.4,0.0,0.0,0.0,msg_9e0b26b8ab,weed patch coordinates and density,receive,drone_scout_1,sprayer_1
smart_agriculture_heterogeneous_team_052,receive_patch_coordinates,2026-01-21T05:54:22.000Z,complete,sprayer_1,sprayer_rover,smart_agriculture_heterogeneous_team_052_exec_4,done,75.3,0.0,0.0,0.0,msg_9e0b26b8ab,weed patch coordinates and density,receive,drone_scout_1,sprayer_1
smart_agriculture_heterogeneous_team_052,navigate_to_patch,2026-01-21T05:54:23.000Z,start,sprayer_1,sprayer_rover,smart_agriculture_heterogeneous_team_052_exec_5,inprogress,75.3,0.0,0.0,0.0,null,null,null,null,null
smart_agriculture_heterogeneous_team_052,navigate_to_patch,2026-01-21T05:56:01.000Z,null,sprayer_1,sprayer_rover,smart_agriculture_heterogeneous_team_052_exec_5,inprogress,73.6,15.17,11.99,0.0,null,null,null,null,null
smart_agriculture_heterogeneous_team_052,navigate_to_patch,2026-01-21T05:57:39.000Z,null,sprayer_1,sprayer_rover,smart_agriculture_heterogeneous_team_052_exec_5,inprogress,72.0,30.34,23.97,0.0,null,null,null,null,null
smart_agriculture_heterogeneous_team_052,navigate_to_patch,2026-01-21T05:59:17.000Z,null,sprayer_1,sprayer_rover,smart_agriculture_heterogeneous_team_052_exec_5,inprogress,70.3,45.51,35.96,0.0,null,null,null,null,null
smart_agriculture_heterogeneous_team_052,navigate_to_patch,2026-01-21T06:00:57.000Z,complete,sprayer_1,sprayer_rover,smart_agriculture_heterogeneous_team_052_exec_5,done,68.7,60.67,47.94,0.0,null,null,null,null,null
smart_agriculture_heterogeneous_team_052,spray_patch,2026-01-21T06:00:58.000Z,start,sprayer_1,sprayer_rover,smart_agriculture_heterogeneous_team_052_exec_6,inprogress,68.7,60.67,47.94,0.0,null,null,null,null,null
smart_agriculture_heterogeneous_team_052,spray_patch,2026-01-21T06:01:35.000Z,null,sprayer_1,sprayer_rover,smart_agriculture_heterogeneous_team_052_exec_6,inprogress,67.5,60.67,47.94,0.0,null,null,null,null,null
smart_agriculture_heterogeneous_team_052,spray_patch,2026-01-21T06:02:12.000Z,null,sprayer_1,sprayer_rover,smart_agriculture_heterogeneous_team_052_exec_6,inprogress,66.4,60.67,47.94,0.0,null,null,null,null,null
smart_agriculture_heterogeneous_team_052,spray_patch,2026-01-21T06:02:49.000Z,null,sprayer_1,sprayer_rover,smart_agriculture_heterogeneous_team_052_exec_6,inprogress,65.2,60.67,47.94,0.0,null,null,null,null,null
smart_agriculture_heterogeneous_team_052,spray_patch,2026-01-21T06:03:26.000Z,complete,sprayer_1,sprayer_rover,smart_agriculture_heterogeneous_team_052_exec_6,done,64.1,60.67,47.94,0.0,null,null,null,null,null
smart_agriculture_heterogeneous_team_052,return_base,2026-01-21T06:03:27.000Z,start,drone_scout_1,drone_scout,smart_agriculture_heterogeneous_team_052_exec_7,inprogress,69.2,60.67,47.94,20.94,null,null,null,null,null
smart_agriculture_heterogeneous_team_052,return_base,2026-01-21T06:04:36.000Z,null,drone_scout_1,drone_scout,smart_agriculture_heterogeneous_team_052_exec_7,inprogress,68.1,40.45,31.96,15.63,null,null,null,null,null
smart_agriculture_heterogeneous_team_052,return_base,2026-01-21T06:05:45.000Z,null,drone_scout_1,drone_scout,smart_agriculture_heterogeneous_team_052_exec_7,inprogress,67.1,20.22,15.98,10.31,null,null,null,null,null
smart_agriculture_heterogeneous_team_052,return_base,2026-01-21T06:06:55.000Z,complete,drone_scout_1,drone_scout,smart_agriculture_heterogeneous_team_052_exec_7,done,66.0,0.0,0.0,5.0,null,null,null,null,null
smart_agriculture_heterogeneous_team_052,return_base,2026-01-21T06:06:56.000Z,start,sprayer_1,sprayer_rover,smart_agriculture_heterogeneous_team_052_exec_8,inprogress,64.1,60.67,47.94,0.0,null,null,null,null,null
smart_agriculture_heterogeneous_team_052,return_base,2026-01-21T06:07:55.000Z,null,sprayer_1,sprayer_rover,smart_agriculture_heterogeneous_team_052_exec_8,inprogress,63.2,50.56,39.95,0.0,null,null,null,null,null
smart_agriculture_heterogeneous_team_052,return_base,2026-01-21T06:08:54.000Z,null,sprayer_1,sprayer_rover,smart_agriculture_heterogeneous_team_052_exec_8,inprogress,62.2,40.45,31.96,0.0,null,null,null,null,null
smart_agriculture_heterogeneous_team_052,return_base,2026-01-21T06:09:53.000Z,null,sprayer_1,sprayer_rover,smart_agriculture_heterogeneous_team_052_exec_8,inprogress,61.3,30.34,23.97,0.0,null,null,null,null,null
smart_agriculture_heterogeneous_team_052,return_base,2026-01-21T06:10:52.000Z,null,sprayer_1,sprayer_rover,smart_agriculture_heterogeneous_team_052_exec_8,inprogress,60.3,20.22,15.98,0.0,null,null,null,null,null
smart_agriculture_heterogeneous_team_052,return_base,2026-01-21T06:11:51.000Z,null,sprayer_1,sprayer_rover,smart_agriculture_heterogeneous_team_052_exec_8,inprogress,59.4,10.11,7.99,0.0,null,null,null,null,null
smart_agriculture_heterogeneous_team_052,return_base,2026-01-21T06:12:54.000Z,complete,sprayer_1,sprayer_rover,smart_agriculture_heterogeneous_team_052_exec_8,done,58.5,0.0,0.0,0.0,null,null,null,null,null
smart_agriculture_heterogeneous_team_052,return_base,2026-01-21T06:12:55.000Z,start,supply_1,supply_rover,smart_agriculture_heterogeneous_team_052_exec_9,inprogress,74.5,0.0,0.0,0.0,null,null,null,null,null
smart_agriculture_heterogeneous_team_052,return_base,2026-01-21T06:14:00.000Z,null,supply_1,supply_rover,smart_agriculture_heterogeneous_team_052_exec_9,inprogress,73.9,0.0,0.0,0.0,null,null,null,null,null
smart_agriculture_heterogeneous_team_052,return_base,2026-01-21T06:15:05.000Z,null,supply_1,supply_rover,smart_agriculture_heterogeneous_team_052_exec_9,inprogress,73.2,0.0,0.0,0.0,null,null,null,null,null
smart_agriculture_heterogeneous_team_052,return_base,2026-01-21T06:16:10.000Z,null,supply_1,supply_rover,smart_agriculture_heterogeneous_team_052_exec_9,inprogress,72.5,0.0,0.0,0.0,null,null,null,null,null
smart_agriculture_heterogeneous_team_052,return_base,2026-01-21T06:17:15.000Z,complete,supply_1,supply_rover,smart_agriculture_heterogeneous_team_052_exec_9,done,71.8,0.0,0.0,0.0,null,null,null,null,null
smart_agriculture_heterogeneous_team_053,survey_field,2026-01-21T06:16:00.000Z,start,drone_scout_1,drone_scout,smart_agriculture_heterogeneous_team_053_exec_1,inprogress,93.3,0.0,0.0,5.0,null,null,null,null,null
smart_agriculture_heterogeneous_team_053,survey_field,2026-01-21T06:16:44.000Z,null,drone_scout_1,drone_scout,smart_agriculture_heterogeneous_team_053_exec_1,inprogress,92.5,5.19,7.19,7.87,null,null,null,null,null
smart_agriculture_heterogeneous_team_053,survey_field,2026-01-21T06:17:28.000Z,null,drone_scout_1,drone_scout,smart_agriculture_heterogeneous_team_053_exec_1,inprogress,91.6,10.38,14.39,10.73,null,null,null,null,null
smart_agriculture_heterogeneous_team_053,survey_field,2026-01-21T06:18:12.000Z,null,drone_scout_1,drone_scout,smart_agriculture_heterogeneous_team_053_exec_1,inprogress,90.7,15.56,21.58,13.6,null,null,null,null,null
smart_agriculture_heterogeneous_team_053,survey_field,2026-01-21T06:18:56.000Z,null,drone_scout_1,drone_scout,smart_agriculture_heterogeneous_team_053_exec_1,inprogress,89.8,20.75,28.78,16.46,null,null,null,null,null
smart_agriculture_heterogeneous_team_053,survey_field,2026-01-21T06:19:40.000Z,null,drone_scout_1,drone_scout,smart_agriculture_heterogeneous_team_053_exec_1,inprogress,89.0,25.94,35.97,19.33,null,null,null,null,null
smart_agriculture_heterogeneous_team_053,survey_field,2026-01-21T06:20:24.000Z,null,drone_scout_1,drone_scout,smart_agriculture_heterogeneous_team_053_exec_1,inprogress,88.1,31.13,43.16,22.19,null,null,null,null,null
smart_agriculture_heterogeneous_team_053,survey_field,2026-01-21T06:21:08.000Z,complete,drone_scout_1,drone_scout,smart_agriculture_heterogeneous_team_053_exec_1,done,87.2,36.31,50.36,25.06,null,null,null,null,null
smart_agriculture_heterogeneous_team_053,detect_patch,2026-01-21T06:21:09.000Z,start,drone_scout_1,drone_scout,smart_agriculture_heterogeneous_team_053_exec_2,inprogress,87.2,36.31,50.36,25.06,null,null,null,null,null
smart_agriculture_heterogeneous_team_053,detect_patch,2026-01-21T06:21:29.000Z,complete,drone_scout_1,drone_scout,smart_agriculture_heterogeneous_team_053_exec_2,done,86.9,36.31,50.36,25.06,null,null,null,null,null
smart_agriculture_heterogeneous_team_053,send_patch_coordinates,2026-01-21T06:21:30.000Z,start,drone_scout_1,drone_scout,smart_agriculture_heterogeneous_team_053_exec_3,inprogress,86.9,36.31,50.36,25.06,msg_4d92fc7fb4,weed patch coordinates and density,send,drone_scout_1,sprayer_1
smart_agriculture_heterogeneous_team_053,send_patch_coordinates,2026-01-21T06:21:37.000Z,complete,drone_scout_1,drone_scout,smart_agriculture_heterogeneous_team_053_exec_3,done,86.7,36.31,50.36,25.06,msg_4d92fc7fb4,weed patch coordinates and density,send,drone_scout_1,sprayer_1
smart_agriculture_heterogeneous_team_053,receive_patch_coordinates,2026-01-21T06:21:42.000Z,start,sprayer_1,sprayer_rover,smart_agriculture_heterogeneous_team_053_exec_4,inprogress,91.7,0.0,0.0,0.0,msg_4d92fc7fb4,weed patch coordinates and density,receive,drone_scout_1,sprayer_1
smart_agriculture_heterogeneous_team_053,receive_patch_coordinates,2026-01-21T06:21:46.000Z,complete,sprayer_1,sprayer_rover,smart_agriculture_heterogeneous_team_053_exec_4,done,91.6,0.0,0.0,0.0,msg_4d92fc7fb4,weed patch coordinates and density,receive,drone_scout_1,sprayer_1
smart_agriculture_heterogeneous_team_053,navigate_to_patch,2026-01-21T06:21:47.000Z,start,sprayer_1,sprayer_rover,smart_agriculture_heterogeneous_team_053_exec_5,inprogress,91.6,0.0,0.0,0.0,null,null,null,null,null
smart_agriculture_heterogeneous_team_053,navigate_to_patch,2026-01-21T06:22:55.000Z,null,sprayer_1,sprayer_rover,smart_agriculture_heterogeneous_team_053_exec_5,inprogress,90.4,6.05,8.39,0.0,null,null,null,null,null
smart_agriculture_heterogeneous_team_053,navigate_to_patch,2026-01-21T06:24:03.000Z,null,sprayer_1,sprayer_rover,smart_agriculture_heterogeneous_team_053_exec_5,inprogress,89.2,12.1,16.79,0.0,null,null,null,null,null
smart_agriculture_heterogeneous_team_053,navigate_to_patch,2026-01-21T06:25:11.000Z,null,sprayer_1,sprayer_rover,smart_agriculture_heterogeneous_team_053_exec_5,inprogress,87.9,18.16,25.18,0.0,null,null,null,null,null
smart_agriculture_heterogeneous_team_053,navigate_to_patch,2026-01-21T06:26:19.000Z,null,sprayer_1,sprayer_rover,smart_agriculture_heterogeneous_team_053_exec_5,inprogress,86.7,24.21,33.57,0.0,null,null,null,null,null
smart_agriculture_heterogeneous_team_053,navigate_to_patch,2026-01-21T06:27:27.000Z,null,sprayer_1,sprayer_rover,smart_agriculture_heterogeneous_team_053_exec_5,inprogress,85.5,30.26,41.96,0.0,null,null,null,null,null
smart_agriculture_heterogeneous_team_053,navigate_to_patch,2026-01-21T06:28:36.000Z,complete,sprayer_1,sprayer_rover,smart_agriculture_heterogeneous_team_053_exec_5,done,84.2,36.31,50.36,0.0,null,null,null,null,null
smart_agriculture_heterogeneous_team_053,spray_patch,2026-01-21T06:28:37.000Z,start,sprayer_1,sprayer_rover,smart_agriculture_heterogeneous_team_053_exec_6,inprogress,84.2,36.31,50.36,0.0,null,null,null,null,null
smart_agriculture_heterogeneous_team_053,spray_patch,2026-01-21T06:29:22.000Z,null,sprayer_1,sprayer_rover,smart_agriculture_heterogeneous_team_053_exec_6,inprogress,82.8,36.31,50.36,0.0,null,null,null,null,null
smart_agriculture_heterogeneous_team_053,spray_patch,2026-01-21T06:30:07.000Z,null,sprayer_1,sprayer_rover,smart_agriculture_heterogeneous_team_053_exec_6,inprogress,81.4,36.31,50.36,0.0,null,null,null,null,null
smart_agriculture_heterogeneous_team_053,spray_patch,2026-01-21T06:30:52.000Z,null,sprayer_1,sprayer_rover,smart_agriculture_heterogeneous_team_053_exec_6,inprogress,80.1,36.31,50.36,0.0,null,null,null,null,null
smart_agriculture_heterogeneous_team_053,spray_patch,2026-01-21T06:31:38.000Z,complete,sprayer_1,sprayer_rover,smart_agriculture_heterogeneous_team_053_exec_6,done,78.7,36.31,50.36,0.0,null,null,null,null,null
smart_agriculture_heterogeneous_team_053,send_refill_request,2026-01-21T06:31:39.000Z,start,sprayer_1,sprayer_rover,smart_agriculture_heterogeneous_team_053_exec_7,inprogress,78.7,36.31,50.36,0.0,msg_674b151785,refill needed at current patch,send,sprayer_1,supply_1
smart_agriculture_heterogeneous_team_053,send_refill_request,2026-01-21T06:31:44.000Z,complete,sprayer_1,sprayer_rover,smart_agriculture_heterogeneous_team_053_exec_7,done,78.5,36.31,50.36,0.0,msg_674b151785,refill needed at current patch,send,sprayer_1,supply_1
smart_agriculture_heterogeneous_team_053,receive_refill_request,2026-01-21T06:31:50.000Z,start,supply_1,supply_rover,smart_agriculture_heterogeneous_team_053_exec_8,inprogress,79.0,0.0,0.0,0.0,msg_674b151785,refill needed at current patch,receive,sprayer_1,supply_1
smart_agriculture_heterogeneous_team_053,receive_refill_request,2026-01-21T06:31:54.000Z,complete,supply_1,supply_rover,smart_agriculture_heterogeneous_team_053_exec_8,done,78.9,0.0,0.0,0.0,msg_674b151785,refill needed at current patch,receive,sprayer_1,supply_1
smart_agriculture_heterogeneous_team_053,deliver_refill,2026-01-21T06:31:55.000Z,start,supply_1,supply_rover,smart_agriculture_heterogeneous_team_053_exec_9,inprogress,78.9,0.0,0.0,0.0,null,null,null,null,null
smart_agriculture_heterogeneous_team_053,deliver_refill,2026-01-21T06:32:52.000Z,null,supply_1,supply_rover,smart_agriculture_heterogeneous_team_053_exec_9,inprogress,78.3,8.0,10.34,0.0,null,null,null,null,null
smart_agriculture_heterogeneous_team_053,deliver_refill,2026-01-21T06:33:49.000Z,null,supply_1,supply_rover,smart_agriculture_heterogeneous_team_053_exec_9,inprogress,77.6,16.0,20.67,0.0,null,null,null,null,null
smart_agriculture_heterogeneous_team_053,deliver_refill,2026-01-21T06:34:46.000Z,null,supply_1,supply_rover,smart_agriculture_heterogeneous_team_053_exec_9,inprogress,77.0,24.01,31.01,0.0,null,null,null,null,null
smart_agriculture_heterogeneous_team_053,deliver_refill,2026-01-21T06:35:43.000Z,null,supply_1,supply_rover,smart_agriculture_heterogeneous_team_053_exec_9,inprogress,76.4,32.01,41.35,0.0,null,null,null,null,null
smart_agriculture_heterogeneous_team_053,deliver_refill,2026-01-21T06:36:44.000Z,complete,supply_1,supply_rover,smart_agriculture_heterogeneous_team_053_exec_9,done,75.8,40.01,51.69,0.0,null,null,null,null,null
smart_agriculture_heterogeneous_team_053,send_treatment_ack,2026-01-21T06:36:45.000Z,start,supply_1,supply_rover,smart_agriculture_heterogeneous_team_053_exec_10,inprogress,75.8,40.01,51.69,0.0,msg_e182331697,refill delivered and treatment may resume,send,supply_1,sprayer_1
smart_agriculture_heterogeneous_team_053,send_treatment_ack,2026-01-21T06:36:51.000Z,complete,supply_1,supply_rover,smart_agriculture_heterogeneous_team_053_exec_10,done,75.6,40.01,51.69,0.0,msg_e182331697,refill delivered and treatment may resume,send,supply_1,sprayer_1
smart_agriculture_heterogeneous_team_053,receive_treatment_ack,2026-01-21T06:36:55.000Z,start,sprayer_1,sprayer_rover,smart_agriculture_heterogeneous_team_053_exec_11,inprogress,78.5,36.31,50.36,0.0,msg_e182331697,refill delivered and treatment may resume,receive,supply_1,sprayer_1
smart_agriculture_heterogeneous_team_053,receive_treatment_ack,2026-01-21T06:36:59.000Z,complete,sprayer_1,sprayer_rover,smart_agriculture_heterogeneous_team_053_exec_11,done,78.4,36.31,50.36,0.0,msg_e182331697,refill delivered and treatment may resume,receive,supply_1,sprayer_1
smart_agriculture_heterogeneous_team_053,resume_treatment,2026-01-21T06:37:00.000Z,start,sprayer_1,sprayer_rover,smart_agriculture_heterogeneous_team_053_exec_12,inprogress,78.4,36.31,50.36,0.0,null,null,null,null,null
smart_agriculture_heterogeneous_team_053,resume_treatment,2026-01-21T06:37:44.000Z,null,sprayer_1,sprayer_rover,smart_agriculture_heterogeneous_team_053_exec_12,inprogress,76.5,36.31,50.36,0.0,null,null,null,null,null
smart_agriculture_heterogeneous_team_053,resume_treatment,2026-01-21T06:38:29.000Z,complete,sprayer_1,sprayer_rover,smart_agriculture_heterogeneous_team_053_exec_12,done,74.7,36.31,50.36,0.0,null,null,null,null,null
smart_agriculture_heterogeneous_team_053,return_base,2026-01-21T06:38:30.000Z,start,drone_scout_1,drone_scout,smart_agriculture_heterogeneous_team_053_exec_13,inprogress,86.7,36.31,50.36,25.06,null,null,null,null,null
smart_agriculture_heterogeneous_team_053,return_base,2026-01-21T06:39:53.000Z,null,drone_scout_1,drone_scout,smart_agriculture_heterogeneous_team_053_exec_13,inprogress,85.4,24.21,33.57,18.37,null,null,null,null,null
smart_agriculture_heterogeneous_team_053,return_base,2026-01-21T06:41:16.000Z,null,drone_scout_1,drone_scout,smart_agriculture_heterogeneous_team_053_exec_13,inprogress,84.1,12.1,16.79,11.69,null,null,null,null,null
smart_agriculture_heterogeneous_team_053,return_base,2026-01-21T06:42:39.000Z,complete,drone_scout_1,drone_scout,smart_agriculture_heterogeneous_team_053_exec_13,done,82.8,0.0,0.0,5.0,null,null,null,null,null
smart_agriculture_heterogeneous_team_053,return_base,2026-01-21T06:42:40.000Z,start,sprayer_1,sprayer_rover,smart_agriculture_heterogeneous_team_053_exec_14,inprogress,74.7,36.31,50.36,0.0,null,null,null,null,null
smart_agriculture_heterogeneous_team_053,return_base,2026-01-21T06:43:33.000Z,null,sprayer_1,sprayer_rover,smart_agriculture_heterogeneous_team_053_exec_14,inprogress,74.1,30.26,41.96,0.0,null,null,null,null,null
smart_agriculture_heterogeneous_team_053,return_base,2026-01-21T06:44:26.000Z,null,sprayer_1,sprayer_rover,smart_agriculture_heterogeneous_team_053_exec_14,inprogress,73.5,24.21,33.57,0.0,null,null,null,null,null
smart_agriculture_heterogeneous_team_053,return_base,2026-01-21T06:45:19.000Z,null,sprayer_1,sprayer_rover,smart_agriculture_heterogeneous_team_053_exec_14,inprogress,72.9,18.16,25.18,0.0,null,null,null,null,null
smart_agriculture_heterogeneous_team_053,return_base,2026-01-21T06:46:12.000Z,null,sprayer_1,sprayer_rover,smart_agriculture_heterogeneous_team_053_exec_14,inprogress,72.3,12.1,16.79,0.0,null,null,null,null,null
smart_agriculture_heterogeneous_team_053,return_base,2026-01-21T06:47:05.000Z,null,sprayer_1,sprayer_rover,smart_agriculture_heterogeneous_team_053_exec_14,inprogress,71.7,6.05,8.39,0.0,null,null,null,null,null
smart_agriculture_heterogeneous_team_053,return_base,2026-01-21T06:48:01.000Z,complete,sprayer_1,sprayer_rover,smart_agriculture_heterogeneous_team_053_exec_14,done,71.2,0.0,0.0,0.0,null,null,null,null,null
smart_agriculture_heterogeneous_team_053,return_base,2026-01-21T06:48:02.000Z,start,supply_1,supply_rover,smart_agriculture_heterogeneous_team_053_exec_15,inprogress,75.6,40.01,51.69,0.0,null,null,null,null,null
smart_agriculture_heterogeneous_team_053,return_base,2026-01-21T06:48:57.000Z,null,supply_1,supply_rover,smart_agriculture_heterogeneous_team_053_exec_15,inprogress,74.9,30.01,38.76,0.0,null,null,null,null,null
smart_agriculture_heterogeneous_team_053,return_base,2026-01-21T06:49:52.000Z,null,supply_1,supply_rover,smart_agriculture_heterogeneous_team_053_exec_15,inprogress,74.2,20.01,25.84,0.0,null,null,null,null,null
smart_agriculture_heterogeneous_team_053,return_base,2026-01-21T06:50:47.000Z,null,supply_1,supply_rover,smart_agriculture_heterogeneous_team_053_exec_15,inprogress,73.5,10.0,12.92,0.0,null,null,null,null,null
smart_agriculture_heterogeneous_team_053,return_base,2026-01-21T06:51:45.000Z,complete,supply_1,supply_rover,smart_agriculture_heterogeneous_team_053_exec_15,done,72.8,0.0,0.0,0.0,null,null,null,null,null
smart_agriculture_heterogeneous_team_054,survey_field,2026-01-21T06:44:00.000Z,start,drone_scout_1,drone_scout,smart_agriculture_heterogeneous_team_054_exec_1,inprogress,95.5,0.0,0.0,5.0,null,null,null,null,null
smart_agriculture_heterogeneous_team_054,survey_field,2026-01-21T06:44:43.000Z,null,drone_scout_1,drone_scout,smart_agriculture_heterogeneous_team_054_exec_1,inprogress,94.6,11.82,6.44,8.46,null,null,null,null,null
smart_agriculture_heterogeneous_team_054,survey_field,2026-01-21T06:45:26.000Z,null,drone_scout_1,drone_scout,smart_agriculture_heterogeneous_team_054_exec_1,inprogress,93.7,23.65,12.88,11.92,null,null,null,null,null
smart_agriculture_heterogeneous_team_054,survey_field,2026-01-21T06:46:09.000Z,null,drone_scout_1,drone_scout,smart_agriculture_heterogeneous_team_054_exec_1,inprogress,92.8,35.47,19.32,15.38,null,null,null,null,null
smart_agriculture_heterogeneous_team_054,survey_field,2026-01-21T06:46:52.000Z,null,drone_scout_1,drone_scout,smart_agriculture_heterogeneous_team_054_exec_1,inprogress,91.9,47.3,25.76,18.84,null,null,null,null,null
smart_agriculture_heterogeneous_team_054,survey_field,2026-01-21T06:47:35.000Z,null,drone_scout_1,drone_scout,smart_agriculture_heterogeneous_team_054_exec_1,inprogress,91.0,59.12,32.2,22.29,null,null,null,null,null
smart_agriculture_heterogeneous_team_054,survey_field,2026-01-21T06:48:22.000Z,complete,drone_scout_1,drone_scout,smart_agriculture_heterogeneous_team_054_exec_1,done,90.1,70.94,38.64,25.75,null,null,null,null,null
smart_agriculture_heterogeneous_team_054,detect_patch,2026-01-21T06:48:23.000Z,start,drone_scout_1,drone_scout,smart_agriculture_heterogeneous_team_054_exec_2,inprogress,90.1,70.94,38.64,25.75,null,null,null,null,null
smart_agriculture_heterogeneous_team_054,detect_patch,2026-01-21T06:49:08.000Z,complete,drone_scout_1,drone_scout,smart_agriculture_heterogeneous_team_054_exec_2,done,89.5,70.94,38.64,25.75,null,null,null,null,null
smart_agriculture_heterogeneous_team_054,send_patch_coordinates,2026-01-21T06:49:09.000Z,start,drone_scout_1,drone_scout,smart_agriculture_heterogeneous_team_054_exec_3,inprogress,89.5,70.94,38.64,25.75,msg_c6718c4781,weed patch coordinates and density,send,drone_scout_1,sprayer_1
smart_agriculture_heterogeneous_team_054,send_patch_coordinates,2026-01-21T06:49:17.000Z,complete,drone_scout_1,drone_scout,smart_agriculture_heterogeneous_team_054_exec_3,done,89.3,70.94,38.64,25.75,msg_c6718c4781,weed patch coordinates and density,send,drone_scout_1,sprayer_1
smart_agriculture_heterogeneous_team_054,receive_patch_coordinates,2026-01-21T06:49:22.000Z,start,sprayer_1,sprayer_rover,smart_agriculture_heterogeneous_team_054_exec_4,inprogress,83.3,0.0,0.0,0.0,msg_c6718c4781,weed patch coordinates and density,receive,drone_scout_1,sprayer_1
smart_agriculture_heterogeneous_team_054,receive_patch_coordinates,2026-01-21T06:49:26.000Z,complete,sprayer_1,sprayer_rover,smart_agriculture_heterogeneous_team_054_exec_4,done,83.2,0.0,0.0,0.0,msg_c6718c4781,weed patch coordinates and density,receive,drone_scout_1,sprayer_1
smart_agriculture_heterogeneous_team_054,navigate_to_patch,2026-01-21T06:49:27.000Z,start,sprayer_1,sprayer_rover,smart_agriculture_heterogeneous_team_054_exec_5,inprogress,83.2,0.0,0.0,0.0,null,null,null,null,null
smart_agriculture_heterogeneous_team_054,navigate_to_patch,2026-01-21T06:50:07.000Z,null,sprayer_1,sprayer_rover,smart_agriculture_heterogeneous_team_054_exec_5,inprogress,82.5,10.13,5.52,0.0,null,null,null,null,null
smart_agriculture_heterogeneous_team_054,navigate_to_patch,2026-01-21T06:50:47.000Z,null,sprayer_1,sprayer_rover,smart_agriculture_heterogeneous_team_054_exec_5,inprogress,81.8,20.27,11.04,0.0,null,null,null,null,null
smart_agriculture_heterogeneous_team_054,navigate_to_patch,2026-01-21T06:51:27.000Z,null,sprayer_1,sprayer_rover,smart_agriculture_heterogeneous_team_054_exec_5,inprogress,81.1,30.4,16.56,0.0,null,null,null,null,null
smart_agriculture_heterogeneous_team_054,navigate_to_patch,2026-01-21T06:52:07.000Z,null,sprayer_1,sprayer_rover,smart_agriculture_heterogeneous_team_054_exec_5,inprogress,80.4,40.54,22.08,0.0,null,null,null,null,null
smart_agriculture_heterogeneous_team_054,navigate_to_patch,2026-01-21T06:52:47.000Z,null,sprayer_1,sprayer_rover,smart_agriculture_heterogeneous_team_054_exec_5,inprogress,79.6,50.67,27.6,0.0,null,null,null,null,null
smart_agriculture_heterogeneous_team_054,navigate_to_patch,2026-01-21T06:53:27.000Z,null,sprayer_1,sprayer_rover,smart_agriculture_heterogeneous_team_054_exec_5,inprogress,78.9,60.81,33.12,0.0,null,null,null,null,null
smart_agriculture_heterogeneous_team_054,navigate_to_patch,2026-01-21T06:54:12.000Z,complete,sprayer_1,sprayer_rover,smart_agriculture_heterogeneous_team_054_exec_5,done,78.2,70.94,38.64,0.0,null,null,null,null,null
smart_agriculture_heterogeneous_team_054,spray_patch,2026-01-21T06:54:13.000Z,start,sprayer_1,sprayer_rover,smart_agriculture_heterogeneous_team_054_exec_6,inprogress,78.2,70.94,38.64,0.0,null,null,null,null,null
smart_agriculture_heterogeneous_team_054,spray_patch,2026-01-21T06:55:32.000Z,null,sprayer_1,sprayer_rover,smart_agriculture_heterogeneous_team_054_exec_6,inprogress,75.5,70.94,38.64,0.0,null,null,null,null,null
smart_agriculture_heterogeneous_team_054,spray_patch,2026-01-21T06:56:51.000Z,null,sprayer_1,sprayer_rover,smart_agriculture_heterogeneous_team_054_exec_6,inprogress,72.8,70.94,38.64,0.0,null,null,null,null,null
smart_agriculture_heterogeneous_team_054,spray_patch,2026-01-21T06:58:10.000Z,complete,sprayer_1,sprayer_rover,smart_agriculture_heterogeneous_team_054_exec_6,done,70.1,70.94,38.64,0.0,null,null,null,null,null
smart_agriculture_heterogeneous_team_054,send_refill_request,2026-01-21T06:58:11.000Z,start,sprayer_1,sprayer_rover,smart_agriculture_heterogeneous_team_054_exec_7,inprogress,70.1,70.94,38.64,0.0,msg_6112b79d15,refill needed at current patch,send,sprayer_1,supply_1
smart_agriculture_heterogeneous_team_054,send_refill_request,2026-01-21T06:58:19.000Z,complete,sprayer_1,sprayer_rover,smart_agriculture_heterogeneous_team_054_exec_7,done,69.9,70.94,38.64,0.0,msg_6112b79d15,refill needed at current patch,send,sprayer_1,supply_1
smart_agriculture_heterogeneous_team_054,receive_refill_request,2026-01-21T06:58:25.000Z,start,supply_1,supply_rover,smart_agriculture_heterogeneous_team_054_exec_8,inprogress,97.8,0.0,0.0,0.0,msg_6112b79d15,refill needed at current patch,receive,sprayer_1,supply_1
smart_agriculture_heterogeneous_team_054,receive_refill_request,2026-01-21T06:58:29.000Z,complete,supply_1,supply_rover,smart_agriculture_heterogeneous_team_054_exec_8,done,97.7,0.0,0.0,0.0,msg_6112b79d15,refill needed at current patch,receive,sprayer_1,supply_1
smart_agriculture_heterogeneous_team_054,deliver_refill,2026-01-21T06:58:30.000Z,start,supply_1,supply_rover,smart_agriculture_heterogeneous_team_054_exec_9,inprogress,97.7,0.0,0.0,0.0,null,null,null,null,null
smart_agriculture_heterogeneous_team_054,deliver_refill,2026-01-21T07:00:14.000Z,null,supply_1,supply_rover,smart_agriculture_heterogeneous_team_054_exec_9,inprogress,96.5,23.61,12.27,0.0,null,null,null,null,null
smart_agriculture_heterogeneous_team_054,deliver_refill,2026-01-21T07:01:58.000Z,null,supply_1,supply_rover,smart_agriculture_heterogeneous_team_054_exec_9,inprogress,95.4,47.21,24.53,0.0,null,null,null,null,null
smart_agriculture_heterogeneous_team_054,deliver_refill,2026-01-21T07:03:42.000Z,complete,supply_1,supply_rover,smart_agriculture_heterogeneous_team_054_exec_9,done,94.2,70.82,36.8,0.0,null,null,null,null,null
smart_agriculture_heterogeneous_team_054,send_treatment_ack,2026-01-21T07:03:43.000Z,start,supply_1,supply_rover,smart_agriculture_heterogeneous_team_054_exec_10,inprogress,94.2,70.82,36.8,0.0,msg_ff1b31ec1c,refill delivered and treatment may resume,send,supply_1,sprayer_1
smart_agriculture_heterogeneous_team_054,send_treatment_ack,2026-01-21T07:03:50.000Z,complete,supply_1,supply_rover,smart_agriculture_heterogeneous_team_054_exec_10,done,94.0,70.82,36.8,0.0,msg_ff1b31ec1c,refill delivered and treatment may resume,send,supply_1,sprayer_1
smart_agriculture_heterogeneous_team_054,receive_treatment_ack,2026-01-21T07:03:54.000Z,start,sprayer_1,sprayer_rover,smart_agriculture_heterogeneous_team_054_exec_11,inprogress,69.9,70.94,38.64,0.0,msg_ff1b31ec1c,refill delivered and treatment may resume,receive,supply_1,sprayer_1
smart_agriculture_heterogeneous_team_054,receive_treatment_ack,2026-01-21T07:03:58.000Z,complete,sprayer_1,sprayer_rover,smart_agriculture_heterogeneous_team_054_exec_11,done,69.8,70.94,38.64,0.0,msg_ff1b31ec1c,refill delivered and treatment may resume,receive,supply_1,sprayer_1
smart_agriculture_heterogeneous_team_054,resume_treatment,2026-01-21T07:03:59.000Z,start,sprayer_1,sprayer_rover,smart_agriculture_heterogeneous_team_054_exec_12,inprogress,69.8,70.94,38.64,0.0,null,null,null,null,null
smart_agriculture_heterogeneous_team_054,resume_treatment,2026-01-21T07:04:26.000Z,null,sprayer_1,sprayer_rover,smart_agriculture_heterogeneous_team_054_exec_12,inprogress,68.6,70.94,38.64,0.0,null,null,null,null,null
smart_agriculture_heterogeneous_team_054,resume_treatment,2026-01-21T07:04:53.000Z,null,sprayer_1,sprayer_rover,smart_agriculture_heterogeneous_team_054_exec_12,inprogress,67.5,70.94,38.64,0.0,null,null,null,null,null
smart_agriculture_heterogeneous_team_054,resume_treatment,2026-01-21T07:05:20.000Z,null,sprayer_1,sprayer_rover,smart_agriculture_heterogeneous_team_054_exec_12,inprogress,66.4,70.94,38.64,0.0,null,null,null,null,null
smart_agriculture_heterogeneous_team_054,resume_treatment,2026-01-21T07:05:47.000Z,complete,sprayer_1,sprayer_rover,smart_agriculture_heterogeneous_team_054_exec_12,done,65.3,70.94,38.64,0.0,null,null,null,null,null
smart_agriculture_heterogeneous_team_054,return_base,2026-01-21T07:05:48.000Z,start,drone_scout_1,drone_scout,smart_agriculture_heterogeneous_team_054_exec_13,inprogress,89.3,70.94,38.64,25.75,null,null,null,null,null
smart_agriculture_heterogeneous_team_054,return_base,2026-01-21T07:06:34.000Z,null,drone_scout_1,drone_scout,smart_agriculture_heterogeneous_team_054_exec_13,inprogress,88.7,53.21,28.98,20.56,null,null,null,null,null
smart_agriculture_heterogeneous_team_054,return_base,2026-01-21T07:07:20.000Z,null,drone_scout_1,drone_scout,smart_agriculture_heterogeneous_team_054_exec_13,inprogress,88.0,35.47,19.32,15.38,null,null,null,null,null
smart_agriculture_heterogeneous_team_054,return_base,2026-01-21T07:08:06.000Z,null,drone_scout_1,drone_scout,smart_agriculture_heterogeneous_team_054_exec_13,inprogress,87.4,17.74,9.66,10.19,null,null,null,null,null
smart_agriculture_heterogeneous_team_054,return_base,2026-01-21T07:08:53.000Z,complete,drone_scout_1,drone_scout,smart_agriculture_heterogeneous_team_054_exec_13,done,86.7,0.0,0.0,5.0,null,null,null,null,null
smart_agriculture_heterogeneous_team_054,return_base,2026-01-21T07:08:54.000Z,start,sprayer_1,sprayer_rover,smart_agriculture_heterogeneous_team_054_exec_14,inprogress,65.3,70.94,38.64,0.0,null,null,null,null,null
smart_agriculture_heterogeneous_team_054,return_base,2026-01-21T07:09:51.000Z,null,sprayer_1,sprayer_rover,smart_agriculture_heterogeneous_team_054_exec_14,inprogress,64.3,59.12,32.2,0.0,null,null,null,null,null
smart_agriculture_heterogeneous_team_054,return_base,2026-01-21T07:10:48.000Z,null,sprayer_1,sprayer_rover,smart_agriculture_heterogeneous_team_054_exec_14,inprogress,63.4,47.3,25.76,0.0,null,null,null,null,null
smart_agriculture_heterogeneous_team_054,return_base,2026-01-21T07:11:45.000Z,null,sprayer_1,sprayer_rover,smart_agriculture_heterogeneous_team_054_exec_14,inprogress,62.5,35.47,19.32,0.0,null,null,null,null,null
smart_agriculture_heterogeneous_team_054,return_base,2026-01-21T07:12:42.000Z,null,sprayer_1,sprayer_rover,smart_agriculture_heterogeneous_team_054_exec_14,inprogress,61.6,23.65,12.88,0.0,null,null,null,null,null
smart_agriculture_heterogeneous_team_054,return_base,2026-01-21T07:13:39.000Z,null,sprayer_1,sprayer_rover,smart_agriculture_heterogeneous_team_054_exec_14,inprogress,60.6,11.82,6.44,0.0,null,null,null,null,null
smart_agriculture_heterogeneous_team_054,return_base,2026-01-21T07:14:41.000Z,complete,sprayer_1,sprayer_rover,smart_agriculture_heterogeneous_team_054_exec_14,done,59.7,0.0,0.0,0.0,null,null,null,null,null
smart_agriculture_heterogeneous_team_054,return_base,2026-01-21T07:14:42.000Z,start,supply_1,supply_rover,smart_agriculture_heterogeneous_team_054_exec_15,inprogress,94.0,70.82,36.8,0.0,null,null,null,null,null
smart_agriculture_heterogeneous_team_054,return_base,2026-01-21T07:15:49.000Z,null,supply_1,supply_rover,smart_agriculture_heterogeneous_team_054_exec_15,inprogress,93.3,53.11,27.6,0.0,null,null,null,null,null
smart_agriculture_heterogeneous_team_054,return_base,2026-01-21T07:16:56.000Z,null,supply_1,supply_rover,smart_agriculture_heterogeneous_team_054_exec_15,inprogress,92.5,35.41,18.4,0.0,null,null,null,null,null
smart_agriculture_heterogeneous_team_054,return_base,2026-01-21T07:18:03.000Z,null,supply_1,supply_rover,smart_agriculture_heterogeneous_team_054_exec_15,inprogress,91.7,17.7,9.2,0.0,null,null,null,null,null
smart_agriculture_heterogeneous_team_054,return_base,2026-01-21T07:19:12.000Z,complete,supply_1,supply_rover,smart_agriculture_heterogeneous_team_054_exec_15,done,91.0,0.0,0.0,0.0,null,null,null,null,null
smart_agriculture_heterogeneous_team_055,survey_field,2026-01-21T07:12:00.000Z,start,drone_scout_1,drone_scout,smart_agriculture_heterogeneous_team_055_exec_1,inprogress,77.2,0.0,0.0,5.0,null,null,null,null,null
smart_agriculture_heterogeneous_team_055,survey_field,2026-01-21T07:12:47.000Z,null,drone_scout_1,drone_scout,smart_agriculture_heterogeneous_team_055_exec_1,inprogress,76.2,3.87,3.42,7.86,null,null,null,null,null
smart_agriculture_heterogeneous_team_055,survey_field,2026-01-21T07:13:34.000Z,null,drone_scout_1,drone_scout,smart_agriculture_heterogeneous_team_055_exec_1,inprogress,75.1,7.73,6.83,10.72,null,null,null,null,null
smart_agriculture_heterogeneous_team_055,survey_field,2026-01-21T07:14:21.000Z,null,drone_scout_1,drone_scout,smart_agriculture_heterogeneous_team_055_exec_1,inprogress,74.0,11.6,10.25,13.58,null,null,null,null,null
smart_agriculture_heterogeneous_team_055,survey_field,2026-01-21T07:15:08.000Z,null,drone_scout_1,drone_scout,smart_agriculture_heterogeneous_team_055_exec_1,inprogress,73.0,15.47,13.66,16.44,null,null,null,null,null
smart_agriculture_heterogeneous_team_055,survey_field,2026-01-21T07:15:55.000Z,null,drone_scout_1,drone_scout,smart_agriculture_heterogeneous_team_055_exec_1,inprogress,71.9,19.34,17.08,19.3,null,null,null,null,null
smart_agriculture_heterogeneous_team_055,survey_field,2026-01-21T07:16:42.000Z,null,drone_scout_1,drone_scout,smart_agriculture_heterogeneous_team_055_exec_1,inprogress,70.9,23.2,20.49,22.15,null,null,null,null,null
smart_agriculture_heterogeneous_team_055,survey_field,2026-01-21T07:17:29.000Z,null,drone_scout_1,drone_scout,smart_agriculture_heterogeneous_team_055_exec_1,inprogress,69.8,27.07,23.91,25.01,null,null,null,null,null
smart_agriculture_heterogeneous_team_055,survey_field,2026-01-21T07:18:20.000Z,complete,drone_scout_1,drone_scout,smart_agriculture_heterogeneous_team_055_exec_1,done,68.7,30.94,27.33,27.87,null,null,null,null,null
smart_agriculture_heterogeneous_team_055,detect_patch,2026-01-21T07:18:21.000Z,start,drone_scout_1,drone_scout,smart_agriculture_heterogeneous_team_055_exec_2,inprogress,68.7,30.94,27.33,27.87,null,null,null,null,null
smart_agriculture_heterogeneous_team_055,detect_patch,2026-01-21T07:18:46.000Z,complete,drone_scout_1,drone_scout,smart_agriculture_heterogeneous_team_055_exec_2,done,68.4,30.94,27.33,27.87,null,null,null,null,null
smart_agriculture_heterogeneous_team_055,send_patch_coordinates,2026-01-21T07:18:47.000Z,start,drone_scout_1,drone_scout,smart_agriculture_heterogeneous_team_055_exec_3,inprogress,68.4,30.94,27.33,27.87,msg_284b8ec020,weed patch coordinates and density,send,drone_scout_1,sprayer_1
smart_agriculture_heterogeneous_team_055,send_patch_coordinates,2026-01-21T07:18:54.000Z,complete,drone_scout_1,drone_scout,smart_agriculture_heterogeneous_team_055_exec_3,done,68.2,30.94,27.33,27.87,msg_284b8ec020,weed patch coordinates and density,send,drone_scout_1,sprayer_1
smart_agriculture_heterogeneous_team_055,receive_patch_coordinates,2026-01-21T07:18:59.000Z,start,sprayer_1,sprayer_rover,smart_agriculture_heterogeneous_team_055_exec_4,inprogress,92.9,0.0,0.0,0.0,msg_284b8ec020,weed patch coordinates and density,receive,drone_scout_1,sprayer_1
smart_agriculture_heterogeneous_team_055,receive_patch_coordinates,2026-01-21T07:19:03.000Z,complete,sprayer_1,sprayer_rover,smart_agriculture_heterogeneous_team_055_exec_4,done,92.8,0.0,0.0,0.0,msg_284b8ec020,weed patch coordinates and density,receive,drone_scout_1,sprayer_1
smart_agriculture_heterogeneous_team_055,navigate_to_patch,2026-01-21T07:19:04.000Z,start,sprayer_1,sprayer_rover,smart_agriculture_heterogeneous_team_055_exec_5,inprogress,92.8,0.0,0.0,0.0,null,null,null,null,null
smart_agriculture_heterogeneous_team_055,navigate_to_patch,2026-01-21T07:19:56.000Z,null,sprayer_1,sprayer_rover,smart_agriculture_heterogeneous_team_055_exec_5,inprogress,91.6,4.42,3.9,0.0,null,null,null,null,null
smart_agriculture_heterogeneous_team_055,navigate_to_patch,2026-01-21T07:20:48.000Z,null,sprayer_1,sprayer_rover,smart_agriculture_heterogeneous_team_055_exec_5,inprogress,90.5,8.84,7.81,0.0,null,null,null,null,null
smart_agriculture_heterogeneous_team_055,navigate_to_patch,2026-01-21T07:21:40.000Z,null,sprayer_1,sprayer_rover,smart_agriculture_heterogeneous_team_055_exec_5,inprogress,89.4,13.26,11.71,0.0,null,null,null,null,null
smart_agriculture_heterogeneous_team_055,navigate_to_patch,2026-01-21T07:22:32.000Z,null,sprayer_1,sprayer_rover,smart_agriculture_heterogeneous_team_055_exec_5,inprogress,88.3,17.68,15.62,0.0,null,null,null,null,null
smart_agriculture_heterogeneous_team_055,navigate_to_patch,2026-01-21T07:23:24.000Z,null,sprayer_1,sprayer_rover,smart_agriculture_heterogeneous_team_055_exec_5,inprogress,87.2,22.1,19.52,0.0,null,null,null,null,null
smart_agriculture_heterogeneous_team_055,navigate_to_patch,2026-01-21T07:24:16.000Z,null,sprayer_1,sprayer_rover,smart_agriculture_heterogeneous_team_055_exec_5,inprogress,86.1,26.52,23.42,0.0,null,null,null,null,null
smart_agriculture_heterogeneous_team_055,navigate_to_patch,2026-01-21T07:25:14.000Z,complete,sprayer_1,sprayer_rover,smart_agriculture_heterogeneous_team_055_exec_5,done,85.0,30.94,27.33,0.0,null,null,null,null,null
smart_agriculture_heterogeneous_team_055,spray_patch,2026-01-21T07:25:15.000Z,start,sprayer_1,sprayer_rover,smart_agriculture_heterogeneous_team_055_exec_6,inprogress,85.0,30.94,27.33,0.0,null,null,null,null,null
smart_agriculture_heterogeneous_team_055,spray_patch,2026-01-21T07:25:53.000Z,null,sprayer_1,sprayer_rover,smart_agriculture_heterogeneous_team_055_exec_6,inprogress,84.0,30.94,27.33,0.0,null,null,null,null,null
smart_agriculture_heterogeneous_team_055,spray_patch,2026-01-21T07:26:31.000Z,null,sprayer_1,sprayer_rover,smart_agriculture_heterogeneous_team_055_exec_6,inprogress,83.0,30.94,27.33,0.0,null,null,null,null,null
smart_agriculture_heterogeneous_team_055,spray_patch,2026-01-21T07:27:09.000Z,null,sprayer_1,sprayer_rover,smart_agriculture_heterogeneous_team_055_exec_6,inprogress,82.0,30.94,27.33,0.0,null,null,null,null,null
smart_agriculture_heterogeneous_team_055,spray_patch,2026-01-21T07:27:47.000Z,null,sprayer_1,sprayer_rover,smart_agriculture_heterogeneous_team_055_exec_6,inprogress,81.0,30.94,27.33,0.0,null,null,null,null,null
smart_agriculture_heterogeneous_team_055,spray_patch,2026-01-21T07:28:25.000Z,complete,sprayer_1,sprayer_rover,smart_agriculture_heterogeneous_team_055_exec_6,done,80.0,30.94,27.33,0.0,null,null,null,null,null
smart_agriculture_heterogeneous_team_055,return_base,2026-01-21T07:28:26.000Z,start,drone_scout_1,drone_scout,smart_agriculture_heterogeneous_team_055_exec_7,inprogress,68.2,30.94,27.33,27.87,null,null,null,null,null
smart_agriculture_heterogeneous_team_055,return_base,2026-01-21T07:29:04.000Z,null,drone_scout_1,drone_scout,smart_agriculture_heterogeneous_team_055_exec_7,inprogress,67.1,23.2,20.49,22.15,null,null,null,null,null
smart_agriculture_heterogeneous_team_055,return_base,2026-01-21T07:29:42.000Z,null,drone_scout_1,drone_scout,smart_agriculture_heterogeneous_team_055_exec_7,inprogress,66.0,15.47,13.66,16.44,null,null,null,null,null
smart_agriculture_heterogeneous_team_055,return_base,2026-01-21T07:30:20.000Z,null,drone_scout_1,drone_scout,smart_agriculture_heterogeneous_team_055_exec_7,inprogress,64.8,7.73,6.83,10.72,null,null,null,null,null
smart_agriculture_heterogeneous_team_055,return_base,2026-01-21T07:31:01.000Z,complete,drone_scout_1,drone_scout,smart_agriculture_heterogeneous_team_055_exec_7,done,63.7,0.0,0.0,5.0,null,null,null,null,null
smart_agriculture_heterogeneous_team_055,return_base,2026-01-21T07:31:02.000Z,start,sprayer_1,sprayer_rover,smart_agriculture_heterogeneous_team_055_exec_8,inprogress,80.0,30.94,27.33,0.0,null,null,null,null,null
smart_agriculture_heterogeneous_team_055,return_base,2026-01-21T07:32:11.000Z,null,sprayer_1,sprayer_rover,smart_agriculture_heterogeneous_team_055_exec_8,inprogress,79.2,24.75,21.86,0.0,null,null,null,null,null
smart_agriculture_heterogeneous_team_055,return_base,2026-01-21T07:33:20.000Z,null,sprayer_1,sprayer_rover,smart_agriculture_heterogeneous_team_055_exec_8,inprogress,78.3,18.56,16.4,0.0,null,null,null,null,null
smart_agriculture_heterogeneous_team_055,return_base,2026-01-21T07:34:29.000Z,null,sprayer_1,sprayer_rover,smart_agriculture_heterogeneous_team_055_exec_8,inprogress,77.4,12.37,10.93,0.0,null,null,null,null,null
smart_agriculture_heterogeneous_team_055,return_base,2026-01-21T07:35:38.000Z,null,sprayer_1,sprayer_rover,smart_agriculture_heterogeneous_team_055_exec_8,inprogress,76.5,6.19,5.47,0.0,null,null,null,null,null
smart_agriculture_heterogeneous_team_055,return_base,2026-01-21T07:36:47.000Z,complete,sprayer_1,sprayer_rover,smart_agriculture_heterogeneous_team_055_exec_8,done,75.7,0.0,0.0,0.0,null,null,null,null,null
smart_agriculture_heterogeneous_team_055,return_base,2026-01-21T07:36:48.000Z,start,supply_1,supply_rover,smart_agriculture_heterogeneous_team_055_exec_9,inprogress,81.8,0.0,0.0,0.0,null,null,null,null,null
smart_agriculture_heterogeneous_team_055,return_base,2026-01-21T07:37:28.000Z,null,supply_1,supply_rover,smart_agriculture_heterogeneous_team_055_exec_9,inprogress,80.6,0.0,0.0,0.0,null,null,null,null,null
smart_agriculture_heterogeneous_team_055,return_base,2026-01-21T07:38:08.000Z,null,supply_1,supply_rover,smart_agriculture_heterogeneous_team_055_exec_9,inprogress,79.4,0.0,0.0,0.0,null,null,null,null,null
smart_agriculture_heterogeneous_team_055,return_base,2026-01-21T07:38:48.000Z,null,supply_1,supply_rover,smart_agriculture_heterogeneous_team_055_exec_9,inprogress,78.2,0.0,0.0,0.0,null,null,null,null,null
smart_agriculture_heterogeneous_team_055,return_base,2026-01-21T07:39:30.000Z,complete,supply_1,supply_rover,smart_agriculture_heterogeneous_team_055_exec_9,done,77.0,0.0,0.0,0.0,null,null,null,null,null
smart_agriculture_heterogeneous_team_056,survey_field,2026-01-21T07:40:00.000Z,start,drone_scout_1,drone_scout,smart_agriculture_heterogeneous_team_056_exec_1,inprogress,78.7,0.0,0.0,5.0,null,null,null,null,null
smart_agriculture_heterogeneous_team_056,survey_field,2026-01-21T07:40:37.000Z,null,drone_scout_1,drone_scout,smart_agriculture_heterogeneous_team_056_exec_1,inprogress,77.9,5.85,5.73,7.55,null,null,null,null,null
smart_agriculture_heterogeneous_team_056,survey_field,2026-01-21T07:41:14.000Z,null,drone_scout_1,drone_scout,smart_agriculture_heterogeneous_team_056_exec_1,inprogress,77.2,11.7,11.46,10.11,null,null,null,null,null
smart_agriculture_heterogeneous_team_056,survey_field,2026-01-21T07:41:51.000Z,null,drone_scout_1,drone_scout,smart_agriculture_heterogeneous_team_056_exec_1,inprogress,76.4,17.54,17.19,12.66,null,null,null,null,null
smart_agriculture_heterogeneous_team_056,survey_field,2026-01-21T07:42:28.000Z,null,drone_scout_1,drone_scout,smart_agriculture_heterogeneous_team_056_exec_1,inprogress,75.7,23.39,22.92,15.21,null,null,null,null,null
smart_agriculture_heterogeneous_team_056,survey_field,2026-01-21T07:43:05.000Z,null,drone_scout_1,drone_scout,smart_agriculture_heterogeneous_team_056_exec_1,inprogress,74.9,29.24,28.65,17.76,null,null,null,null,null
smart_agriculture_heterogeneous_team_056,survey_field,2026-01-21T07:43:42.000Z,null,drone_scout_1,drone_scout,smart_agriculture_heterogeneous_team_056_exec_1,inprogress,74.2,35.09,34.39,20.32,null,null,null,null,null
smart_agriculture_heterogeneous_team_056,survey_field,2026-01-21T07:44:21.000Z,complete,drone_scout_1,drone_scout,smart_agriculture_heterogeneous_team_056_exec_1,done,73.4,40.94,40.12,22.87,null,null,null,null,null
smart_agriculture_heterogeneous_team_056,detect_patch,2026-01-21T07:44:22.000Z,start,drone_scout_1,drone_scout,smart_agriculture_heterogeneous_team_056_exec_2,inprogress,73.4,40.94,40.12,22.87,null,null,null,null,null
smart_agriculture_heterogeneous_team_056,detect_patch,2026-01-21T07:44:51.000Z,complete,drone_scout_1,drone_scout,smart_agriculture_heterogeneous_team_056_exec_2,done,73.2,40.94,40.12,22.87,null,null,null,null,null
smart_agriculture_heterogeneous_team_056,send_patch_coordinates,2026-01-21T07:44:52.000Z,start,drone_scout_1,drone_scout,smart_agriculture_heterogeneous_team_056_exec_3,inprogress,73.2,40.94,40.12,22.87,msg_24a9a2fe1b,weed patch coordinates and density,send,drone_scout_1,sprayer_1
smart_agriculture_heterogeneous_team_056,send_patch_coordinates,2026-01-21T07:45:00.000Z,complete,drone_scout_1,drone_scout,smart_agriculture_heterogeneous_team_056_exec_3,done,73.0,40.94,40.12,22.87,msg_24a9a2fe1b,weed patch coordinates and density,send,drone_scout_1,sprayer_1
smart_agriculture_heterogeneous_team_056,receive_patch_coordinates,2026-01-21T07:45:05.000Z,start,sprayer_1,sprayer_rover,smart_agriculture_heterogeneous_team_056_exec_4,inprogress,86.4,0.0,0.0,0.0,msg_24a9a2fe1b,weed patch coordinates and density,receive,drone_scout_1,sprayer_1
smart_agriculture_heterogeneous_team_056,receive_patch_coordinates,2026-01-21T07:45:09.000Z,complete,sprayer_1,sprayer_rover,smart_agriculture_heterogeneous_team_056_exec_4,done,86.3,0.0,0.0,0.0,msg_24a9a2fe1b,weed patch coordinates and density,receive,drone_scout_1,sprayer_1
smart_agriculture_heterogeneous_team_056,receive_patch_coordinates,2026-01-21T07:45:13.000Z,start,sprayer_1,sprayer_rover,smart_agriculture_heterogeneous_team_056_exec_5,inprogress,86.3,0.0,0.0,0.0,msg_24a9a2fe1b,weed patch coordinates and density,receive,drone_scout_1,sprayer_1
smart_agriculture_heterogeneous_team_056,receive_patch_coordinates,2026-01-21T07:45:17.000Z,complete,sprayer_1,sprayer_rover,smart_agriculture_heterogeneous_team_056_exec_5,done,86.2,0.0,0.0,0.0,msg_24a9a2fe1b,weed patch coordinates and density,receive,drone_scout_1,sprayer_1
smart_agriculture_heterogeneous_team_056,queue_wait,2026-01-21T07:45:18.000Z,start,sprayer_1,sprayer_rover,smart_agriculture_heterogeneous_team_056_exec_6,inprogress,86.2,0.0,0.0,0.0,null,null,null,null,null
smart_agriculture_heterogeneous_team_056,queue_wait,2026-01-21T07:45:32.000Z,null,sprayer_1,sprayer_rover,smart_agriculture_heterogeneous_team_056_exec_6,inprogress,86.1,0.0,0.0,0.0,null,null,null,null,null
smart_agriculture_heterogeneous_team_056,queue_wait,2026-01-21T07:45:46.000Z,complete,sprayer_1,sprayer_rover,smart_agriculture_heterogeneous_team_056_exec_6,done,86.0,0.0,0.0,0.0,null,null,null,null,null
smart_agriculture_heterogeneous_team_056,navigate_to_patch,2026-01-21T07:45:47.000Z,start,sprayer_1,sprayer_rover,smart_agriculture_heterogeneous_team_056_exec_7,inprogress,86.0,0.0,0.0,0.0,null,null,null,null,null
smart_agriculture_heterogeneous_team_056,navigate_to_patch,2026-01-21T07:46:42.000Z,null,sprayer_1,sprayer_rover,smart_agriculture_heterogeneous_team_056_exec_7,inprogress,84.9,6.82,6.69,0.0,null,null,null,null,null
smart_agriculture_heterogeneous_team_056,navigate_to_patch,2026-01-21T07:47:37.000Z,null,sprayer_1,sprayer_rover,smart_agriculture_heterogeneous_team_056_exec_7,inprogress,83.8,13.65,13.37,0.0,null,null,null,null,null
smart_agriculture_heterogeneous_team_056,navigate_to_patch,2026-01-21T07:48:32.000Z,null,sprayer_1,sprayer_rover,smart_agriculture_heterogeneous_team_056_exec_7,inprogress,82.7,20.47,20.06,0.0,null,null,null,null,null
smart_agriculture_heterogeneous_team_056,navigate_to_patch,2026-01-21T07:49:27.000Z,null,sprayer_1,sprayer_rover,smart_agriculture_heterogeneous_team_056_exec_7,inprogress,81.6,27.29,26.74,0.0,null,null,null,null,null
smart_agriculture_heterogeneous_team_056,navigate_to_patch,2026-01-21T07:50:22.000Z,null,sprayer_1,sprayer_rover,smart_agriculture_heterogeneous_team_056_exec_7,inprogress,80.5,34.11,33.43,0.0,null,null,null,null,null
smart_agriculture_heterogeneous_team_056,navigate_to_patch,2026-01-21T07:51:17.000Z,complete,sprayer_1,sprayer_rover,smart_agriculture_heterogeneous_team_056_exec_7,done,79.4,40.94,40.12,0.0,null,null,null,null,null
smart_agriculture_heterogeneous_team_056,spray_patch,2026-01-21T07:51:18.000Z,start,sprayer_1,sprayer_rover,smart_agriculture_heterogeneous_team_056_exec_8,inprogress,79.4,40.94,40.12,0.0,null,null,null,null,null
smart_agriculture_heterogeneous_team_056,spray_patch,2026-01-21T07:51:58.000Z,null,sprayer_1,sprayer_rover,smart_agriculture_heterogeneous_team_056_exec_8,inprogress,77.6,40.94,40.12,0.0,null,null,null,null,null
smart_agriculture_heterogeneous_team_056,spray_patch,2026-01-21T07:52:38.000Z,null,sprayer_1,sprayer_rover,smart_agriculture_heterogeneous_team_056_exec_8,inprogress,75.8,40.94,40.12,0.0,null,null,null,null,null
smart_agriculture_heterogeneous_team_056,spray_patch,2026-01-21T07:53:18.000Z,complete,sprayer_1,sprayer_rover,smart_agriculture_heterogeneous_team_056_exec_8,done,74.1,40.94,40.12,0.0,null,null,null,null,null
smart_agriculture_heterogeneous_team_056,send_refill_request,2026-01-21T07:53:19.000Z,start,sprayer_1,sprayer_rover,smart_agriculture_heterogeneous_team_056_exec_9,inprogress,74.1,40.94,40.12,0.0,msg_ad2ecc117e,refill needed at current patch,send,sprayer_1,supply_1
smart_agriculture_heterogeneous_team_056,send_refill_request,2026-01-21T07:53:27.000Z,complete,sprayer_1,sprayer_rover,smart_agriculture_heterogeneous_team_056_exec_9,done,73.9,40.94,40.12,0.0,msg_ad2ecc117e,refill needed at current patch,send,sprayer_1,supply_1
smart_agriculture_heterogeneous_team_056,receive_refill_request,2026-01-21T07:53:33.000Z,start,supply_1,supply_rover,smart_agriculture_heterogeneous_team_056_exec_10,inprogress,85.6,0.0,0.0,0.0,msg_ad2ecc117e,refill needed at current patch,receive,sprayer_1,supply_1
smart_agriculture_heterogeneous_team_056,receive_refill_request,2026-01-21T07:53:37.000Z,complete,supply_1,supply_rover,smart_agriculture_heterogeneous_team_056_exec_10,done,85.5,0.0,0.0,0.0,msg_ad2ecc117e,refill needed at current patch,receive,sprayer_1,supply_1
smart_agriculture_heterogeneous_team_056,deliver_refill,2026-01-21T07:53:38.000Z,start,supply_1,supply_rover,smart_agriculture_heterogeneous_team_056_exec_11,inprogress,85.5,0.0,0.0,0.0,null,null,null,null,null
smart_agriculture_heterogeneous_team_056,deliver_refill,2026-01-21T07:54:40.000Z,null,supply_1,supply_rover,smart_agriculture_heterogeneous_team_056_exec_11,inprogress,84.0,9.54,9.2,0.0,null,null,null,null,null
smart_agriculture_heterogeneous_team_056,deliver_refill,2026-01-21T07:55:42.000Z,null,supply_1,supply_rover,smart_agriculture_heterogeneous_team_056_exec_11,inprogress,82.5,19.09,18.4,0.0,null,null,null,null,null
smart_agriculture_heterogeneous_team_056,deliver_refill,2026-01-21T07:56:44.000Z,null,supply_1,supply_rover,smart_agriculture_heterogeneous_team_056_exec_11,inprogress,81.0,28.63,27.6,0.0,null,null,null,null,null
smart_agriculture_heterogeneous_team_056,deliver_refill,2026-01-21T07:57:47.000Z,complete,supply_1,supply_rover,smart_agriculture_heterogeneous_team_056_exec_11,done,79.5,38.18,36.8,0.0,null,null,null,null,null
smart_agriculture_heterogeneous_team_056,send_treatment_ack,2026-01-21T07:57:48.000Z,start,supply_1,supply_rover,smart_agriculture_heterogeneous_team_056_exec_12,inprogress,79.5,38.18,36.8,0.0,msg_7b63021b25,refill delivered and treatment may resume,send,supply_1,sprayer_1
smart_agriculture_heterogeneous_team_056,send_treatment_ack,2026-01-21T07:57:53.000Z,complete,supply_1,supply_rover,smart_agriculture_heterogeneous_team_056_exec_12,done,79.3,38.18,36.8,0.0,msg_7b63021b25,refill delivered and treatment may resume,send,supply_1,sprayer_1
smart_agriculture_heterogeneous_team_056,receive_treatment_ack,2026-01-21T07:57:57.000Z,start,sprayer_1,sprayer_rover,smart_agriculture_heterogeneous_team_056_exec_13,inprogress,73.9,40.94,40.12,0.0,msg_7b63021b25,refill delivered and treatment may resume,receive,supply_1,sprayer_1
smart_agriculture_heterogeneous_team_056,receive_treatment_ack,2026-01-21T07:58:01.000Z,complete,sprayer_1,sprayer_rover,smart_agriculture_heterogeneous_team_056_exec_13,done,73.8,40.94,40.12,0.0,msg_7b63021b25,refill delivered and treatment may resume,receive,supply_1,sprayer_1
smart_agriculture_heterogeneous_team_056,resume_treatment,2026-01-21T07:58:02.000Z,start,sprayer_1,sprayer_rover,smart_agriculture_heterogeneous_team_056_exec_14,inprogress,73.8,40.94,40.12,0.0,null,null,null,null,null
smart_agriculture_heterogeneous_team_056,resume_treatment,2026-01-21T07:58:35.000Z,null,sprayer_1,sprayer_rover,smart_agriculture_heterogeneous_team_056_exec_14,inprogress,72.7,40.94,40.12,0.0,null,null,null,null,null
smart_agriculture_heterogeneous_team_056,resume_treatment,2026-01-21T07:59:08.000Z,null,sprayer_1,sprayer_rover,smart_agriculture_heterogeneous_team_056_exec_14,inprogress,71.6,40.94,40.12,0.0,null,null,null,null,null
smart_agriculture_heterogeneous_team_056,resume_treatment,2026-01-21T07:59:41.000Z,null,sprayer_1,sprayer_rover,smart_agriculture_heterogeneous_team_056_exec_14,inprogress,70.6,40.94,40.12,0.0,null,null,null,null,null
smart_agriculture_heterogeneous_team_056,resume_treatment,2026-01-21T08:00:17.000Z,complete,sprayer_1,sprayer_rover,smart_agriculture_heterogeneous_team_056_exec_14,done,69.5,40.94,40.12,0.0,null,null,null,null,null
smart_agriculture_heterogeneous_team_056,return_base,2026-01-21T08:00:18.000Z,start,drone_scout_1,drone_scout,smart_agriculture_heterogeneous_team_056_exec_15,inprogress,73.0,40.94,40.12,22.87,null,null,null,null,null
smart_agriculture_heterogeneous_team_056,return_base,2026-01-21T08:01:17.000Z,null,drone_scout_1,drone_scout,smart_agriculture_heterogeneous_team_056_exec_15,inprogress,72.2,27.29,26.74,16.91,null,null,null,null,null
smart_agriculture_heterogeneous_team_056,return_base,2026-01-21T08:02:16.000Z,null,drone_scout_1,drone_scout,smart_agriculture_heterogeneous_team_056_exec_15,inprogress,71.3,13.65,13.37,10.96,null,null,null,null,null
smart_agriculture_heterogeneous_team_056,return_base,2026-01-21T08:03:15.000Z,complete,drone_scout_1,drone_scout,smart_agriculture_heterogeneous_team_056_exec_15,done,70.4,0.0,0.0,5.0,null,null,null,null,null
smart_agriculture_heterogeneous_team_056,return_base,2026-01-21T08:03:16.000Z,start,sprayer_1,sprayer_rover,smart_agriculture_heterogeneous_team_056_exec_16,inprogress,69.5,40.94,40.12,0.0,null,null,null,null,null
smart_agriculture_heterogeneous_team_056,return_base,2026-01-21T08:04:28.000Z,null,sprayer_1,sprayer_rover,smart_agriculture_heterogeneous_team_056_exec_16,inprogress,68.0,30.7,30.09,0.0,null,null,null,null,null
smart_agriculture_heterogeneous_team_056,return_base,2026-01-21T08:05:40.000Z,null,sprayer_1,sprayer_rover,smart_agriculture_heterogeneous_team_056_exec_16,inprogress,66.5,20.47,20.06,0.0,null,null,null,null,null
smart_agriculture_heterogeneous_team_056,return_base,2026-01-21T08:06:52.000Z,null,sprayer_1,sprayer_rover,smart_agriculture_heterogeneous_team_056_exec_16,inprogress,65.0,10.23,10.03,0.0,null,null,null,null,null
smart_agriculture_heterogeneous_team_056,return_base,2026-01-21T08:08:06.000Z,complete,sprayer_1,sprayer_rover,smart_agriculture_heterogeneous_team_056_exec_16,done,63.6,0.0,0.0,0.0,null,null,null,null,null
smart_agriculture_heterogeneous_team_056,return_base,2026-01-21T08:08:07.000Z,start,supply_1,supply_rover,smart_agriculture_heterogeneous_team_056_exec_17,inprogress,79.3,38.18,36.8,0.0,null,null,null,null,null
smart_agriculture_heterogeneous_team_056,return_base,2026-01-21T08:09:11.000Z,null,supply_1,supply_rover,smart_agriculture_heterogeneous_team_056_exec_17,inprogress,78.4,28.63,27.6,0.0,null,null,null,null,null
smart_agriculture_heterogeneous_team_056,return_base,2026-01-21T08:10:15.000Z,null,supply_1,supply_rover,smart_agriculture_heterogeneous_team_056_exec_17,inprogress,77.6,19.09,18.4,0.0,null,null,null,null,null
smart_agriculture_heterogeneous_team_056,return_base,2026-01-21T08:11:19.000Z,null,supply_1,supply_rover,smart_agriculture_heterogeneous_team_056_exec_17,inprogress,76.7,9.54,9.2,0.0,null,null,null,null,null
smart_agriculture_heterogeneous_team_056,return_base,2026-01-21T08:12:25.000Z,complete,supply_1,supply_rover,smart_agriculture_heterogeneous_team_056_exec_17,done,75.8,0.0,0.0,0.0,null,null,null,null,null
smart_agriculture_heterogeneous_team_057,survey_field,2026-01-21T08:08:00.000Z,start,drone_scout_1,drone_scout,smart_agriculture_heterogeneous_team_057_exec_1,inprogress,97.6,0.0,0.0,5.0,null,null,null,null,null
smart_agriculture_heterogeneous_team_057,survey_field,2026-01-21T08:08:47.000Z,null,drone_scout_1,drone_scout,smart_agriculture_heterogeneous_team_057_exec_1,inprogress,96.8,8.26,3.26,8.01,null,null,null,null,null
smart_agriculture_heterogeneous_team_057,survey_field,2026-01-21T08:09:34.000Z,null,drone_scout_1,drone_scout,smart_agriculture_heterogeneous_team_057_exec_1,inprogress,96.0,16.52,6.51,11.01,null,null,null,null,null
smart_agriculture_heterogeneous_team_057,survey_field,2026-01-21T08:10:21.000Z,null,drone_scout_1,drone_scout,smart_agriculture_heterogeneous_team_057_exec_1,inprogress,95.2,24.79,9.77,14.02,null,null,null,null,null
smart_agriculture_heterogeneous_team_057,survey_field,2026-01-21T08:11:08.000Z,null,drone_scout_1,drone_scout,smart_agriculture_heterogeneous_team_057_exec_1,inprogress,94.4,33.05,13.03,17.03,null,null,null,null,null
smart_agriculture_heterogeneous_team_057,survey_field,2026-01-21T08:11:55.000Z,null,drone_scout_1,drone_scout,smart_agriculture_heterogeneous_team_057_exec_1,inprogress,93.6,41.31,16.28,20.03,null,null,null,null,null
smart_agriculture_heterogeneous_team_057,survey_field,2026-01-21T08:12:42.000Z,null,drone_scout_1,drone_scout,smart_agriculture_heterogeneous_team_057_exec_1,inprogress,92.8,49.57,19.54,23.04,null,null,null,null,null
smart_agriculture_heterogeneous_team_057,survey_field,2026-01-21T08:13:31.000Z,complete,drone_scout_1,drone_scout,smart_agriculture_heterogeneous_team_057_exec_1,done,92.0,57.84,22.8,26.04,null,null,null,null,null
smart_agriculture_heterogeneous_team_057,detect_patch,2026-01-21T08:13:32.000Z,start,drone_scout_1,drone_scout,smart_agriculture_heterogeneous_team_057_exec_2,inprogress,92.0,57.84,22.8,26.04,null,null,null,null,null
smart_agriculture_heterogeneous_team_057,detect_patch,2026-01-21T08:14:16.000Z,complete,drone_scout_1,drone_scout,smart_agriculture_heterogeneous_team_057_exec_2,done,91.7,57.84,22.8,26.04,null,null,null,null,null
smart_agriculture_heterogeneous_team_057,send_patch_coordinates,2026-01-21T08:14:17.000Z,start,drone_scout_1,drone_scout,smart_agriculture_heterogeneous_team_057_exec_3,inprogress,91.7,57.84,22.8,26.04,msg_83fb469f10,weed patch coordinates and density,send,drone_scout_1,sprayer_1
smart_agriculture_heterogeneous_team_057,send_patch_coordinates,2026-01-21T08:14:23.000Z,complete,drone_scout_1,drone_scout,smart_agriculture_heterogeneous_team_057_exec_3,done,91.5,57.84,22.8,26.04,msg_83fb469f10,weed patch coordinates and density,send,drone_scout_1,sprayer_1
smart_agriculture_heterogeneous_team_057,receive_patch_coordinates,2026-01-21T08:14:28.000Z,start,sprayer_1,sprayer_rover,smart_agriculture_heterogeneous_team_057_exec_4,inprogress,92.1,0.0,0.0,0.0,msg_83fb469f10,weed patch coordinates and density,receive,drone_scout_1,sprayer_1
smart_agriculture_heterogeneous_team_057,receive_patch_coordinates,2026-01-21T08:14:32.000Z,complete,sprayer_1,sprayer_rover,smart_agriculture_heterogeneous_team_057_exec_4,done,92.0,0.0,0.0,0.0,msg_83fb469f10,weed patch coordinates and density,receive,drone_scout_1,sprayer_1
smart_agriculture_heterogeneous_team_057,navigate_to_patch,2026-01-21T08:14:33.000Z,start,sprayer_1,sprayer_rover,smart_agriculture_heterogeneous_team_057_exec_5,inprogress,92.0,0.0,0.0,0.0,null,null,null,null,null
smart_agriculture_heterogeneous_team_057,navigate_to_patch,2026-01-21T08:15:47.000Z,null,sprayer_1,sprayer_rover,smart_agriculture_heterogeneous_team_057_exec_5,inprogress,90.7,14.46,5.7,0.0,null,null,null,null,null
smart_agriculture_heterogeneous_team_057,navigate_to_patch,2026-01-21T08:17:01.000Z,null,sprayer_1,sprayer_rover,smart_agriculture_heterogeneous_team_057_exec_5,inprogress,89.4,28.92,11.4,0.0,null,null,null,null,null
smart_agriculture_heterogeneous_team_057,navigate_to_patch,2026-01-21T08:18:15.000Z,null,sprayer_1,sprayer_rover,smart_agriculture_heterogeneous_team_057_exec_5,inprogress,88.1,43.38,17.1,0.0,null,null,null,null,null
smart_agriculture_heterogeneous_team_057,navigate_to_patch,2026-01-21T08:19:31.000Z,complete,sprayer_1,sprayer_rover,smart_agriculture_heterogeneous_team_057_exec_5,done,86.8,57.84,22.8,0.0,null,null,null,null,null
smart_agriculture_heterogeneous_team_057,spray_patch,2026-01-21T08:19:32.000Z,start,sprayer_1,sprayer_rover,smart_agriculture_heterogeneous_team_057_exec_6,inprogress,86.8,57.84,22.8,0.0,null,null,null,null,null
smart_agriculture_heterogeneous_team_057,spray_patch,2026-01-21T08:20:31.000Z,null,sprayer_1,sprayer_rover,smart_agriculture_heterogeneous_team_057_exec_6,inprogress,85.4,57.84,22.8,0.0,null,null,null,null,null
smart_agriculture_heterogeneous_team_057,spray_patch,2026-01-21T08:21:30.000Z,null,sprayer_1,sprayer_rover,smart_agriculture_heterogeneous_team_057_exec_6,inprogress,83.9,57.84,22.8,0.0,null,null,null,null,null
smart_agriculture_heterogeneous_team_057,spray_patch,2026-01-21T08:22:29.000Z,null,sprayer_1,sprayer_rover,smart_agriculture_heterogeneous_team_057_exec_6,inprogress,82.4,57.84,22.8,0.0,null,null,null,null,null
smart_agriculture_heterogeneous_team_057,spray_patch,2026-01-21T08:23:30.000Z,complete,sprayer_1,sprayer_rover,smart_agriculture_heterogeneous_team_057_exec_6,done,80.9,57.84,22.8,0.0,null,null,null,null,null
smart_agriculture_heterogeneous_team_057,navigate_to_patch,2026-01-21T08:23:31.000Z,start,sprayer_1,sprayer_rover,smart_agriculture_heterogeneous_team_057_exec_7,inprogress,80.9,57.84,22.8,0.0,null,null,null,null,null
smart_agriculture_heterogeneous_team_057,navigate_to_patch,2026-01-21T08:24:12.000Z,null,sprayer_1,sprayer_rover,smart_agriculture_heterogeneous_team_057_exec_7,inprogress,80.4,60.32,22.05,0.0,null,null,null,null,null
smart_agriculture_heterogeneous_team_057,navigate_to_patch,2026-01-21T08:24:53.000Z,null,sprayer_1,sprayer_rover,smart_agriculture_heterogeneous_team_057_exec_7,inprogress,79.9,62.8,21.3,0.0,null,null,null,null,null
smart_agriculture_heterogeneous_team_057,navigate_to_patch,2026-01-21T08:25:34.000Z,null,sprayer_1,sprayer_rover,smart_agriculture_heterogeneous_team_057_exec_7,inprogress,79.3,65.29,20.56,0.0,null,null,null,null,null
smart_agriculture_heterogeneous_team_057,navigate_to_patch,2026-01-21T08:26:15.000Z,null,sprayer_1,sprayer_rover,smart_agriculture_heterogeneous_team_057_exec_7,inprogress,78.8,67.77,19.81,0.0,null,null,null,null,null
smart_agriculture_heterogeneous_team_057,navigate_to_patch,2026-01-21T08:26:58.000Z,complete,sprayer_1,sprayer_rover,smart_agriculture_heterogeneous_team_057_exec_7,done,78.2,70.26,19.06,0.0,null,null,null,null,null
smart_agriculture_heterogeneous_team_057,spray_patch,2026-01-21T08:26:59.000Z,start,sprayer_1,sprayer_rover,smart_agriculture_heterogeneous_team_057_exec_8,inprogress,78.2,70.26,19.06,0.0,null,null,null,null,null
smart_agriculture_heterogeneous_team_057,spray_patch,2026-01-21T08:27:44.000Z,null,sprayer_1,sprayer_rover,smart_agriculture_heterogeneous_team_057_exec_8,inprogress,77.0,70.26,19.06,0.0,null,null,null,null,null
smart_agriculture_heterogeneous_team_057,spray_patch,2026-01-21T08:28:29.000Z,null,sprayer_1,sprayer_rover,smart_agriculture_heterogeneous_team_057_exec_8,inprogress,75.8,70.26,19.06,0.0,null,null,null,null,null
smart_agriculture_heterogeneous_team_057,spray_patch,2026-01-21T08:29:14.000Z,complete,sprayer_1,sprayer_rover,smart_agriculture_heterogeneous_team_057_exec_8,done,74.6,70.26,19.06,0.0,null,null,null,null,null
smart_agriculture_heterogeneous_team_057,return_base,2026-01-21T08:29:15.000Z,start,drone_scout_1,drone_scout,smart_agriculture_heterogeneous_team_057_exec_9,inprogress,91.5,57.84,22.8,26.04,null,null,null,null,null
smart_agriculture_heterogeneous_team_057,return_base,2026-01-21T08:30:03.000Z,null,drone_scout_1,drone_scout,smart_agriculture_heterogeneous_team_057_exec_9,inprogress,90.9,43.38,17.1,20.78,null,null,null,null,null
smart_agriculture_heterogeneous_team_057,return_base,2026-01-21T08:30:51.000Z,null,drone_scout_1,drone_scout,smart_agriculture_heterogeneous_team_057_exec_9,inprogress,90.3,28.92,11.4,15.52,null,null,null,null,null
smart_agriculture_heterogeneous_team_057,return_base,2026-01-21T08:31:39.000Z,null,drone_scout_1,drone_scout,smart_agriculture_heterogeneous_team_057_exec_9,inprogress,89.6,14.46,5.7,10.26,null,null,null,null,null
smart_agriculture_heterogeneous_team_057,return_base,2026-01-21T08:32:27.000Z,complete,drone_scout_1,drone_scout,smart_agriculture_heterogeneous_team_057_exec_9,done,89.0,0.0,0.0,5.0,null,null,null,null,null
smart_agriculture_heterogeneous_team_057,return_base,2026-01-21T08:32:28.000Z,start,sprayer_1,sprayer_rover,smart_agriculture_heterogeneous_team_057_exec_10,inprogress,74.6,70.26,19.06,0.0,null,null,null,null,null
smart_agriculture_heterogeneous_team_057,return_base,2026-01-21T08:33:53.000Z,null,sprayer_1,sprayer_rover,smart_agriculture_heterogeneous_team_057_exec_10,inprogress,73.0,52.69,14.3,0.0,null,null,null,null,null
smart_agriculture_heterogeneous_team_057,return_base,2026-01-21T08:35:18.000Z,null,sprayer_1,sprayer_rover,smart_agriculture_heterogeneous_team_057_exec_10,inprogress,71.4,35.13,9.53,0.0,null,null,null,null,null
smart_agriculture_heterogeneous_team_057,return_base,2026-01-21T08:36:43.000Z,null,sprayer_1,sprayer_rover,smart_agriculture_heterogeneous_team_057_exec_10,inprogress,69.8,17.56,4.77,0.0,null,null,null,null,null
smart_agriculture_heterogeneous_team_057,return_base,2026-01-21T08:38:11.000Z,complete,sprayer_1,sprayer_rover,smart_agriculture_heterogeneous_team_057_exec_10,done,68.2,0.0,0.0,0.0,null,null,null,null,null
smart_agriculture_heterogeneous_team_057,return_base,2026-01-21T08:38:12.000Z,start,supply_1,supply_rover,smart_agriculture_heterogeneous_team_057_exec_11,inprogress,95.9,0.0,0.0,0.0,null,null,null,null,null
smart_agriculture_heterogeneous_team_057,return_base,2026-01-21T08:39:41.000Z,null,supply_1,supply_rover,smart_agriculture_heterogeneous_team_057_exec_11,inprogress,94.5,0.0,0.0,0.0,null,null,null,null,null
smart_agriculture_heterogeneous_team_057,return_base,2026-01-21T08:41:10.000Z,null,supply_1,supply_rover,smart_agriculture_heterogeneous_team_057_exec_11,inprogress,93.0,0.0,0.0,0.0,null,null,null,null,null
smart_agriculture_heterogeneous_team_057,return_base,2026-01-21T08:42:39.000Z,complete,supply_1,supply_rover,smart_agriculture_heterogeneous_team_057_exec_11,done,91.5,0.0,0.0,0.0,null,null,null,null,null
smart_agriculture_heterogeneous_team_058,survey_field,2026-01-21T08:36:00.000Z,start,drone_scout_1,drone_scout,smart_agriculture_heterogeneous_team_058_exec_1,inprogress,90.4,0.0,0.0,5.0,null,null,null,null,null
smart_agriculture_heterogeneous_team_058,survey_field,2026-01-21T08:36:51.000Z,null,drone_scout_1,drone_scout,smart_agriculture_heterogeneous_team_058_exec_1,inprogress,89.2,7.6,2.96,6.93,null,null,null,null,null
smart_agriculture_heterogeneous_team_058,survey_field,2026-01-21T08:37:42.000Z,null,drone_scout_1,drone_scout,smart_agriculture_heterogeneous_team_058_exec_1,inprogress,88.0,15.19,5.92,8.87,null,null,null,null,null
smart_agriculture_heterogeneous_team_058,survey_field,2026-01-21T08:38:33.000Z,null,drone_scout_1,drone_scout,smart_agriculture_heterogeneous_team_058_exec_1,inprogress,86.8,22.79,8.88,10.8,null,null,null,null,null
smart_agriculture_heterogeneous_team_058,survey_field,2026-01-21T08:39:24.000Z,null,drone_scout_1,drone_scout,smart_agriculture_heterogeneous_team_058_exec_1,inprogress,85.6,30.38,11.84,12.73,null,null,null,null,null
smart_agriculture_heterogeneous_team_058,survey_field,2026-01-21T08:40:15.000Z,null,drone_scout_1,drone_scout,smart_agriculture_heterogeneous_team_058_exec_1,inprogress,84.4,37.98,14.81,14.67,null,null,null,null,null
smart_agriculture_heterogeneous_team_058,survey_field,2026-01-21T08:41:06.000Z,null,drone_scout_1,drone_scout,smart_agriculture_heterogeneous_team_058_exec_1,inprogress,83.2,45.58,17.77,16.6,null,null,null,null,null
smart_agriculture_heterogeneous_team_058,survey_field,2026-01-21T08:41:59.000Z,complete,drone_scout_1,drone_scout,smart_agriculture_heterogeneous_team_058_exec_1,done,82.0,53.17,20.73,18.54,null,null,null,null,null
smart_agriculture_heterogeneous_team_058,detect_patch,2026-01-21T08:42:00.000Z,start,drone_scout_1,drone_scout,smart_agriculture_heterogeneous_team_058_exec_2,inprogress,82.0,53.17,20.73,18.54,null,null,null,null,null
smart_agriculture_heterogeneous_team_058,detect_patch,2026-01-21T08:42:24.000Z,complete,drone_scout_1,drone_scout,smart_agriculture_heterogeneous_team_058_exec_2,done,81.6,53.17,20.73,18.54,null,null,null,null,null
smart_agriculture_heterogeneous_team_058,send_patch_coordinates,2026-01-21T08:42:25.000Z,start,drone_scout_1,drone_scout,smart_agriculture_heterogeneous_team_058_exec_3,inprogress,81.6,53.17,20.73,18.54,msg_488b62a738,weed patch coordinates and density,send,drone_scout_1,sprayer_1
smart_agriculture_heterogeneous_team_058,send_patch_coordinates,2026-01-21T08:42:33.000Z,complete,drone_scout_1,drone_scout,smart_agriculture_heterogeneous_team_058_exec_3,done,81.4,53.17,20.73,18.54,msg_488b62a738,weed patch coordinates and density,send,drone_scout_1,sprayer_1
smart_agriculture_heterogeneous_team_058,receive_patch_coordinates,2026-01-21T08:42:38.000Z,start,sprayer_1,sprayer_rover,smart_agriculture_heterogeneous_team_058_exec_4,inprogress,76.2,0.0,0.0,0.0,msg_488b62a738,weed patch coordinates and density,receive,drone_scout_1,sprayer_1
smart_agriculture_heterogeneous_team_058,receive_patch_coordinates,2026-01-21T08:42:42.000Z,complete,sprayer_1,sprayer_rover,smart_agriculture_heterogeneous_team_058_exec_4,done,76.1,0.0,0.0,0.0,msg_488b62a738,weed patch coordinates and density,receive,drone_scout_1,sprayer_1
smart_agriculture_heterogeneous_team_058,receive_patch_coordinates,2026-01-21T08:42:52.000Z,start,sprayer_1,sprayer_rover,smart_agriculture_heterogeneous_team_058_exec_5,inprogress,76.1,0.0,0.0,0.0,msg_488b62a738,weed patch coordinates and density,receive,drone_scout_1,sprayer_1
smart_agriculture_heterogeneous_team_058,receive_patch_coordinates,2026-01-21T08:42:56.000Z,complete,sprayer_1,sprayer_rover,smart_agriculture_heterogeneous_team_058_exec_5,done,76.0,0.0,0.0,0.0,msg_488b62a738,weed patch coordinates and density,receive,drone_scout_1,sprayer_1
smart_agriculture_heterogeneous_team_058,queue_wait,2026-01-21T08:42:57.000Z,start,sprayer_1,sprayer_rover,smart_agriculture_heterogeneous_team_058_exec_6,inprogress,76.0,0.0,0.0,0.0,null,null,null,null,null
smart_agriculture_heterogeneous_team_058,queue_wait,2026-01-21T08:43:25.000Z,complete,sprayer_1,sprayer_rover,smart_agriculture_heterogeneous_team_058_exec_6,done,75.8,0.0,0.0,0.0,null,null,null,null,null
smart_agriculture_heterogeneous_team_058,navigate_to_patch,2026-01-21T08:43:26.000Z,start,sprayer_1,sprayer_rover,smart_agriculture_heterogeneous_team_058_exec_7,inprogress,75.8,0.0,0.0,0.0,null,null,null,null,null
smart_agriculture_heterogeneous_team_058,navigate_to_patch,2026-01-21T08:45:02.000Z,null,sprayer_1,sprayer_rover,smart_agriculture_heterogeneous_team_058_exec_7,inprogress,74.5,13.29,5.18,0.0,null,null,null,null,null
smart_agriculture_heterogeneous_team_058,navigate_to_patch,2026-01-21T08:46:38.000Z,null,sprayer_1,sprayer_rover,smart_agriculture_heterogeneous_team_058_exec_7,inprogress,73.2,26.59,10.36,0.0,null,null,null,null,null
smart_agriculture_heterogeneous_team_058,navigate_to_patch,2026-01-21T08:48:14.000Z,null,sprayer_1,sprayer_rover,smart_agriculture_heterogeneous_team_058_exec_7,inprogress,71.8,39.88,15.55,0.0,null,null,null,null,null
smart_agriculture_heterogeneous_team_058,navigate_to_patch,2026-01-21T08:49:52.000Z,complete,sprayer_1,sprayer_rover,smart_agriculture_heterogeneous_team_058_exec_7,done,70.5,53.17,20.73,0.0,null,null,null,null,null
smart_agriculture_heterogeneous_team_058,spray_patch,2026-01-21T08:49:53.000Z,start,sprayer_1,sprayer_rover,smart_agriculture_heterogeneous_team_058_exec_8,inprogress,70.5,53.17,20.73,0.0,null,null,null,null,null
smart_agriculture_heterogeneous_team_058,spray_patch,2026-01-21T08:50:21.000Z,null,sprayer_1,sprayer_rover,smart_agriculture_heterogeneous_team_058_exec_8,inprogress,69.1,53.17,20.73,0.0,null,null,null,null,null
smart_agriculture_heterogeneous_team_058,spray_patch,2026-01-21T08:50:49.000Z,null,sprayer_1,sprayer_rover,smart_agriculture_heterogeneous_team_058_exec_8,inprogress,67.8,53.17,20.73,0.0,null,null,null,null,null
smart_agriculture_heterogeneous_team_058,spray_patch,2026-01-21T08:51:17.000Z,null,sprayer_1,sprayer_rover,smart_agriculture_heterogeneous_team_058_exec_8,inprogress,66.4,53.17,20.73,0.0,null,null,null,null,null
smart_agriculture_heterogeneous_team_058,spray_patch,2026-01-21T08:51:45.000Z,null,sprayer_1,sprayer_rover,smart_agriculture_heterogeneous_team_058_exec_8,inprogress,65.1,53.17,20.73,0.0,null,null,null,null,null
smart_agriculture_heterogeneous_team_058,spray_patch,2026-01-21T08:52:17.000Z,complete,sprayer_1,sprayer_rover,smart_agriculture_heterogeneous_team_058_exec_8,done,63.7,53.17,20.73,0.0,null,null,null,null,null
smart_agriculture_heterogeneous_team_058,navigate_to_patch,2026-01-21T08:52:18.000Z,start,sprayer_1,sprayer_rover,smart_agriculture_heterogeneous_team_058_exec_9,inprogress,63.7,53.17,20.73,0.0,null,null,null,null,null
smart_agriculture_heterogeneous_team_058,navigate_to_patch,2026-01-21T08:53:28.000Z,null,sprayer_1,sprayer_rover,smart_agriculture_heterogeneous_team_058_exec_9,inprogress,62.6,57.79,20.8,0.0,null,null,null,null,null
smart_agriculture_heterogeneous_team_058,navigate_to_patch,2026-01-21T08:54:38.000Z,null,sprayer_1,sprayer_rover,smart_agriculture_heterogeneous_team_058_exec_9,inprogress,61.4,62.4,20.87,0.0,null,null,null,null,null
smart_agriculture_heterogeneous_team_058,navigate_to_patch,2026-01-21T08:55:49.000Z,complete,sprayer_1,sprayer_rover,smart_agriculture_heterogeneous_team_058_exec_9,done,60.3,67.02,20.94,0.0,null,null,null,null,null
smart_agriculture_heterogeneous_team_058,spray_patch,2026-01-21T08:55:50.000Z,start,sprayer_1,sprayer_rover,smart_agriculture_heterogeneous_team_058_exec_10,inprogress,60.3,67.02,20.94,0.0,null,null,null,null,null
smart_agriculture_heterogeneous_team_058,spray_patch,2026-01-21T08:57:08.000Z,null,sprayer_1,sprayer_rover,smart_agriculture_heterogeneous_team_058_exec_10,inprogress,58.3,67.02,20.94,0.0,null,null,null,null,null
smart_agriculture_heterogeneous_team_058,spray_patch,2026-01-21T08:58:26.000Z,complete,sprayer_1,sprayer_rover,smart_agriculture_heterogeneous_team_058_exec_10,done,56.4,67.02,20.94,0.0,null,null,null,null,null
smart_agriculture_heterogeneous_team_058,return_base,2026-01-21T08:58:27.000Z,start,drone_scout_1,drone_scout,smart_agriculture_heterogeneous_team_058_exec_11,inprogress,81.4,53.17,20.73,18.54,null,null,null,null,null
smart_agriculture_heterogeneous_team_058,return_base,2026-01-21T08:59:34.000Z,null,drone_scout_1,drone_scout,smart_agriculture_heterogeneous_team_058_exec_11,inprogress,80.4,35.45,13.82,14.02,null,null,null,null,null
smart_agriculture_heterogeneous_team_058,return_base,2026-01-21T09:00:41.000Z,null,drone_scout_1,drone_scout,smart_agriculture_heterogeneous_team_058_exec_11,inprogress,79.4,17.72,6.91,9.51,null,null,null,null,null
smart_agriculture_heterogeneous_team_058,return_base,2026-01-21T09:01:50.000Z,complete,drone_scout_1,drone_scout,smart_agriculture_heterogeneous_team_058_exec_11,done,78.3,0.0,0.0,5.0,null,null,null,null,null
smart_agriculture_heterogeneous_team_058,return_base,2026-01-21T09:01:51.000Z,start,sprayer_1,sprayer_rover,smart_agriculture_heterogeneous_team_058_exec_12,inprogress,56.4,67.02,20.94,0.0,null,null,null,null,null
smart_agriculture_heterogeneous_team_058,return_base,2026-01-21T09:02:38.000Z,null,sprayer_1,sprayer_rover,smart_agriculture_heterogeneous_team_058_exec_12,inprogress,55.3,53.61,16.76,0.0,null,null,null,null,null
smart_agriculture_heterogeneous_team_058,return_base,2026-01-21T09:03:25.000Z,null,sprayer_1,sprayer_rover,smart_agriculture_heterogeneous_team_058_exec_12,inprogress,54.2,40.21,12.57,0.0,null,null,null,null,null
smart_agriculture_heterogeneous_team_058,return_base,2026-01-21T09:04:12.000Z,null,sprayer_1,sprayer_rover,smart_agriculture_heterogeneous_team_058_exec_12,inprogress,53.1,26.81,8.38,0.0,null,null,null,null,null
smart_agriculture_heterogeneous_team_058,return_base,2026-01-21T09:04:59.000Z,null,sprayer_1,sprayer_rover,smart_agriculture_heterogeneous_team_058_exec_12,inprogress,52.1,13.4,4.19,0.0,null,null,null,null,null
smart_agriculture_heterogeneous_team_058,return_base,2026-01-21T09:05:50.000Z,complete,sprayer_1,sprayer_rover,smart_agriculture_heterogeneous_team_058_exec_12,done,51.0,0.0,0.0,0.0,null,null,null,null,null
smart_agriculture_heterogeneous_team_058,return_base,2026-01-21T09:05:51.000Z,start,supply_1,supply_rover,smart_agriculture_heterogeneous_team_058_exec_13,inprogress,78.3,0.0,0.0,0.0,null,null,null,null,null
smart_agriculture_heterogeneous_team_058,return_base,2026-01-21T09:06:31.000Z,null,supply_1,supply_rover,smart_agriculture_heterogeneous_team_058_exec_13,inprogress,77.3,0.0,0.0,0.0,null,null,null,null,null
smart_agriculture_heterogeneous_team_058,return_base,2026-01-21T09:07:11.000Z,null,supply_1,supply_rover,smart_agriculture_heterogeneous_team_058_exec_13,inprogress,76.3,0.0,0.0,0.0,null,null,null,null,null
smart_agriculture_heterogeneous_team_058,return_base,2026-01-21T09:07:51.000Z,null,supply_1,supply_rover,smart_agriculture_heterogeneous_team_058_exec_13,inprogress,75.3,0.0,0.0,0.0,null,null,null,null,null
smart_agriculture_heterogeneous_team_058,return_base,2026-01-21T09:08:32.000Z,complete,supply_1,supply_rover,smart_agriculture_heterogeneous_team_058_exec_13,done,74.2,0.0,0.0,0.0,null,null,null,null,null
smart_agriculture_heterogeneous_team_059,survey_field,2026-01-21T09:04:00.000Z,start,drone_scout_1,drone_scout,smart_agriculture_heterogeneous_team_059_exec_1,inprogress,80.0,0.0,0.0,5.0,null,null,null,null,null
smart_agriculture_heterogeneous_team_059,survey_field,2026-01-21T09:04:47.000Z,null,drone_scout_1,drone_scout,smart_agriculture_heterogeneous_team_059_exec_1,inprogress,79.2,12.23,6.4,7.34,null,null,null,null,null
smart_agriculture_heterogeneous_team_059,survey_field,2026-01-21T09:05:34.000Z,null,drone_scout_1,drone_scout,smart_agriculture_heterogeneous_team_059_exec_1,inprogress,78.3,24.46,12.8,9.68,null,null,null,null,null
smart_agriculture_heterogeneous_team_059,survey_field,2026-01-21T09:06:21.000Z,null,drone_scout_1,drone_scout,smart_agriculture_heterogeneous_team_059_exec_1,inprogress,77.5,36.7,19.2,12.02,null,null,null,null,null
smart_agriculture_heterogeneous_team_059,survey_field,2026-01-21T09:07:08.000Z,null,drone_scout_1,drone_scout,smart_agriculture_heterogeneous_team_059_exec_1,inprogress,76.6,48.93,25.59,14.36,null,null,null,null,null
smart_agriculture_heterogeneous_team_059,survey_field,2026-01-21T09:07:55.000Z,null,drone_scout_1,drone_scout,smart_agriculture_heterogeneous_team_059_exec_1,inprogress,75.8,61.16,31.99,16.7,null,null,null,null,null
smart_agriculture_heterogeneous_team_059,survey_field,2026-01-21T09:08:43.000Z,complete,drone_scout_1,drone_scout,smart_agriculture_heterogeneous_team_059_exec_1,done,74.9,73.39,38.39,19.04,null,null,null,null,null
smart_agriculture_heterogeneous_team_059,detect_patch,2026-01-21T09:08:44.000Z,start,drone_scout_1,drone_scout,smart_agriculture_heterogeneous_team_059_exec_2,inprogress,74.9,73.39,38.39,19.04,null,null,null,null,null
smart_agriculture_heterogeneous_team_059,detect_patch,2026-01-21T09:09:20.000Z,complete,drone_scout_1,drone_scout,smart_agriculture_heterogeneous_team_059_exec_2,done,74.5,73.39,38.39,19.04,null,null,null,null,null
smart_agriculture_heterogeneous_team_059,send_patch_coordinates,2026-01-21T09:09:21.000Z,start,drone_scout_1,drone_scout,smart_agriculture_heterogeneous_team_059_exec_3,inprogress,74.5,73.39,38.39,19.04,msg_e4e1a92b37,weed patch coordinates and density,send,drone_scout_1,sprayer_1
smart_agriculture_heterogeneous_team_059,send_patch_coordinates,2026-01-21T09:09:28.000Z,complete,drone_scout_1,drone_scout,smart_agriculture_heterogeneous_team_059_exec_3,done,74.3,73.39,38.39,19.04,msg_e4e1a92b37,weed patch coordinates and density,send,drone_scout_1,sprayer_1
smart_agriculture_heterogeneous_team_059,receive_patch_coordinates,2026-01-21T09:10:43.000Z,start,sprayer_1,sprayer_rover,smart_agriculture_heterogeneous_team_059_exec_4,inprogress,69.8,0.0,0.0,0.0,msg_e4e1a92b37,weed patch coordinates and density,receive,drone_scout_1,sprayer_1
smart_agriculture_heterogeneous_team_059,receive_patch_coordinates,2026-01-21T09:10:47.000Z,complete,sprayer_1,sprayer_rover,smart_agriculture_heterogeneous_team_059_exec_4,done,69.7,0.0,0.0,0.0,msg_e4e1a92b37,weed patch coordinates and density,receive,drone_scout_1,sprayer_1
smart_agriculture_heterogeneous_team_059,receive_patch_coordinates,2026-01-21T09:10:52.000Z,start,sprayer_1,sprayer_rover,smart_agriculture_heterogeneous_team_059_exec_5,inprogress,69.7,0.0,0.0,0.0,msg_e4e1a92b37,weed patch coordinates and density,receive,drone_scout_1,sprayer_1
smart_agriculture_heterogeneous_team_059,receive_patch_coordinates,2026-01-21T09:10:56.000Z,complete,sprayer_1,sprayer_rover,smart_agriculture_heterogeneous_team_059_exec_5,done,69.6,0.0,0.0,0.0,msg_e4e1a92b37,weed patch coordinates and density,receive,drone_scout_1,sprayer_1
smart_agriculture_heterogeneous_team_059,queue_wait,2026-01-21T09:10:57.000Z,start,sprayer_1,sprayer_rover,smart_agriculture_heterogeneous_team_059_exec_6,inprogress,69.6,0.0,0.0,0.0,null,null,null,null,null
smart_agriculture_heterogeneous_team_059,queue_wait,2026-01-21T09:11:17.000Z,null,sprayer_1,sprayer_rover,smart_agriculture_heterogeneous_team_059_exec_6,inprogress,69.4,0.0,0.0,0.0,null,null,null,null,null
smart_agriculture_heterogeneous_team_059,queue_wait,2026-01-21T09:11:37.000Z,complete,sprayer_1,sprayer_rover,smart_agriculture_heterogeneous_team_059_exec_6,done,69.3,0.0,0.0,0.0,null,null,null,null,null
smart_agriculture_heterogeneous_team_059,navigate_to_patch,2026-01-21T09:11:38.000Z,start,sprayer_1,sprayer_rover,smart_agriculture_heterogeneous_team_059_exec_7,inprogress,69.3,0.0,0.0,0.0,null,null,null,null,null
smart_agriculture_heterogeneous_team_059,navigate_to_patch,2026-01-21T09:12:34.000Z,null,sprayer_1,sprayer_rover,smart_agriculture_heterogeneous_team_059_exec_7,inprogress,68.2,10.48,5.48,0.0,null,null,null,null,null
smart_agriculture_heterogeneous_team_059,navigate_to_patch,2026-01-21T09:13:30.000Z,null,sprayer_1,sprayer_rover,smart_agriculture_heterogeneous_team_059_exec_7,inprogress,67.1,20.97,10.97,0.0,null,null,null,null,null
smart_agriculture_heterogeneous_team_059,navigate_to_patch,2026-01-21T09:14:26.000Z,null,sprayer_1,sprayer_rover,smart_agriculture_heterogeneous_team_059_exec_7,inprogress,66.1,31.45,16.45,0.0,null,null,null,null,null
smart_agriculture_heterogeneous_team_059,navigate_to_patch,2026-01-21T09:15:22.000Z,null,sprayer_1,sprayer_rover,smart_agriculture_heterogeneous_team_059_exec_7,inprogress,65.0,41.94,21.94,0.0,null,null,null,null,null
smart_agriculture_heterogeneous_team_059,navigate_to_patch,2026-01-21T09:16:18.000Z,null,sprayer_1,sprayer_rover,smart_agriculture_heterogeneous_team_059_exec_7,inprogress,64.0,52.42,27.42,0.0,null,null,null,null,null
smart_agriculture_heterogeneous_team_059,navigate_to_patch,2026-01-21T09:17:14.000Z,null,sprayer_1,sprayer_rover,smart_agriculture_heterogeneous_team_059_exec_7,inprogress,62.9,62.91,32.91,0.0,null,null,null,null,null
smart_agriculture_heterogeneous_team_059,navigate_to_patch,2026-01-21T09:18:12.000Z,complete,sprayer_1,sprayer_rover,smart_agriculture_heterogeneous_team_059_exec_7,done,61.8,73.39,38.39,0.0,null,null,null,null,null
smart_agriculture_heterogeneous_team_059,spray_patch,2026-01-21T09:18:13.000Z,start,sprayer_1,sprayer_rover,smart_agriculture_heterogeneous_team_059_exec_8,inprogress,61.8,73.39,38.39,0.0,null,null,null,null,null
smart_agriculture_heterogeneous_team_059,spray_patch,2026-01-21T09:18:38.000Z,null,sprayer_1,sprayer_rover,smart_agriculture_heterogeneous_team_059_exec_8,inprogress,61.0,73.39,38.39,0.0,null,null,null,null,null
smart_agriculture_heterogeneous_team_059,spray_patch,2026-01-21T09:19:03.000Z,null,sprayer_1,sprayer_rover,smart_agriculture_heterogeneous_team_059_exec_8,inprogress,60.3,73.39,38.39,0.0,null,null,null,null,null
smart_agriculture_heterogeneous_team_059,spray_patch,2026-01-21T09:19:28.000Z,null,sprayer_1,sprayer_rover,smart_agriculture_heterogeneous_team_059_exec_8,inprogress,59.5,73.39,38.39,0.0,null,null,null,null,null
smart_agriculture_heterogeneous_team_059,spray_patch,2026-01-21T09:19:53.000Z,null,sprayer_1,sprayer_rover,smart_agriculture_heterogeneous_team_059_exec_8,inprogress,58.7,73.39,38.39,0.0,null,null,null,null,null
smart_agriculture_heterogeneous_team_059,spray_patch,2026-01-21T09:20:18.000Z,null,sprayer_1,sprayer_rover,smart_agriculture_heterogeneous_team_059_exec_8,inprogress,57.9,73.39,38.39,0.0,null,null,null,null,null
smart_agriculture_heterogeneous_team_059,spray_patch,2026-01-21T09:20:44.000Z,complete,sprayer_1,sprayer_rover,smart_agriculture_heterogeneous_team_059_exec_8,done,57.1,73.39,38.39,0.0,null,null,null,null,null
smart_agriculture_heterogeneous_team_059,send_refill_request,2026-01-21T09:20:45.000Z,start,sprayer_1,sprayer_rover,smart_agriculture_heterogeneous_team_059_exec_9,inprogress,57.1,73.39,38.39,0.0,msg_db47033a21,refill needed at current patch,send,sprayer_1,supply_1
smart_agriculture_heterogeneous_team_059,send_refill_request,2026-01-21T09:20:50.000Z,complete,sprayer_1,sprayer_rover,smart_agriculture_heterogeneous_team_059_exec_9,done,56.9,73.39,38.39,0.0,msg_db47033a21,refill needed at current patch,send,sprayer_1,supply_1
smart_agriculture_heterogeneous_team_059,receive_refill_request,2026-01-21T09:21:46.000Z,start,supply_1,supply_rover,smart_agriculture_heterogeneous_team_059_exec_10,inprogress,76.0,0.0,0.0,0.0,msg_db47033a21,refill needed at current patch,receive,sprayer_1,supply_1
smart_agriculture_heterogeneous_team_059,receive_refill_request,2026-01-21T09:21:50.000Z,complete,supply_1,supply_rover,smart_agriculture_heterogeneous_team_059_exec_10,done,75.9,0.0,0.0,0.0,msg_db47033a21,refill needed at current patch,receive,sprayer_1,supply_1
smart_agriculture_heterogeneous_team_059,queue_wait,2026-01-21T09:21:51.000Z,start,sprayer_1,sprayer_rover,smart_agriculture_heterogeneous_team_059_exec_11,inprogress,56.9,73.39,38.39,0.0,null,null,null,null,null
smart_agriculture_heterogeneous_team_059,queue_wait,2026-01-21T09:22:22.000Z,null,sprayer_1,sprayer_rover,smart_agriculture_heterogeneous_team_059_exec_11,inprogress,56.7,73.39,38.39,0.0,null,null,null,null,null
smart_agriculture_heterogeneous_team_059,queue_wait,2026-01-21T09:22:53.000Z,null,sprayer_1,sprayer_rover,smart_agriculture_heterogeneous_team_059_exec_11,inprogress,56.4,73.39,38.39,0.0,null,null,null,null,null
smart_agriculture_heterogeneous_team_059,queue_wait,2026-01-21T09:23:24.000Z,null,sprayer_1,sprayer_rover,smart_agriculture_heterogeneous_team_059_exec_11,inprogress,56.2,73.39,38.39,0.0,null,null,null,null,null
smart_agriculture_heterogeneous_team_059,queue_wait,2026-01-21T09:23:56.000Z,complete,sprayer_1,sprayer_rover,smart_agriculture_heterogeneous_team_059_exec_11,done,56.0,73.39,38.39,0.0,null,null,null,null,null
smart_agriculture_heterogeneous_team_059,deliver_refill,2026-01-21T09:23:57.000Z,start,supply_1,supply_rover,smart_agriculture_heterogeneous_team_059_exec_12,inprogress,75.9,0.0,0.0,0.0,null,null,null,null,null
smart_agriculture_heterogeneous_team_059,deliver_refill,2026-01-21T09:25:21.000Z,null,supply_1,supply_rover,smart_agriculture_heterogeneous_team_059_exec_12,inprogress,73.9,23.67,12.75,0.0,null,null,null,null,null
smart_agriculture_heterogeneous_team_059,deliver_refill,2026-01-21T09:26:45.000Z,null,supply_1,supply_rover,smart_agriculture_heterogeneous_team_059_exec_12,inprogress,72.0,47.33,25.49,0.0,null,null,null,null,null
smart_agriculture_heterogeneous_team_059,deliver_refill,2026-01-21T09:28:11.000Z,complete,supply_1,supply_rover,smart_agriculture_heterogeneous_team_059_exec_12,done,70.0,71.0,38.24,0.0,null,null,null,null,null
smart_agriculture_heterogeneous_team_059,send_treatment_ack,2026-01-21T09:28:12.000Z,start,supply_1,supply_rover,smart_agriculture_heterogeneous_team_059_exec_13,inprogress,70.0,71.0,38.24,0.0,msg_4dd7bea3cf,refill delivered and treatment may resume,send,supply_1,sprayer_1
smart_agriculture_heterogeneous_team_059,send_treatment_ack,2026-01-21T09:28:19.000Z,complete,supply_1,supply_rover,smart_agriculture_heterogeneous_team_059_exec_13,done,69.8,71.0,38.24,0.0,msg_4dd7bea3cf,refill delivered and treatment may resume,send,supply_1,sprayer_1
smart_agriculture_heterogeneous_team_059,receive_treatment_ack,2026-01-21T09:28:23.000Z,start,sprayer_1,sprayer_rover,smart_agriculture_heterogeneous_team_059_exec_14,inprogress,56.0,73.39,38.39,0.0,msg_4dd7bea3cf,refill delivered and treatment may resume,receive,supply_1,sprayer_1
smart_agriculture_heterogeneous_team_059,receive_treatment_ack,2026-01-21T09:28:27.000Z,complete,sprayer_1,sprayer_rover,smart_agriculture_heterogeneous_team_059_exec_14,done,55.9,73.39,38.39,0.0,msg_4dd7bea3cf,refill delivered and treatment may resume,receive,supply_1,sprayer_1
smart_agriculture_heterogeneous_team_059,resume_treatment,2026-01-21T09:28:28.000Z,start,sprayer_1,sprayer_rover,smart_agriculture_heterogeneous_team_059_exec_15,inprogress,55.9,73.39,38.39,0.0,null,null,null,null,null
smart_agriculture_heterogeneous_team_059,resume_treatment,2026-01-21T09:28:59.000Z,null,sprayer_1,sprayer_rover,smart_agriculture_heterogeneous_team_059_exec_15,inprogress,55.2,73.39,38.39,0.0,null,null,null,null,null
smart_agriculture_heterogeneous_team_059,resume_treatment,2026-01-21T09:29:30.000Z,null,sprayer_1,sprayer_rover,smart_agriculture_heterogeneous_team_059_exec_15,inprogress,54.5,73.39,38.39,0.0,null,null,null,null,null
smart_agriculture_heterogeneous_team_059,resume_treatment,2026-01-21T09:30:01.000Z,null,sprayer_1,sprayer_rover,smart_agriculture_heterogeneous_team_059_exec_15,inprogress,53.9,73.39,38.39,0.0,null,null,null,null,null
smart_agriculture_heterogeneous_team_059,resume_treatment,2026-01-21T09:30:35.000Z,complete,sprayer_1,sprayer_rover,smart_agriculture_heterogeneous_team_059_exec_15,done,53.2,73.39,38.39,0.0,null,null,null,null,null
smart_agriculture_heterogeneous_team_059,return_base,2026-01-21T09:30:36.000Z,start,drone_scout_1,drone_scout,smart_agriculture_heterogeneous_team_059_exec_16,inprogress,74.3,73.39,38.39,19.04,null,null,null,null,null
smart_agriculture_heterogeneous_team_059,return_base,2026-01-21T09:31:13.000Z,null,drone_scout_1,drone_scout,smart_agriculture_heterogeneous_team_059_exec_16,inprogress,73.4,58.72,30.71,16.23,null,null,null,null,null
smart_agriculture_heterogeneous_team_059,return_base,2026-01-21T09:31:50.000Z,null,drone_scout_1,drone_scout,smart_agriculture_heterogeneous_team_059_exec_16,inprogress,72.5,44.04,23.04,13.42,null,null,null,null,null
smart_agriculture_heterogeneous_team_059,return_base,2026-01-21T09:32:27.000Z,null,drone_scout_1,drone_scout,smart_agriculture_heterogeneous_team_059_exec_16,inprogress,71.6,29.36,15.36,10.61,null,null,null,null,null
smart_agriculture_heterogeneous_team_059,return_base,2026-01-21T09:33:04.000Z,null,drone_scout_1,drone_scout,smart_agriculture_heterogeneous_team_059_exec_16,inprogress,70.7,14.68,7.68,7.81,null,null,null,null,null
smart_agriculture_heterogeneous_team_059,return_base,2026-01-21T09:33:45.000Z,complete,drone_scout_1,drone_scout,smart_agriculture_heterogeneous_team_059_exec_16,done,69.8,0.0,0.0,5.0,null,null,null,null,null
smart_agriculture_heterogeneous_team_059,return_base,2026-01-21T09:33:46.000Z,start,sprayer_1,sprayer_rover,smart_agriculture_heterogeneous_team_059_exec_17,inprogress,53.2,73.39,38.39,0.0,null,null,null,null,null
smart_agriculture_heterogeneous_team_059,return_base,2026-01-21T09:34:49.000Z,null,sprayer_1,sprayer_rover,smart_agriculture_heterogeneous_team_059_exec_17,inprogress,52.0,58.72,30.71,0.0,null,null,null,null,null
smart_agriculture_heterogeneous_team_059,return_base,2026-01-21T09:35:52.000Z,null,sprayer_1,sprayer_rover,smart_agriculture_heterogeneous_team_059_exec_17,inprogress,50.8,44.04,23.04,0.0,null,null,null,null,null
smart_agriculture_heterogeneous_team_059,return_base,2026-01-21T09:36:55.000Z,null,sprayer_1,sprayer_rover,smart_agriculture_heterogeneous_team_059_exec_17,inprogress,49.6,29.36,15.36,0.0,null,null,null,null,null
smart_agriculture_heterogeneous_team_059,return_base,2026-01-21T09:37:58.000Z,null,sprayer_1,sprayer_rover,smart_agriculture_heterogeneous_team_059_exec_17,inprogress,48.4,14.68,7.68,0.0,null,null,null,null,null
smart_agriculture_heterogeneous_team_059,return_base,2026-01-21T09:39:04.000Z,complete,sprayer_1,sprayer_rover,smart_agriculture_heterogeneous_team_059_exec_17,done,47.2,0.0,0.0,0.0,null,null,null,null,null
smart_agriculture_heterogeneous_team_059,return_base,2026-01-21T09:39:05.000Z,start,supply_1,supply_rover,smart_agriculture_heterogeneous_team_059_exec_18,inprogress,69.8,71.0,38.24,0.0,null,null,null,null,null
smart_agriculture_heterogeneous_team_059,return_base,2026-01-21T09:40:10.000Z,null,supply_1,supply_rover,smart_agriculture_heterogeneous_team_059_exec_18,inprogress,68.7,47.33,25.49,0.0,null,null,null,null,null
smart_agriculture_heterogeneous_team_059,return_base,2026-01-21T09:41:15.000Z,null,supply_1,supply_rover,smart_agriculture_heterogeneous_team_059_exec_18,inprogress,67.7,23.67,12.75,0.0,null,null,null,null,null
smart_agriculture_heterogeneous_team_059,return_base,2026-01-21T09:42:22.000Z,complete,supply_1,supply_rover,smart_agriculture_heterogeneous_team_059_exec_18,done,66.6,0.0,0.0,0.0,null,null,null,null,null
smart_agriculture_heterogeneous_team_060,survey_field,2026-01-21T09:32:00.000Z,start,drone_scout_1,drone_scout,smart_agriculture_heterogeneous_team_060_exec_1,inprogress,78.0,0.0,0.0,5.0,null,null,null,null,null
smart_agriculture_heterogeneous_team_060,survey_field,2026-01-21T09:32:48.000Z,null,drone_scout_1,drone_scout,smart_agriculture_heterogeneous_team_060_exec_1,inprogress,76.9,3.36,5.53,6.68,null,null,null,null,null
smart_agriculture_heterogeneous_team_060,survey_field,2026-01-21T09:33:36.000Z,null,drone_scout_1,drone_scout,smart_agriculture_heterogeneous_team_060_exec_1,inprogress,75.8,6.72,11.07,8.36,null,null,null,null,null
smart_agriculture_heterogeneous_team_060,survey_field,2026-01-21T09:34:24.000Z,null,drone_scout_1,drone_scout,smart_agriculture_heterogeneous_team_060_exec_1,inprogress,74.8,10.08,16.6,10.03,null,null,null,null,null
smart_agriculture_heterogeneous_team_060,survey_field,2026-01-21T09:35:12.000Z,null,drone_scout_1,drone_scout,smart_agriculture_heterogeneous_team_060_exec_1,inprogress,73.7,13.44,22.13,11.71,null,null,null,null,null
smart_agriculture_heterogeneous_team_060,survey_field,2026-01-21T09:36:00.000Z,null,drone_scout_1,drone_scout,smart_agriculture_heterogeneous_team_060_exec_1,inprogress,72.6,16.8,27.67,13.39,null,null,null,null,null
smart_agriculture_heterogeneous_team_060,survey_field,2026-01-21T09:36:48.000Z,null,drone_scout_1,drone_scout,smart_agriculture_heterogeneous_team_060_exec_1,inprogress,71.5,20.16,33.2,15.07,null,null,null,null,null
smart_agriculture_heterogeneous_team_060,survey_field,2026-01-21T09:37:36.000Z,null,drone_scout_1,drone_scout,smart_agriculture_heterogeneous_team_060_exec_1,inprogress,70.5,23.52,38.74,16.75,null,null,null,null,null
smart_agriculture_heterogeneous_team_060,survey_field,2026-01-21T09:38:28.000Z,complete,drone_scout_1,drone_scout,smart_agriculture_heterogeneous_team_060_exec_1,done,69.4,26.87,44.27,18.43,null,null,null,null,null
smart_agriculture_heterogeneous_team_060,detect_patch,2026-01-21T09:38:29.000Z,start,drone_scout_1,drone_scout,smart_agriculture_heterogeneous_team_060_exec_2,inprogress,69.4,26.87,44.27,18.43,null,null,null,null,null
smart_agriculture_heterogeneous_team_060,detect_patch,2026-01-21T09:39:19.000Z,complete,drone_scout_1,drone_scout,smart_agriculture_heterogeneous_team_060_exec_2,done,69.1,26.87,44.27,18.43,null,null,null,null,null
smart_agriculture_heterogeneous_team_060,send_patch_coordinates,2026-01-21T09:39:20.000Z,start,drone_scout_1,drone_scout,smart_agriculture_heterogeneous_team_060_exec_3,inprogress,69.1,26.87,44.27,18.43,msg_1a4b299c79,weed patch coordinates and density,send,drone_scout_1,sprayer_1
smart_agriculture_heterogeneous_team_060,send_patch_coordinates,2026-01-21T09:39:24.000Z,complete,drone_scout_1,drone_scout,smart_agriculture_heterogeneous_team_060_exec_3,done,68.9,26.87,44.27,18.43,msg_1a4b299c79,weed patch coordinates and density,send,drone_scout_1,sprayer_1
smart_agriculture_heterogeneous_team_060,receive_patch_coordinates,2026-01-21T09:39:29.000Z,start,sprayer_1,sprayer_rover,smart_agriculture_heterogeneous_team_060_exec_4,inprogress,78.5,0.0,0.0,0.0,msg_1a4b299c79,weed patch coordinates and density,receive,drone_scout_1,sprayer_1
smart_agriculture_heterogeneous_team_060,receive_patch_coordinates,2026-01-21T09:39:33.000Z,complete,sprayer_1,sprayer_rover,smart_agriculture_heterogeneous_team_060_exec_4,done,78.4,0.0,0.0,0.0,msg_1a4b299c79,weed patch coordinates and density,receive,drone_scout_1,sprayer_1
smart_agriculture_heterogeneous_team_060,navigate_to_patch,2026-01-21T09:39:34.000Z,start,sprayer_1,sprayer_rover,smart_agriculture_heterogeneous_team_060_exec_5,inprogress,78.4,0.0,0.0,0.0,null,null,null,null,null
smart_agriculture_heterogeneous_team_060,navigate_to_patch,2026-01-21T09:40:17.000Z,null,sprayer_1,sprayer_rover,smart_agriculture_heterogeneous_team_060_exec_5,inprogress,77.4,4.48,7.38,0.0,null,null,null,null,null
smart_agriculture_heterogeneous_team_060,navigate_to_patch,2026-01-21T09:41:00.000Z,null,sprayer_1,sprayer_rover,smart_agriculture_heterogeneous_team_060_exec_5,inprogress,76.4,8.96,14.76,0.0,null,null,null,null,null
smart_agriculture_heterogeneous_team_060,navigate_to_patch,2026-01-21T09:41:43.000Z,null,sprayer_1,sprayer_rover,smart_agriculture_heterogeneous_team_060_exec_5,inprogress,75.4,13.44,22.13,0.0,null,null,null,null,null
smart_agriculture_heterogeneous_team_060,navigate_to_patch,2026-01-21T09:42:26.000Z,null,sprayer_1,sprayer_rover,smart_agriculture_heterogeneous_team_060_exec_5,inprogress,74.4,17.92,29.51,0.0,null,null,null,null,null
smart_agriculture_heterogeneous_team_060,navigate_to_patch,2026-01-21T09:43:09.000Z,null,sprayer_1,sprayer_rover,smart_agriculture_heterogeneous_team_060_exec_5,inprogress,73.4,22.4,36.89,0.0,null,null,null,null,null
smart_agriculture_heterogeneous_team_060,navigate_to_patch,2026-01-21T09:43:54.000Z,complete,sprayer_1,sprayer_rover,smart_agriculture_heterogeneous_team_060_exec_5,done,72.4,26.87,44.27,0.0,null,null,null,null,null
smart_agriculture_heterogeneous_team_060,spray_patch,2026-01-21T09:43:55.000Z,start,sprayer_1,sprayer_rover,smart_agriculture_heterogeneous_team_060_exec_6,inprogress,72.4,26.87,44.27,0.0,null,null,null,null,null
smart_agriculture_heterogeneous_team_060,spray_patch,2026-01-21T09:44:57.000Z,null,sprayer_1,sprayer_rover,smart_agriculture_heterogeneous_team_060_exec_6,inprogress,71.0,26.87,44.27,0.0,null,null,null,null,null
smart_agriculture_heterogeneous_team_060,spray_patch,2026-01-21T09:45:59.000Z,null,sprayer_1,sprayer_rover,smart_agriculture_heterogeneous_team_060_exec_6,inprogress,69.5,26.87,44.27,0.0,null,null,null,null,null
smart_agriculture_heterogeneous_team_060,spray_patch,2026-01-21T09:47:01.000Z,null,sprayer_1,sprayer_rover,smart_agriculture_heterogeneous_team_060_exec_6,inprogress,68.1,26.87,44.27,0.0,null,null,null,null,null
smart_agriculture_heterogeneous_team_060,spray_patch,2026-01-21T09:48:03.000Z,complete,sprayer_1,sprayer_rover,smart_agriculture_heterogeneous_team_060_exec_6,done,66.7,26.87,44.27,0.0,null,null,null,null,null
smart_agriculture_heterogeneous_team_060,navigate_to_patch,2026-01-21T09:48:04.000Z,start,sprayer_1,sprayer_rover,smart_agriculture_heterogeneous_team_060_exec_7,inprogress,66.7,26.87,44.27,0.0,null,null,null,null,null
smart_agriculture_heterogeneous_team_060,navigate_to_patch,2026-01-21T09:48:46.000Z,null,sprayer_1,sprayer_rover,smart_agriculture_heterogeneous_team_060_exec_7,inprogress,66.1,29.79,43.68,0.0,null,null,null,null,null
smart_agriculture_heterogeneous_team_060,navigate_to_patch,2026-01-21T09:49:28.000Z,null,sprayer_1,sprayer_rover,smart_agriculture_heterogeneous_team_060_exec_7,inprogress,65.6,32.7,43.08,0.0,null,null,null,null,null
smart_agriculture_heterogeneous_team_060,navigate_to_patch,2026-01-21T09:50:10.000Z,null,sprayer_1,sprayer_rover,smart_agriculture_heterogeneous_team_060_exec_7,inprogress,65.1,35.61,42.49,0.0,null,null,null,null,null
smart_agriculture_heterogeneous_team_060,navigate_to_patch,2026-01-21T09:50:52.000Z,null,sprayer_1,sprayer_rover,smart_agriculture_heterogeneous_team_060_exec_7,inprogress,64.5,38.52,41.9,0.0,null,null,null,null,null
smart_agriculture_heterogeneous_team_060,navigate_to_patch,2026-01-21T09:51:36.000Z,complete,sprayer_1,sprayer_rover,smart_agriculture_heterogeneous_team_060_exec_7,done,64.0,41.43,41.31,0.0,null,null,null,null,null
smart_agriculture_heterogeneous_team_060,spray_patch,2026-01-21T09:51:37.000Z,start,sprayer_1,sprayer_rover,smart_agriculture_heterogeneous_team_060_exec_8,inprogress,64.0,41.43,41.31,0.0,null,null,null,null,null
smart_agriculture_heterogeneous_team_060,spray_patch,2026-01-21T09:52:12.000Z,null,sprayer_1,sprayer_rover,smart_agriculture_heterogeneous_team_060_exec_8,inprogress,62.5,41.43,41.31,0.0,null,null,null,null,null
smart_agriculture_heterogeneous_team_060,spray_patch,2026-01-21T09:52:47.000Z,null,sprayer_1,sprayer_rover,smart_agriculture_heterogeneous_team_060_exec_8,inprogress,61.0,41.43,41.31,0.0,null,null,null,null,null
smart_agriculture_heterogeneous_team_060,spray_patch,2026-01-21T09:53:24.000Z,complete,sprayer_1,sprayer_rover,smart_agriculture_heterogeneous_team_060_exec_8,done,59.5,41.43,41.31,0.0,null,null,null,null,null
smart_agriculture_heterogeneous_team_060,return_base,2026-01-21T09:53:25.000Z,start,drone_scout_1,drone_scout,smart_agriculture_heterogeneous_team_060_exec_9,inprogress,68.9,26.87,44.27,18.43,null,null,null,null,null
smart_agriculture_heterogeneous_team_060,return_base,2026-01-21T09:54:21.000Z,null,drone_scout_1,drone_scout,smart_agriculture_heterogeneous_team_060_exec_9,inprogress,67.7,20.16,33.2,15.07,null,null,null,null,null
smart_agriculture_heterogeneous_team_060,return_base,2026-01-21T09:55:17.000Z,null,drone_scout_1,drone_scout,smart_agriculture_heterogeneous_team_060_exec_9,inprogress,66.5,13.44,22.13,11.71,null,null,null,null,null
smart_agriculture_heterogeneous_team_060,return_base,2026-01-21T09:56:13.000Z,null,drone_scout_1,drone_scout,smart_agriculture_heterogeneous_team_060_exec_9,inprogress,65.3,6.72,11.07,8.36,null,null,null,null,null
smart_agriculture_heterogeneous_team_060,return_base,2026-01-21T09:57:09.000Z,complete,drone_scout_1,drone_scout,smart_agriculture_heterogeneous_team_060_exec_9,done,64.1,0.0,0.0,5.0,null,null,null,null,null
smart_agriculture_heterogeneous_team_060,return_base,2026-01-21T09:57:10.000Z,start,sprayer_1,sprayer_rover,smart_agriculture_heterogeneous_team_060_exec_10,inprogress,59.5,41.43,41.31,0.0,null,null,null,null,null
smart_agriculture_heterogeneous_team_060,return_base,2026-01-21T09:57:46.000Z,null,sprayer_1,sprayer_rover,smart_agriculture_heterogeneous_team_060_exec_10,inprogress,58.7,34.53,34.42,0.0,null,null,null,null,null
smart_agriculture_heterogeneous_team_060,return_base,2026-01-21T09:58:22.000Z,null,sprayer_1,sprayer_rover,smart_agriculture_heterogeneous_team_060_exec_10,inprogress,57.9,27.62,27.54,0.0,null,null,null,null,null
smart_agriculture_heterogeneous_team_060,return_base,2026-01-21T09:58:58.000Z,null,sprayer_1,sprayer_rover,smart_agriculture_heterogeneous_team_060_exec_10,inprogress,57.1,20.72,20.65,0.0,null,null,null,null,null
smart_agriculture_heterogeneous_team_060,return_base,2026-01-21T09:59:34.000Z,null,sprayer_1,sprayer_rover,smart_agriculture_heterogeneous_team_060_exec_10,inprogress,56.2,13.81,13.77,0.0,null,null,null,null,null
smart_agriculture_heterogeneous_team_060,return_base,2026-01-21T10:00:10.000Z,null,sprayer_1,sprayer_rover,smart_agriculture_heterogeneous_team_060_exec_10,inprogress,55.4,6.91,6.88,0.0,null,null,null,null,null
smart_agriculture_heterogeneous_team_060,return_base,2026-01-21T10:00:47.000Z,complete,sprayer_1,sprayer_rover,smart_agriculture_heterogeneous_team_060_exec_10,done,54.6,0.0,0.0,0.0,null,null,null,null,null
smart_agriculture_heterogeneous_team_060,return_base,2026-01-21T10:00:48.000Z,start,supply_1,supply_rover,smart_agriculture_heterogeneous_team_060_exec_11,inprogress,87.1,0.0,0.0,0.0,null,null,null,null,null
smart_agriculture_heterogeneous_team_060,return_base,2026-01-21T10:01:44.000Z,null,supply_1,supply_rover,smart_agriculture_heterogeneous_team_060_exec_11,inprogress,86.3,0.0,0.0,0.0,null,null,null,null,null
smart_agriculture_heterogeneous_team_060,return_base,2026-01-21T10:02:40.000Z,null,supply_1,supply_rover,smart_agriculture_heterogeneous_team_060_exec_11,inprogress,85.4,0.0,0.0,0.0,null,null,null,null,null
smart_agriculture_heterogeneous_team_060,return_base,2026-01-21T10:03:36.000Z,null,supply_1,supply_rover,smart_agriculture_heterogeneous_team_060_exec_11,inprogress,84.6,0.0,0.0,0.0,null,null,null,null,null
smart_agriculture_heterogeneous_team_060,return_base,2026-01-21T10:04:32.000Z,null,supply_1,supply_rover,smart_agriculture_heterogeneous_team_060_exec_11,inprogress,83.8,0.0,0.0,0.0,null,null,null,null,null
smart_agriculture_heterogeneous_team_060,return_base,2026-01-21T10:05:28.000Z,complete,supply_1,supply_rover,smart_agriculture_heterogeneous_team_060_exec_11,done,82.9,0.0,0.0,0.0,null,null,null,null,null
smart_agriculture_heterogeneous_team_061,survey_field,2026-01-21T10:00:00.000Z,start,drone_scout_1,drone_scout,smart_agriculture_heterogeneous_team_061_exec_1,inprogress,89.4,0.0,0.0,5.0,null,null,null,null,null
smart_agriculture_heterogeneous_team_061,survey_field,2026-01-21T10:00:43.000Z,null,drone_scout_1,drone_scout,smart_agriculture_heterogeneous_team_061_exec_1,inprogress,88.2,7.7,2.97,7.69,null,null,null,null,null
smart_agriculture_heterogeneous_team_061,survey_field,2026-01-21T10:01:26.000Z,null,drone_scout_1,drone_scout,smart_agriculture_heterogeneous_team_061_exec_1,inprogress,87.0,15.4,5.95,10.38,null,null,null,null,null
smart_agriculture_heterogeneous_team_061,survey_field,2026-01-21T10:02:09.000Z,null,drone_scout_1,drone_scout,smart_agriculture_heterogeneous_team_061_exec_1,inprogress,85.8,23.1,8.92,13.08,null,null,null,null,null
smart_agriculture_heterogeneous_team_061,survey_field,2026-01-21T10:02:52.000Z,null,drone_scout_1,drone_scout,smart_agriculture_heterogeneous_team_061_exec_1,inprogress,84.6,30.8,11.9,15.77,null,null,null,null,null
smart_agriculture_heterogeneous_team_061,survey_field,2026-01-21T10:03:35.000Z,null,drone_scout_1,drone_scout,smart_agriculture_heterogeneous_team_061_exec_1,inprogress,83.5,38.5,14.87,18.46,null,null,null,null,null
smart_agriculture_heterogeneous_team_061,survey_field,2026-01-21T10:04:18.000Z,null,drone_scout_1,drone_scout,smart_agriculture_heterogeneous_team_061_exec_1,inprogress,82.3,46.2,17.85,21.15,null,null,null,null,null
smart_agriculture_heterogeneous_team_061,survey_field,2026-01-21T10:05:02.000Z,complete,drone_scout_1,drone_scout,smart_agriculture_heterogeneous_team_061_exec_1,done,81.1,53.9,20.82,23.84,null,null,null,null,null
smart_agriculture_heterogeneous_team_061,detect_patch,2026-01-21T10:05:03.000Z,start,drone_scout_1,drone_scout,smart_agriculture_heterogeneous_team_061_exec_2,inprogress,81.1,53.9,20.82,23.84,null,null,null,null,null
smart_agriculture_heterogeneous_team_061,detect_patch,2026-01-21T10:05:25.000Z,complete,drone_scout_1,drone_scout,smart_agriculture_heterogeneous_team_061_exec_2,done,80.9,53.9,20.82,23.84,null,null,null,null,null
smart_agriculture_heterogeneous_team_061,send_patch_coordinates,2026-01-21T10:05:26.000Z,start,drone_scout_1,drone_scout,smart_agriculture_heterogeneous_team_061_exec_3,inprogress,80.9,53.9,20.82,23.84,msg_44fe39b79f,weed patch coordinates and density,send,drone_scout_1,sprayer_1
smart_agriculture_heterogeneous_team_061,send_patch_coordinates,2026-01-21T10:05:30.000Z,complete,drone_scout_1,drone_scout,smart_agriculture_heterogeneous_team_061_exec_3,done,80.7,53.9,20.82,23.84,msg_44fe39b79f,weed patch coordinates and density,send,drone_scout_1,sprayer_1
smart_agriculture_heterogeneous_team_061,receive_patch_coordinates,2026-01-21T10:05:35.000Z,start,sprayer_1,sprayer_rover,smart_agriculture_heterogeneous_team_061_exec_4,inprogress,93.0,0.0,0.0,0.0,msg_44fe39b79f,weed patch coordinates and density,receive,drone_scout_1,sprayer_1
smart_agriculture_heterogeneous_team_061,receive_patch_coordinates,2026-01-21T10:05:39.000Z,complete,sprayer_1,sprayer_rover,smart_agriculture_heterogeneous_team_061_exec_4,done,92.9,0.0,0.0,0.0,msg_44fe39b79f,weed patch coordinates and density,receive,drone_scout_1,sprayer_1
smart_agriculture_heterogeneous_team_061,navigate_to_patch,2026-01-21T10:05:40.000Z,start,sprayer_1,sprayer_rover,smart_agriculture_heterogeneous_team_061_exec_5,inprogress,92.9,0.0,0.0,0.0,null,null,null,null,null
smart_agriculture_heterogeneous_team_061,navigate_to_patch,2026-01-21T10:07:17.000Z,null,sprayer_1,sprayer_rover,smart_agriculture_heterogeneous_team_061_exec_5,inprogress,91.4,13.47,5.21,0.0,null,null,null,null,null
smart_agriculture_heterogeneous_team_061,navigate_to_patch,2026-01-21T10:08:54.000Z,null,sprayer_1,sprayer_rover,smart_agriculture_heterogeneous_team_061_exec_5,inprogress,89.9,26.95,10.41,0.0,null,null,null,null,null
smart_agriculture_heterogeneous_team_061,navigate_to_patch,2026-01-21T10:10:31.000Z,null,sprayer_1,sprayer_rover,smart_agriculture_heterogeneous_team_061_exec_5,inprogress,88.4,40.42,15.62,0.0,null,null,null,null,null
smart_agriculture_heterogeneous_team_061,navigate_to_patch,2026-01-21T10:12:10.000Z,complete,sprayer_1,sprayer_rover,smart_agriculture_heterogeneous_team_061_exec_5,done,86.9,53.9,20.82,0.0,null,null,null,null,null
smart_agriculture_heterogeneous_team_061,spray_patch,2026-01-21T10:12:11.000Z,start,sprayer_1,sprayer_rover,smart_agriculture_heterogeneous_team_061_exec_6,inprogress,86.9,53.9,20.82,0.0,null,null,null,null,null
smart_agriculture_heterogeneous_team_061,spray_patch,2026-01-21T10:12:59.000Z,null,sprayer_1,sprayer_rover,smart_agriculture_heterogeneous_team_061_exec_6,inprogress,85.4,53.9,20.82,0.0,null,null,null,null,null
smart_agriculture_heterogeneous_team_061,spray_patch,2026-01-21T10:13:47.000Z,null,sprayer_1,sprayer_rover,smart_agriculture_heterogeneous_team_061_exec_6,inprogress,83.8,53.9,20.82,0.0,null,null,null,null,null
smart_agriculture_heterogeneous_team_061,spray_patch,2026-01-21T10:14:35.000Z,null,sprayer_1,sprayer_rover,smart_agriculture_heterogeneous_team_061_exec_6,inprogress,82.3,53.9,20.82,0.0,null,null,null,null,null
smart_agriculture_heterogeneous_team_061,spray_patch,2026-01-21T10:15:23.000Z,null,sprayer_1,sprayer_rover,smart_agriculture_heterogeneous_team_061_exec_6,inprogress,80.7,53.9,20.82,0.0,null,null,null,null,null
smart_agriculture_heterogeneous_team_061,spray_patch,2026-01-21T10:16:12.000Z,complete,sprayer_1,sprayer_rover,smart_agriculture_heterogeneous_team_061_exec_6,done,79.1,53.9,20.82,0.0,null,null,null,null,null
smart_agriculture_heterogeneous_team_061,return_base,2026-01-21T10:16:13.000Z,start,drone_scout_1,drone_scout,smart_agriculture_heterogeneous_team_061_exec_7,inprogress,80.7,53.9,20.82,23.84,null,null,null,null,null
smart_agriculture_heterogeneous_team_061,return_base,2026-01-21T10:17:09.000Z,null,drone_scout_1,drone_scout,smart_agriculture_heterogeneous_team_061_exec_7,inprogress,79.1,35.93,13.88,17.56,null,null,null,null,null
smart_agriculture_heterogeneous_team_061,return_base,2026-01-21T10:18:05.000Z,null,drone_scout_1,drone_scout,smart_agriculture_heterogeneous_team_061_exec_7,inprogress,77.5,17.97,6.94,11.28,null,null,null,null,null
smart_agriculture_heterogeneous_team_061,return_base,2026-01-21T10:19:03.000Z,complete,drone_scout_1,drone_scout,smart_agriculture_heterogeneous_team_061_exec_7,done,75.9,0.0,0.0,5.0,null,null,null,null,null
smart_agriculture_heterogeneous_team_061,return_base,2026-01-21T10:19:04.000Z,start,sprayer_1,sprayer_rover,smart_agriculture_heterogeneous_team_061_exec_8,inprogress,79.1,53.9,20.82,0.0,null,null,null,null,null
smart_agriculture_heterogeneous_team_061,return_base,2026-01-21T10:19:44.000Z,null,sprayer_1,sprayer_rover,smart_agriculture_heterogeneous_team_061_exec_8,inprogress,78.1,44.92,17.35,0.0,null,null,null,null,null
smart_agriculture_heterogeneous_team_061,return_base,2026-01-21T10:20:24.000Z,null,sprayer_1,sprayer_rover,smart_agriculture_heterogeneous_team_061_exec_8,inprogress,77.1,35.93,13.88,0.0,null,null,null,null,null
smart_agriculture_heterogeneous_team_061,return_base,2026-01-21T10:21:04.000Z,null,sprayer_1,sprayer_rover,smart_agriculture_heterogeneous_team_061_exec_8,inprogress,76.1,26.95,10.41,0.0,null,null,null,null,null
smart_agriculture_heterogeneous_team_061,return_base,2026-01-21T10:21:44.000Z,null,sprayer_1,sprayer_rover,smart_agriculture_heterogeneous_team_061_exec_8,inprogress,75.0,17.97,6.94,0.0,null,null,null,null,null
smart_agriculture_heterogeneous_team_061,return_base,2026-01-21T10:22:24.000Z,null,sprayer_1,sprayer_rover,smart_agriculture_heterogeneous_team_061_exec_8,inprogress,74.0,8.98,3.47,0.0,null,null,null,null,null
smart_agriculture_heterogeneous_team_061,return_base,2026-01-21T10:23:08.000Z,complete,sprayer_1,sprayer_rover,smart_agriculture_heterogeneous_team_061_exec_8,done,73.0,0.0,0.0,0.0,null,null,null,null,null
smart_agriculture_heterogeneous_team_061,return_base,2026-01-21T10:23:09.000Z,start,supply_1,supply_rover,smart_agriculture_heterogeneous_team_061_exec_9,inprogress,92.2,0.0,0.0,0.0,null,null,null,null,null
smart_agriculture_heterogeneous_team_061,return_base,2026-01-21T10:24:38.000Z,null,supply_1,supply_rover,smart_agriculture_heterogeneous_team_061_exec_9,inprogress,91.3,0.0,0.0,0.0,null,null,null,null,null
smart_agriculture_heterogeneous_team_061,return_base,2026-01-21T10:26:07.000Z,null,supply_1,supply_rover,smart_agriculture_heterogeneous_team_061_exec_9,inprogress,90.4,0.0,0.0,0.0,null,null,null,null,null
smart_agriculture_heterogeneous_team_061,return_base,2026-01-21T10:27:36.000Z,complete,supply_1,supply_rover,smart_agriculture_heterogeneous_team_061_exec_9,done,89.5,0.0,0.0,0.0,null,null,null,null,null
smart_agriculture_heterogeneous_team_062,survey_field,2026-01-21T10:28:00.000Z,start,drone_scout_1,drone_scout,smart_agriculture_heterogeneous_team_062_exec_1,inprogress,81.3,0.0,0.0,5.0,null,null,null,null,null
smart_agriculture_heterogeneous_team_062,survey_field,2026-01-21T10:29:16.000Z,null,drone_scout_1,drone_scout,smart_agriculture_heterogeneous_team_062_exec_1,inprogress,80.0,9.86,6.37,9.45,null,null,null,null,null
smart_agriculture_heterogeneous_team_062,survey_field,2026-01-21T10:30:32.000Z,null,drone_scout_1,drone_scout,smart_agriculture_heterogeneous_team_062_exec_1,inprogress,78.7,19.71,12.74,13.89,null,null,null,null,null
smart_agriculture_heterogeneous_team_062,survey_field,2026-01-21T10:31:48.000Z,null,drone_scout_1,drone_scout,smart_agriculture_heterogeneous_team_062_exec_1,inprogress,77.5,29.57,19.11,18.34,null,null,null,null,null
smart_agriculture_heterogeneous_team_062,survey_field,2026-01-21T10:33:04.000Z,null,drone_scout_1,drone_scout,smart_agriculture_heterogeneous_team_062_exec_1,inprogress,76.2,39.43,25.48,22.79,null,null,null,null,null
smart_agriculture_heterogeneous_team_062,survey_field,2026-01-21T10:34:21.000Z,complete,drone_scout_1,drone_scout,smart_agriculture_heterogeneous_team_062_exec_1,done,75.0,49.28,31.84,27.24,null,null,null,null,null
smart_agriculture_heterogeneous_team_062,detect_patch,2026-01-21T10:34:22.000Z,start,drone_scout_1,drone_scout,smart_agriculture_heterogeneous_team_062_exec_2,inprogress,75.0,49.28,31.84,27.24,null,null,null,null,null
smart_agriculture_heterogeneous_team_062,detect_patch,2026-01-21T10:35:04.000Z,complete,drone_scout_1,drone_scout,smart_agriculture_heterogeneous_team_062_exec_2,done,74.6,49.28,31.84,27.24,null,null,null,null,null
smart_agriculture_heterogeneous_team_062,send_patch_coordinates,2026-01-21T10:35:05.000Z,start,drone_scout_1,drone_scout,smart_agriculture_heterogeneous_team_062_exec_3,inprogress,74.6,49.28,31.84,27.24,msg_75801be922,weed patch coordinates and density,send,drone_scout_1,sprayer_1
smart_agriculture_heterogeneous_team_062,send_patch_coordinates,2026-01-21T10:35:13.000Z,complete,drone_scout_1,drone_scout,smart_agriculture_heterogeneous_team_062_exec_3,done,74.4,49.28,31.84,27.24,msg_75801be922,weed patch coordinates and density,send,drone_scout_1,sprayer_1
smart_agriculture_heterogeneous_team_062,receive_patch_coordinates,2026-01-21T10:35:18.000Z,start,sprayer_1,sprayer_rover,smart_agriculture_heterogeneous_team_062_exec_4,inprogress,69.0,0.0,0.0,0.0,msg_75801be922,weed patch coordinates and density,receive,drone_scout_1,sprayer_1
smart_agriculture_heterogeneous_team_062,receive_patch_coordinates,2026-01-21T10:35:22.000Z,complete,sprayer_1,sprayer_rover,smart_agriculture_heterogeneous_team_062_exec_4,done,68.9,0.0,0.0,0.0,msg_75801be922,weed patch coordinates and density,receive,drone_scout_1,sprayer_1
smart_agriculture_heterogeneous_team_062,navigate_to_patch,2026-01-21T10:35:23.000Z,start,sprayer_1,sprayer_rover,smart_agriculture_heterogeneous_team_062_exec_5,inprogress,68.9,0.0,0.0,0.0,null,null,null,null,null
smart_agriculture_heterogeneous_team_062,navigate_to_patch,2026-01-21T10:36:17.000Z,null,sprayer_1,sprayer_rover,smart_agriculture_heterogeneous_team_062_exec_5,inprogress,67.9,9.86,6.37,0.0,null,null,null,null,null
smart_agriculture_heterogeneous_team_062,navigate_to_patch,2026-01-21T10:37:11.000Z,null,sprayer_1,sprayer_rover,smart_agriculture_heterogeneous_team_062_exec_5,inprogress,66.9,19.71,12.74,0.0,null,null,null,null,null
smart_agriculture_heterogeneous_team_062,navigate_to_patch,2026-01-21T10:38:05.000Z,null,sprayer_1,sprayer_rover,smart_agriculture_heterogeneous_team_062_exec_5,inprogress,65.9,29.57,19.11,0.0,null,null,null,null,null
smart_agriculture_heterogeneous_team_062,navigate_to_patch,2026-01-21T10:38:59.000Z,null,sprayer_1,sprayer_rover,smart_agriculture_heterogeneous_team_062_exec_5,inprogress,64.9,39.43,25.48,0.0,null,null,null,null,null
smart_agriculture_heterogeneous_team_062,navigate_to_patch,2026-01-21T10:39:54.000Z,complete,sprayer_1,sprayer_rover,smart_agriculture_heterogeneous_team_062_exec_5,done,63.9,49.28,31.84,0.0,null,null,null,null,null
smart_agriculture_heterogeneous_team_062,spray_patch,2026-01-21T10:39:55.000Z,start,sprayer_1,sprayer_rover,smart_agriculture_heterogeneous_team_062_exec_6,inprogress,63.9,49.28,31.84,0.0,null,null,null,null,null
smart_agriculture_heterogeneous_team_062,spray_patch,2026-01-21T10:40:41.000Z,null,sprayer_1,sprayer_rover,smart_agriculture_heterogeneous_team_062_exec_6,inprogress,62.9,49.28,31.84,0.0,null,null,null,null,null
smart_agriculture_heterogeneous_team_062,spray_patch,2026-01-21T10:41:27.000Z,null,sprayer_1,sprayer_rover,smart_agriculture_heterogeneous_team_062_exec_6,inprogress,61.8,49.28,31.84,0.0,null,null,null,null,null
smart_agriculture_heterogeneous_team_062,spray_patch,2026-01-21T10:42:13.000Z,null,sprayer_1,sprayer_rover,smart_agriculture_heterogeneous_team_062_exec_6,inprogress,60.8,49.28,31.84,0.0,null,null,null,null,null
smart_agriculture_heterogeneous_team_062,spray_patch,2026-01-21T10:42:59.000Z,null,sprayer_1,sprayer_rover,smart_agriculture_heterogeneous_team_062_exec_6,inprogress,59.8,49.28,31.84,0.0,null,null,null,null,null
smart_agriculture_heterogeneous_team_062,spray_patch,2026-01-21T10:43:47.000Z,complete,sprayer_1,sprayer_rover,smart_agriculture_heterogeneous_team_062_exec_6,done,58.8,49.28,31.84,0.0,null,null,null,null,null
smart_agriculture_heterogeneous_team_062,return_base,2026-01-21T10:43:48.000Z,start,drone_scout_1,drone_scout,smart_agriculture_heterogeneous_team_062_exec_7,inprogress,74.4,49.28,31.84,27.24,null,null,null,null,null
smart_agriculture_heterogeneous_team_062,return_base,2026-01-21T10:45:08.000Z,null,drone_scout_1,drone_scout,smart_agriculture_heterogeneous_team_062_exec_7,inprogress,73.4,32.86,21.23,19.82,null,null,null,null,null
smart_agriculture_heterogeneous_team_062,return_base,2026-01-21T10:46:28.000Z,null,drone_scout_1,drone_scout,smart_agriculture_heterogeneous_team_062_exec_7,inprogress,72.5,16.43,10.61,12.41,null,null,null,null,null
smart_agriculture_heterogeneous_team_062,return_base,2026-01-21T10:47:49.000Z,complete,drone_scout_1,drone_scout,smart_agriculture_heterogeneous_team_062_exec_7,done,71.6,0.0,0.0,5.0,null,null,null,null,null
smart_agriculture_heterogeneous_team_062,return_base,2026-01-21T10:47:50.000Z,start,sprayer_1,sprayer_rover,smart_agriculture_heterogeneous_team_062_exec_8,inprogress,58.8,49.28,31.84,0.0,null,null,null,null,null
smart_agriculture_heterogeneous_team_062,return_base,2026-01-21T10:48:24.000Z,null,sprayer_1,sprayer_rover,smart_agriculture_heterogeneous_team_062_exec_8,inprogress,57.7,41.07,26.54,0.0,null,null,null,null,null
smart_agriculture_heterogeneous_team_062,return_base,2026-01-21T10:48:58.000Z,null,sprayer_1,sprayer_rover,smart_agriculture_heterogeneous_team_062_exec_8,inprogress,56.6,32.86,21.23,0.0,null,null,null,null,null
smart_agriculture_heterogeneous_team_062,return_base,2026-01-21T10:49:32.000Z,null,sprayer_1,sprayer_rover,smart_agriculture_heterogeneous_team_062_exec_8,inprogress,55.6,24.64,15.92,0.0,null,null,null,null,null
smart_agriculture_heterogeneous_team_062,return_base,2026-01-21T10:50:06.000Z,null,sprayer_1,sprayer_rover,smart_agriculture_heterogeneous_team_062_exec_8,inprogress,54.5,16.43,10.61,0.0,null,null,null,null,null
smart_agriculture_heterogeneous_team_062,return_base,2026-01-21T10:50:40.000Z,null,sprayer_1,sprayer_rover,smart_agriculture_heterogeneous_team_062_exec_8,inprogress,53.5,8.21,5.31,0.0,null,null,null,null,null
smart_agriculture_heterogeneous_team_062,return_base,2026-01-21T10:51:16.000Z,complete,sprayer_1,sprayer_rover,smart_agriculture_heterogeneous_team_062_exec_8,done,52.4,0.0,0.0,0.0,null,null,null,null,null
smart_agriculture_heterogeneous_team_062,return_base,2026-01-21T10:51:17.000Z,start,supply_1,supply_rover,smart_agriculture_heterogeneous_team_062_exec_9,inprogress,91.5,0.0,0.0,0.0,null,null,null,null,null
smart_agriculture_heterogeneous_team_062,return_base,2026-01-21T10:52:18.000Z,null,supply_1,supply_rover,smart_agriculture_heterogeneous_team_062_exec_9,inprogress,90.6,0.0,0.0,0.0,null,null,null,null,null
smart_agriculture_heterogeneous_team_062,return_base,2026-01-21T10:53:19.000Z,null,supply_1,supply_rover,smart_agriculture_heterogeneous_team_062_exec_9,inprogress,89.8,0.0,0.0,0.0,null,null,null,null,null
smart_agriculture_heterogeneous_team_062,return_base,2026-01-21T10:54:21.000Z,complete,supply_1,supply_rover,smart_agriculture_heterogeneous_team_062_exec_9,done,88.9,0.0,0.0,0.0,null,null,null,null,null
