case_id,concept:name,time:timestamp,lifecycle:transition,robot_id,org:resource,execution_id,state,battery,x,y,z,msg_id,msg_payload,msg_role,msg_sender,msg_receiver
warehouse_multi_robot_pick_pack_handover_001,receive_order,2026-01-15T07:00:00.000Z,start,amr_1,amr,warehouse_multi_robot_pick_pack_handover_001_exec_1,inprogress,97.3,0.0,0.0,0.0,null,null,null,null,null
warehouse_multi_robot_pick_pack_handover_001,receive_order,2026-01-15T07:00:17.000Z,complete,amr_1,amr,warehouse_multi_robot_pick_pack_handover_001_exec_1,done,97.0,0.0,0.0,0.0,null,null,null,null,null
warehouse_multi_robot_pick_pack_handover_001,send_task_assignment,2026-01-15T07:00:18.000Z,start,amr_1,amr,warehouse_multi_robot_pick_pack_handover_001_exec_2,inprogress,97.0,0.0,0.0,0.0,msg_f716ec2019,order_id assigned for picking,send,amr_1,arm_1
warehouse_multi_robot_pick_pack_handover_001,send_task_assignment,2026-01-15T07:00:24.000Z,complete,amr_1,amr,warehouse_multi_robot_pick_pack_handover_001_exec_2,done,96.8,0.0,0.0,0.0,msg_f716ec2019,order_id assigned for picking,send,amr_1,arm_1
warehouse_multi_robot_pick_pack_handover_001,receive_task_assignment,2026-01-15T07:00:28.000Z,start,arm_1,robotic_arm,warehouse_multi_robot_pick_pack_handover_001_exec_3,inprogress,96.3,12.0,5.0,0.0,msg_f716ec2019,order_id assigned for picking,receive,amr_1,arm_1
warehouse_multi_robot_pick_pack_handover_001,receive_task_assignment,2026-01-15T07:00:32.000Z,complete,arm_1,robotic_arm,warehouse_multi_robot_pick_pack_handover_001_exec_3,done,96.2,12.0,5.0,0.0,msg_f716ec2019,order_id assigned for picking,receive,amr_1,arm_1
warehouse_multi_robot_pick_pack_handover_001,navigate_to_shelf,2026-01-15T07:00:33.000Z,start,amr_1,amr,warehouse_multi_robot_pick_pack_handover_001_exec_4,inprogress,96.8,0.0,0.0,0.0,null,null,null,null,null
warehouse_multi_robot_pick_pack_handover_001,navigate_to_shelf,2026-01-15T07:01:18.000Z,null,amr_1,amr,warehouse_multi_robot_pick_pack_handover_001_exec_4,inprogress,96.0,7.27,3.63,0.0,null,null,null,null,null
warehouse_multi_robot_pick_pack_handover_001,navigate_to_shelf,2026-01-15T07:02:03.000Z,null,amr_1,amr,warehouse_multi_robot_pick_pack_handover_001_exec_4,inprogress,95.2,14.55,7.27,0.0,null,null,null,null,null
warehouse_multi_robot_pick_pack_handover_001,navigate_to_shelf,2026-01-15T07:02:48.000Z,null,amr_1,amr,warehouse_multi_robot_pick_pack_handover_001_exec_4,inprogress,94.4,21.82,10.9,0.0,null,null,null,null,null
warehouse_multi_robot_pick_pack_handover_001,navigate_to_shelf,2026-01-15T07:03:36.000Z,complete,amr_1,amr,warehouse_multi_robot_pick_pack_handover_001_exec_4,done,93.6,29.09,14.54,0.0,null,null,null,null,null
warehouse_multi_robot_pick_pack_handover_001,scan_bin,2026-01-15T07:03:37.000Z,start,amr_1,amr,warehouse_multi_robot_pick_pack_handover_001_exec_5,inprogress,93.6,29.09,14.54,0.0,null,null,null,null,null
warehouse_multi_robot_pick_pack_handover_001,scan_bin,2026-01-15T07:03:52.000Z,null,amr_1,amr,warehouse_multi_robot_pick_pack_handover_001_exec_5,inprogress,93.4,29.09,14.54,0.0,null,null,null,null,null
warehouse_multi_robot_pick_pack_handover_001,scan_bin,2026-01-15T07:04:07.000Z,complete,amr_1,amr,warehouse_multi_robot_pick_pack_handover_001_exec_5,done,93.2,29.09,14.54,0.0,null,null,null,null,null
warehouse_multi_robot_pick_pack_handover_001,send_shelf_confirmation,2026-01-15T07:04:08.000Z,start,amr_1,amr,warehouse_multi_robot_pick_pack_handover_001_exec_6,inprogress,93.2,29.09,14.54,0.0,msg_d6ff1a48fb,bin verified for pick,send,amr_1,arm_1
warehouse_multi_robot_pick_pack_handover_001,send_shelf_confirmation,2026-01-15T07:04:13.000Z,complete,amr_1,amr,warehouse_multi_robot_pick_pack_handover_001_exec_6,done,93.0,29.09,14.54,0.0,msg_d6ff1a48fb,bin verified for pick,send,amr_1,arm_1
warehouse_multi_robot_pick_pack_handover_001,receive_shelf_confirmation,2026-01-15T07:04:18.000Z,start,arm_1,robotic_arm,warehouse_multi_robot_pick_pack_handover_001_exec_7,inprogress,96.2,12.0,5.0,0.0,msg_d6ff1a48fb,bin verified for pick,receive,amr_1,arm_1
warehouse_multi_robot_pick_pack_handover_001,receive_shelf_confirmation,2026-01-15T07:04:22.000Z,complete,arm_1,robotic_arm,warehouse_multi_robot_pick_pack_handover_001_exec_7,done,96.1,12.0,5.0,0.0,msg_d6ff1a48fb,bin verified for pick,receive,amr_1,arm_1
warehouse_multi_robot_pick_pack_handover_001,pick_item,2026-01-15T07:04:23.000Z,start,arm_1,robotic_arm,warehouse_multi_robot_pick_pack_handover_001_exec_8,inprogress,96.1,12.0,5.0,0.0,null,null,null,null,null
warehouse_multi_robot_pick_pack_handover_001,pick_item,2026-01-15T07:04:37.000Z,null,arm_1,robotic_arm,warehouse_multi_robot_pick_pack_handover_001_exec_8,inprogress,95.8,12.0,5.0,0.0,null,null,null,null,null
warehouse_multi_robot_pick_pack_handover_001,pick_item,2026-01-15T07:04:51.000Z,null,arm_1,robotic_arm,warehouse_multi_robot_pick_pack_handover_001_exec_8,inprogress,95.6,12.0,5.0,0.0,null,null,null,null,null
warehouse_multi_robot_pick_pack_handover_001,pick_item,2026-01-15T07:05:06.000Z,complete,arm_1,robotic_arm,warehouse_multi_robot_pick_pack_handover_001_exec_8,done,95.3,12.0,5.0,0.0,null,null,null,null,null
warehouse_multi_robot_pick_pack_handover_001,send_handover_coordination,2026-01-15T07:05:07.000Z,start,arm_1,robotic_arm,warehouse_multi_robot_pick_pack_handover_001_exec_9,inprogress,95.3,12.0,5.0,0.0,msg_17d4684508,ready for handover at station,send,arm_1,amr_1
warehouse_multi_robot_pick_pack_handover_001,send_handover_coordination,2026-01-15T07:05:15.000Z,complete,arm_1,robotic_arm,warehouse_multi_robot_pick_pack_handover_001_exec_9,done,95.1,12.0,5.0,0.0,msg_17d4684508,ready for handover at station,send,arm_1,amr_1
warehouse_multi_robot_pick_pack_handover_001,receive_handover_coordination,2026-01-15T07:05:19.000Z,start,amr_1,amr,warehouse_multi_robot_pick_pack_handover_001_exec_10,inprogress,93.0,29.09,14.54,0.0,msg_17d4684508,ready for handover at station,receive,arm_1,amr_1
warehouse_multi_robot_pick_pack_handover_001,receive_handover_coordination,2026-01-15T07:05:23.000Z,complete,amr_1,amr,warehouse_multi_robot_pick_pack_handover_001_exec_10,done,92.9,29.09,14.54,0.0,msg_17d4684508,ready for handover at station,receive,arm_1,amr_1
warehouse_multi_robot_pick_pack_handover_001,navigate_to_handover,2026-01-15T07:05:24.000Z,start,amr_1,amr,warehouse_multi_robot_pick_pack_handover_001_exec_11,inprogress,92.9,29.09,14.54,0.0,null,null,null,null,null
warehouse_multi_robot_pick_pack_handover_001,navigate_to_handover,2026-01-15T07:05:53.000Z,null,amr_1,amr,warehouse_multi_robot_pick_pack_handover_001_exec_11,inprogress,92.2,24.82,12.15,0.0,null,null,null,null,null
warehouse_multi_robot_pick_pack_handover_001,navigate_to_handover,2026-01-15T07:06:22.000Z,null,amr_1,amr,warehouse_multi_robot_pick_pack_handover_001_exec_11,inprogress,91.6,20.55,9.77,0.0,null,null,null,null,null
warehouse_multi_robot_pick_pack_handover_001,navigate_to_handover,2026-01-15T07:06:51.000Z,null,amr_1,amr,warehouse_multi_robot_pick_pack_handover_001_exec_11,inprogress,91.0,16.27,7.38,0.0,null,null,null,null,null
warehouse_multi_robot_pick_pack_handover_001,navigate_to_handover,2026-01-15T07:07:22.000Z,complete,amr_1,amr,warehouse_multi_robot_pick_pack_handover_001_exec_11,done,90.3,12.0,5.0,0.0,null,null,null,null,null
warehouse_multi_robot_pick_pack_handover_001,handover_item,2026-01-15T07:07:23.000Z,start,arm_1,robotic_arm,warehouse_multi_robot_pick_pack_handover_001_exec_12,inprogress,95.1,12.0,5.0,0.0,null,null,null,null,null
warehouse_multi_robot_pick_pack_handover_001,handover_item,2026-01-15T07:08:03.000Z,complete,arm_1,robotic_arm,warehouse_multi_robot_pick_pack_handover_001_exec_12,done,94.9,12.0,5.0,0.0,null,null,null,null,null
warehouse_multi_robot_pick_pack_handover_001,handover_item,2026-01-15T07:08:04.000Z,start,amr_1,amr,warehouse_multi_robot_pick_pack_handover_001_exec_13,inprogress,90.3,12.0,5.0,0.0,null,null,null,null,null
warehouse_multi_robot_pick_pack_handover_001,handover_item,2026-01-15T07:08:22.000Z,null,amr_1,amr,warehouse_multi_robot_pick_pack_handover_001_exec_13,inprogress,90.1,12.0,5.0,0.0,null,null,null,null,null
warehouse_multi_robot_pick_pack_handover_001,handover_item,2026-01-15T07:08:40.000Z,complete,amr_1,amr,warehouse_multi_robot_pick_pack_handover_001_exec_13,done,89.8,12.0,5.0,0.0,null,null,null,null,null
warehouse_multi_robot_pick_pack_handover_001,pack_order,2026-01-15T07:08:41.000Z,start,arm_1,robotic_arm,warehouse_multi_robot_pick_pack_handover_001_exec_14,inprogress,94.9,12.0,5.0,0.0,null,null,null,null,null
warehouse_multi_robot_pick_pack_handover_001,pack_order,2026-01-15T07:08:58.000Z,null,arm_1,robotic_arm,warehouse_multi_robot_pick_pack_handover_001_exec_14,inprogress,94.5,12.0,5.0,0.0,null,null,null,null,null
warehouse_multi_robot_pick_pack_handover_001,pack_order,2026-01-15T07:09:15.000Z,null,arm_1,robotic_arm,warehouse_multi_robot_pick_pack_handover_001_exec_14,inprogress,94.2,12.0,5.0,0.0,null,null,null,null,null
warehouse_multi_robot_pick_pack_handover_001,pack_order,2026-01-15T07:09:32.000Z,null,arm_1,robotic_arm,warehouse_multi_robot_pick_pack_handover_001_exec_14,inprogress,93.9,12.0,5.0,0.0,null,null,null,null,null
warehouse_multi_robot_pick_pack_handover_001,pack_order,2026-01-15T07:09:52.000Z,complete,arm_1,robotic_arm,warehouse_multi_robot_pick_pack_handover_001_exec_14,done,93.6,12.0,5.0,0.0,null,null,null,null,null
warehouse_multi_robot_pick_pack_handover_001,dispatch,2026-01-15T07:09:53.000Z,start,amr_1,amr,warehouse_multi_robot_pick_pack_handover_001_exec_15,inprogress,89.8,12.0,5.0,0.0,null,null,null,null,null
warehouse_multi_robot_pick_pack_handover_001,dispatch,2026-01-15T07:10:21.000Z,null,amr_1,amr,warehouse_multi_robot_pick_pack_handover_001_exec_15,inprogress,89.3,10.0,4.25,0.0,null,null,null,null,null
warehouse_multi_robot_pick_pack_handover_001,dispatch,2026-01-15T07:10:49.000Z,null,amr_1,amr,warehouse_multi_robot_pick_pack_handover_001_exec_15,inprogress,88.7,8.0,3.5,0.0,null,null,null,null,null
warehouse_multi_robot_pick_pack_handover_001,dispatch,2026-01-15T07:11:17.000Z,null,amr_1,amr,warehouse_multi_robot_pick_pack_handover_001_exec_15,inprogress,88.2,6.0,2.75,0.0,null,null,null,null,null
warehouse_multi_robot_pick_pack_handover_001,dispatch,2026-01-15T07:11:45.000Z,complete,amr_1,amr,warehouse_multi_robot_pick_pack_handover_001_exec_15,done,87.6,4.0,2.0,0.0,null,null,null,null,null
warehouse_multi_robot_pick_pack_handover_002,receive_order,2026-01-15T07:18:00.000Z,start,amr_1,amr,warehouse_multi_robot_pick_pack_handover_002_exec_1,inprogress,89.1,0.0,0.0,0.0,null,null,null,null,null
warehouse_multi_robot_pick_pack_handover_002,receive_order,2026-01-15T07:18:23.000Z,complete,amr_1,amr,warehouse_multi_robot_pick_pack_handover_002_exec_1,done,88.8,0.0,0.0,0.0,null,null,null,null,null
warehouse_multi_robot_pick_pack_handover_002,send_task_assignment,2026-01-15T07:18:24.000Z,start,amr_1,amr,warehouse_multi_robot_pick_pack_handover_002_exec_2,inprogress,88.8,0.0,0.0,0.0,msg_a6e719e1ab,order_id assigned for picking,send,amr_1,arm_1
warehouse_multi_robot_pick_pack_handover_002,send_task_assignment,2026-01-15T07:18:32.000Z,complete,amr_1,amr,warehouse_multi_robot_pick_pack_handover_002_exec_2,done,88.6,0.0,0.0,0.0,msg_a6e719e1ab,order_id assigned for picking,send,amr_1,arm_1
warehouse_multi_robot_pick_pack_handover_002,receive_task_assignment,2026-01-15T07:18:36.000Z,start,arm_1,robotic_arm,warehouse_multi_robot_pick_pack_handover_002_exec_3,inprogress,96.5,12.0,5.0,0.0,msg_a6e719e1ab,order_id assigned for picking,receive,amr_1,arm_1
warehouse_multi_robot_pick_pack_handover_002,receive_task_assignment,2026-01-15T07:18:40.000Z,complete,arm_1,robotic_arm,warehouse_multi_robot_pick_pack_handover_002_exec_3,done,96.4,12.0,5.0,0.0,msg_a6e719e1ab,order_id assigned for picking,receive,amr_1,arm_1
warehouse_multi_robot_pick_pack_handover_002,navigate_to_shelf,2026-01-15T07:18:41.000Z,start,amr_1,amr,warehouse_multi_robot_pick_pack_handover_002_exec_4,inprogress,88.6,0.0,0.0,0.0,null,null,null,null,null
warehouse_multi_robot_pick_pack_handover_002,navigate_to_shelf,2026-01-15T07:19:05.000Z,null,amr_1,amr,warehouse_multi_robot_pick_pack_handover_002_exec_4,inprogress,88.2,4.86,4.48,0.0,null,null,null,null,null
warehouse_multi_robot_pick_pack_handover_002,navigate_to_shelf,2026-01-15T07:19:29.000Z,null,amr_1,amr,warehouse_multi_robot_pick_pack_handover_002_exec_4,inprogress,87.7,9.72,8.96,0.0,null,null,null,null,null
warehouse_multi_robot_pick_pack_handover_002,navigate_to_shelf,2026-01-15T07:19:53.000Z,null,amr_1,amr,warehouse_multi_robot_pick_pack_handover_002_exec_4,inprogress,87.2,14.57,13.44,0.0,null,null,null,null,null
warehouse_multi_robot_pick_pack_handover_002,navigate_to_shelf,2026-01-15T07:20:17.000Z,null,amr_1,amr,warehouse_multi_robot_pick_pack_handover_002_exec_4,inprogress,86.8,19.43,17.92,0.0,null,null,null,null,null
warehouse_multi_robot_pick_pack_handover_002,navigate_to_shelf,2026-01-15T07:20:44.000Z,complete,amr_1,amr,warehouse_multi_robot_pick_pack_handover_002_exec_4,done,86.3,24.29,22.4,0.0,null,null,null,null,null
warehouse_multi_robot_pick_pack_handover_002,scan_bin,2026-01-15T07:20:45.000Z,start,amr_1,amr,warehouse_multi_robot_pick_pack_handover_002_exec_5,inprogress,86.3,24.29,22.4,0.0,null,null,null,null,null
warehouse_multi_robot_pick_pack_handover_002,scan_bin,2026-01-15T07:21:17.000Z,complete,amr_1,amr,warehouse_multi_robot_pick_pack_handover_002_exec_5,done,86.1,24.29,22.4,0.0,null,null,null,null,null
warehouse_multi_robot_pick_pack_handover_002,send_shelf_confirmation,2026-01-15T07:21:18.000Z,start,amr_1,amr,warehouse_multi_robot_pick_pack_handover_002_exec_6,inprogress,86.1,24.29,22.4,0.0,msg_8e19933989,bin verified for pick,send,amr_1,arm_1
warehouse_multi_robot_pick_pack_handover_002,send_shelf_confirmation,2026-01-15T07:21:22.000Z,complete,amr_1,amr,warehouse_multi_robot_pick_pack_handover_002_exec_6,done,85.9,24.29,22.4,0.0,msg_8e19933989,bin verified for pick,send,amr_1,arm_1
warehouse_multi_robot_pick_pack_handover_002,receive_shelf_confirmation,2026-01-15T07:21:27.000Z,start,arm_1,robotic_arm,warehouse_multi_robot_pick_pack_handover_002_exec_7,inprogress,96.4,12.0,5.0,0.0,msg_8e19933989,bin verified for pick,receive,amr_1,arm_1
warehouse_multi_robot_pick_pack_handover_002,receive_shelf_confirmation,2026-01-15T07:21:31.000Z,complete,arm_1,robotic_arm,warehouse_multi_robot_pick_pack_handover_002_exec_7,done,96.3,12.0,5.0,0.0,msg_8e19933989,bin verified for pick,receive,amr_1,arm_1
warehouse_multi_robot_pick_pack_handover_002,pick_item,2026-01-15T07:21:32.000Z,start,arm_1,robotic_arm,warehouse_multi_robot_pick_pack_handover_002_exec_8,inprogress,96.3,12.0,5.0,0.0,null,null,null,null,null
warehouse_multi_robot_pick_pack_handover_002,pick_item,2026-01-15T07:21:47.000Z,null,arm_1,robotic_arm,warehouse_multi_robot_pick_pack_handover_002_exec_8,inprogress,96.0,12.0,5.0,0.0,null,null,null,null,null
warehouse_multi_robot_pick_pack_handover_002,pick_item,2026-01-15T07:22:02.000Z,null,arm_1,robotic_arm,warehouse_multi_robot_pick_pack_handover_002_exec_8,inprogress,95.8,12.0,5.0,0.0,null,null,null,null,null
warehouse_multi_robot_pick_pack_handover_002,pick_item,2026-01-15T07:22:19.000Z,complete,arm_1,robotic_arm,warehouse_multi_robot_pick_pack_handover_002_exec_8,done,95.5,12.0,5.0,0.0,null,null,null,null,null
warehouse_multi_robot_pick_pack_handover_002,send_handover_coordination,2026-01-15T07:22:20.000Z,start,arm_1,robotic_arm,warehouse_multi_robot_pick_pack_handover_002_exec_9,inprogress,95.5,12.0,5.0,0.0,msg_738ce054db,ready for handover at station,send,arm_1,amr_1
warehouse_multi_robot_pick_pack_handover_002,send_handover_coordination,2026-01-15T07:22:25.000Z,complete,arm_1,robotic_arm,warehouse_multi_robot_pick_pack_handover_002_exec_9,done,95.3,12.0,5.0,0.0,msg_738ce054db,ready for handover at station,send,arm_1,amr_1
warehouse_multi_robot_pick_pack_handover_002,receive_handover_coordination,2026-01-15T07:22:29.000Z,start,amr_1,amr,warehouse_multi_robot_pick_pack_handover_002_exec_10,inprogress,85.9,24.29,22.4,0.0,msg_738ce054db,ready for handover at station,receive,arm_1,amr_1
warehouse_multi_robot_pick_pack_handover_002,receive_handover_coordination,2026-01-15T07:22:33.000Z,complete,amr_1,amr,warehouse_multi_robot_pick_pack_handover_002_exec_10,done,85.8,24.29,22.4,0.0,msg_738ce054db,ready for handover at station,receive,arm_1,amr_1
warehouse_multi_robot_pick_pack_handover_002,navigate_to_handover,2026-01-15T07:22:34.000Z,start,amr_1,amr,warehouse_multi_robot_pick_pack_handover_002_exec_11,inprogress,85.8,24.29,22.4,0.0,null,null,null,null,null
warehouse_multi_robot_pick_pack_handover_002,navigate_to_handover,2026-01-15T07:23:03.000Z,null,amr_1,amr,warehouse_multi_robot_pick_pack_handover_002_exec_11,inprogress,85.3,21.22,18.05,0.0,null,null,null,null,null
warehouse_multi_robot_pick_pack_handover_002,navigate_to_handover,2026-01-15T07:23:32.000Z,null,amr_1,amr,warehouse_multi_robot_pick_pack_handover_002_exec_11,inprogress,84.8,18.15,13.7,0.0,null,null,null,null,null
warehouse_multi_robot_pick_pack_handover_002,navigate_to_handover,2026-01-15T07:24:01.000Z,null,amr_1,amr,warehouse_multi_robot_pick_pack_handover_002_exec_11,inprogress,84.3,15.07,9.35,0.0,null,null,null,null,null
warehouse_multi_robot_pick_pack_handover_002,navigate_to_handover,2026-01-15T07:24:30.000Z,complete,amr_1,amr,warehouse_multi_robot_pick_pack_handover_002_exec_11,done,83.9,12.0,5.0,0.0,null,null,null,null,null
warehouse_multi_robot_pick_pack_handover_002,handover_item,2026-01-15T07:24:31.000Z,start,arm_1,robotic_arm,warehouse_multi_robot_pick_pack_handover_002_exec_12,inprogress,95.3,12.0,5.0,0.0,null,null,null,null,null
warehouse_multi_robot_pick_pack_handover_002,handover_item,2026-01-15T07:24:42.000Z,null,arm_1,robotic_arm,warehouse_multi_robot_pick_pack_handover_002_exec_12,inprogress,95.1,12.0,5.0,0.0,null,null,null,null,null
warehouse_multi_robot_pick_pack_handover_002,handover_item,2026-01-15T07:24:54.000Z,complete,arm_1,robotic_arm,warehouse_multi_robot_pick_pack_handover_002_exec_12,done,95.0,12.0,5.0,0.0,null,null,null,null,null
warehouse_multi_robot_pick_pack_handover_002,handover_item,2026-01-15T07:24:55.000Z,start,amr_1,amr,warehouse_multi_robot_pick_pack_handover_002_exec_13,inprogress,83.9,12.0,5.0,0.0,null,null,null,null,null
warehouse_multi_robot_pick_pack_handover_002,handover_item,2026-01-15T07:25:47.000Z,complete,amr_1,amr,warehouse_multi_robot_pick_pack_handover_002_exec_13,done,83.6,12.0,5.0,0.0,null,null,null,null,null
warehouse_multi_robot_pick_pack_handover_002,pack_order,2026-01-15T07:25:48.000Z,start,arm_1,robotic_arm,warehouse_multi_robot_pick_pack_handover_002_exec_14,inprogress,95.0,12.0,5.0,0.0,null,null,null,null,null
warehouse_multi_robot_pick_pack_handover_002,pack_order,2026-01-15T07:26:44.000Z,null,arm_1,robotic_arm,warehouse_multi_robot_pick_pack_handover_002_exec_14,inprogress,94.4,12.0,5.0,0.0,null,null,null,null,null
warehouse_multi_robot_pick_pack_handover_002,pack_order,2026-01-15T07:27:40.000Z,complete,arm_1,robotic_arm,warehouse_multi_robot_pick_pack_handover_002_exec_14,done,93.8,12.0,5.0,0.0,null,null,null,null,null
warehouse_multi_robot_pick_pack_handover_002,dispatch,2026-01-15T07:27:41.000Z,start,amr_1,amr,warehouse_multi_robot_pick_pack_handover_002_exec_15,inprogress,83.6,12.0,5.0,0.0,null,null,null,null,null
warehouse_multi_robot_pick_pack_handover_002,dispatch,2026-01-15T07:28:25.000Z,null,amr_1,amr,warehouse_multi_robot_pick_pack_handover_002_exec_15,inprogress,83.0,10.0,4.25,0.0,null,null,null,null,null
warehouse_multi_robot_pick_pack_handover_002,dispatch,2026-01-15T07:29:09.000Z,null,amr_1,amr,warehouse_multi_robot_pick_pack_handover_002_exec_15,inprogress,82.4,8.0,3.5,0.0,null,null,null,null,null
warehouse_multi_robot_pick_pack_handover_002,dispatch,2026-01-15T07:29:53.000Z,null,amr_1,amr,warehouse_multi_robot_pick_pack_handover_002_exec_15,inprogress,81.9,6.0,2.75,0.0,null,null,null,null,null
warehouse_multi_robot_pick_pack_handover_002,dispatch,2026-01-15T07:30:37.000Z,complete,amr_1,amr,warehouse_multi_robot_pick_pack_handover_002_exec_15,done,81.3,4.0,2.0,0.0,null,null,null,null,null
warehouse_multi_robot_pick_pack_handover_003,receive_order,2026-01-15T07:36:00.000Z,start,amr_1,amr,warehouse_multi_robot_pick_pack_handover_003_exec_1,inprogress,76.7,0.0,0.0,0.0,null,null,null,null,null
warehouse_multi_robot_pick_pack_handover_003,receive_order,2026-01-15T07:36:24.000Z,complete,amr_1,amr,warehouse_multi_robot_pick_pack_handover_003_exec_1,done,76.6,0.0,0.0,0.0,null,null,null,null,null
warehouse_multi_robot_pick_pack_handover_003,send_task_assignment,2026-01-15T07:36:25.000Z,start,amr_1,amr,warehouse_multi_robot_pick_pack_handover_003_exec_2,inprogress,76.6,0.0,0.0,0.0,msg_c44a8c9f3b,order_id assigned for picking,send,amr_1,arm_1
warehouse_multi_robot_pick_pack_handover_003,send_task_assignment,2026-01-15T07:36:29.000Z,complete,amr_1,amr,warehouse_multi_robot_pick_pack_handover_003_exec_2,done,76.4,0.0,0.0,0.0,msg_c44a8c9f3b,order_id assigned for picking,send,amr_1,arm_1
warehouse_multi_robot_pick_pack_handover_003,receive_task_assignment,2026-01-15T07:36:33.000Z,start,arm_1,robotic_arm,warehouse_multi_robot_pick_pack_handover_003_exec_3,inprogress,95.8,12.0,5.0,0.0,msg_c44a8c9f3b,order_id assigned for picking,receive,amr_1,arm_1
warehouse_multi_robot_pick_pack_handover_003,receive_task_assignment,2026-01-15T07:36:37.000Z,complete,arm_1,robotic_arm,warehouse_multi_robot_pick_pack_handover_003_exec_3,done,95.7,12.0,5.0,0.0,msg_c44a8c9f3b,order_id assigned for picking,receive,amr_1,arm_1
warehouse_multi_robot_pick_pack_handover_003,navigate_to_shelf,2026-01-15T07:36:38.000Z,start,amr_1,amr,warehouse_multi_robot_pick_pack_handover_003_exec_4,inprogress,76.4,0.0,0.0,0.0,null,null,null,null,null
warehouse_multi_robot_pick_pack_handover_003,navigate_to_shelf,2026-01-15T07:37:18.000Z,null,amr_1,amr,warehouse_multi_robot_pick_pack_handover_003_exec_4,inprogress,75.9,7.68,2.92,0.0,null,null,null,null,null
warehouse_multi_robot_pick_pack_handover_003,navigate_to_shelf,2026-01-15T07:37:58.000Z,null,amr_1,amr,warehouse_multi_robot_pick_pack_handover_003_exec_4,inprogress,75.5,15.35,5.84,0.0,null,null,null,null,null
warehouse_multi_robot_pick_pack_handover_003,navigate_to_shelf,2026-01-15T07:38:38.000Z,null,amr_1,amr,warehouse_multi_robot_pick_pack_handover_003_exec_4,inprogress,75.1,23.03,8.75,0.0,null,null,null,null,null
warehouse_multi_robot_pick_pack_handover_003,navigate_to_shelf,2026-01-15T07:39:18.000Z,null,amr_1,amr,warehouse_multi_robot_pick_pack_handover_003_exec_4,inprogress,74.6,30.71,11.67,0.0,null,null,null,null,null
warehouse_multi_robot_pick_pack_handover_003,navigate_to_shelf,2026-01-15T07:39:58.000Z,complete,amr_1,amr,warehouse_multi_robot_pick_pack_handover_003_exec_4,done,74.2,38.38,14.59,0.0,null,null,null,null,null
warehouse_multi_robot_pick_pack_handover_003,scan_bin,2026-01-15T07:39:59.000Z,start,amr_1,amr,warehouse_multi_robot_pick_pack_handover_003_exec_5,inprogress,74.2,38.38,14.59,0.0,null,null,null,null,null
warehouse_multi_robot_pick_pack_handover_003,scan_bin,2026-01-15T07:40:20.000Z,null,amr_1,amr,warehouse_multi_robot_pick_pack_handover_003_exec_5,inprogress,74.0,38.38,14.59,0.0,null,null,null,null,null
warehouse_multi_robot_pick_pack_handover_003,scan_bin,2026-01-15T07:40:42.000Z,complete,amr_1,amr,warehouse_multi_robot_pick_pack_handover_003_exec_5,done,73.9,38.38,14.59,0.0,null,null,null,null,null
warehouse_multi_robot_pick_pack_handover_003,send_shelf_confirmation,2026-01-15T07:40:43.000Z,start,amr_1,amr,warehouse_multi_robot_pick_pack_handover_003_exec_6,inprogress,73.9,38.38,14.59,0.0,msg_8ccc1e0e23,bin verified for pick,send,amr_1,arm_1
warehouse_multi_robot_pick_pack_handover_003,send_shelf_confirmation,2026-01-15T07:40:50.000Z,complete,amr_1,amr,warehouse_multi_robot_pick_pack_handover_003_exec_6,done,73.7,38.38,14.59,0.0,msg_8ccc1e0e23,bin verified for pick,send,amr_1,arm_1
warehouse_multi_robot_pick_pack_handover_003,receive_shelf_confirmation,2026-01-15T07:40:55.000Z,start,arm_1,robotic_arm,warehouse_multi_robot_pick_pack_handover_003_exec_7,inprogress,95.7,12.0,5.0,0.0,msg_8ccc1e0e23,bin verified for pick,receive,amr_1,arm_1
warehouse_multi_robot_pick_pack_handover_003,receive_shelf_confirmation,2026-01-15T07:40:59.000Z,complete,arm_1,robotic_arm,warehouse_multi_robot_pick_pack_handover_003_exec_7,done,95.6,12.0,5.0,0.0,msg_8ccc1e0e23,bin verified for pick,receive,amr_1,arm_1
warehouse_multi_robot_pick_pack_handover_003,pick_item,2026-01-15T07:41:00.000Z,start,arm_1,robotic_arm,warehouse_multi_robot_pick_pack_handover_003_exec_8,inprogress,95.6,12.0,5.0,0.0,null,null,null,null,null
warehouse_multi_robot_pick_pack_handover_003,pick_item,2026-01-15T07:41:44.000Z,null,arm_1,robotic_arm,warehouse_multi_robot_pick_pack_handover_003_exec_8,inprogress,95.1,12.0,5.0,0.0,null,null,null,null,null
warehouse_multi_robot_pick_pack_handover_003,pick_item,2026-01-15T07:42:28.000Z,complete,arm_1,robotic_arm,warehouse_multi_robot_pick_pack_handover_003_exec_8,done,94.6,12.0,5.0,0.0,null,null,null,null,null
warehouse_multi_robot_pick_pack_handover_003,send_handover_coordination,2026-01-15T07:42:29.000Z,start,arm_1,robotic_arm,warehouse_multi_robot_pick_pack_handover_003_exec_9,inprogress,94.6,12.0,5.0,0.0,msg_ab0f6613ac,ready for handover at station,send,arm_1,amr_1
warehouse_multi_robot_pick_pack_handover_003,send_handover_coordination,2026-01-15T07:42:35.000Z,complete,arm_1,robotic_arm,warehouse_multi_robot_pick_pack_handover_003_exec_9,done,94.4,12.0,5.0,0.0,msg_ab0f6613ac,ready for handover at station,send,arm_1,amr_1
warehouse_multi_robot_pick_pack_handover_003,receive_handover_coordination,2026-01-15T07:42:39.000Z,start,amr_1,amr,warehouse_multi_robot_pick_pack_handover_003_exec_10,inprogress,73.7,38.38,14.59,0.0,msg_ab0f6613ac,ready for handover at station,receive,arm_1,amr_1
warehouse_multi_robot_pick_pack_handover_003,receive_handover_coordination,2026-01-15T07:42:43.000Z,complete,amr_1,amr,warehouse_multi_robot_pick_pack_handover_003_exec_10,done,73.6,38.38,14.59,0.0,msg_ab0f6613ac,ready for handover at station,receive,arm_1,amr_1
warehouse_multi_robot_pick_pack_handover_003,navigate_to_handover,2026-01-15T07:42:44.000Z,start,amr_1,amr,warehouse_multi_robot_pick_pack_handover_003_exec_11,inprogress,73.6,38.38,14.59,0.0,null,null,null,null,null
warehouse_multi_robot_pick_pack_handover_003,navigate_to_handover,2026-01-15T07:43:28.000Z,null,amr_1,amr,warehouse_multi_robot_pick_pack_handover_003_exec_11,inprogress,73.0,31.79,12.19,0.0,null,null,null,null,null
warehouse_multi_robot_pick_pack_handover_003,navigate_to_handover,2026-01-15T07:44:12.000Z,null,amr_1,amr,warehouse_multi_robot_pick_pack_handover_003_exec_11,inprogress,72.3,25.19,9.79,0.0,null,null,null,null,null
warehouse_multi_robot_pick_pack_handover_003,navigate_to_handover,2026-01-15T07:44:56.000Z,null,amr_1,amr,warehouse_multi_robot_pick_pack_handover_003_exec_11,inprogress,71.7,18.6,7.4,0.0,null,null,null,null,null
warehouse_multi_robot_pick_pack_handover_003,navigate_to_handover,2026-01-15T07:45:40.000Z,complete,amr_1,amr,warehouse_multi_robot_pick_pack_handover_003_exec_11,done,71.0,12.0,5.0,0.0,null,null,null,null,null
warehouse_multi_robot_pick_pack_handover_003,handover_item,2026-01-15T07:45:41.000Z,start,arm_1,robotic_arm,warehouse_multi_robot_pick_pack_handover_003_exec_12,inprogress,94.4,12.0,5.0,0.0,null,null,null,null,null
warehouse_multi_robot_pick_pack_handover_003,handover_item,2026-01-15T07:46:39.000Z,complete,arm_1,robotic_arm,warehouse_multi_robot_pick_pack_handover_003_exec_12,done,93.9,12.0,5.0,0.0,null,null,null,null,null
warehouse_multi_robot_pick_pack_handover_003,handover_item,2026-01-15T07:46:40.000Z,start,amr_1,amr,warehouse_multi_robot_pick_pack_handover_003_exec_13,inprogress,71.0,12.0,5.0,0.0,null,null,null,null,null
warehouse_multi_robot_pick_pack_handover_003,handover_item,2026-01-15T07:46:55.000Z,null,amr_1,amr,warehouse_multi_robot_pick_pack_handover_003_exec_13,inprogress,70.9,12.0,5.0,0.0,null,null,null,null,null
warehouse_multi_robot_pick_pack_handover_003,handover_item,2026-01-15T07:47:10.000Z,complete,amr_1,amr,warehouse_multi_robot_pick_pack_handover_003_exec_13,done,70.7,12.0,5.0,0.0,null,null,null,null,null
warehouse_multi_robot_pick_pack_handover_003,pack_order,2026-01-15T07:47:11.000Z,start,arm_1,robotic_arm,warehouse_multi_robot_pick_pack_handover_003_exec_14,inprogress,93.9,12.0,5.0,0.0,null,null,null,null,null
warehouse_multi_robot_pick_pack_handover_003,pack_order,2026-01-15T07:47:43.000Z,null,arm_1,robotic_arm,warehouse_multi_robot_pick_pack_handover_003_exec_14,inprogress,93.1,12.0,5.0,0.0,null,null,null,null,null
warehouse_multi_robot_pick_pack_handover_003,pack_order,2026-01-15T07:48:15.000Z,complete,arm_1,robotic_arm,warehouse_multi_robot_pick_pack_handover_003_exec_14,done,92.3,12.0,5.0,0.0,null,null,null,null,null
warehouse_multi_robot_pick_pack_handover_003,dispatch,2026-01-15T07:48:16.000Z,start,amr_1,amr,warehouse_multi_robot_pick_pack_handover_003_exec_15,inprogress,70.7,12.0,5.0,0.0,null,null,null,null,null
warehouse_multi_robot_pick_pack_handover_003,dispatch,2026-01-15T07:49:33.000Z,null,amr_1,amr,warehouse_multi_robot_pick_pack_handover_003_exec_15,inprogress,69.7,8.0,3.5,0.0,null,null,null,null,null
warehouse_multi_robot_pick_pack_handover_003,dispatch,2026-01-15T07:50:51.000Z,complete,amr_1,amr,warehouse_multi_robot_pick_pack_handover_003_exec_15,done,68.8,4.0,2.0,0.0,null,null,null,null,null
warehouse_multi_robot_pick_pack_handover_004,receive_order,2026-01-15T07:54:00.000Z,start,amr_1,amr,warehouse_multi_robot_pick_pack_handover_004_exec_1,inprogress,82.9,0.0,0.0,0.0,null,null,null,null,null
warehouse_multi_robot_pick_pack_handover_004,receive_order,2026-01-15T07:54:16.000Z,complete,amr_1,amr,warehouse_multi_robot_pick_pack_handover_004_exec_1,done,82.7,0.0,0.0,0.0,null,null,null,null,null
warehouse_multi_robot_pick_pack_handover_004,send_task_assignment,2026-01-15T07:54:17.000Z,start,amr_1,amr,warehouse_multi_robot_pick_pack_handover_004_exec_2,inprogress,82.7,0.0,0.0,0.0,msg_012c9897f8,order_id assigned for picking,send,amr_1,arm_1
warehouse_multi_robot_pick_pack_handover_004,send_task_assignment,2026-01-15T07:54:22.000Z,complete,amr_1,amr,warehouse_multi_robot_pick_pack_handover_004_exec_2,done,82.5,0.0,0.0,0.0,msg_012c9897f8,order_id assigned for picking,send,amr_1,arm_1
warehouse_multi_robot_pick_pack_handover_004,receive_task_assignment,2026-01-15T07:54:26.000Z,start,arm_1,robotic_arm,warehouse_multi_robot_pick_pack_handover_004_exec_3,inprogress,94.7,12.0,5.0,0.0,msg_012c9897f8,order_id assigned for picking,receive,amr_1,arm_1
warehouse_multi_robot_pick_pack_handover_004,receive_task_assignment,2026-01-15T07:54:30.000Z,complete,arm_1,robotic_arm,warehouse_multi_robot_pick_pack_handover_004_exec_3,done,94.6,12.0,5.0,0.0,msg_012c9897f8,order_id assigned for picking,receive,amr_1,arm_1
warehouse_multi_robot_pick_pack_handover_004,navigate_to_shelf,2026-01-15T07:54:31.000Z,start,amr_1,amr,warehouse_multi_robot_pick_pack_handover_004_exec_4,inprogress,82.5,0.0,0.0,0.0,null,null,null,null,null
warehouse_multi_robot_pick_pack_handover_004,navigate_to_shelf,2026-01-15T07:54:57.000Z,null,amr_1,amr,warehouse_multi_robot_pick_pack_handover_004_exec_4,inprogress,81.7,3.78,4.76,0.0,null,null,null,null,null
warehouse_multi_robot_pick_pack_handover_004,navigate_to_shelf,2026-01-15T07:55:23.000Z,null,amr_1,amr,warehouse_multi_robot_pick_pack_handover_004_exec_4,inprogress,81.0,7.55,9.51,0.0,null,null,null,null,null
warehouse_multi_robot_pick_pack_handover_004,navigate_to_shelf,2026-01-15T07:55:49.000Z,null,amr_1,amr,warehouse_multi_robot_pick_pack_handover_004_exec_4,inprogress,80.2,11.33,14.27,0.0,null,null,null,null,null
warehouse_multi_robot_pick_pack_handover_004,navigate_to_shelf,2026-01-15T07:56:15.000Z,null,amr_1,amr,warehouse_multi_robot_pick_pack_handover_004_exec_4,inprogress,79.4,15.1,19.03,0.0,null,null,null,null,null
warehouse_multi_robot_pick_pack_handover_004,navigate_to_shelf,2026-01-15T07:56:44.000Z,complete,amr_1,amr,warehouse_multi_robot_pick_pack_handover_004_exec_4,done,78.7,18.88,23.79,0.0,null,null,null,null,null
warehouse_multi_robot_pick_pack_handover_004,scan_bin,2026-01-15T07:56:45.000Z,start,amr_1,amr,warehouse_multi_robot_pick_pack_handover_004_exec_5,inprogress,78.7,18.88,23.79,0.0,null,null,null,null,null
warehouse_multi_robot_pick_pack_handover_004,scan_bin,2026-01-15T07:57:05.000Z,null,amr_1,amr,warehouse_multi_robot_pick_pack_handover_004_exec_5,inprogress,78.4,18.88,23.79,0.0,null,null,null,null,null
warehouse_multi_robot_pick_pack_handover_004,scan_bin,2026-01-15T07:57:26.000Z,complete,amr_1,amr,warehouse_multi_robot_pick_pack_handover_004_exec_5,done,78.2,18.88,23.79,0.0,null,null,null,null,null
warehouse_multi_robot_pick_pack_handover_004,send_shelf_confirmation,2026-01-15T07:57:27.000Z,start,amr_1,amr,warehouse_multi_robot_pick_pack_handover_004_exec_6,inprogress,78.2,18.88,23.79,0.0,msg_0759d1cc60,bin verified for pick,send,amr_1,arm_1
warehouse_multi_robot_pick_pack_handover_004,send_shelf_confirmation,2026-01-15T07:57:35.000Z,complete,amr_1,amr,warehouse_multi_robot_pick_pack_handover_004_exec_6,done,78.0,18.88,23.79,0.0,msg_0759d1cc60,bin verified for pick,send,amr_1,arm_1
warehouse_multi_robot_pick_pack_handover_004,receive_shelf_confirmation,2026-01-15T07:58:55.000Z,start,arm_1,robotic_arm,warehouse_multi_robot_pick_pack_handover_004_exec_7,inprogress,94.6,12.0,5.0,0.0,msg_0759d1cc60,bin verified for pick,receive,amr_1,arm_1
warehouse_multi_robot_pick_pack_handover_004,receive_shelf_confirmation,2026-01-15T07:58:59.000Z,complete,arm_1,robotic_arm,warehouse_multi_robot_pick_pack_handover_004_exec_7,done,94.5,12.0,5.0,0.0,msg_0759d1cc60,bin verified for pick,receive,amr_1,arm_1
warehouse_multi_robot_pick_pack_handover_004,queue_wait,2026-01-15T07:59:00.000Z,start,arm_1,robotic_arm,warehouse_multi_robot_pick_pack_handover_004_exec_8,inprogress,94.5,12.0,5.0,0.0,null,null,null,null,null
warehouse_multi_robot_pick_pack_handover_004,queue_wait,2026-01-15T07:59:47.000Z,null,arm_1,robotic_arm,warehouse_multi_robot_pick_pack_handover_004_exec_8,inprogress,94.3,12.0,5.0,0.0,null,null,null,null,null
warehouse_multi_robot_pick_pack_handover_004,queue_wait,2026-01-15T08:00:35.000Z,complete,arm_1,robotic_arm,warehouse_multi_robot_pick_pack_handover_004_exec_8,done,94.1,12.0,5.0,0.0,null,null,null,null,null
warehouse_multi_robot_pick_pack_handover_004,pick_item,2026-01-15T08:00:36.000Z,start,arm_1,robotic_arm,warehouse_multi_robot_pick_pack_handover_004_exec_9,inprogress,94.1,12.0,5.0,0.0,null,null,null,null,null
warehouse_multi_robot_pick_pack_handover_004,pick_item,2026-01-15T08:01:03.000Z,null,arm_1,robotic_arm,warehouse_multi_robot_pick_pack_handover_004_exec_9,inprogress,93.7,12.0,5.0,0.0,null,null,null,null,null
warehouse_multi_robot_pick_pack_handover_004,pick_item,2026-01-15T08:01:31.000Z,complete,arm_1,robotic_arm,warehouse_multi_robot_pick_pack_handover_004_exec_9,done,93.2,12.0,5.0,0.0,null,null,null,null,null
warehouse_multi_robot_pick_pack_handover_004,send_handover_coordination,2026-01-15T08:01:32.000Z,start,arm_1,robotic_arm,warehouse_multi_robot_pick_pack_handover_004_exec_10,inprogress,93.2,12.0,5.0,0.0,msg_c1f0da1861,ready for handover at station,send,arm_1,amr_1
warehouse_multi_robot_pick_pack_handover_004,send_handover_coordination,2026-01-15T08:01:40.000Z,complete,arm_1,robotic_arm,warehouse_multi_robot_pick_pack_handover_004_exec_10,done,93.0,12.0,5.0,0.0,msg_c1f0da1861,ready for handover at station,send,arm_1,amr_1
warehouse_multi_robot_pick_pack_handover_004,receive_handover_coordination,2026-01-15T08:01:44.000Z,start,amr_1,amr,warehouse_multi_robot_pick_pack_handover_004_exec_11,inprogress,78.0,18.88,23.79,0.0,msg_c1f0da1861,ready for handover at station,receive,arm_1,amr_1
warehouse_multi_robot_pick_pack_handover_004,receive_handover_coordination,2026-01-15T08:01:48.000Z,complete,amr_1,amr,warehouse_multi_robot_pick_pack_handover_004_exec_11,done,77.9,18.88,23.79,0.0,msg_c1f0da1861,ready for handover at station,receive,arm_1,amr_1
warehouse_multi_robot_pick_pack_handover_004,navigate_to_handover,2026-01-15T08:01:49.000Z,start,amr_1,amr,warehouse_multi_robot_pick_pack_handover_004_exec_12,inprogress,77.9,18.88,23.79,0.0,null,null,null,null,null
warehouse_multi_robot_pick_pack_handover_004,navigate_to_handover,2026-01-15T08:02:11.000Z,null,amr_1,amr,warehouse_multi_robot_pick_pack_handover_004_exec_12,inprogress,77.5,17.16,19.09,0.0,null,null,null,null,null
warehouse_multi_robot_pick_pack_handover_004,navigate_to_handover,2026-01-15T08:02:33.000Z,null,amr_1,amr,warehouse_multi_robot_pick_pack_handover_004_exec_12,inprogress,77.0,15.44,14.39,0.0,null,null,null,null,null
warehouse_multi_robot_pick_pack_handover_004,navigate_to_handover,2026-01-15T08:02:55.000Z,null,amr_1,amr,warehouse_multi_robot_pick_pack_handover_004_exec_12,inprogress,76.6,13.72,9.7,0.0,null,null,null,null,null
warehouse_multi_robot_pick_pack_handover_004,navigate_to_handover,2026-01-15T08:03:17.000Z,complete,amr_1,amr,warehouse_multi_robot_pick_pack_handover_004_exec_12,done,76.2,12.0,5.0,0.0,null,null,null,null,null
warehouse_multi_robot_pick_pack_handover_004,handover_item,2026-01-15T08:03:18.000Z,start,arm_1,robotic_arm,warehouse_multi_robot_pick_pack_handover_004_exec_13,inprogress,93.0,12.0,5.0,0.0,null,null,null,null,null
warehouse_multi_robot_pick_pack_handover_004,handover_item,2026-01-15T08:03:45.000Z,null,arm_1,robotic_arm,warehouse_multi_robot_pick_pack_handover_004_exec_13,inprogress,92.9,12.0,5.0,0.0,null,null,null,null,null
warehouse_multi_robot_pick_pack_handover_004,handover_item,2026-01-15T08:04:12.000Z,complete,arm_1,robotic_arm,warehouse_multi_robot_pick_pack_handover_004_exec_13,done,92.7,12.0,5.0,0.0,null,null,null,null,null
warehouse_multi_robot_pick_pack_handover_004,handover_item,2026-01-15T08:04:13.000Z,start,amr_1,amr,warehouse_multi_robot_pick_pack_handover_004_exec_14,inprogress,76.2,12.0,5.0,0.0,null,null,null,null,null
warehouse_multi_robot_pick_pack_handover_004,handover_item,2026-01-15T08:04:45.000Z,complete,amr_1,amr,warehouse_multi_robot_pick_pack_handover_004_exec_14,done,75.8,12.0,5.0,0.0,null,null,null,null,null
warehouse_multi_robot_pick_pack_handover_004,pack_order,2026-01-15T08:04:46.000Z,start,arm_1,robotic_arm,warehouse_multi_robot_pick_pack_handover_004_exec_15,inprogress,92.7,12.0,5.0,0.0,null,null,null,null,null
warehouse_multi_robot_pick_pack_handover_004,pack_order,2026-01-15T08:05:18.000Z,null,arm_1,robotic_arm,warehouse_multi_robot_pick_pack_handover_004_exec_15,inprogress,92.4,12.0,5.0,0.0,null,null,null,null,null
warehouse_multi_robot_pick_pack_handover_004,pack_order,2026-01-15T08:05:50.000Z,null,arm_1,robotic_arm,warehouse_multi_robot_pick_pack_handover_004_exec_15,inprogress,92.1,12.0,5.0,0.0,null,null,null,null,null
warehouse_multi_robot_pick_pack_handover_004,pack_order,2026-01-15T08:06:23.000Z,complete,arm_1,robotic_arm,warehouse_multi_robot_pick_pack_handover_004_exec_15,done,91.8,12.0,5.0,0.0,null,null,null,null,null
warehouse_multi_robot_pick_pack_handover_004,dispatch,2026-01-15T08:06:24.000Z,start,amr_1,amr,warehouse_multi_robot_pick_pack_handover_004_exec_16,inprogress,75.8,12.0,5.0,0.0,null,null,null,null,null
warehouse_multi_robot_pick_pack_handover_004,dispatch,2026-01-15T08:07:06.000Z,null,amr_1,amr,warehouse_multi_robot_pick_pack_handover_004_exec_16,inprogress,75.3,10.0,4.25,0.0,null,null,null,null,null
warehouse_multi_robot_pick_pack_handover_004,dispatch,2026-01-15T08:07:48.000Z,null,amr_1,amr,warehouse_multi_robot_pick_pack_handover_004_exec_16,inprogress,74.7,8.0,3.5,0.0,null,null,null,null,null
warehouse_multi_robot_pick_pack_handover_004,dispatch,2026-01-15T08:08:30.000Z,null,amr_1,amr,warehouse_multi_robot_pick_pack_handover_004_exec_16,inprogress,74.2,6.0,2.75,0.0,null,null,null,null,null
warehouse_multi_robot_pick_pack_handover_004,dispatch,2026-01-15T08:09:13.000Z,complete,amr_1,amr,warehouse_multi_robot_pick_pack_handover_004_exec_16,done,73.7,4.0,2.0,0.0,null,null,null,null,null
warehouse_multi_robot_pick_pack_handover_005,receive_order,2026-01-15T08:12:00.000Z,start,amr_1,amr,warehouse_multi_robot_pick_pack_handover_005_exec_1,inprogress,86.8,0.0,0.0,0.0,null,null,null,null,null
warehouse_multi_robot_pick_pack_handover_005,receive_order,2026-01-15T08:12:12.000Z,complete,amr_1,amr,warehouse_multi_robot_pick_pack_handover_005_exec_1,done,86.7,0.0,0.0,0.0,null,null,null,null,null
warehouse_multi_robot_pick_pack_handover_005,send_task_assignment,2026-01-15T08:12:13.000Z,start,amr_1,amr,warehouse_multi_robot_pick_pack_handover_005_exec_2,inprogress,86.7,0.0,0.0,0.0,msg_5b0c8388be,order_id assigned for picking,send,amr_1,arm_1
warehouse_multi_robot_pick_pack_handover_005,send_task_assignment,2026-01-15T08:12:21.000Z,complete,amr_1,amr,warehouse_multi_robot_pick_pack_handover_005_exec_2,done,86.5,0.0,0.0,0.0,msg_5b0c8388be,order_id assigned for picking,send,amr_1,arm_1
warehouse_multi_robot_pick_pack_handover_005,receive_task_assignment,2026-01-15T08:12:25.000Z,start,arm_1,robotic_arm,warehouse_multi_robot_pick_pack_handover_005_exec_3,inprogress,97.0,12.0,5.0,0.0,msg_5b0c8388be,order_id assigned for picking,receive,amr_1,arm_1
warehouse_multi_robot_pick_pack_handover_005,receive_task_assignment,2026-01-15T08:12:29.000Z,complete,arm_1,robotic_arm,warehouse_multi_robot_pick_pack_handover_005_exec_3,done,96.9,12.0,5.0,0.0,msg_5b0c8388be,order_id assigned for picking,receive,amr_1,arm_1
warehouse_multi_robot_pick_pack_handover_005,navigate_to_shelf,2026-01-15T08:12:30.000Z,start,amr_1,amr,warehouse_multi_robot_pick_pack_handover_005_exec_4,inprogress,86.5,0.0,0.0,0.0,null,null,null,null,null
warehouse_multi_robot_pick_pack_handover_005,navigate_to_shelf,2026-01-15T08:13:20.000Z,null,amr_1,amr,warehouse_multi_robot_pick_pack_handover_005_exec_4,inprogress,85.3,5.84,2.17,0.0,null,null,null,null,null
warehouse_multi_robot_pick_pack_handover_005,navigate_to_shelf,2026-01-15T08:14:10.000Z,null,amr_1,amr,warehouse_multi_robot_pick_pack_handover_005_exec_4,inprogress,84.1,11.68,4.34,0.0,null,null,null,null,null
warehouse_multi_robot_pick_pack_handover_005,navigate_to_shelf,2026-01-15T08:15:00.000Z,null,amr_1,amr,warehouse_multi_robot_pick_pack_handover_005_exec_4,inprogress,82.9,17.52,6.51,0.0,null,null,null,null,null
warehouse_multi_robot_pick_pack_handover_005,navigate_to_shelf,2026-01-15T08:15:52.000Z,complete,amr_1,amr,warehouse_multi_robot_pick_pack_handover_005_exec_4,done,81.8,23.36,8.68,0.0,null,null,null,null,null
warehouse_multi_robot_pick_pack_handover_005,scan_bin,2026-01-15T08:15:53.000Z,start,amr_1,amr,warehouse_multi_robot_pick_pack_handover_005_exec_5,inprogress,81.8,23.36,8.68,0.0,null,null,null,null,null
warehouse_multi_robot_pick_pack_handover_005,scan_bin,2026-01-15T08:16:43.000Z,complete,amr_1,amr,warehouse_multi_robot_pick_pack_handover_005_exec_5,done,81.4,23.36,8.68,0.0,null,null,null,null,null
warehouse_multi_robot_pick_pack_handover_005,send_shelf_confirmation,2026-01-15T08:16:44.000Z,start,amr_1,amr,warehouse_multi_robot_pick_pack_handover_005_exec_6,inprogress,81.4,23.36,8.68,0.0,msg_0868f2b84c,bin verified for pick,send,amr_1,arm_1
warehouse_multi_robot_pick_pack_handover_005,send_shelf_confirmation,2026-01-15T08:16:52.000Z,complete,amr_1,amr,warehouse_multi_robot_pick_pack_handover_005_exec_6,done,81.2,23.36,8.68,0.0,msg_0868f2b84c,bin verified for pick,send,amr_1,arm_1
warehouse_multi_robot_pick_pack_handover_005,receive_shelf_confirmation,2026-01-15T08:16:57.000Z,start,arm_1,robotic_arm,warehouse_multi_robot_pick_pack_handover_005_exec_7,inprogress,96.9,12.0,5.0,0.0,msg_0868f2b84c,bin verified for pick,receive,amr_1,arm_1
warehouse_multi_robot_pick_pack_handover_005,receive_shelf_confirmation,2026-01-15T08:17:01.000Z,complete,arm_1,robotic_arm,warehouse_multi_robot_pick_pack_handover_005_exec_7,done,96.8,12.0,5.0,0.0,msg_0868f2b84c,bin verified for pick,receive,amr_1,arm_1
warehouse_multi_robot_pick_pack_handover_005,pick_item,2026-01-15T08:17:02.000Z,start,arm_1,robotic_arm,warehouse_multi_robot_pick_pack_handover_005_exec_8,inprogress,96.8,12.0,5.0,0.0,null,null,null,null,null
warehouse_multi_robot_pick_pack_handover_005,pick_item,2026-01-15T08:17:29.000Z,null,arm_1,robotic_arm,warehouse_multi_robot_pick_pack_handover_005_exec_8,inprogress,96.7,12.0,5.0,0.0,null,null,null,null,null
warehouse_multi_robot_pick_pack_handover_005,pick_item,2026-01-15T08:17:56.000Z,null,arm_1,robotic_arm,warehouse_multi_robot_pick_pack_handover_005_exec_8,inprogress,96.5,12.0,5.0,0.0,null,null,null,null,null
warehouse_multi_robot_pick_pack_handover_005,pick_item,2026-01-15T08:18:23.000Z,complete,arm_1,robotic_arm,warehouse_multi_robot_pick_pack_handover_005_exec_8,done,96.4,12.0,5.0,0.0,null,null,null,null,null
warehouse_multi_robot_pick_pack_handover_005,send_handover_coordination,2026-01-15T08:18:24.000Z,start,arm_1,robotic_arm,warehouse_multi_robot_pick_pack_handover_005_exec_9,inprogress,96.4,12.0,5.0,0.0,msg_c6b868d153,ready for handover at station,send,arm_1,amr_1
warehouse_multi_robot_pick_pack_handover_005,send_handover_coordination,2026-01-15T08:18:32.000Z,complete,arm_1,robotic_arm,warehouse_multi_robot_pick_pack_handover_005_exec_9,done,96.2,12.0,5.0,0.0,msg_c6b868d153,ready for handover at station,send,arm_1,amr_1
warehouse_multi_robot_pick_pack_handover_005,receive_handover_coordination,2026-01-15T08:18:36.000Z,start,amr_1,amr,warehouse_multi_robot_pick_pack_handover_005_exec_10,inprogress,81.2,23.36,8.68,0.0,msg_c6b868d153,ready for handover at station,receive,arm_1,amr_1
warehouse_multi_robot_pick_pack_handover_005,receive_handover_coordination,2026-01-15T08:18:40.000Z,complete,amr_1,amr,warehouse_multi_robot_pick_pack_handover_005_exec_10,done,81.1,23.36,8.68,0.0,msg_c6b868d153,ready for handover at station,receive,arm_1,amr_1
warehouse_multi_robot_pick_pack_handover_005,navigate_to_handover,2026-01-15T08:18:41.000Z,start,amr_1,amr,warehouse_multi_robot_pick_pack_handover_005_exec_11,inprogress,81.1,23.36,8.68,0.0,null,null,null,null,null
warehouse_multi_robot_pick_pack_handover_005,navigate_to_handover,2026-01-15T08:19:40.000Z,null,amr_1,amr,warehouse_multi_robot_pick_pack_handover_005_exec_11,inprogress,80.2,19.58,7.45,0.0,null,null,null,null,null
warehouse_multi_robot_pick_pack_handover_005,navigate_to_handover,2026-01-15T08:20:39.000Z,null,amr_1,amr,warehouse_multi_robot_pick_pack_handover_005_exec_11,inprogress,79.4,15.79,6.23,0.0,null,null,null,null,null
warehouse_multi_robot_pick_pack_handover_005,navigate_to_handover,2026-01-15T08:21:39.000Z,complete,amr_1,amr,warehouse_multi_robot_pick_pack_handover_005_exec_11,done,78.6,12.0,5.0,0.0,null,null,null,null,null
warehouse_multi_robot_pick_pack_handover_005,handover_item,2026-01-15T08:21:40.000Z,start,arm_1,robotic_arm,warehouse_multi_robot_pick_pack_handover_005_exec_12,inprogress,96.2,12.0,5.0,0.0,null,null,null,null,null
warehouse_multi_robot_pick_pack_handover_005,handover_item,2026-01-15T08:22:06.000Z,null,arm_1,robotic_arm,warehouse_multi_robot_pick_pack_handover_005_exec_12,inprogress,96.0,12.0,5.0,0.0,null,null,null,null,null
warehouse_multi_robot_pick_pack_handover_005,handover_item,2026-01-15T08:22:32.000Z,complete,arm_1,robotic_arm,warehouse_multi_robot_pick_pack_handover_005_exec_12,done,95.8,12.0,5.0,0.0,null,null,null,null,null
warehouse_multi_robot_pick_pack_handover_005,handover_item,2026-01-15T08:22:33.000Z,start,amr_1,amr,warehouse_multi_robot_pick_pack_handover_005_exec_13,inprogress,78.6,12.0,5.0,0.0,null,null,null,null,null
warehouse_multi_robot_pick_pack_handover_005,handover_item,2026-01-15T08:23:09.000Z,complete,amr_1,amr,warehouse_multi_robot_pick_pack_handover_005_exec_13,done,78.3,12.0,5.0,0.0,null,null,null,null,null
warehouse_multi_robot_pick_pack_handover_005,pack_order,2026-01-15T08:23:10.000Z,start,arm_1,robotic_arm,warehouse_multi_robot_pick_pack_handover_005_exec_14,inprogress,95.8,12.0,5.0,0.0,null,null,null,null,null
warehouse_multi_robot_pick_pack_handover_005,pack_order,2026-01-15T08:23:42.000Z,null,arm_1,robotic_arm,warehouse_multi_robot_pick_pack_handover_005_exec_14,inprogress,95.4,12.0,5.0,0.0,null,null,null,null,null
warehouse_multi_robot_pick_pack_handover_005,pack_order,2026-01-15T08:24:15.000Z,complete,arm_1,robotic_arm,warehouse_multi_robot_pick_pack_handover_005_exec_14,done,95.0,12.0,5.0,0.0,null,null,null,null,null
warehouse_multi_robot_pick_pack_handover_005,dispatch,2026-01-15T08:24:16.000Z,start,amr_1,amr,warehouse_multi_robot_pick_pack_handover_005_exec_15,inprogress,78.3,12.0,5.0,0.0,null,null,null,null,null
warehouse_multi_robot_pick_pack_handover_005,dispatch,2026-01-15T08:24:55.000Z,null,amr_1,amr,warehouse_multi_robot_pick_pack_handover_005_exec_15,inprogress,78.0,10.0,4.25,0.0,null,null,null,null,null
warehouse_multi_robot_pick_pack_handover_005,dispatch,2026-01-15T08:25:34.000Z,null,amr_1,amr,warehouse_multi_robot_pick_pack_handover_005_exec_15,inprogress,77.6,8.0,3.5,0.0,null,null,null,null,null
warehouse_multi_robot_pick_pack_handover_005,dispatch,2026-01-15T08:26:13.000Z,null,amr_1,amr,warehouse_multi_robot_pick_pack_handover_005_exec_15,inprogress,77.3,6.0,2.75,0.0,null,null,null,null,null
warehouse_multi_robot_pick_pack_handover_005,dispatch,2026-01-15T08:26:54.000Z,complete,amr_1,amr,warehouse_multi_robot_pick_pack_handover_005_exec_15,done,77.0,4.0,2.0,0.0,null,null,null,null,null
warehouse_multi_robot_pick_pack_handover_006,receive_order,2026-01-15T08:30:00.000Z,start,amr_1,amr,warehouse_multi_robot_pick_pack_handover_006_exec_1,inprogress,72.0,0.0,0.0,0.0,null,null,null,null,null
warehouse_multi_robot_pick_pack_handover_006,receive_order,2026-01-15T08:30:18.000Z,complete,amr_1,amr,warehouse_multi_robot_pick_pack_handover_006_exec_1,done,71.6,0.0,0.0,0.0,null,null,null,null,null
warehouse_multi_robot_pick_pack_handover_006,send_task_assignment,2026-01-15T08:30:19.000Z,start,amr_1,amr,warehouse_multi_robot_pick_pack_handover_006_exec_2,inprogress,71.6,0.0,0.0,0.0,msg_5986ae1022,order_id assigned for picking,send,amr_1,arm_1
warehouse_multi_robot_pick_pack_handover_006,send_task_assignment,2026-01-15T08:30:26.000Z,complete,amr_1,amr,warehouse_multi_robot_pick_pack_handover_006_exec_2,done,71.4,0.0,0.0,0.0,msg_5986ae1022,order_id assigned for picking,send,amr_1,arm_1
warehouse_multi_robot_pick_pack_handover_006,receive_task_assignment,2026-01-15T08:30:30.000Z,start,arm_1,robotic_arm,warehouse_multi_robot_pick_pack_handover_006_exec_3,inprogress,96.0,12.0,5.0,0.0,msg_5986ae1022,order_id assigned for picking,receive,amr_1,arm_1
warehouse_multi_robot_pick_pack_handover_006,receive_task_assignment,2026-01-15T08:30:34.000Z,complete,arm_1,robotic_arm,warehouse_multi_robot_pick_pack_handover_006_exec_3,done,95.9,12.0,5.0,0.0,msg_5986ae1022,order_id assigned for picking,receive,amr_1,arm_1
warehouse_multi_robot_pick_pack_handover_006,navigate_to_shelf,2026-01-15T08:30:35.000Z,start,amr_1,amr,warehouse_multi_robot_pick_pack_handover_006_exec_4,inprogress,71.4,0.0,0.0,0.0,null,null,null,null,null
warehouse_multi_robot_pick_pack_handover_006,navigate_to_shelf,2026-01-15T08:31:28.000Z,null,amr_1,amr,warehouse_multi_robot_pick_pack_handover_006_exec_4,inprogress,70.3,10.74,7.99,0.0,null,null,null,null,null
warehouse_multi_robot_pick_pack_handover_006,navigate_to_shelf,2026-01-15T08:32:21.000Z,null,amr_1,amr,warehouse_multi_robot_pick_pack_handover_006_exec_4,inprogress,69.2,21.48,15.98,0.0,null,null,null,null,null
warehouse_multi_robot_pick_pack_handover_006,navigate_to_shelf,2026-01-15T08:33:14.000Z,complete,amr_1,amr,warehouse_multi_robot_pick_pack_handover_006_exec_4,done,68.0,32.22,23.98,0.0,null,null,null,null,null
warehouse_multi_robot_pick_pack_handover_006,scan_bin,2026-01-15T08:33:15.000Z,start,amr_1,amr,warehouse_multi_robot_pick_pack_handover_006_exec_5,inprogress,68.0,32.22,23.98,0.0,null,null,null,null,null
warehouse_multi_robot_pick_pack_handover_006,scan_bin,2026-01-15T08:33:45.000Z,complete,amr_1,amr,warehouse_multi_robot_pick_pack_handover_006_exec_5,done,67.8,32.22,23.98,0.0,null,null,null,null,null
warehouse_multi_robot_pick_pack_handover_006,send_shelf_confirmation,2026-01-15T08:33:46.000Z,start,amr_1,amr,warehouse_multi_robot_pick_pack_handover_006_exec_6,inprogress,67.8,32.22,23.98,0.0,msg_e1c656217a,bin verified for pick,send,amr_1,arm_1
warehouse_multi_robot_pick_pack_handover_006,send_shelf_confirmation,2026-01-15T08:33:50.000Z,complete,amr_1,amr,warehouse_multi_robot_pick_pack_handover_006_exec_6,done,67.6,32.22,23.98,0.0,msg_e1c656217a,bin verified for pick,send,amr_1,arm_1
warehouse_multi_robot_pick_pack_handover_006,receive_shelf_confirmation,2026-01-15T08:33:55.000Z,start,arm_1,robotic_arm,warehouse_multi_robot_pick_pack_handover_006_exec_7,inprogress,95.9,12.0,5.0,0.0,msg_e1c656217a,bin verified for pick,receive,amr_1,arm_1
warehouse_multi_robot_pick_pack_handover_006,receive_shelf_confirmation,2026-01-15T08:33:59.000Z,complete,arm_1,robotic_arm,warehouse_multi_robot_pick_pack_handover_006_exec_7,done,95.8,12.0,5.0,0.0,msg_e1c656217a,bin verified for pick,receive,amr_1,arm_1
warehouse_multi_robot_pick_pack_handover_006,pick_item,2026-01-15T08:34:00.000Z,start,arm_1,robotic_arm,warehouse_multi_robot_pick_pack_handover_006_exec_8,inprogress,95.8,12.0,5.0,0.0,null,null,null,null,null
warehouse_multi_robot_pick_pack_handover_006,pick_item,2026-01-15T08:34:15.000Z,null,arm_1,robotic_arm,warehouse_multi_robot_pick_pack_handover_006_exec_8,inprogress,95.6,12.0,5.0,0.0,null,null,null,null,null
warehouse_multi_robot_pick_pack_handover_006,pick_item,2026-01-15T08:34:30.000Z,null,arm_1,robotic_arm,warehouse_multi_robot_pick_pack_handover_006_exec_8,inprogress,95.4,12.0,5.0,0.0,null,null,null,null,null
warehouse_multi_robot_pick_pack_handover_006,pick_item,2026-01-15T08:34:46.000Z,complete,arm_1,robotic_arm,warehouse_multi_robot_pick_pack_handover_006_exec_8,done,95.1,12.0,5.0,0.0,null,null,null,null,null
warehouse_multi_robot_pick_pack_handover_006,send_handover_coordination,2026-01-15T08:34:47.000Z,start,arm_1,robotic_arm,warehouse_multi_robot_pick_pack_handover_006_exec_9,inprogress,95.1,12.0,5.0,0.0,msg_497b4250c9,ready for handover at station,send,arm_1,amr_1
warehouse_multi_robot_pick_pack_handover_006,send_handover_coordination,2026-01-15T08:34:55.000Z,complete,arm_1,robotic_arm,warehouse_multi_robot_pick_pack_handover_006_exec_9,done,94.9,12.0,5.0,0.0,msg_497b4250c9,ready for handover at station,send,arm_1,amr_1
warehouse_multi_robot_pick_pack_handover_006,receive_handover_coordination,2026-01-15T08:34:59.000Z,start,amr_1,amr,warehouse_multi_robot_pick_pack_handover_006_exec_10,inprogress,67.6,32.22,23.98,0.0,msg_497b4250c9,ready for handover at station,receive,arm_1,amr_1
warehouse_multi_robot_pick_pack_handover_006,receive_handover_coordination,2026-01-15T08:35:03.000Z,complete,amr_1,amr,warehouse_multi_robot_pick_pack_handover_006_exec_10,done,67.5,32.22,23.98,0.0,msg_497b4250c9,ready for handover at station,receive,arm_1,amr_1
warehouse_multi_robot_pick_pack_handover_006,navigate_to_handover,2026-01-15T08:35:04.000Z,start,amr_1,amr,warehouse_multi_robot_pick_pack_handover_006_exec_11,inprogress,67.5,32.22,23.98,0.0,null,null,null,null,null
warehouse_multi_robot_pick_pack_handover_006,navigate_to_handover,2026-01-15T08:35:40.000Z,null,amr_1,amr,warehouse_multi_robot_pick_pack_handover_006_exec_11,inprogress,66.7,25.48,17.65,0.0,null,null,null,null,null
warehouse_multi_robot_pick_pack_handover_006,navigate_to_handover,2026-01-15T08:36:16.000Z,null,amr_1,amr,warehouse_multi_robot_pick_pack_handover_006_exec_11,inprogress,66.0,18.74,11.33,0.0,null,null,null,null,null
warehouse_multi_robot_pick_pack_handover_006,navigate_to_handover,2026-01-15T08:36:53.000Z,complete,amr_1,amr,warehouse_multi_robot_pick_pack_handover_006_exec_11,done,65.2,12.0,5.0,0.0,null,null,null,null,null
warehouse_multi_robot_pick_pack_handover_006,handover_item,2026-01-15T08:36:54.000Z,start,arm_1,robotic_arm,warehouse_multi_robot_pick_pack_handover_006_exec_12,inprogress,94.9,12.0,5.0,0.0,null,null,null,null,null
warehouse_multi_robot_pick_pack_handover_006,handover_item,2026-01-15T08:37:18.000Z,null,arm_1,robotic_arm,warehouse_multi_robot_pick_pack_handover_006_exec_12,inprogress,94.7,12.0,5.0,0.0,null,null,null,null,null
warehouse_multi_robot_pick_pack_handover_006,handover_item,2026-01-15T08:37:42.000Z,complete,arm_1,robotic_arm,warehouse_multi_robot_pick_pack_handover_006_exec_12,done,94.5,12.0,5.0,0.0,null,null,null,null,null
warehouse_multi_robot_pick_pack_handover_006,handover_item,2026-01-15T08:37:43.000Z,start,amr_1,amr,warehouse_multi_robot_pick_pack_handover_006_exec_13,inprogress,65.2,12.0,5.0,0.0,null,null,null,null,null
warehouse_multi_robot_pick_pack_handover_006,handover_item,2026-01-15T08:37:52.000Z,null,amr_1,amr,warehouse_multi_robot_pick_pack_handover_006_exec_13,inprogress,65.0,12.0,5.0,0.0,null,null,null,null,null
warehouse_multi_robot_pick_pack_handover_006,handover_item,2026-01-15T08:38:02.000Z,complete,amr_1,amr,warehouse_multi_robot_pick_pack_handover_006_exec_13,done,64.8,12.0,5.0,0.0,null,null,null,null,null
warehouse_multi_robot_pick_pack_handover_006,pack_order,2026-01-15T08:38:03.000Z,start,arm_1,robotic_arm,warehouse_multi_robot_pick_pack_handover_006_exec_14,inprogress,94.5,12.0,5.0,0.0,null,null,null,null,null
warehouse_multi_robot_pick_pack_handover_006,pack_order,2026-01-15T08:39:04.000Z,null,arm_1,robotic_arm,warehouse_multi_robot_pick_pack_handover_006_exec_14,inprogress,93.9,12.0,5.0,0.0,null,null,null,null,null
warehouse_multi_robot_pick_pack_handover_006,pack_order,2026-01-15T08:40:06.000Z,complete,arm_1,robotic_arm,warehouse_multi_robot_pick_pack_handover_006_exec_14,done,93.3,12.0,5.0,0.0,null,null,null,null,null
warehouse_multi_robot_pick_pack_handover_006,dispatch,2026-01-15T08:40:07.000Z,start,amr_1,amr,warehouse_multi_robot_pick_pack_handover_006_exec_15,inprogress,64.8,12.0,5.0,0.0,null,null,null,null,null
warehouse_multi_robot_pick_pack_handover_006,dispatch,2026-01-15T08:41:31.000Z,null,amr_1,amr,warehouse_multi_robot_pick_pack_handover_006_exec_15,inprogress,63.5,8.0,3.5,0.0,null,null,null,null,null
warehouse_multi_robot_pick_pack_handover_006,dispatch,2026-01-15T08:42:56.000Z,complete,amr_1,amr,warehouse_multi_robot_pick_pack_handover_006_exec_15,done,62.2,4.0,2.0,0.0,null,null,null,null,null
warehouse_multi_robot_pick_pack_handover_007,receive_order,2026-01-15T08:48:00.000Z,start,amr_1,amr,warehouse_multi_robot_pick_pack_handover_007_exec_1,inprogress,87.6,0.0,0.0,0.0,null,null,null,null,null
warehouse_multi_robot_pick_pack_handover_007,receive_order,2026-01-15T08:48:14.000Z,complete,amr_1,amr,warehouse_multi_robot_pick_pack_handover_007_exec_1,done,87.4,0.0,0.0,0.0,null,null,null,null,null
warehouse_multi_robot_pick_pack_handover_007,send_task_assignment,2026-01-15T08:48:15.000Z,start,amr_1,amr,warehouse_multi_robot_pick_pack_handover_007_exec_2,inprogress,87.4,0.0,0.0,0.0,msg_542b1e763a,order_id assigned for picking,send,amr_1,arm_1
warehouse_multi_robot_pick_pack_handover_007,send_task_assignment,2026-01-15T08:48:23.000Z,complete,amr_1,amr,warehouse_multi_robot_pick_pack_handover_007_exec_2,done,87.2,0.0,0.0,0.0,msg_542b1e763a,order_id assigned for picking,send,amr_1,arm_1
warehouse_multi_robot_pick_pack_handover_007,receive_task_assignment,2026-01-15T08:48:27.000Z,start,arm_1,robotic_arm,warehouse_multi_robot_pick_pack_handover_007_exec_3,inprogress,96.4,12.0,5.0,0.0,msg_542b1e763a,order_id assigned for picking,receive,amr_1,arm_1
warehouse_multi_robot_pick_pack_handover_007,receive_task_assignment,2026-01-15T08:48:31.000Z,complete,arm_1,robotic_arm,warehouse_multi_robot_pick_pack_handover_007_exec_3,done,96.3,12.0,5.0,0.0,msg_542b1e763a,order_id assigned for picking,receive,amr_1,arm_1
warehouse_multi_robot_pick_pack_handover_007,navigate_to_shelf,2026-01-15T08:48:32.000Z,start,amr_1,amr,warehouse_multi_robot_pick_pack_handover_007_exec_4,inprogress,87.2,0.0,0.0,0.0,null,null,null,null,null
warehouse_multi_robot_pick_pack_handover_007,navigate_to_shelf,2026-01-15T08:49:30.000Z,null,amr_1,amr,warehouse_multi_robot_pick_pack_handover_007_exec_4,inprogress,86.4,4.98,5.25,0.0,null,null,null,null,null
warehouse_multi_robot_pick_pack_handover_007,navigate_to_shelf,2026-01-15T08:50:28.000Z,null,amr_1,amr,warehouse_multi_robot_pick_pack_handover_007_exec_4,inprogress,85.6,9.95,10.5,0.0,null,null,null,null,null
warehouse_multi_robot_pick_pack_handover_007,navigate_to_shelf,2026-01-15T08:51:26.000Z,null,amr_1,amr,warehouse_multi_robot_pick_pack_handover_007_exec_4,inprogress,84.8,14.93,15.76,0.0,null,null,null,null,null
warehouse_multi_robot_pick_pack_handover_007,navigate_to_shelf,2026-01-15T08:52:24.000Z,complete,amr_1,amr,warehouse_multi_robot_pick_pack_handover_007_exec_4,done,84.0,19.9,21.01,0.0,null,null,null,null,null
warehouse_multi_robot_pick_pack_handover_007,scan_bin,2026-01-15T08:52:25.000Z,start,amr_1,amr,warehouse_multi_robot_pick_pack_handover_007_exec_5,inprogress,84.0,19.9,21.01,0.0,null,null,null,null,null
warehouse_multi_robot_pick_pack_handover_007,scan_bin,2026-01-15T08:53:06.000Z,complete,amr_1,amr,warehouse_multi_robot_pick_pack_handover_007_exec_5,done,83.5,19.9,21.01,0.0,null,null,null,null,null
warehouse_multi_robot_pick_pack_handover_007,send_shelf_confirmation,2026-01-15T08:53:07.000Z,start,amr_1,amr,warehouse_multi_robot_pick_pack_handover_007_exec_6,inprogress,83.5,19.9,21.01,0.0,msg_8f47159f3a,bin verified for pick,send,amr_1,arm_1
warehouse_multi_robot_pick_pack_handover_007,send_shelf_confirmation,2026-01-15T08:53:15.000Z,complete,amr_1,amr,warehouse_multi_robot_pick_pack_handover_007_exec_6,done,83.3,19.9,21.01,0.0,msg_8f47159f3a,bin verified for pick,send,amr_1,arm_1
warehouse_multi_robot_pick_pack_handover_007,receive_shelf_confirmation,2026-01-15T08:53:20.000Z,start,arm_1,robotic_arm,warehouse_multi_robot_pick_pack_handover_007_exec_7,inprogress,96.3,12.0,5.0,0.0,msg_8f47159f3a,bin verified for pick,receive,amr_1,arm_1
warehouse_multi_robot_pick_pack_handover_007,receive_shelf_confirmation,2026-01-15T08:53:24.000Z,complete,arm_1,robotic_arm,warehouse_multi_robot_pick_pack_handover_007_exec_7,done,96.2,12.0,5.0,0.0,msg_8f47159f3a,bin verified for pick,receive,amr_1,arm_1
warehouse_multi_robot_pick_pack_handover_007,pick_item,2026-01-15T08:53:25.000Z,start,arm_1,robotic_arm,warehouse_multi_robot_pick_pack_handover_007_exec_8,inprogress,96.2,12.0,5.0,0.0,null,null,null,null,null
warehouse_multi_robot_pick_pack_handover_007,pick_item,2026-01-15T08:53:49.000Z,null,arm_1,robotic_arm,warehouse_multi_robot_pick_pack_handover_007_exec_8,inprogress,95.8,12.0,5.0,0.0,null,null,null,null,null
warehouse_multi_robot_pick_pack_handover_007,pick_item,2026-01-15T08:54:14.000Z,complete,arm_1,robotic_arm,warehouse_multi_robot_pick_pack_handover_007_exec_8,done,95.4,12.0,5.0,0.0,null,null,null,null,null
warehouse_multi_robot_pick_pack_handover_007,send_handover_coordination,2026-01-15T08:54:15.000Z,start,arm_1,robotic_arm,warehouse_multi_robot_pick_pack_handover_007_exec_9,inprogress,95.4,12.0,5.0,0.0,msg_ed9f313370,ready for handover at station,send,arm_1,amr_1
warehouse_multi_robot_pick_pack_handover_007,send_handover_coordination,2026-01-15T08:54:23.000Z,complete,arm_1,robotic_arm,warehouse_multi_robot_pick_pack_handover_007_exec_9,done,95.2,12.0,5.0,0.0,msg_ed9f313370,ready for handover at station,send,arm_1,amr_1
warehouse_multi_robot_pick_pack_handover_007,receive_handover_coordination,2026-01-15T08:54:27.000Z,start,amr_1,amr,warehouse_multi_robot_pick_pack_handover_007_exec_10,inprogress,83.3,19.9,21.01,0.0,msg_ed9f313370,ready for handover at station,receive,arm_1,amr_1
warehouse_multi_robot_pick_pack_handover_007,receive_handover_coordination,2026-01-15T08:54:31.000Z,complete,amr_1,amr,warehouse_multi_robot_pick_pack_handover_007_exec_10,done,83.2,19.9,21.01,0.0,msg_ed9f313370,ready for handover at station,receive,arm_1,amr_1
warehouse_multi_robot_pick_pack_handover_007,navigate_to_handover,2026-01-15T08:54:32.000Z,start,amr_1,amr,warehouse_multi_robot_pick_pack_handover_007_exec_11,inprogress,83.2,19.9,21.01,0.0,null,null,null,null,null
warehouse_multi_robot_pick_pack_handover_007,navigate_to_handover,2026-01-15T08:55:01.000Z,null,amr_1,amr,warehouse_multi_robot_pick_pack_handover_007_exec_11,inprogress,82.8,17.93,17.01,0.0,null,null,null,null,null
warehouse_multi_robot_pick_pack_handover_007,navigate_to_handover,2026-01-15T08:55:30.000Z,null,amr_1,amr,warehouse_multi_robot_pick_pack_handover_007_exec_11,inprogress,82.4,15.95,13.0,0.0,null,null,null,null,null
warehouse_multi_robot_pick_pack_handover_007,navigate_to_handover,2026-01-15T08:55:59.000Z,null,amr_1,amr,warehouse_multi_robot_pick_pack_handover_007_exec_11,inprogress,82.0,13.98,9.0,0.0,null,null,null,null,null
warehouse_multi_robot_pick_pack_handover_007,navigate_to_handover,2026-01-15T08:56:29.000Z,complete,amr_1,amr,warehouse_multi_robot_pick_pack_handover_007_exec_11,done,81.5,12.0,5.0,0.0,null,null,null,null,null
warehouse_multi_robot_pick_pack_handover_007,handover_item,2026-01-15T08:56:30.000Z,start,arm_1,robotic_arm,warehouse_multi_robot_pick_pack_handover_007_exec_12,inprogress,95.2,12.0,5.0,0.0,null,null,null,null,null
warehouse_multi_robot_pick_pack_handover_007,handover_item,2026-01-15T08:57:13.000Z,complete,arm_1,robotic_arm,warehouse_multi_robot_pick_pack_handover_007_exec_12,done,94.7,12.0,5.0,0.0,null,null,null,null,null
warehouse_multi_robot_pick_pack_handover_007,handover_item,2026-01-15T08:57:14.000Z,start,amr_1,amr,warehouse_multi_robot_pick_pack_handover_007_exec_13,inprogress,81.5,12.0,5.0,0.0,null,null,null,null,null
warehouse_multi_robot_pick_pack_handover_007,handover_item,2026-01-15T08:58:07.000Z,complete,amr_1,amr,warehouse_multi_robot_pick_pack_handover_007_exec_13,done,81.3,12.0,5.0,0.0,null,null,null,null,null
warehouse_multi_robot_pick_pack_handover_007,pack_order,2026-01-15T08:58:08.000Z,start,arm_1,robotic_arm,warehouse_multi_robot_pick_pack_handover_007_exec_14,inprogress,94.7,12.0,5.0,0.0,null,null,null,null,null
warehouse_multi_robot_pick_pack_handover_007,pack_order,2026-01-15T08:58:21.000Z,null,arm_1,robotic_arm,warehouse_multi_robot_pick_pack_handover_007_exec_14,inprogress,94.4,12.0,5.0,0.0,null,null,null,null,null
warehouse_multi_robot_pick_pack_handover_007,pack_order,2026-01-15T08:58:34.000Z,null,arm_1,robotic_arm,warehouse_multi_robot_pick_pack_handover_007_exec_14,inprogress,94.1,12.0,5.0,0.0,null,null,null,null,null
warehouse_multi_robot_pick_pack_handover_007,pack_order,2026-01-15T08:58:47.000Z,null,arm_1,robotic_arm,warehouse_multi_robot_pick_pack_handover_007_exec_14,inprogress,93.8,12.0,5.0,0.0,null,null,null,null,null
warehouse_multi_robot_pick_pack_handover_007,pack_order,2026-01-15T08:59:03.000Z,complete,arm_1,robotic_arm,warehouse_multi_robot_pick_pack_handover_007_exec_14,done,93.5,12.0,5.0,0.0,null,null,null,null,null
warehouse_multi_robot_pick_pack_handover_007,dispatch,2026-01-15T08:59:04.000Z,start,amr_1,amr,warehouse_multi_robot_pick_pack_handover_007_exec_15,inprogress,81.3,12.0,5.0,0.0,null,null,null,null,null
warehouse_multi_robot_pick_pack_handover_007,dispatch,2026-01-15T08:59:43.000Z,null,amr_1,amr,warehouse_multi_robot_pick_pack_handover_007_exec_15,inprogress,80.6,10.0,4.25,0.0,null,null,null,null,null
warehouse_multi_robot_pick_pack_handover_007,dispatch,2026-01-15T09:00:22.000Z,null,amr_1,amr,warehouse_multi_robot_pick_pack_handover_007_exec_15,inprogress,79.8,8.0,3.5,0.0,null,null,null,null,null
warehouse_multi_robot_pick_pack_handover_007,dispatch,2026-01-15T09:01:01.000Z,null,amr_1,amr,warehouse_multi_robot_pick_pack_handover_007_exec_15,inprogress,79.1,6.0,2.75,0.0,null,null,null,null,null
warehouse_multi_robot_pick_pack_handover_007,dispatch,2026-01-15T09:01:42.000Z,complete,amr_1,amr,warehouse_multi_robot_pick_pack_handover_007_exec_15,done,78.4,4.0,2.0,0.0,null,null,null,null,null
warehouse_multi_robot_pick_pack_handover_008,receive_order,2026-01-15T09:06:00.000Z,start,amr_1,amr,warehouse_multi_robot_pick_pack_handover_008_exec_1,inprogress,79.1,0.0,0.0,0.0,null,null,null,null,null
warehouse_multi_robot_pick_pack_handover_008,receive_order,2026-01-15T09:06:23.000Z,complete,amr_1,amr,warehouse_multi_robot_pick_pack_handover_008_exec_1,done,79.0,0.0,0.0,0.0,null,null,null,null,null
warehouse_multi_robot_pick_pack_handover_008,send_task_assignment,2026-01-15T09:06:24.000Z,start,amr_1,amr,warehouse_multi_robot_pick_pack_handover_008_exec_2,inprogress,79.0,0.0,0.0,0.0,msg_9141bf5732,order_id assigned for picking,send,amr_1,arm_1
warehouse_multi_robot_pick_pack_handover_008,send_task_assignment,2026-01-15T09:06:29.000Z,complete,amr_1,amr,warehouse_multi_robot_pick_pack_handover_008_exec_2,done,78.8,0.0,0.0,0.0,msg_9141bf5732,order_id assigned for picking,send,amr_1,arm_1
warehouse_multi_robot_pick_pack_handover_008,receive_task_assignment,2026-01-15T09:06:33.000Z,start,arm_1,robotic_arm,warehouse_multi_robot_pick_pack_handover_008_exec_3,inprogress,97.0,12.0,5.0,0.0,msg_9141bf5732,order_id assigned for picking,receive,amr_1,arm_1
warehouse_multi_robot_pick_pack_handover_008,receive_task_assignment,2026-01-15T09:06:37.000Z,complete,arm_1,robotic_arm,warehouse_multi_robot_pick_pack_handover_008_exec_3,done,96.9,12.0,5.0,0.0,msg_9141bf5732,order_id assigned for picking,receive,amr_1,arm_1
warehouse_multi_robot_pick_pack_handover_008,navigate_to_shelf,2026-01-15T09:06:38.000Z,start,amr_1,amr,warehouse_multi_robot_pick_pack_handover_008_exec_4,inprogress,78.8,0.0,0.0,0.0,null,null,null,null,null
warehouse_multi_robot_pick_pack_handover_008,navigate_to_shelf,2026-01-15T09:07:34.000Z,null,amr_1,amr,warehouse_multi_robot_pick_pack_handover_008_exec_4,inprogress,77.9,7.62,7.4,0.0,null,null,null,null,null
warehouse_multi_robot_pick_pack_handover_008,navigate_to_shelf,2026-01-15T09:08:30.000Z,null,amr_1,amr,warehouse_multi_robot_pick_pack_handover_008_exec_4,inprogress,77.1,15.24,14.79,0.0,null,null,null,null,null
warehouse_multi_robot_pick_pack_handover_008,navigate_to_shelf,2026-01-15T09:09:27.000Z,complete,amr_1,amr,warehouse_multi_robot_pick_pack_handover_008_exec_4,done,76.2,22.86,22.19,0.0,null,null,null,null,null
warehouse_multi_robot_pick_pack_handover_008,scan_bin,2026-01-15T09:09:28.000Z,start,amr_1,amr,warehouse_multi_robot_pick_pack_handover_008_exec_5,inprogress,76.2,22.86,22.19,0.0,null,null,null,null,null
warehouse_multi_robot_pick_pack_handover_008,scan_bin,2026-01-15T09:10:13.000Z,complete,amr_1,amr,warehouse_multi_robot_pick_pack_handover_008_exec_5,done,75.6,22.86,22.19,0.0,null,null,null,null,null
warehouse_multi_robot_pick_pack_handover_008,send_shelf_confirmation,2026-01-15T09:10:14.000Z,start,amr_1,amr,warehouse_multi_robot_pick_pack_handover_008_exec_6,inprogress,75.6,22.86,22.19,0.0,msg_2b6a176afc,bin verified for pick,send,amr_1,arm_1
warehouse_multi_robot_pick_pack_handover_008,send_shelf_confirmation,2026-01-15T09:10:22.000Z,complete,amr_1,amr,warehouse_multi_robot_pick_pack_handover_008_exec_6,done,75.4,22.86,22.19,0.0,msg_2b6a176afc,bin verified for pick,send,amr_1,arm_1
warehouse_multi_robot_pick_pack_handover_008,receive_shelf_confirmation,2026-01-15T09:10:27.000Z,start,arm_1,robotic_arm,warehouse_multi_robot_pick_pack_handover_008_exec_7,inprogress,96.9,12.0,5.0,0.0,msg_2b6a176afc,bin verified for pick,receive,amr_1,arm_1
warehouse_multi_robot_pick_pack_handover_008,receive_shelf_confirmation,2026-01-15T09:10:31.000Z,complete,arm_1,robotic_arm,warehouse_multi_robot_pick_pack_handover_008_exec_7,done,96.8,12.0,5.0,0.0,msg_2b6a176afc,bin verified for pick,receive,amr_1,arm_1
warehouse_multi_robot_pick_pack_handover_008,pick_item,2026-01-15T09:10:32.000Z,start,arm_1,robotic_arm,warehouse_multi_robot_pick_pack_handover_008_exec_8,inprogress,96.8,12.0,5.0,0.0,null,null,null,null,null
warehouse_multi_robot_pick_pack_handover_008,pick_item,2026-01-15T09:11:04.000Z,null,arm_1,robotic_arm,warehouse_multi_robot_pick_pack_handover_008_exec_8,inprogress,96.5,12.0,5.0,0.0,null,null,null,null,null
warehouse_multi_robot_pick_pack_handover_008,pick_item,2026-01-15T09:11:36.000Z,complete,arm_1,robotic_arm,warehouse_multi_robot_pick_pack_handover_008_exec_8,done,96.2,12.0,5.0,0.0,null,null,null,null,null
warehouse_multi_robot_pick_pack_handover_008,send_handover_coordination,2026-01-15T09:11:37.000Z,start,arm_1,robotic_arm,warehouse_multi_robot_pick_pack_handover_008_exec_9,inprogress,96.2,12.0,5.0,0.0,msg_782d613064,ready for handover at station,send,arm_1,amr_1
warehouse_multi_robot_pick_pack_handover_008,send_handover_coordination,2026-01-15T09:11:41.000Z,complete,arm_1,robotic_arm,warehouse_multi_robot_pick_pack_handover_008_exec_9,done,96.0,12.0,5.0,0.0,msg_782d613064,ready for handover at station,send,arm_1,amr_1
warehouse_multi_robot_pick_pack_handover_008,receive_handover_coordination,2026-01-15T09:12:41.000Z,start,amr_1,amr,warehouse_multi_robot_pick_pack_handover_008_exec_10,inprogress,75.4,22.86,22.19,0.0,msg_782d613064,ready for handover at station,receive,arm_1,amr_1
warehouse_multi_robot_pick_pack_handover_008,receive_handover_coordination,2026-01-15T09:12:45.000Z,complete,amr_1,amr,warehouse_multi_robot_pick_pack_handover_008_exec_10,done,75.3,22.86,22.19,0.0,msg_782d613064,ready for handover at station,receive,arm_1,amr_1
warehouse_multi_robot_pick_pack_handover_008,queue_wait,2026-01-15T09:12:46.000Z,start,amr_1,amr,warehouse_multi_robot_pick_pack_handover_008_exec_11,inprogress,75.3,22.86,22.19,0.0,null,null,null,null,null
warehouse_multi_robot_pick_pack_handover_008,queue_wait,2026-01-15T09:13:14.000Z,null,amr_1,amr,warehouse_multi_robot_pick_pack_handover_008_exec_11,inprogress,75.0,22.86,22.19,0.0,null,null,null,null,null
warehouse_multi_robot_pick_pack_handover_008,queue_wait,2026-01-15T09:13:43.000Z,complete,amr_1,amr,warehouse_multi_robot_pick_pack_handover_008_exec_11,done,74.7,22.86,22.19,0.0,null,null,null,null,null
warehouse_multi_robot_pick_pack_handover_008,navigate_to_handover,2026-01-15T09:13:44.000Z,start,amr_1,amr,warehouse_multi_robot_pick_pack_handover_008_exec_12,inprogress,74.7,22.86,22.19,0.0,null,null,null,null,null
warehouse_multi_robot_pick_pack_handover_008,navigate_to_handover,2026-01-15T09:14:31.000Z,null,amr_1,amr,warehouse_multi_robot_pick_pack_handover_008_exec_12,inprogress,74.0,19.24,16.46,0.0,null,null,null,null,null
warehouse_multi_robot_pick_pack_handover_008,navigate_to_handover,2026-01-15T09:15:18.000Z,null,amr_1,amr,warehouse_multi_robot_pick_pack_handover_008_exec_12,inprogress,73.2,15.62,10.73,0.0,null,null,null,null,null
warehouse_multi_robot_pick_pack_handover_008,navigate_to_handover,2026-01-15T09:16:06.000Z,complete,amr_1,amr,warehouse_multi_robot_pick_pack_handover_008_exec_12,done,72.5,12.0,5.0,0.0,null,null,null,null,null
warehouse_multi_robot_pick_pack_handover_008,handover_item,2026-01-15T09:16:07.000Z,start,arm_1,robotic_arm,warehouse_multi_robot_pick_pack_handover_008_exec_13,inprogress,96.0,12.0,5.0,0.0,null,null,null,null,null
warehouse_multi_robot_pick_pack_handover_008,handover_item,2026-01-15T09:16:42.000Z,complete,arm_1,robotic_arm,warehouse_multi_robot_pick_pack_handover_008_exec_13,done,95.7,12.0,5.0,0.0,null,null,null,null,null
warehouse_multi_robot_pick_pack_handover_008,handover_item,2026-01-15T09:16:43.000Z,start,amr_1,amr,warehouse_multi_robot_pick_pack_handover_008_exec_14,inprogress,72.5,12.0,5.0,0.0,null,null,null,null,null
warehouse_multi_robot_pick_pack_handover_008,handover_item,2026-01-15T09:17:05.000Z,complete,amr_1,amr,warehouse_multi_robot_pick_pack_handover_008_exec_14,done,72.2,12.0,5.0,0.0,null,null,null,null,null
warehouse_multi_robot_pick_pack_handover_008,pack_order,2026-01-15T09:17:06.000Z,start,arm_1,robotic_arm,warehouse_multi_robot_pick_pack_handover_008_exec_15,inprogress,95.7,12.0,5.0,0.0,null,null,null,null,null
warehouse_multi_robot_pick_pack_handover_008,pack_order,2026-01-15T09:17:43.000Z,null,arm_1,robotic_arm,warehouse_multi_robot_pick_pack_handover_008_exec_15,inprogress,95.3,12.0,5.0,0.0,null,null,null,null,null
warehouse_multi_robot_pick_pack_handover_008,pack_order,2026-01-15T09:18:20.000Z,null,arm_1,robotic_arm,warehouse_multi_robot_pick_pack_handover_008_exec_15,inprogress,94.9,12.0,5.0,0.0,null,null,null,null,null
warehouse_multi_robot_pick_pack_handover_008,pack_order,2026-01-15T09:18:58.000Z,complete,arm_1,robotic_arm,warehouse_multi_robot_pick_pack_handover_008_exec_15,done,94.5,12.0,5.0,0.0,null,null,null,null,null
warehouse_multi_robot_pick_pack_handover_008,dispatch,2026-01-15T09:18:59.000Z,start,amr_1,amr,warehouse_multi_robot_pick_pack_handover_008_exec_16,inprogress,72.2,12.0,5.0,0.0,null,null,null,null,null
warehouse_multi_robot_pick_pack_handover_008,dispatch,2026-01-15T09:19:31.000Z,null,amr_1,amr,warehouse_multi_robot_pick_pack_handover_008_exec_16,inprogress,71.7,10.0,4.25,0.0,null,null,null,null,null
warehouse_multi_robot_pick_pack_handover_008,dispatch,2026-01-15T09:20:03.000Z,null,amr_1,amr,warehouse_multi_robot_pick_pack_handover_008_exec_16,inprogress,71.1,8.0,3.5,0.0,null,null,null,null,null
warehouse_multi_robot_pick_pack_handover_008,dispatch,2026-01-15T09:20:35.000Z,null,amr_1,amr,warehouse_multi_robot_pick_pack_handover_008_exec_16,inprogress,70.5,6.0,2.75,0.0,null,null,null,null,null
warehouse_multi_robot_pick_pack_handover_008,dispatch,2026-01-15T09:21:08.000Z,complete,amr_1,amr,warehouse_multi_robot_pick_pack_handover_008_exec_16,done,69.9,4.0,2.0,0.0,null,null,null,null,null
warehouse_multi_robot_pick_pack_handover_009,receive_order,2026-01-15T09:24:00.000Z,start,amr_1,amr,warehouse_multi_robot_pick_pack_handover_009_exec_1,inprogress,87.0,0.0,0.0,0.0,null,null,null,null,null
warehouse_multi_robot_pick_pack_handover_009,receive_order,2026-01-15T09:24:22.000Z,complete,amr_1,amr,warehouse_multi_robot_pick_pack_handover_009_exec_1,done,86.6,0.0,0.0,0.0,null,null,null,null,null
warehouse_multi_robot_pick_pack_handover_009,send_task_assignment,2026-01-15T09:24:23.000Z,start,amr_1,amr,warehouse_multi_robot_pick_pack_handover_009_exec_2,inprogress,86.6,0.0,0.0,0.0,msg_bcb33e75ce,order_id assigned for picking,send,amr_1,arm_1
warehouse_multi_robot_pick_pack_handover_009,send_task_assignment,2026-01-15T09:24:30.000Z,complete,amr_1,amr,warehouse_multi_robot_pick_pack_handover_009_exec_2,done,86.4,0.0,0.0,0.0,msg_bcb33e75ce,order_id assigned for picking,send,amr_1,arm_1
warehouse_multi_robot_pick_pack_handover_009,receive_task_assignment,2026-01-15T09:24:34.000Z,start,arm_1,robotic_arm,warehouse_multi_robot_pick_pack_handover_009_exec_3,inprogress,92.4,12.0,5.0,0.0,msg_bcb33e75ce,order_id assigned for picking,receive,amr_1,arm_1
warehouse_multi_robot_pick_pack_handover_009,receive_task_assignment,2026-01-15T09:24:38.000Z,complete,arm_1,robotic_arm,warehouse_multi_robot_pick_pack_handover_009_exec_3,done,92.3,12.0,5.0,0.0,msg_bcb33e75ce,order_id assigned for picking,receive,amr_1,arm_1
warehouse_multi_robot_pick_pack_handover_009,navigate_to_shelf,2026-01-15T09:24:39.000Z,start,amr_1,amr,warehouse_multi_robot_pick_pack_handover_009_exec_4,inprogress,86.4,0.0,0.0,0.0,null,null,null,null,null
warehouse_multi_robot_pick_pack_handover_009,navigate_to_shelf,2026-01-15T09:25:30.000Z,null,amr_1,amr,warehouse_multi_robot_pick_pack_handover_009_exec_4,inprogress,85.5,6.02,3.53,0.0,null,null,null,null,null
warehouse_multi_robot_pick_pack_handover_009,navigate_to_shelf,2026-01-15T09:26:21.000Z,null,amr_1,amr,warehouse_multi_robot_pick_pack_handover_009_exec_4,inprogress,84.7,12.04,7.06,0.0,null,null,null,null,null
warehouse_multi_robot_pick_pack_handover_009,navigate_to_shelf,2026-01-15T09:27:12.000Z,null,amr_1,amr,warehouse_multi_robot_pick_pack_handover_009_exec_4,inprogress,83.8,18.07,10.58,0.0,null,null,null,null,null
warehouse_multi_robot_pick_pack_handover_009,navigate_to_shelf,2026-01-15T09:28:03.000Z,complete,amr_1,amr,warehouse_multi_robot_pick_pack_handover_009_exec_4,done,83.0,24.09,14.11,0.0,null,null,null,null,null
warehouse_multi_robot_pick_pack_handover_009,scan_bin,2026-01-15T09:28:04.000Z,start,amr_1,amr,warehouse_multi_robot_pick_pack_handover_009_exec_5,inprogress,83.0,24.09,14.11,0.0,null,null,null,null,null
warehouse_multi_robot_pick_pack_handover_009,scan_bin,2026-01-15T09:28:19.000Z,null,amr_1,amr,warehouse_multi_robot_pick_pack_handover_009_exec_5,inprogress,82.8,24.09,14.11,0.0,null,null,null,null,null
warehouse_multi_robot_pick_pack_handover_009,scan_bin,2026-01-15T09:28:35.000Z,complete,amr_1,amr,warehouse_multi_robot_pick_pack_handover_009_exec_5,done,82.5,24.09,14.11,0.0,null,null,null,null,null
warehouse_multi_robot_pick_pack_handover_009,send_shelf_confirmation,2026-01-15T09:28:36.000Z,start,amr_1,amr,warehouse_multi_robot_pick_pack_handover_009_exec_6,inprogress,82.5,24.09,14.11,0.0,msg_e41f34f75a,bin verified for pick,send,amr_1,arm_1
warehouse_multi_robot_pick_pack_handover_009,send_shelf_confirmation,2026-01-15T09:28:40.000Z,complete,amr_1,amr,warehouse_multi_robot_pick_pack_handover_009_exec_6,done,82.3,24.09,14.11,0.0,msg_e41f34f75a,bin verified for pick,send,amr_1,arm_1
warehouse_multi_robot_pick_pack_handover_009,receive_shelf_confirmation,2026-01-15T09:28:45.000Z,start,arm_1,robotic_arm,warehouse_multi_robot_pick_pack_handover_009_exec_7,inprogress,92.3,12.0,5.0,0.0,msg_e41f34f75a,bin verified for pick,receive,amr_1,arm_1
warehouse_multi_robot_pick_pack_handover_009,receive_shelf_confirmation,2026-01-15T09:28:49.000Z,complete,arm_1,robotic_arm,warehouse_multi_robot_pick_pack_handover_009_exec_7,done,92.2,12.0,5.0,0.0,msg_e41f34f75a,bin verified for pick,receive,amr_1,arm_1
warehouse_multi_robot_pick_pack_handover_009,pick_item,2026-01-15T09:28:50.000Z,start,arm_1,robotic_arm,warehouse_multi_robot_pick_pack_handover_009_exec_8,inprogress,92.2,12.0,5.0,0.0,null,null,null,null,null
warehouse_multi_robot_pick_pack_handover_009,pick_item,2026-01-15T09:29:13.000Z,null,arm_1,robotic_arm,warehouse_multi_robot_pick_pack_handover_009_exec_8,inprogress,91.7,12.0,5.0,0.0,null,null,null,null,null
warehouse_multi_robot_pick_pack_handover_009,pick_item,2026-01-15T09:29:36.000Z,complete,arm_1,robotic_arm,warehouse_multi_robot_pick_pack_handover_009_exec_8,done,91.3,12.0,5.0,0.0,null,null,null,null,null
warehouse_multi_robot_pick_pack_handover_009,send_handover_coordination,2026-01-15T09:29:37.000Z,start,arm_1,robotic_arm,warehouse_multi_robot_pick_pack_handover_009_exec_9,inprogress,91.3,12.0,5.0,0.0,msg_88efee6cb3,ready for handover at station,send,arm_1,amr_1
warehouse_multi_robot_pick_pack_handover_009,send_handover_coordination,2026-01-15T09:29:42.000Z,complete,arm_1,robotic_arm,warehouse_multi_robot_pick_pack_handover_009_exec_9,done,91.1,12.0,5.0,0.0,msg_88efee6cb3,ready for handover at station,send,arm_1,amr_1
warehouse_multi_robot_pick_pack_handover_009,receive_handover_coordination,2026-01-15T09:29:46.000Z,start,amr_1,amr,warehouse_multi_robot_pick_pack_handover_009_exec_10,inprogress,82.3,24.09,14.11,0.0,msg_88efee6cb3,ready for handover at station,receive,arm_1,amr_1
warehouse_multi_robot_pick_pack_handover_009,receive_handover_coordination,2026-01-15T09:29:50.000Z,complete,amr_1,amr,warehouse_multi_robot_pick_pack_handover_009_exec_10,done,82.2,24.09,14.11,0.0,msg_88efee6cb3,ready for handover at station,receive,arm_1,amr_1
warehouse_multi_robot_pick_pack_handover_009,navigate_to_handover,2026-01-15T09:29:51.000Z,start,amr_1,amr,warehouse_multi_robot_pick_pack_handover_009_exec_11,inprogress,82.2,24.09,14.11,0.0,null,null,null,null,null
warehouse_multi_robot_pick_pack_handover_009,navigate_to_handover,2026-01-15T09:31:05.000Z,null,amr_1,amr,warehouse_multi_robot_pick_pack_handover_009_exec_11,inprogress,81.3,18.04,9.56,0.0,null,null,null,null,null
warehouse_multi_robot_pick_pack_handover_009,navigate_to_handover,2026-01-15T09:32:19.000Z,complete,amr_1,amr,warehouse_multi_robot_pick_pack_handover_009_exec_11,done,80.3,12.0,5.0,0.0,null,null,null,null,null
warehouse_multi_robot_pick_pack_handover_009,handover_item,2026-01-15T09:32:20.000Z,start,arm_1,robotic_arm,warehouse_multi_robot_pick_pack_handover_009_exec_12,inprogress,91.1,12.0,5.0,0.0,null,null,null,null,null
warehouse_multi_robot_pick_pack_handover_009,handover_item,2026-01-15T09:33:20.000Z,complete,arm_1,robotic_arm,warehouse_multi_robot_pick_pack_handover_009_exec_12,done,90.6,12.0,5.0,0.0,null,null,null,null,null
warehouse_multi_robot_pick_pack_handover_009,handover_item,2026-01-15T09:33:21.000Z,start,amr_1,amr,warehouse_multi_robot_pick_pack_handover_009_exec_13,inprogress,80.3,12.0,5.0,0.0,null,null,null,null,null
warehouse_multi_robot_pick_pack_handover_009,handover_item,2026-01-15T09:33:40.000Z,complete,amr_1,amr,warehouse_multi_robot_pick_pack_handover_009_exec_13,done,79.9,12.0,5.0,0.0,null,null,null,null,null
warehouse_multi_robot_pick_pack_handover_009,pack_order,2026-01-15T09:33:41.000Z,start,arm_1,robotic_arm,warehouse_multi_robot_pick_pack_handover_009_exec_14,inprogress,90.6,12.0,5.0,0.0,null,null,null,null,null
warehouse_multi_robot_pick_pack_handover_009,pack_order,2026-01-15T09:34:24.000Z,null,arm_1,robotic_arm,warehouse_multi_robot_pick_pack_handover_009_exec_14,inprogress,90.1,12.0,5.0,0.0,null,null,null,null,null
warehouse_multi_robot_pick_pack_handover_009,pack_order,2026-01-15T09:35:07.000Z,null,arm_1,robotic_arm,warehouse_multi_robot_pick_pack_handover_009_exec_14,inprogress,89.7,12.0,5.0,0.0,null,null,null,null,null
warehouse_multi_robot_pick_pack_handover_009,pack_order,2026-01-15T09:35:50.000Z,complete,arm_1,robotic_arm,warehouse_multi_robot_pick_pack_handover_009_exec_14,done,89.2,12.0,5.0,0.0,null,null,null,null,null
warehouse_multi_robot_pick_pack_handover_009,dispatch,2026-01-15T09:35:51.000Z,start,amr_1,amr,warehouse_multi_robot_pick_pack_handover_009_exec_15,inprogress,79.9,12.0,5.0,0.0,null,null,null,null,null
warehouse_multi_robot_pick_pack_handover_009,dispatch,2026-01-15T09:36:49.000Z,null,amr_1,amr,warehouse_multi_robot_pick_pack_handover_009_exec_15,inprogress,78.7,8.0,3.5,0.0,null,null,null,null,null
warehouse_multi_robot_pick_pack_handover_009,dispatch,2026-01-15T09:37:48.000Z,complete,amr_1,amr,warehouse_multi_robot_pick_pack_handover_009_exec_15,done,77.6,4.0,2.0,0.0,null,null,null,null,null
warehouse_multi_robot_pick_pack_handover_010,receive_order,2026-01-15T09:42:00.000Z,start,amr_1,amr,warehouse_multi_robot_pick_pack_handover_010_exec_1,inprogress,86.3,0.0,0.0,0.0,null,null,null,null,null
warehouse_multi_robot_pick_pack_handover_010,receive_order,2026-01-15T09:42:27.000Z,complete,amr_1,amr,warehouse_multi_robot_pick_pack_handover_010_exec_1,done,86.0,0.0,0.0,0.0,null,null,null,null,null
warehouse_multi_robot_pick_pack_handover_010,send_task_assignment,2026-01-15T09:42:28.000Z,start,amr_1,amr,warehouse_multi_robot_pick_pack_handover_010_exec_2,inprogress,86.0,0.0,0.0,0.0,msg_7d113939e8,order_id assigned for picking,send,amr_1,arm_1
warehouse_multi_robot_pick_pack_handover_010,send_task_assignment,2026-01-15T09:42:36.000Z,complete,amr_1,amr,warehouse_multi_robot_pick_pack_handover_010_exec_2,done,85.8,0.0,0.0,0.0,msg_7d113939e8,order_id assigned for picking,send,amr_1,arm_1
warehouse_multi_robot_pick_pack_handover_010,receive_task_assignment,2026-01-15T09:42:40.000Z,start,arm_1,robotic_arm,warehouse_multi_robot_pick_pack_handover_010_exec_3,inprogress,100.0,12.0,5.0,0.0,msg_7d113939e8,order_id assigned for picking,receive,amr_1,arm_1
warehouse_multi_robot_pick_pack_handover_010,receive_task_assignment,2026-01-15T09:42:44.000Z,complete,arm_1,robotic_arm,warehouse_multi_robot_pick_pack_handover_010_exec_3,done,99.9,12.0,5.0,0.0,msg_7d113939e8,order_id assigned for picking,receive,amr_1,arm_1
warehouse_multi_robot_pick_pack_handover_010,navigate_to_shelf,2026-01-15T09:42:45.000Z,start,amr_1,amr,warehouse_multi_robot_pick_pack_handover_010_exec_4,inprogress,85.8,0.0,0.0,0.0,null,null,null,null,null
warehouse_multi_robot_pick_pack_handover_010,navigate_to_shelf,2026-01-15T09:43:32.000Z,null,amr_1,amr,warehouse_multi_robot_pick_pack_handover_010_exec_4,inprogress,85.1,6.83,2.59,0.0,null,null,null,null,null
warehouse_multi_robot_pick_pack_handover_010,navigate_to_shelf,2026-01-15T09:44:19.000Z,null,amr_1,amr,warehouse_multi_robot_pick_pack_handover_010_exec_4,inprogress,84.4,13.65,5.18,0.0,null,null,null,null,null
warehouse_multi_robot_pick_pack_handover_010,navigate_to_shelf,2026-01-15T09:45:06.000Z,null,amr_1,amr,warehouse_multi_robot_pick_pack_handover_010_exec_4,inprogress,83.7,20.48,7.77,0.0,null,null,null,null,null
warehouse_multi_robot_pick_pack_handover_010,navigate_to_shelf,2026-01-15T09:45:53.000Z,null,amr_1,amr,warehouse_multi_robot_pick_pack_handover_010_exec_4,inprogress,83.0,27.3,10.36,0.0,null,null,null,null,null
warehouse_multi_robot_pick_pack_handover_010,navigate_to_shelf,2026-01-15T09:46:43.000Z,complete,amr_1,amr,warehouse_multi_robot_pick_pack_handover_010_exec_4,done,82.3,34.13,12.95,0.0,null,null,null,null,null
warehouse_multi_robot_pick_pack_handover_010,scan_bin,2026-01-15T09:46:44.000Z,start,amr_1,amr,warehouse_multi_robot_pick_pack_handover_010_exec_5,inprogress,82.3,34.13,12.95,0.0,null,null,null,null,null
warehouse_multi_robot_pick_pack_handover_010,scan_bin,2026-01-15T09:47:00.000Z,null,amr_1,amr,warehouse_multi_robot_pick_pack_handover_010_exec_5,inprogress,82.1,34.13,12.95,0.0,null,null,null,null,null
warehouse_multi_robot_pick_pack_handover_010,scan_bin,2026-01-15T09:47:16.000Z,complete,amr_1,amr,warehouse_multi_robot_pick_pack_handover_010_exec_5,done,81.8,34.13,12.95,0.0,null,null,null,null,null
warehouse_multi_robot_pick_pack_handover_010,send_shelf_confirmation,2026-01-15T09:47:17.000Z,start,amr_1,amr,warehouse_multi_robot_pick_pack_handover_010_exec_6,inprogress,81.8,34.13,12.95,0.0,msg_f3d69182fb,bin verified for pick,send,amr_1,arm_1
warehouse_multi_robot_pick_pack_handover_010,send_shelf_confirmation,2026-01-15T09:47:22.000Z,complete,amr_1,amr,warehouse_multi_robot_pick_pack_handover_010_exec_6,done,81.6,34.13,12.95,0.0,msg_f3d69182fb,bin verified for pick,send,amr_1,arm_1
warehouse_multi_robot_pick_pack_handover_010,receive_shelf_confirmation,2026-01-15T09:47:27.000Z,start,arm_1,robotic_arm,warehouse_multi_robot_pick_pack_handover_010_exec_7,inprogress,99.9,12.0,5.0,0.0,msg_f3d69182fb,bin verified for pick,receive,amr_1,arm_1
warehouse_multi_robot_pick_pack_handover_010,receive_shelf_confirmation,2026-01-15T09:47:31.000Z,complete,arm_1,robotic_arm,warehouse_multi_robot_pick_pack_handover_010_exec_7,done,99.8,12.0,5.0,0.0,msg_f3d69182fb,bin verified for pick,receive,amr_1,arm_1
warehouse_multi_robot_pick_pack_handover_010,pick_item,2026-01-15T09:47:32.000Z,start,arm_1,robotic_arm,warehouse_multi_robot_pick_pack_handover_010_exec_8,inprogress,99.8,12.0,5.0,0.0,null,null,null,null,null
warehouse_multi_robot_pick_pack_handover_010,pick_item,2026-01-15T09:48:16.000Z,null,arm_1,robotic_arm,warehouse_multi_robot_pick_pack_handover_010_exec_8,inprogress,99.4,12.0,5.0,0.0,null,null,null,null,null
warehouse_multi_robot_pick_pack_handover_010,pick_item,2026-01-15T09:49:01.000Z,complete,arm_1,robotic_arm,warehouse_multi_robot_pick_pack_handover_010_exec_8,done,98.9,12.0,5.0,0.0,null,null,null,null,null
warehouse_multi_robot_pick_pack_handover_010,send_handover_coordination,2026-01-15T09:49:02.000Z,start,arm_1,robotic_arm,warehouse_multi_robot_pick_pack_handover_010_exec_9,inprogress,98.9,12.0,5.0,0.0,msg_ccc757c9eb,ready for handover at station,send,arm_1,amr_1
warehouse_multi_robot_pick_pack_handover_010,send_handover_coordination,2026-01-15T09:49:07.000Z,complete,arm_1,robotic_arm,warehouse_multi_robot_pick_pack_handover_010_exec_9,done,98.7,12.0,5.0,0.0,msg_ccc757c9eb,ready for handover at station,send,arm_1,amr_1
warehouse_multi_robot_pick_pack_handover_010,receive_handover_coordination,2026-01-15T09:49:11.000Z,start,amr_1,amr,warehouse_multi_robot_pick_pack_handover_010_exec_10,inprogress,81.6,34.13,12.95,0.0,msg_ccc757c9eb,ready for handover at station,receive,arm_1,amr_1
warehouse_multi_robot_pick_pack_handover_010,receive_handover_coordination,2026-01-15T09:49:15.000Z,complete,amr_1,amr,warehouse_multi_robot_pick_pack_handover_010_exec_10,done,81.5,34.13,12.95,0.0,msg_ccc757c9eb,ready for handover at station,receive,arm_1,amr_1
warehouse_multi_robot_pick_pack_handover_010,navigate_to_handover,2026-01-15T09:49:16.000Z,start,amr_1,amr,warehouse_multi_robot_pick_pack_handover_010_exec_11,inprogress,81.5,34.13,12.95,0.0,null,null,null,null,null
warehouse_multi_robot_pick_pack_handover_010,navigate_to_handover,2026-01-15T09:50:24.000Z,null,amr_1,amr,warehouse_multi_robot_pick_pack_handover_010_exec_11,inprogress,80.6,23.07,8.97,0.0,null,null,null,null,null
warehouse_multi_robot_pick_pack_handover_010,navigate_to_handover,2026-01-15T09:51:33.000Z,complete,amr_1,amr,warehouse_multi_robot_pick_pack_handover_010_exec_11,done,79.7,12.0,5.0,0.0,null,null,null,null,null
warehouse_multi_robot_pick_pack_handover_010,handover_item,2026-01-15T09:51:34.000Z,start,arm_1,robotic_arm,warehouse_multi_robot_pick_pack_handover_010_exec_12,inprogress,98.7,12.0,5.0,0.0,null,null,null,null,null
warehouse_multi_robot_pick_pack_handover_010,handover_item,2026-01-15T09:52:30.000Z,complete,arm_1,robotic_arm,warehouse_multi_robot_pick_pack_handover_010_exec_12,done,98.2,12.0,5.0,0.0,null,null,null,null,null
warehouse_multi_robot_pick_pack_handover_010,handover_item,2026-01-15T09:52:31.000Z,start,amr_1,amr,warehouse_multi_robot_pick_pack_handover_010_exec_13,inprogress,79.7,12.0,5.0,0.0,null,null,null,null,null
warehouse_multi_robot_pick_pack_handover_010,handover_item,2026-01-15T09:52:55.000Z,null,amr_1,amr,warehouse_multi_robot_pick_pack_handover_010_exec_13,inprogress,79.6,12.0,5.0,0.0,null,null,null,null,null
warehouse_multi_robot_pick_pack_handover_010,handover_item,2026-01-15T09:53:19.000Z,complete,amr_1,amr,warehouse_multi_robot_pick_pack_handover_010_exec_13,done,79.5,12.0,5.0,0.0,null,null,null,null,null
warehouse_multi_robot_pick_pack_handover_010,pack_order,2026-01-15T09:53:20.000Z,start,arm_1,robotic_arm,warehouse_multi_robot_pick_pack_handover_010_exec_14,inprogress,98.2,12.0,5.0,0.0,null,null,null,null,null
warehouse_multi_robot_pick_pack_handover_010,pack_order,2026-01-15T09:54:18.000Z,null,arm_1,robotic_arm,warehouse_multi_robot_pick_pack_handover_010_exec_14,inprogress,97.9,12.0,5.0,0.0,null,null,null,null,null
warehouse_multi_robot_pick_pack_handover_010,pack_order,2026-01-15T09:55:17.000Z,complete,arm_1,robotic_arm,warehouse_multi_robot_pick_pack_handover_010_exec_14,done,97.6,12.0,5.0,0.0,null,null,null,null,null
warehouse_multi_robot_pick_pack_handover_010,dispatch,2026-01-15T09:55:18.000Z,start,amr_1,amr,warehouse_multi_robot_pick_pack_handover_010_exec_15,inprogress,79.5,12.0,5.0,0.0,null,null,null,null,null
warehouse_multi_robot_pick_pack_handover_010,dispatch,2026-01-15T09:56:26.000Z,null,amr_1,amr,warehouse_multi_robot_pick_pack_handover_010_exec_15,inprogress,78.9,8.0,3.5,0.0,null,null,null,null,null
warehouse_multi_robot_pick_pack_handover_010,dispatch,2026-01-15T09:57:35.000Z,complete,amr_1,amr,warehouse_multi_robot_pick_pack_handover_010_exec_15,done,78.2,4.0,2.0,0.0,null,null,null,null,null
warehouse_multi_robot_pick_pack_handover_011,receive_order,2026-01-15T10:00:00.000Z,start,amr_1,amr,warehouse_multi_robot_pick_pack_handover_011_exec_1,inprogress,76.2,0.0,0.0,0.0,null,null,null,null,null
warehouse_multi_robot_pick_pack_handover_011,receive_order,2026-01-15T10:00:23.000Z,complete,amr_1,amr,warehouse_multi_robot_pick_pack_handover_011_exec_1,done,76.0,0.0,0.0,0.0,null,null,null,null,null
warehouse_multi_robot_pick_pack_handover_011,send_task_assignment,2026-01-15T10:00:24.000Z,start,amr_1,amr,warehouse_multi_robot_pick_pack_handover_011_exec_2,inprogress,76.0,0.0,0.0,0.0,msg_4f4d8fe476,order_id assigned for picking,send,amr_1,arm_1
warehouse_multi_robot_pick_pack_handover_011,send_task_assignment,2026-01-15T10:00:30.000Z,complete,amr_1,amr,warehouse_multi_robot_pick_pack_handover_011_exec_2,done,75.8,0.0,0.0,0.0,msg_4f4d8fe476,order_id assigned for picking,send,amr_1,arm_1
warehouse_multi_robot_pick_pack_handover_011,receive_task_assignment,2026-01-15T10:00:34.000Z,start,arm_1,robotic_arm,warehouse_multi_robot_pick_pack_handover_011_exec_3,inprogress,98.9,12.0,5.0,0.0,msg_4f4d8fe476,order_id assigned for picking,receive,amr_1,arm_1
warehouse_multi_robot_pick_pack_handover_011,receive_task_assignment,2026-01-15T10:00:38.000Z,complete,arm_1,robotic_arm,warehouse_multi_robot_pick_pack_handover_011_exec_3,done,98.8,12.0,5.0,0.0,msg_4f4d8fe476,order_id assigned for picking,receive,amr_1,arm_1
warehouse_multi_robot_pick_pack_handover_011,navigate_to_shelf,2026-01-15T10:00:39.000Z,start,amr_1,amr,warehouse_multi_robot_pick_pack_handover_011_exec_4,inprogress,75.8,0.0,0.0,0.0,null,null,null,null,null
warehouse_multi_robot_pick_pack_handover_011,navigate_to_shelf,2026-01-15T10:01:17.000Z,null,amr_1,amr,warehouse_multi_robot_pick_pack_handover_011_exec_4,inprogress,75.2,4.05,4.89,0.0,null,null,null,null,null
warehouse_multi_robot_pick_pack_handover_011,navigate_to_shelf,2026-01-15T10:01:55.000Z,null,amr_1,amr,warehouse_multi_robot_pick_pack_handover_011_exec_4,inprogress,74.7,8.11,9.79,0.0,null,null,null,null,null
warehouse_multi_robot_pick_pack_handover_011,navigate_to_shelf,2026-01-15T10:02:33.000Z,null,amr_1,amr,warehouse_multi_robot_pick_pack_handover_011_exec_4,inprogress,74.1,12.16,14.68,0.0,null,null,null,null,null
warehouse_multi_robot_pick_pack_handover_011,navigate_to_shelf,2026-01-15T10:03:11.000Z,null,amr_1,amr,warehouse_multi_robot_pick_pack_handover_011_exec_4,inprogress,73.6,16.22,19.57,0.0,null,null,null,null,null
warehouse_multi_robot_pick_pack_handover_011,navigate_to_shelf,2026-01-15T10:03:49.000Z,complete,amr_1,amr,warehouse_multi_robot_pick_pack_handover_011_exec_4,done,73.0,20.27,24.46,0.0,null,null,null,null,null
warehouse_multi_robot_pick_pack_handover_011,scan_bin,2026-01-15T10:03:50.000Z,start,amr_1,amr,warehouse_multi_robot_pick_pack_handover_011_exec_5,inprogress,73.0,20.27,24.46,0.0,null,null,null,null,null
warehouse_multi_robot_pick_pack_handover_011,scan_bin,2026-01-15T10:04:27.000Z,complete,amr_1,amr,warehouse_multi_robot_pick_pack_handover_011_exec_5,done,72.6,20.27,24.46,0.0,null,null,null,null,null
warehouse_multi_robot_pick_pack_handover_011,send_shelf_confirmation,2026-01-15T10:04:28.000Z,start,amr_1,amr,warehouse_multi_robot_pick_pack_handover_011_exec_6,inprogress,72.6,20.27,24.46,0.0,msg_3deea3de20,bin verified for pick,send,amr_1,arm_1
warehouse_multi_robot_pick_pack_handover_011,send_shelf_confirmation,2026-01-15T10:04:35.000Z,complete,amr_1,amr,warehouse_multi_robot_pick_pack_handover_011_exec_6,done,72.4,20.27,24.46,0.0,msg_3deea3de20,bin verified for pick,send,amr_1,arm_1
warehouse_multi_robot_pick_pack_handover_011,receive_shelf_confirmation,2026-01-15T10:04:40.000Z,start,arm_1,robotic_arm,warehouse_multi_robot_pick_pack_handover_011_exec_7,inprogress,98.8,12.0,5.0,0.0,msg_3deea3de20,bin verified for pick,receive,amr_1,arm_1
warehouse_multi_robot_pick_pack_handover_011,receive_shelf_confirmation,2026-01-15T10:04:44.000Z,complete,arm_1,robotic_arm,warehouse_multi_robot_pick_pack_handover_011_exec_7,done,98.7,12.0,5.0,0.0,msg_3deea3de20,bin verified for pick,receive,amr_1,arm_1
warehouse_multi_robot_pick_pack_handover_011,pick_item,2026-01-15T10:04:45.000Z,start,arm_1,robotic_arm,warehouse_multi_robot_pick_pack_handover_011_exec_8,inprogress,98.7,12.0,5.0,0.0,null,null,null,null,null
warehouse_multi_robot_pick_pack_handover_011,pick_item,2026-01-15T10:05:14.000Z,null,arm_1,robotic_arm,warehouse_multi_robot_pick_pack_handover_011_exec_8,inprogress,98.3,12.0,5.0,0.0,null,null,null,null,null
warehouse_multi_robot_pick_pack_handover_011,pick_item,2026-01-15T10:05:43.000Z,complete,arm_1,robotic_arm,warehouse_multi_robot_pick_pack_handover_011_exec_8,done,98.0,12.0,5.0,0.0,null,null,null,null,null
warehouse_multi_robot_pick_pack_handover_011,send_handover_coordination,2026-01-15T10:05:44.000Z,start,arm_1,robotic_arm,warehouse_multi_robot_pick_pack_handover_011_exec_9,inprogress,98.0,12.0,5.0,0.0,msg_fade995450,ready for handover at station,send,arm_1,amr_1
warehouse_multi_robot_pick_pack_handover_011,send_handover_coordination,2026-01-15T10:05:51.000Z,complete,arm_1,robotic_arm,warehouse_multi_robot_pick_pack_handover_011_exec_9,done,97.8,12.0,5.0,0.0,msg_fade995450,ready for handover at station,send,arm_1,amr_1
warehouse_multi_robot_pick_pack_handover_011,receive_handover_coordination,2026-01-15T10:06:49.000Z,start,amr_1,amr,warehouse_multi_robot_pick_pack_handover_011_exec_10,inprogress,72.4,20.27,24.46,0.0,msg_fade995450,ready for handover at station,receive,arm_1,amr_1
warehouse_multi_robot_pick_pack_handover_011,receive_handover_coordination,2026-01-15T10:06:53.000Z,complete,amr_1,amr,warehouse_multi_robot_pick_pack_handover_011_exec_10,done,72.3,20.27,24.46,0.0,msg_fade995450,ready for handover at station,receive,arm_1,amr_1
warehouse_multi_robot_pick_pack_handover_011,queue_wait,2026-01-15T10:06:54.000Z,start,amr_1,amr,warehouse_multi_robot_pick_pack_handover_011_exec_11,inprogress,72.3,20.27,24.46,0.0,null,null,null,null,null
warehouse_multi_robot_pick_pack_handover_011,queue_wait,2026-01-15T10:07:31.000Z,null,amr_1,amr,warehouse_multi_robot_pick_pack_handover_011_exec_11,inprogress,72.2,20.27,24.46,0.0,null,null,null,null,null
warehouse_multi_robot_pick_pack_handover_011,queue_wait,2026-01-15T10:08:08.000Z,null,amr_1,amr,warehouse_multi_robot_pick_pack_handover_011_exec_11,inprogress,72.0,20.27,24.46,0.0,null,null,null,null,null
warehouse_multi_robot_pick_pack_handover_011,queue_wait,2026-01-15T10:08:45.000Z,complete,amr_1,amr,warehouse_multi_robot_pick_pack_handover_011_exec_11,done,71.9,20.27,24.46,0.0,null,null,null,null,null
warehouse_multi_robot_pick_pack_handover_011,navigate_to_handover,2026-01-15T10:08:46.000Z,start,amr_1,amr,warehouse_multi_robot_pick_pack_handover_011_exec_12,inprogress,71.9,20.27,24.46,0.0,null,null,null,null,null
warehouse_multi_robot_pick_pack_handover_011,navigate_to_handover,2026-01-15T10:09:27.000Z,null,amr_1,amr,warehouse_multi_robot_pick_pack_handover_011_exec_12,inprogress,70.9,17.51,17.98,0.0,null,null,null,null,null
warehouse_multi_robot_pick_pack_handover_011,navigate_to_handover,2026-01-15T10:10:08.000Z,null,amr_1,amr,warehouse_multi_robot_pick_pack_handover_011_exec_12,inprogress,69.9,14.76,11.49,0.0,null,null,null,null,null
warehouse_multi_robot_pick_pack_handover_011,navigate_to_handover,2026-01-15T10:10:50.000Z,complete,amr_1,amr,warehouse_multi_robot_pick_pack_handover_011_exec_12,done,68.8,12.0,5.0,0.0,null,null,null,null,null
warehouse_multi_robot_pick_pack_handover_011,handover_item,2026-01-15T10:10:51.000Z,start,arm_1,robotic_arm,warehouse_multi_robot_pick_pack_handover_011_exec_13,inprogress,97.8,12.0,5.0,0.0,null,null,null,null,null
warehouse_multi_robot_pick_pack_handover_011,handover_item,2026-01-15T10:11:49.000Z,complete,arm_1,robotic_arm,warehouse_multi_robot_pick_pack_handover_011_exec_13,done,97.4,12.0,5.0,0.0,null,null,null,null,null
warehouse_multi_robot_pick_pack_handover_011,handover_item,2026-01-15T10:11:50.000Z,start,amr_1,amr,warehouse_multi_robot_pick_pack_handover_011_exec_14,inprogress,68.8,12.0,5.0,0.0,null,null,null,null,null
warehouse_multi_robot_pick_pack_handover_011,handover_item,2026-01-15T10:12:03.000Z,null,amr_1,amr,warehouse_multi_robot_pick_pack_handover_011_exec_14,inprogress,68.7,12.0,5.0,0.0,null,null,null,null,null
warehouse_multi_robot_pick_pack_handover_011,handover_item,2026-01-15T10:12:16.000Z,complete,amr_1,amr,warehouse_multi_robot_pick_pack_handover_011_exec_14,done,68.6,12.0,5.0,0.0,null,null,null,null,null
warehouse_multi_robot_pick_pack_handover_011,pack_order,2026-01-15T10:12:17.000Z,start,arm_1,robotic_arm,warehouse_multi_robot_pick_pack_handover_011_exec_15,inprogress,97.4,12.0,5.0,0.0,null,null,null,null,null
warehouse_multi_robot_pick_pack_handover_011,pack_order,2026-01-15T10:12:33.000Z,null,arm_1,robotic_arm,warehouse_multi_robot_pick_pack_handover_011_exec_15,inprogress,97.1,12.0,5.0,0.0,null,null,null,null,null
warehouse_multi_robot_pick_pack_handover_011,pack_order,2026-01-15T10:12:49.000Z,null,arm_1,robotic_arm,warehouse_multi_robot_pick_pack_handover_011_exec_15,inprogress,96.8,12.0,5.0,0.0,null,null,null,null,null
warehouse_multi_robot_pick_pack_handover_011,pack_order,2026-01-15T10:13:05.000Z,null,arm_1,robotic_arm,warehouse_multi_robot_pick_pack_handover_011_exec_15,inprogress,96.4,12.0,5.0,0.0,null,null,null,null,null
warehouse_multi_robot_pick_pack_handover_011,pack_order,2026-01-15T10:13:21.000Z,complete,arm_1,robotic_arm,warehouse_multi_robot_pick_pack_handover_011_exec_15,done,96.1,12.0,5.0,0.0,null,null,null,null,null
warehouse_multi_robot_pick_pack_handover_011,dispatch,2026-01-15T10:13:22.000Z,start,amr_1,amr,warehouse_multi_robot_pick_pack_handover_011_exec_16,inprogress,68.6,12.0,5.0,0.0,null,null,null,null,null
warehouse_multi_robot_pick_pack_handover_011,dispatch,2026-01-15T10:14:20.000Z,null,amr_1,amr,warehouse_multi_robot_pick_pack_handover_011_exec_16,inprogress,67.8,8.0,3.5,0.0,null,null,null,null,null
warehouse_multi_robot_pick_pack_handover_011,dispatch,2026-01-15T10:15:19.000Z,complete,amr_1,amr,warehouse_multi_robot_pick_pack_handover_011_exec_16,done,67.0,4.0,2.0,0.0,null,null,null,null,null
warehouse_multi_robot_pick_pack_handover_012,receive_order,2026-01-15T10:18:00.000Z,start,amr_1,amr,warehouse_multi_robot_pick_pack_handover_012_exec_1,inprogress,80.9,0.0,0.0,0.0,null,null,null,null,null
warehouse_multi_robot_pick_pack_handover_012,receive_order,2026-01-15T10:18:15.000Z,complete,amr_1,amr,warehouse_multi_robot_pick_pack_handover_012_exec_1,done,80.6,0.0,0.0,0.0,null,null,null,null,null
warehouse_multi_robot_pick_pack_handover_012,send_task_assignment,2026-01-15T10:18:16.000Z,start,amr_1,amr,warehouse_multi_robot_pick_pack_handover_012_exec_2,inprogress,80.6,0.0,0.0,0.0,msg_068ab07bb8,order_id assigned for picking,send,amr_1,arm_1
warehouse_multi_robot_pick_pack_handover_012,send_task_assignment,2026-01-15T10:18:23.000Z,complete,amr_1,amr,warehouse_multi_robot_pick_pack_handover_012_exec_2,done,80.4,0.0,0.0,0.0,msg_068ab07bb8,order_id assigned for picking,send,amr_1,arm_1
warehouse_multi_robot_pick_pack_handover_012,receive_task_assignment,2026-01-15T10:18:27.000Z,start,arm_1,robotic_arm,warehouse_multi_robot_pick_pack_handover_012_exec_3,inprogress,96.6,12.0,5.0,0.0,msg_068ab07bb8,order_id assigned for picking,receive,amr_1,arm_1
warehouse_multi_robot_pick_pack_handover_012,receive_task_assignment,2026-01-15T10:18:31.000Z,complete,arm_1,robotic_arm,warehouse_multi_robot_pick_pack_handover_012_exec_3,done,96.5,12.0,5.0,0.0,msg_068ab07bb8,order_id assigned for picking,receive,amr_1,arm_1
warehouse_multi_robot_pick_pack_handover_012,navigate_to_shelf,2026-01-15T10:18:32.000Z,start,amr_1,amr,warehouse_multi_robot_pick_pack_handover_012_exec_4,inprogress,80.4,0.0,0.0,0.0,null,null,null,null,null
warehouse_multi_robot_pick_pack_handover_012,navigate_to_shelf,2026-01-15T10:19:47.000Z,null,amr_1,amr,warehouse_multi_robot_pick_pack_handover_012_exec_4,inprogress,79.5,9.51,6.01,0.0,null,null,null,null,null
warehouse_multi_robot_pick_pack_handover_012,navigate_to_shelf,2026-01-15T10:21:02.000Z,null,amr_1,amr,warehouse_multi_robot_pick_pack_handover_012_exec_4,inprogress,78.5,19.03,12.03,0.0,null,null,null,null,null
warehouse_multi_robot_pick_pack_handover_012,navigate_to_shelf,2026-01-15T10:22:17.000Z,complete,amr_1,amr,warehouse_multi_robot_pick_pack_handover_012_exec_4,done,77.6,28.54,18.04,0.0,null,null,null,null,null
warehouse_multi_robot_pick_pack_handover_012,scan_bin,2026-01-15T10:22:18.000Z,start,amr_1,amr,warehouse_multi_robot_pick_pack_handover_012_exec_5,inprogress,77.6,28.54,18.04,0.0,null,null,null,null,null
warehouse_multi_robot_pick_pack_handover_012,scan_bin,2026-01-15T10:22:42.000Z,complete,amr_1,amr,warehouse_multi_robot_pick_pack_handover_012_exec_5,done,77.4,28.54,18.04,0.0,null,null,null,null,null
warehouse_multi_robot_pick_pack_handover_012,send_shelf_confirmation,2026-01-15T10:22:43.000Z,start,amr_1,amr,warehouse_multi_robot_pick_pack_handover_012_exec_6,inprogress,77.4,28.54,18.04,0.0,msg_602f4f5837,bin verified for pick,send,amr_1,arm_1
warehouse_multi_robot_pick_pack_handover_012,send_shelf_confirmation,2026-01-15T10:22:51.000Z,complete,amr_1,amr,warehouse_multi_robot_pick_pack_handover_012_exec_6,done,77.2,28.54,18.04,0.0,msg_602f4f5837,bin verified for pick,send,amr_1,arm_1
warehouse_multi_robot_pick_pack_handover_012,receive_shelf_confirmation,2026-01-15T10:22:56.000Z,start,arm_1,robotic_arm,warehouse_multi_robot_pick_pack_handover_012_exec_7,inprogress,96.5,12.0,5.0,0.0,msg_602f4f5837,bin verified for pick,receive,amr_1,arm_1
warehouse_multi_robot_pick_pack_handover_012,receive_shelf_confirmation,2026-01-15T10:23:00.000Z,complete,arm_1,robotic_arm,warehouse_multi_robot_pick_pack_handover_012_exec_7,done,96.4,12.0,5.0,0.0,msg_602f4f5837,bin verified for pick,receive,amr_1,arm_1
warehouse_multi_robot_pick_pack_handover_012,pick_item,2026-01-15T10:23:01.000Z,start,arm_1,robotic_arm,warehouse_multi_robot_pick_pack_handover_012_exec_8,inprogress,96.4,12.0,5.0,0.0,null,null,null,null,null
warehouse_multi_robot_pick_pack_handover_012,pick_item,2026-01-15T10:23:19.000Z,null,arm_1,robotic_arm,warehouse_multi_robot_pick_pack_handover_012_exec_8,inprogress,96.2,12.0,5.0,0.0,null,null,null,null,null
warehouse_multi_robot_pick_pack_handover_012,pick_item,2026-01-15T10:23:38.000Z,complete,arm_1,robotic_arm,warehouse_multi_robot_pick_pack_handover_012_exec_8,done,96.0,12.0,5.0,0.0,null,null,null,null,null
warehouse_multi_robot_pick_pack_handover_012,send_handover_coordination,2026-01-15T10:23:39.000Z,start,arm_1,robotic_arm,warehouse_multi_robot_pick_pack_handover_012_exec_9,inprogress,96.0,12.0,5.0,0.0,msg_73c46ee441,ready for handover at station,send,arm_1,amr_1
warehouse_multi_robot_pick_pack_handover_012,send_handover_coordination,2026-01-15T10:23:45.000Z,complete,arm_1,robotic_arm,warehouse_multi_robot_pick_pack_handover_012_exec_9,done,95.8,12.0,5.0,0.0,msg_73c46ee441,ready for handover at station,send,arm_1,amr_1
warehouse_multi_robot_pick_pack_handover_012,receive_handover_coordination,2026-01-15T10:24:40.000Z,start,amr_1,amr,warehouse_multi_robot_pick_pack_handover_012_exec_10,inprogress,77.2,28.54,18.04,0.0,msg_73c46ee441,ready for handover at station,receive,arm_1,amr_1
warehouse_multi_robot_pick_pack_handover_012,receive_handover_coordination,2026-01-15T10:24:44.000Z,complete,amr_1,amr,warehouse_multi_robot_pick_pack_handover_012_exec_10,done,77.1,28.54,18.04,0.0,msg_73c46ee441,ready for handover at station,receive,arm_1,amr_1
warehouse_multi_robot_pick_pack_handover_012,queue_wait,2026-01-15T10:24:45.000Z,start,amr_1,amr,warehouse_multi_robot_pick_pack_handover_012_exec_11,inprogress,77.1,28.54,18.04,0.0,null,null,null,null,null
warehouse_multi_robot_pick_pack_handover_012,queue_wait,2026-01-15T10:25:22.000Z,null,amr_1,amr,warehouse_multi_robot_pick_pack_handover_012_exec_11,inprogress,76.9,28.54,18.04,0.0,null,null,null,null,null
warehouse_multi_robot_pick_pack_handover_012,queue_wait,2026-01-15T10:25:59.000Z,null,amr_1,amr,warehouse_multi_robot_pick_pack_handover_012_exec_11,inprogress,76.7,28.54,18.04,0.0,null,null,null,null,null
warehouse_multi_robot_pick_pack_handover_012,queue_wait,2026-01-15T10:26:36.000Z,complete,amr_1,amr,warehouse_multi_robot_pick_pack_handover_012_exec_11,done,76.5,28.54,18.04,0.0,null,null,null,null,null
warehouse_multi_robot_pick_pack_handover_012,navigate_to_handover,2026-01-15T10:26:37.000Z,start,amr_1,amr,warehouse_multi_robot_pick_pack_handover_012_exec_12,inprogress,76.5,28.54,18.04,0.0,null,null,null,null,null
warehouse_multi_robot_pick_pack_handover_012,navigate_to_handover,2026-01-15T10:27:15.000Z,null,amr_1,amr,warehouse_multi_robot_pick_pack_handover_012_exec_12,inprogress,76.2,24.4,14.78,0.0,null,null,null,null,null
warehouse_multi_robot_pick_pack_handover_012,navigate_to_handover,2026-01-15T10:27:53.000Z,null,amr_1,amr,warehouse_multi_robot_pick_pack_handover_012_exec_12,inprogress,75.8,20.27,11.52,0.0,null,null,null,null,null
warehouse_multi_robot_pick_pack_handover_012,navigate_to_handover,2026-01-15T10:28:31.000Z,null,amr_1,amr,warehouse_multi_robot_pick_pack_handover_012_exec_12,inprogress,75.4,16.13,8.26,0.0,null,null,null,null,null
warehouse_multi_robot_pick_pack_handover_012,navigate_to_handover,2026-01-15T10:29:09.000Z,complete,amr_1,amr,warehouse_multi_robot_pick_pack_handover_012_exec_12,done,75.1,12.0,5.0,0.0,null,null,null,null,null
warehouse_multi_robot_pick_pack_handover_012,handover_item,2026-01-15T10:29:10.000Z,start,arm_1,robotic_arm,warehouse_multi_robot_pick_pack_handover_012_exec_13,inprogress,95.8,12.0,5.0,0.0,null,null,null,null,null
warehouse_multi_robot_pick_pack_handover_012,handover_item,2026-01-15T10:29:48.000Z,complete,arm_1,robotic_arm,warehouse_multi_robot_pick_pack_handover_012_exec_13,done,95.5,12.0,5.0,0.0,null,null,null,null,null
warehouse_multi_robot_pick_pack_handover_012,handover_item,2026-01-15T10:29:49.000Z,start,amr_1,amr,warehouse_multi_robot_pick_pack_handover_012_exec_14,inprogress,75.1,12.0,5.0,0.0,null,null,null,null,null
warehouse_multi_robot_pick_pack_handover_012,handover_item,2026-01-15T10:30:13.000Z,null,amr_1,amr,warehouse_multi_robot_pick_pack_handover_012_exec_14,inprogress,74.9,12.0,5.0,0.0,null,null,null,null,null
warehouse_multi_robot_pick_pack_handover_012,handover_item,2026-01-15T10:30:37.000Z,complete,amr_1,amr,warehouse_multi_robot_pick_pack_handover_012_exec_14,done,74.8,12.0,5.0,0.0,null,null,null,null,null
warehouse_multi_robot_pick_pack_handover_012,pack_order,2026-01-15T10:30:38.000Z,start,arm_1,robotic_arm,warehouse_multi_robot_pick_pack_handover_012_exec_15,inprogress,95.5,12.0,5.0,0.0,null,null,null,null,null
warehouse_multi_robot_pick_pack_handover_012,pack_order,2026-01-15T10:31:04.000Z,null,arm_1,robotic_arm,warehouse_multi_robot_pick_pack_handover_012_exec_15,inprogress,95.3,12.0,5.0,0.0,null,null,null,null,null
warehouse_multi_robot_pick_pack_handover_012,pack_order,2026-01-15T10:31:30.000Z,null,arm_1,robotic_arm,warehouse_multi_robot_pick_pack_handover_012_exec_15,inprogress,95.1,12.0,5.0,0.0,null,null,null,null,null
warehouse_multi_robot_pick_pack_handover_012,pack_order,2026-01-15T10:31:56.000Z,null,arm_1,robotic_arm,warehouse_multi_robot_pick_pack_handover_012_exec_15,inprogress,94.9,12.0,5.0,0.0,null,null,null,null,null
warehouse_multi_robot_pick_pack_handover_012,pack_order,2026-01-15T10:32:25.000Z,complete,arm_1,robotic_arm,warehouse_multi_robot_pick_pack_handover_012_exec_15,done,94.7,12.0,5.0,0.0,null,null,null,null,null
warehouse_multi_robot_pick_pack_handover_012,dispatch,2026-01-15T10:32:26.000Z,start,amr_1,amr,warehouse_multi_robot_pick_pack_handover_012_exec_16,inprogress,74.8,12.0,5.0,0.0,null,null,null,null,null
warehouse_multi_robot_pick_pack_handover_012,dispatch,2026-01-15T10:33:48.000Z,null,amr_1,amr,warehouse_multi_robot_pick_pack_handover_012_exec_16,inprogress,73.6,8.0,3.5,0.0,null,null,null,null,null
warehouse_multi_robot_pick_pack_handover_012,dispatch,2026-01-15T10:35:10.000Z,complete,amr_1,amr,warehouse_multi_robot_pick_pack_handover_012_exec_16,done,72.5,4.0,2.0,0.0,null,null,null,null,null
warehouse_multi_robot_pick_pack_handover_013,receive_order,2026-01-15T10:36:00.000Z,start,amr_1,amr,warehouse_multi_robot_pick_pack_handover_013_exec_1,inprogress,85.3,0.0,0.0,0.0,null,null,null,null,null
warehouse_multi_robot_pick_pack_handover_013,receive_order,2026-01-15T10:36:22.000Z,complete,amr_1,amr,warehouse_multi_robot_pick_pack_handover_013_exec_1,done,84.9,0.0,0.0,0.0,null,null,null,null,null
warehouse_multi_robot_pick_pack_handover_013,send_task_assignment,2026-01-15T10:36:23.000Z,start,amr_1,amr,warehouse_multi_robot_pick_pack_handover_013_exec_2,inprogress,84.9,0.0,0.0,0.0,msg_f1fa6993fd,order_id assigned for picking,send,amr_1,arm_1
warehouse_multi_robot_pick_pack_handover_013,send_task_assignment,2026-01-15T10:36:28.000Z,complete,amr_1,amr,warehouse_multi_robot_pick_pack_handover_013_exec_2,done,84.7,0.0,0.0,0.0,msg_f1fa6993fd,order_id assigned for picking,send,amr_1,arm_1
warehouse_multi_robot_pick_pack_handover_013,receive_task_assignment,2026-01-15T10:36:32.000Z,start,arm_1,robotic_arm,warehouse_multi_robot_pick_pack_handover_013_exec_3,inprogress,90.0,12.0,5.0,0.0,msg_f1fa6993fd,order_id assigned for picking,receive,amr_1,arm_1
warehouse_multi_robot_pick_pack_handover_013,receive_task_assignment,2026-01-15T10:36:36.000Z,complete,arm_1,robotic_arm,warehouse_multi_robot_pick_pack_handover_013_exec_3,done,89.9,12.0,5.0,0.0,msg_f1fa6993fd,order_id assigned for picking,receive,amr_1,arm_1
warehouse_multi_robot_pick_pack_handover_013,navigate_to_shelf,2026-01-15T10:36:37.000Z,start,amr_1,amr,warehouse_multi_robot_pick_pack_handover_013_exec_4,inprogress,84.7,0.0,0.0,0.0,null,null,null,null,null
warehouse_multi_robot_pick_pack_handover_013,navigate_to_shelf,2026-01-15T10:37:26.000Z,null,amr_1,amr,warehouse_multi_robot_pick_pack_handover_013_exec_4,inprogress,84.1,4.08,2.29,0.0,null,null,null,null,null
warehouse_multi_robot_pick_pack_handover_013,navigate_to_shelf,2026-01-15T10:38:15.000Z,null,amr_1,amr,warehouse_multi_robot_pick_pack_handover_013_exec_4,inprogress,83.4,8.16,4.58,0.0,null,null,null,null,null
warehouse_multi_robot_pick_pack_handover_013,navigate_to_shelf,2026-01-15T10:39:04.000Z,null,amr_1,amr,warehouse_multi_robot_pick_pack_handover_013_exec_4,inprogress,82.8,12.23,6.86,0.0,null,null,null,null,null
warehouse_multi_robot_pick_pack_handover_013,navigate_to_shelf,2026-01-15T10:39:53.000Z,null,amr_1,amr,warehouse_multi_robot_pick_pack_handover_013_exec_4,inprogress,82.1,16.31,9.15,0.0,null,null,null,null,null
warehouse_multi_robot_pick_pack_handover_013,navigate_to_shelf,2026-01-15T10:40:46.000Z,complete,amr_1,amr,warehouse_multi_robot_pick_pack_handover_013_exec_4,done,81.5,20.39,11.44,0.0,null,null,null,null,null
warehouse_multi_robot_pick_pack_handover_013,scan_bin,2026-01-15T10:40:47.000Z,start,amr_1,amr,warehouse_multi_robot_pick_pack_handover_013_exec_5,inprogress,81.5,20.39,11.44,0.0,null,null,null,null,null
warehouse_multi_robot_pick_pack_handover_013,scan_bin,2026-01-15T10:41:11.000Z,complete,amr_1,amr,warehouse_multi_robot_pick_pack_handover_013_exec_5,done,81.2,20.39,11.44,0.0,null,null,null,null,null
warehouse_multi_robot_pick_pack_handover_013,send_shelf_confirmation,2026-01-15T10:41:12.000Z,start,amr_1,amr,warehouse_multi_robot_pick_pack_handover_013_exec_6,inprogress,81.2,20.39,11.44,0.0,msg_1d9bd8ec23,bin verified for pick,send,amr_1,arm_1
warehouse_multi_robot_pick_pack_handover_013,send_shelf_confirmation,2026-01-15T10:41:20.000Z,complete,amr_1,amr,warehouse_multi_robot_pick_pack_handover_013_exec_6,done,81.0,20.39,11.44,0.0,msg_1d9bd8ec23,bin verified for pick,send,amr_1,arm_1
warehouse_multi_robot_pick_pack_handover_013,receive_shelf_confirmation,2026-01-15T10:42:43.000Z,start,arm_1,robotic_arm,warehouse_multi_robot_pick_pack_handover_013_exec_7,inprogress,89.9,12.0,5.0,0.0,msg_1d9bd8ec23,bin verified for pick,receive,amr_1,arm_1
warehouse_multi_robot_pick_pack_handover_013,receive_shelf_confirmation,2026-01-15T10:42:47.000Z,complete,arm_1,robotic_arm,warehouse_multi_robot_pick_pack_handover_013_exec_7,done,89.8,12.0,5.0,0.0,msg_1d9bd8ec23,bin verified for pick,receive,amr_1,arm_1
warehouse_multi_robot_pick_pack_handover_013,queue_wait,2026-01-15T10:42:48.000Z,start,arm_1,robotic_arm,warehouse_multi_robot_pick_pack_handover_013_exec_8,inprogress,89.8,12.0,5.0,0.0,null,null,null,null,null
warehouse_multi_robot_pick_pack_handover_013,queue_wait,2026-01-15T10:43:15.000Z,null,arm_1,robotic_arm,warehouse_multi_robot_pick_pack_handover_013_exec_8,inprogress,89.7,12.0,5.0,0.0,null,null,null,null,null
warehouse_multi_robot_pick_pack_handover_013,queue_wait,2026-01-15T10:43:42.000Z,complete,arm_1,robotic_arm,warehouse_multi_robot_pick_pack_handover_013_exec_8,done,89.7,12.0,5.0,0.0,null,null,null,null,null
warehouse_multi_robot_pick_pack_handover_013,pick_item,2026-01-15T10:43:43.000Z,start,arm_1,robotic_arm,warehouse_multi_robot_pick_pack_handover_013_exec_9,inprogress,89.7,12.0,5.0,0.0,null,null,null,null,null
warehouse_multi_robot_pick_pack_handover_013,pick_item,2026-01-15T10:44:21.000Z,null,arm_1,robotic_arm,warehouse_multi_robot_pick_pack_handover_013_exec_9,inprogress,89.2,12.0,5.0,0.0,null,null,null,null,null
warehouse_multi_robot_pick_pack_handover_013,pick_item,2026-01-15T10:45:00.000Z,complete,arm_1,robotic_arm,warehouse_multi_robot_pick_pack_handover_013_exec_9,done,88.7,12.0,5.0,0.0,null,null,null,null,null
warehouse_multi_robot_pick_pack_handover_013,send_handover_coordination,2026-01-15T10:45:01.000Z,start,arm_1,robotic_arm,warehouse_multi_robot_pick_pack_handover_013_exec_10,inprogress,88.7,12.0,5.0,0.0,msg_6e96c9ddd0,ready for handover at station,send,arm_1,amr_1
warehouse_multi_robot_pick_pack_handover_013,send_handover_coordination,2026-01-15T10:45:09.000Z,complete,arm_1,robotic_arm,warehouse_multi_robot_pick_pack_handover_013_exec_10,done,88.5,12.0,5.0,0.0,msg_6e96c9ddd0,ready for handover at station,send,arm_1,amr_1
warehouse_multi_robot_pick_pack_handover_013,receive_handover_coordination,2026-01-15T10:45:13.000Z,start,amr_1,amr,warehouse_multi_robot_pick_pack_handover_013_exec_11,inprogress,81.0,20.39,11.44,0.0,msg_6e96c9ddd0,ready for handover at station,receive,arm_1,amr_1
warehouse_multi_robot_pick_pack_handover_013,receive_handover_coordination,2026-01-15T10:45:17.000Z,complete,amr_1,amr,warehouse_multi_robot_pick_pack_handover_013_exec_11,done,80.9,20.39,11.44,0.0,msg_6e96c9ddd0,ready for handover at station,receive,arm_1,amr_1
warehouse_multi_robot_pick_pack_handover_013,navigate_to_handover,2026-01-15T10:45:18.000Z,start,amr_1,amr,warehouse_multi_robot_pick_pack_handover_013_exec_12,inprogress,80.9,20.39,11.44,0.0,null,null,null,null,null
warehouse_multi_robot_pick_pack_handover_013,navigate_to_handover,2026-01-15T10:45:38.000Z,null,amr_1,amr,warehouse_multi_robot_pick_pack_handover_013_exec_12,inprogress,80.2,18.29,9.83,0.0,null,null,null,null,null
warehouse_multi_robot_pick_pack_handover_013,navigate_to_handover,2026-01-15T10:45:58.000Z,null,amr_1,amr,warehouse_multi_robot_pick_pack_handover_013_exec_12,inprogress,79.5,16.19,8.22,0.0,null,null,null,null,null
warehouse_multi_robot_pick_pack_handover_013,navigate_to_handover,2026-01-15T10:46:18.000Z,null,amr_1,amr,warehouse_multi_robot_pick_pack_handover_013_exec_12,inprogress,78.8,14.1,6.61,0.0,null,null,null,null,null
warehouse_multi_robot_pick_pack_handover_013,navigate_to_handover,2026-01-15T10:46:38.000Z,complete,amr_1,amr,warehouse_multi_robot_pick_pack_handover_013_exec_12,done,78.1,12.0,5.0,0.0,null,null,null,null,null
warehouse_multi_robot_pick_pack_handover_013,handover_item,2026-01-15T10:46:39.000Z,start,arm_1,robotic_arm,warehouse_multi_robot_pick_pack_handover_013_exec_13,inprogress,88.5,12.0,5.0,0.0,null,null,null,null,null
warehouse_multi_robot_pick_pack_handover_013,handover_item,2026-01-15T10:47:05.000Z,null,arm_1,robotic_arm,warehouse_multi_robot_pick_pack_handover_013_exec_13,inprogress,88.4,12.0,5.0,0.0,null,null,null,null,null
warehouse_multi_robot_pick_pack_handover_013,handover_item,2026-01-15T10:47:32.000Z,complete,arm_1,robotic_arm,warehouse_multi_robot_pick_pack_handover_013_exec_13,done,88.2,12.0,5.0,0.0,null,null,null,null,null
warehouse_multi_robot_pick_pack_handover_013,handover_item,2026-01-15T10:47:33.000Z,start,amr_1,amr,warehouse_multi_robot_pick_pack_handover_013_exec_14,inprogress,78.1,12.0,5.0,0.0,null,null,null,null,null
warehouse_multi_robot_pick_pack_handover_013,handover_item,2026-01-15T10:47:43.000Z,null,amr_1,amr,warehouse_multi_robot_pick_pack_handover_013_exec_14,inprogress,78.0,12.0,5.0,0.0,null,null,null,null,null
warehouse_multi_robot_pick_pack_handover_013,handover_item,2026-01-15T10:47:53.000Z,complete,amr_1,amr,warehouse_multi_robot_pick_pack_handover_013_exec_14,done,77.9,12.0,5.0,0.0,null,null,null,null,null
warehouse_multi_robot_pick_pack_handover_013,pack_order,2026-01-15T10:47:54.000Z,start,arm_1,robotic_arm,warehouse_multi_robot_pick_pack_handover_013_exec_15,inprogress,88.2,12.0,5.0,0.0,null,null,null,null,null
warehouse_multi_robot_pick_pack_handover_013,pack_order,2026-01-15T10:48:32.000Z,null,arm_1,robotic_arm,warehouse_multi_robot_pick_pack_handover_013_exec_15,inprogress,87.9,12.0,5.0,0.0,null,null,null,null,null
warehouse_multi_robot_pick_pack_handover_013,pack_order,2026-01-15T10:49:10.000Z,null,arm_1,robotic_arm,warehouse_multi_robot_pick_pack_handover_013_exec_15,inprogress,87.6,12.0,5.0,0.0,null,null,null,null,null
warehouse_multi_robot_pick_pack_handover_013,pack_order,2026-01-15T10:49:50.000Z,complete,arm_1,robotic_arm,warehouse_multi_robot_pick_pack_handover_013_exec_15,done,87.2,12.0,5.0,0.0,null,null,null,null,null
warehouse_multi_robot_pick_pack_handover_013,dispatch,2026-01-15T10:49:51.000Z,start,amr_1,amr,warehouse_multi_robot_pick_pack_handover_013_exec_16,inprogress,77.9,12.0,5.0,0.0,null,null,null,null,null
warehouse_multi_robot_pick_pack_handover_013,dispatch,2026-01-15T10:50:35.000Z,null,amr_1,amr,warehouse_multi_robot_pick_pack_handover_013_exec_16,inprogress,77.5,10.0,4.25,0.0,null,null,null,null,null
warehouse_multi_robot_pick_pack_handover_013,dispatch,2026-01-15T10:51:19.000Z,null,amr_1,amr,warehouse_multi_robot_pick_pack_handover_013_exec_16,inprogress,77.1,8.0,3.5,0.0,null,null,null,null,null
warehouse_multi_robot_pick_pack_handover_013,dispatch,2026-01-15T10:52:03.000Z,null,amr_1,amr,warehouse_multi_robot_pick_pack_handover_013_exec_16,inprogress,76.8,6.0,2.75,0.0,null,null,null,null,null
warehouse_multi_robot_pick_pack_handover_013,dispatch,2026-01-15T10:52:50.000Z,complete,amr_1,amr,warehouse_multi_robot_pick_pack_handover_013_exec_16,done,76.4,4.0,2.0,0.0,null,null,null,null,null
warehouse_multi_robot_pick_pack_handover_014,receive_order,2026-01-15T10:54:00.000Z,start,amr_1,amr,warehouse_multi_robot_pick_pack_handover_014_exec_1,inprogress,74.0,0.0,0.0,0.0,null,null,null,null,null
warehouse_multi_robot_pick_pack_handover_014,receive_order,2026-01-15T10:54:19.000Z,complete,amr_1,amr,warehouse_multi_robot_pick_pack_handover_014_exec_1,done,73.6,0.0,0.0,0.0,null,null,null,null,null
warehouse_multi_robot_pick_pack_handover_014,send_task_assignment,2026-01-15T10:54:20.000Z,start,amr_1,amr,warehouse_multi_robot_pick_pack_handover_014_exec_2,inprogress,73.6,0.0,0.0,0.0,msg_7ab3127f85,order_id assigned for picking,send,amr_1,arm_1
warehouse_multi_robot_pick_pack_handover_014,send_task_assignment,2026-01-15T10:54:26.000Z,complete,amr_1,amr,warehouse_multi_robot_pick_pack_handover_014_exec_2,done,73.4,0.0,0.0,0.0,msg_7ab3127f85,order_id assigned for picking,send,amr_1,arm_1
warehouse_multi_robot_pick_pack_handover_014,receive_task_assignment,2026-01-15T10:54:30.000Z,start,arm_1,robotic_arm,warehouse_multi_robot_pick_pack_handover_014_exec_3,inprogress,93.7,12.0,5.0,0.0,msg_7ab3127f85,order_id assigned for picking,receive,amr_1,arm_1
warehouse_multi_robot_pick_pack_handover_014,receive_task_assignment,2026-01-15T10:54:34.000Z,complete,arm_1,robotic_arm,warehouse_multi_robot_pick_pack_handover_014_exec_3,done,93.6,12.0,5.0,0.0,msg_7ab3127f85,order_id assigned for picking,receive,amr_1,arm_1
warehouse_multi_robot_pick_pack_handover_014,navigate_to_shelf,2026-01-15T10:54:35.000Z,start,amr_1,amr,warehouse_multi_robot_pick_pack_handover_014_exec_4,inprogress,73.4,0.0,0.0,0.0,null,null,null,null,null
warehouse_multi_robot_pick_pack_handover_014,navigate_to_shelf,2026-01-15T10:54:59.000Z,null,amr_1,amr,warehouse_multi_robot_pick_pack_handover_014_exec_4,inprogress,72.7,4.43,4.01,0.0,null,null,null,null,null
warehouse_multi_robot_pick_pack_handover_014,navigate_to_shelf,2026-01-15T10:55:23.000Z,null,amr_1,amr,warehouse_multi_robot_pick_pack_handover_014_exec_4,inprogress,72.0,8.86,8.02,0.0,null,null,null,null,null
warehouse_multi_robot_pick_pack_handover_014,navigate_to_shelf,2026-01-15T10:55:47.000Z,null,amr_1,amr,warehouse_multi_robot_pick_pack_handover_014_exec_4,inprogress,71.3,13.3,12.03,0.0,null,null,null,null,null
warehouse_multi_robot_pick_pack_handover_014,navigate_to_shelf,2026-01-15T10:56:11.000Z,null,amr_1,amr,warehouse_multi_robot_pick_pack_handover_014_exec_4,inprogress,70.6,17.73,16.04,0.0,null,null,null,null,null
warehouse_multi_robot_pick_pack_handover_014,navigate_to_shelf,2026-01-15T10:56:36.000Z,complete,amr_1,amr,warehouse_multi_robot_pick_pack_handover_014_exec_4,done,69.9,22.16,20.06,0.0,null,null,null,null,null
warehouse_multi_robot_pick_pack_handover_014,scan_bin,2026-01-15T10:56:37.000Z,start,amr_1,amr,warehouse_multi_robot_pick_pack_handover_014_exec_5,inprogress,69.9,22.16,20.06,0.0,null,null,null,null,null
warehouse_multi_robot_pick_pack_handover_014,scan_bin,2026-01-15T10:57:13.000Z,complete,amr_1,amr,warehouse_multi_robot_pick_pack_handover_014_exec_5,done,69.5,22.16,20.06,0.0,null,null,null,null,null
warehouse_multi_robot_pick_pack_handover_014,send_shelf_confirmation,2026-01-15T10:57:14.000Z,start,amr_1,amr,warehouse_multi_robot_pick_pack_handover_014_exec_6,inprogress,69.5,22.16,20.06,0.0,msg_de72a1f8fd,bin verified for pick,send,amr_1,arm_1
warehouse_multi_robot_pick_pack_handover_014,send_shelf_confirmation,2026-01-15T10:57:19.000Z,complete,amr_1,amr,warehouse_multi_robot_pick_pack_handover_014_exec_6,done,69.3,22.16,20.06,0.0,msg_de72a1f8fd,bin verified for pick,send,amr_1,arm_1
warehouse_multi_robot_pick_pack_handover_014,receive_shelf_confirmation,2026-01-15T10:57:24.000Z,start,arm_1,robotic_arm,warehouse_multi_robot_pick_pack_handover_014_exec_7,inprogress,93.6,12.0,5.0,0.0,msg_de72a1f8fd,bin verified for pick,receive,amr_1,arm_1
warehouse_multi_robot_pick_pack_handover_014,receive_shelf_confirmation,2026-01-15T10:57:28.000Z,complete,arm_1,robotic_arm,warehouse_multi_robot_pick_pack_handover_014_exec_7,done,93.5,12.0,5.0,0.0,msg_de72a1f8fd,bin verified for pick,receive,amr_1,arm_1
warehouse_multi_robot_pick_pack_handover_014,pick_item,2026-01-15T10:57:29.000Z,start,arm_1,robotic_arm,warehouse_multi_robot_pick_pack_handover_014_exec_8,inprogress,93.5,12.0,5.0,0.0,null,null,null,null,null
warehouse_multi_robot_pick_pack_handover_014,pick_item,2026-01-15T10:57:55.000Z,null,arm_1,robotic_arm,warehouse_multi_robot_pick_pack_handover_014_exec_8,inprogress,93.3,12.0,5.0,0.0,null,null,null,null,null
warehouse_multi_robot_pick_pack_handover_014,pick_item,2026-01-15T10:58:21.000Z,null,arm_1,robotic_arm,warehouse_multi_robot_pick_pack_handover_014_exec_8,inprogress,93.1,12.0,5.0,0.0,null,null,null,null,null
warehouse_multi_robot_pick_pack_handover_014,pick_item,2026-01-15T10:58:48.000Z,complete,arm_1,robotic_arm,warehouse_multi_robot_pick_pack_handover_014_exec_8,done,92.9,12.0,5.0,0.0,null,null,null,null,null
warehouse_multi_robot_pick_pack_handover_014,send_handover_coordination,2026-01-15T10:58:49.000Z,start,arm_1,robotic_arm,warehouse_multi_robot_pick_pack_handover_014_exec_9,inprogress,92.9,12.0,5.0,0.0,msg_0f94add17d,ready for handover at station,send,arm_1,amr_1
warehouse_multi_robot_pick_pack_handover_014,send_handover_coordination,2026-01-15T10:58:53.000Z,complete,arm_1,robotic_arm,warehouse_multi_robot_pick_pack_handover_014_exec_9,done,92.7,12.0,5.0,0.0,msg_0f94add17d,ready for handover at station,send,arm_1,amr_1
warehouse_multi_robot_pick_pack_handover_014,receive_handover_coordination,2026-01-15T10:58:57.000Z,start,amr_1,amr,warehouse_multi_robot_pick_pack_handover_014_exec_10,inprogress,69.3,22.16,20.06,0.0,msg_0f94add17d,ready for handover at station,receive,arm_1,amr_1
warehouse_multi_robot_pick_pack_handover_014,receive_handover_coordination,2026-01-15T10:59:01.000Z,complete,amr_1,amr,warehouse_multi_robot_pick_pack_handover_014_exec_10,done,69.2,22.16,20.06,0.0,msg_0f94add17d,ready for handover at station,receive,arm_1,amr_1
warehouse_multi_robot_pick_pack_handover_014,navigate_to_handover,2026-01-15T10:59:02.000Z,start,amr_1,amr,warehouse_multi_robot_pick_pack_handover_014_exec_11,inprogress,69.2,22.16,20.06,0.0,null,null,null,null,null
warehouse_multi_robot_pick_pack_handover_014,navigate_to_handover,2026-01-15T10:59:35.000Z,null,amr_1,amr,warehouse_multi_robot_pick_pack_handover_014_exec_11,inprogress,68.3,18.77,15.04,0.0,null,null,null,null,null
warehouse_multi_robot_pick_pack_handover_014,navigate_to_handover,2026-01-15T11:00:08.000Z,null,amr_1,amr,warehouse_multi_robot_pick_pack_handover_014_exec_11,inprogress,67.3,15.39,10.02,0.0,null,null,null,null,null
warehouse_multi_robot_pick_pack_handover_014,navigate_to_handover,2026-01-15T11:00:41.000Z,complete,amr_1,amr,warehouse_multi_robot_pick_pack_handover_014_exec_11,done,66.4,12.0,5.0,0.0,null,null,null,null,null
warehouse_multi_robot_pick_pack_handover_014,handover_item,2026-01-15T11:00:42.000Z,start,arm_1,robotic_arm,warehouse_multi_robot_pick_pack_handover_014_exec_12,inprogress,92.7,12.0,5.0,0.0,null,null,null,null,null
warehouse_multi_robot_pick_pack_handover_014,handover_item,2026-01-15T11:01:00.000Z,null,arm_1,robotic_arm,warehouse_multi_robot_pick_pack_handover_014_exec_12,inprogress,92.4,12.0,5.0,0.0,null,null,null,null,null
warehouse_multi_robot_pick_pack_handover_014,handover_item,2026-01-15T11:01:18.000Z,complete,arm_1,robotic_arm,warehouse_multi_robot_pick_pack_handover_014_exec_12,done,92.1,12.0,5.0,0.0,null,null,null,null,null
warehouse_multi_robot_pick_pack_handover_014,handover_item,2026-01-15T11:01:19.000Z,start,amr_1,amr,warehouse_multi_robot_pick_pack_handover_014_exec_13,inprogress,66.4,12.0,5.0,0.0,null,null,null,null,null
warehouse_multi_robot_pick_pack_handover_014,handover_item,2026-01-15T11:01:41.000Z,null,amr_1,amr,warehouse_multi_robot_pick_pack_handover_014_exec_13,inprogress,66.2,12.0,5.0,0.0,null,null,null,null,null
warehouse_multi_robot_pick_pack_handover_014,handover_item,2026-01-15T11:02:04.000Z,complete,amr_1,amr,warehouse_multi_robot_pick_pack_handover_014_exec_13,done,66.0,12.0,5.0,0.0,null,null,null,null,null
warehouse_multi_robot_pick_pack_handover_014,pack_order,2026-01-15T11:02:05.000Z,start,arm_1,robotic_arm,warehouse_multi_robot_pick_pack_handover_014_exec_14,inprogress,92.1,12.0,5.0,0.0,null,null,null,null,null
warehouse_multi_robot_pick_pack_handover_014,pack_order,2026-01-15T11:02:57.000Z,null,arm_1,robotic_arm,warehouse_multi_robot_pick_pack_handover_014_exec_14,inprogress,91.6,12.0,5.0,0.0,null,null,null,null,null
warehouse_multi_robot_pick_pack_handover_014,pack_order,2026-01-15T11:03:50.000Z,complete,arm_1,robotic_arm,warehouse_multi_robot_pick_pack_handover_014_exec_14,done,91.1,12.0,5.0,0.0,null,null,null,null,null
warehouse_multi_robot_pick_pack_handover_014,dispatch,2026-01-15T11:03:51.000Z,start,amr_1,amr,warehouse_multi_robot_pick_pack_handover_014_exec_15,inprogress,66.0,12.0,5.0,0.0,null,null,null,null,null
warehouse_multi_robot_pick_pack_handover_014,dispatch,2026-01-15T11:04:44.000Z,null,amr_1,amr,warehouse_multi_robot_pick_pack_handover_014_exec_15,inprogress,65.5,9.33,4.0,0.0,null,null,null,null,null
warehouse_multi_robot_pick_pack_handover_014,dispatch,2026-01-15T11:05:37.000Z,null,amr_1,amr,warehouse_multi_robot_pick_pack_handover_014_exec_15,inprogress,65.0,6.67,3.0,0.0,null,null,null,null,null
warehouse_multi_robot_pick_pack_handover_014,dispatch,2026-01-15T11:06:32.000Z,complete,amr_1,amr,warehouse_multi_robot_pick_pack_handover_014_exec_15,done,64.4,4.0,2.0,0.0,null,null,null,null,null
warehouse_multi_robot_pick_pack_handover_015,receive_order,2026-01-15T11:12:00.000Z,start,amr_1,amr,warehouse_multi_robot_pick_pack_handover_015_exec_1,inprogress,86.8,0.0,0.0,0.0,null,null,null,null,null
warehouse_multi_robot_pick_pack_handover_015,receive_order,2026-01-15T11:12:21.000Z,complete,amr_1,amr,warehouse_multi_robot_pick_pack_handover_015_exec_1,done,86.5,0.0,0.0,0.0,null,null,null,null,null
warehouse_multi_robot_pick_pack_handover_015,send_task_assignment,2026-01-15T11:12:22.000Z,start,amr_1,amr,warehouse_multi_robot_pick_pack_handover_015_exec_2,inprogress,86.5,0.0,0.0,0.0,msg_5841279ae8,order_id assigned for picking,send,amr_1,arm_1
warehouse_multi_robot_pick_pack_handover_015,send_task_assignment,2026-01-15T11:12:26.000Z,complete,amr_1,amr,warehouse_multi_robot_pick_pack_handover_015_exec_2,done,86.3,0.0,0.0,0.0,msg_5841279ae8,order_id assigned for picking,send,amr_1,arm_1
warehouse_multi_robot_pick_pack_handover_015,receive_task_assignment,2026-01-15T11:12:30.000Z,start,arm_1,robotic_arm,warehouse_multi_robot_pick_pack_handover_015_exec_3,inprogress,93.8,12.0,5.0,0.0,msg_5841279ae8,order_id assigned for picking,receive,amr_1,arm_1
warehouse_multi_robot_pick_pack_handover_015,receive_task_assignment,2026-01-15T11:12:34.000Z,complete,arm_1,robotic_arm,warehouse_multi_robot_pick_pack_handover_015_exec_3,done,93.7,12.0,5.0,0.0,msg_5841279ae8,order_id assigned for picking,receive,amr_1,arm_1
warehouse_multi_robot_pick_pack_handover_015,navigate_to_shelf,2026-01-15T11:12:35.000Z,start,amr_1,amr,warehouse_multi_robot_pick_pack_handover_015_exec_4,inprogress,86.3,0.0,0.0,0.0,null,null,null,null,null
warehouse_multi_robot_pick_pack_handover_015,navigate_to_shelf,2026-01-15T11:13:28.000Z,null,amr_1,amr,warehouse_multi_robot_pick_pack_handover_015_exec_4,inprogress,85.4,11.48,5.2,0.0,null,null,null,null,null
warehouse_multi_robot_pick_pack_handover_015,navigate_to_shelf,2026-01-15T11:14:21.000Z,null,amr_1,amr,warehouse_multi_robot_pick_pack_handover_015_exec_4,inprogress,84.5,22.97,10.39,0.0,null,null,null,null,null
warehouse_multi_robot_pick_pack_handover_015,navigate_to_shelf,2026-01-15T11:15:16.000Z,complete,amr_1,amr,warehouse_multi_robot_pick_pack_handover_015_exec_4,done,83.7,34.45,15.59,0.0,null,null,null,null,null
warehouse_multi_robot_pick_pack_handover_015,scan_bin,2026-01-15T11:15:17.000Z,start,amr_1,amr,warehouse_multi_robot_pick_pack_handover_015_exec_5,inprogress,83.7,34.45,15.59,0.0,null,null,null,null,null
warehouse_multi_robot_pick_pack_handover_015,scan_bin,2026-01-15T11:15:33.000Z,null,amr_1,amr,warehouse_multi_robot_pick_pack_handover_015_exec_5,inprogress,83.4,34.45,15.59,0.0,null,null,null,null,null
warehouse_multi_robot_pick_pack_handover_015,scan_bin,2026-01-15T11:15:49.000Z,complete,amr_1,amr,warehouse_multi_robot_pick_pack_handover_015_exec_5,done,83.1,34.45,15.59,0.0,null,null,null,null,null
warehouse_multi_robot_pick_pack_handover_015,send_shelf_confirmation,2026-01-15T11:15:50.000Z,start,amr_1,amr,warehouse_multi_robot_pick_pack_handover_015_exec_6,inprogress,83.1,34.45,15.59,0.0,msg_e195d92630,bin verified for pick,send,amr_1,arm_1
warehouse_multi_robot_pick_pack_handover_015,send_shelf_confirmation,2026-01-15T11:15:58.000Z,complete,amr_1,amr,warehouse_multi_robot_pick_pack_handover_015_exec_6,done,82.9,34.45,15.59,0.0,msg_e195d92630,bin verified for pick,send,amr_1,arm_1
warehouse_multi_robot_pick_pack_handover_015,receive_shelf_confirmation,2026-01-15T11:16:03.000Z,start,arm_1,robotic_arm,warehouse_multi_robot_pick_pack_handover_015_exec_7,inprogress,93.7,12.0,5.0,0.0,msg_e195d92630,bin verified for pick,receive,amr_1,arm_1
warehouse_multi_robot_pick_pack_handover_015,receive_shelf_confirmation,2026-01-15T11:16:07.000Z,complete,arm_1,robotic_arm,warehouse_multi_robot_pick_pack_handover_015_exec_7,done,93.6,12.0,5.0,0.0,msg_e195d92630,bin verified for pick,receive,amr_1,arm_1
warehouse_multi_robot_pick_pack_handover_015,pick_item,2026-01-15T11:16:08.000Z,start,arm_1,robotic_arm,warehouse_multi_robot_pick_pack_handover_015_exec_8,inprogress,93.6,12.0,5.0,0.0,null,null,null,null,null
warehouse_multi_robot_pick_pack_handover_015,pick_item,2026-01-15T11:16:47.000Z,null,arm_1,robotic_arm,warehouse_multi_robot_pick_pack_handover_015_exec_8,inprogress,93.4,12.0,5.0,0.0,null,null,null,null,null
warehouse_multi_robot_pick_pack_handover_015,pick_item,2026-01-15T11:17:27.000Z,complete,arm_1,robotic_arm,warehouse_multi_robot_pick_pack_handover_015_exec_8,done,93.1,12.0,5.0,0.0,null,null,null,null,null
warehouse_multi_robot_pick_pack_handover_015,send_handover_coordination,2026-01-15T11:17:28.000Z,start,arm_1,robotic_arm,warehouse_multi_robot_pick_pack_handover_015_exec_9,inprogress,93.1,12.0,5.0,0.0,msg_db5cd1c5ef,ready for handover at station,send,arm_1,amr_1
warehouse_multi_robot_pick_pack_handover_015,send_handover_coordination,2026-01-15T11:17:32.000Z,complete,arm_1,robotic_arm,warehouse_multi_robot_pick_pack_handover_015_exec_9,done,92.9,12.0,5.0,0.0,msg_db5cd1c5ef,ready for handover at station,send,arm_1,amr_1
warehouse_multi_robot_pick_pack_handover_015,receive_handover_coordination,2026-01-15T11:18:21.000Z,start,amr_1,amr,warehouse_multi_robot_pick_pack_handover_015_exec_10,inprogress,82.9,34.45,15.59,0.0,msg_db5cd1c5ef,ready for handover at station,receive,arm_1,amr_1
warehouse_multi_robot_pick_pack_handover_015,receive_handover_coordination,2026-01-15T11:18:25.000Z,complete,amr_1,amr,warehouse_multi_robot_pick_pack_handover_015_exec_10,done,82.8,34.45,15.59,0.0,msg_db5cd1c5ef,ready for handover at station,receive,arm_1,amr_1
warehouse_multi_robot_pick_pack_handover_015,queue_wait,2026-01-15T11:18:26.000Z,start,amr_1,amr,warehouse_multi_robot_pick_pack_handover_015_exec_11,inprogress,82.8,34.45,15.59,0.0,null,null,null,null,null
warehouse_multi_robot_pick_pack_handover_015,queue_wait,2026-01-15T11:18:47.000Z,null,amr_1,amr,warehouse_multi_robot_pick_pack_handover_015_exec_11,inprogress,82.5,34.45,15.59,0.0,null,null,null,null,null
warehouse_multi_robot_pick_pack_handover_015,queue_wait,2026-01-15T11:19:08.000Z,null,amr_1,amr,warehouse_multi_robot_pick_pack_handover_015_exec_11,inprogress,82.3,34.45,15.59,0.0,null,null,null,null,null
warehouse_multi_robot_pick_pack_handover_015,queue_wait,2026-01-15T11:19:29.000Z,complete,amr_1,amr,warehouse_multi_robot_pick_pack_handover_015_exec_11,done,82.0,34.45,15.59,0.0,null,null,null,null,null
warehouse_multi_robot_pick_pack_handover_015,navigate_to_handover,2026-01-15T11:19:30.000Z,start,amr_1,amr,warehouse_multi_robot_pick_pack_handover_015_exec_12,inprogress,82.0,34.45,15.59,0.0,null,null,null,null,null
warehouse_multi_robot_pick_pack_handover_015,navigate_to_handover,2026-01-15T11:20:37.000Z,null,amr_1,amr,warehouse_multi_robot_pick_pack_handover_015_exec_12,inprogress,81.2,23.23,10.3,0.0,null,null,null,null,null
warehouse_multi_robot_pick_pack_handover_015,navigate_to_handover,2026-01-15T11:21:45.000Z,complete,amr_1,amr,warehouse_multi_robot_pick_pack_handover_015_exec_12,done,80.5,12.0,5.0,0.0,null,null,null,null,null
warehouse_multi_robot_pick_pack_handover_015,handover_item,2026-01-15T11:21:46.000Z,start,arm_1,robotic_arm,warehouse_multi_robot_pick_pack_handover_015_exec_13,inprogress,92.9,12.0,5.0,0.0,null,null,null,null,null
warehouse_multi_robot_pick_pack_handover_015,handover_item,2026-01-15T11:22:03.000Z,null,arm_1,robotic_arm,warehouse_multi_robot_pick_pack_handover_015_exec_13,inprogress,92.8,12.0,5.0,0.0,null,null,null,null,null
warehouse_multi_robot_pick_pack_handover_015,handover_item,2026-01-15T11:22:20.000Z,complete,arm_1,robotic_arm,warehouse_multi_robot_pick_pack_handover_015_exec_13,done,92.7,12.0,5.0,0.0,null,null,null,null,null
warehouse_multi_robot_pick_pack_handover_015,handover_item,2026-01-15T11:22:21.000Z,start,amr_1,amr,warehouse_multi_robot_pick_pack_handover_015_exec_14,inprogress,80.5,12.0,5.0,0.0,null,null,null,null,null
warehouse_multi_robot_pick_pack_handover_015,handover_item,2026-01-15T11:22:31.000Z,null,amr_1,amr,warehouse_multi_robot_pick_pack_handover_015_exec_14,inprogress,80.2,12.0,5.0,0.0,null,null,null,null,null
warehouse_multi_robot_pick_pack_handover_015,handover_item,2026-01-15T11:22:41.000Z,complete,amr_1,amr,warehouse_multi_robot_pick_pack_handover_015_exec_14,done,80.0,12.0,5.0,0.0,null,null,null,null,null
warehouse_multi_robot_pick_pack_handover_015,pack_order,2026-01-15T11:22:42.000Z,start,arm_1,robotic_arm,warehouse_multi_robot_pick_pack_handover_015_exec_15,inprogress,92.7,12.0,5.0,0.0,null,null,null,null,null
warehouse_multi_robot_pick_pack_handover_015,pack_order,2026-01-15T11:23:08.000Z,null,arm_1,robotic_arm,warehouse_multi_robot_pick_pack_handover_015_exec_15,inprogress,92.4,12.0,5.0,0.0,null,null,null,null,null
warehouse_multi_robot_pick_pack_handover_015,pack_order,2026-01-15T11:23:34.000Z,null,arm_1,robotic_arm,warehouse_multi_robot_pick_pack_handover_015_exec_15,inprogress,92.0,12.0,5.0,0.0,null,null,null,null,null
warehouse_multi_robot_pick_pack_handover_015,pack_order,2026-01-15T11:24:00.000Z,null,arm_1,robotic_arm,warehouse_multi_robot_pick_pack_handover_015_exec_15,inprogress,91.7,12.0,5.0,0.0,null,null,null,null,null
warehouse_multi_robot_pick_pack_handover_015,pack_order,2026-01-15T11:24:28.000Z,complete,arm_1,robotic_arm,warehouse_multi_robot_pick_pack_handover_015_exec_15,done,91.4,12.0,5.0,0.0,null,null,null,null,null
warehouse_multi_robot_pick_pack_handover_015,dispatch,2026-01-15T11:24:29.000Z,start,amr_1,amr,warehouse_multi_robot_pick_pack_handover_015_exec_16,inprogress,80.0,12.0,5.0,0.0,null,null,null,null,null
warehouse_multi_robot_pick_pack_handover_015,dispatch,2026-01-15T11:25:00.000Z,null,amr_1,amr,warehouse_multi_robot_pick_pack_handover_015_exec_16,inprogress,79.3,10.0,4.25,0.0,null,null,null,null,null
warehouse_multi_robot_pick_pack_handover_015,dispatch,2026-01-15T11:25:31.000Z,null,amr_1,amr,warehouse_multi_robot_pick_pack_handover_015_exec_16,inprogress,78.5,8.0,3.5,0.0,null,null,null,null,null
warehouse_multi_robot_pick_pack_handover_015,dispatch,2026-01-15T11:26:02.000Z,null,amr_1,amr,warehouse_multi_robot_pick_pack_handover_015_exec_16,inprogress,77.8,6.0,2.75,0.0,null,null,null,null,null
warehouse_multi_robot_pick_pack_handover_015,dispatch,2026-01-15T11:26:35.000Z,complete,amr_1,amr,warehouse_multi_robot_pick_pack_handover_015_exec_16,done,77.0,4.0,2.0,0.0,null,null,null,null,null
warehouse_multi_robot_pick_pack_handover_016,receive_order,2026-01-15T11:30:00.000Z,start,amr_1,amr,warehouse_multi_robot_pick_pack_handover_016_exec_1,inprogress,71.7,0.0,0.0,0.0,null,null,null,null,null
warehouse_multi_robot_pick_pack_handover_016,receive_order,2026-01-15T11:30:17.000Z,complete,amr_1,amr,warehouse_multi_robot_pick_pack_handover_016_exec_1,done,71.4,0.0,0.0,0.0,null,null,null,null,null
warehouse_multi_robot_pick_pack_handover_016,send_task_assignment,2026-01-15T11:30:18.000Z,start,amr_1,amr,warehouse_multi_robot_pick_pack_handover_016_exec_2,inprogress,71.4,0.0,0.0,0.0,msg_aecb77abf3,order_id assigned for picking,send,amr_1,arm_1
warehouse_multi_robot_pick_pack_handover_016,send_task_assignment,2026-01-15T11:30:26.000Z,complete,amr_1,amr,warehouse_multi_robot_pick_pack_handover_016_exec_2,done,71.2,0.0,0.0,0.0,msg_aecb77abf3,order_id assigned for picking,send,amr_1,arm_1
warehouse_multi_robot_pick_pack_handover_016,receive_task_assignment,2026-01-15T11:30:30.000Z,start,arm_1,robotic_arm,warehouse_multi_robot_pick_pack_handover_016_exec_3,inprogress,97.3,12.0,5.0,0.0,msg_aecb77abf3,order_id assigned for picking,receive,amr_1,arm_1
warehouse_multi_robot_pick_pack_handover_016,receive_task_assignment,2026-01-15T11:30:34.000Z,complete,arm_1,robotic_arm,warehouse_multi_robot_pick_pack_handover_016_exec_3,done,97.2,12.0,5.0,0.0,msg_aecb77abf3,order_id assigned for picking,receive,amr_1,arm_1
warehouse_multi_robot_pick_pack_handover_016,navigate_to_shelf,2026-01-15T11:30:35.000Z,start,amr_1,amr,warehouse_multi_robot_pick_pack_handover_016_exec_4,inprogress,71.2,0.0,0.0,0.0,null,null,null,null,null
warehouse_multi_robot_pick_pack_handover_016,navigate_to_shelf,2026-01-15T11:31:25.000Z,null,amr_1,amr,warehouse_multi_robot_pick_pack_handover_016_exec_4,inprogress,70.4,4.86,1.71,0.0,null,null,null,null,null
warehouse_multi_robot_pick_pack_handover_016,navigate_to_shelf,2026-01-15T11:32:15.000Z,null,amr_1,amr,warehouse_multi_robot_pick_pack_handover_016_exec_4,inprogress,69.6,9.72,3.43,0.0,null,null,null,null,null
warehouse_multi_robot_pick_pack_handover_016,navigate_to_shelf,2026-01-15T11:33:05.000Z,null,amr_1,amr,warehouse_multi_robot_pick_pack_handover_016_exec_4,inprogress,68.8,14.58,5.14,0.0,null,null,null,null,null
warehouse_multi_robot_pick_pack_handover_016,navigate_to_shelf,2026-01-15T11:33:55.000Z,null,amr_1,amr,warehouse_multi_robot_pick_pack_handover_016_exec_4,inprogress,68.0,19.43,6.86,0.0,null,null,null,null,null
warehouse_multi_robot_pick_pack_handover_016,navigate_to_shelf,2026-01-15T11:34:45.000Z,complete,amr_1,amr,warehouse_multi_robot_pick_pack_handover_016_exec_4,done,67.1,24.29,8.57,0.0,null,null,null,null,null
warehouse_multi_robot_pick_pack_handover_016,scan_bin,2026-01-15T11:34:46.000Z,start,amr_1,amr,warehouse_multi_robot_pick_pack_handover_016_exec_5,inprogress,67.1,24.29,8.57,0.0,null,null,null,null,null
warehouse_multi_robot_pick_pack_handover_016,scan_bin,2026-01-15T11:35:25.000Z,complete,amr_1,amr,warehouse_multi_robot_pick_pack_handover_016_exec_5,done,66.6,24.29,8.57,0.0,null,null,null,null,null
warehouse_multi_robot_pick_pack_handover_016,send_shelf_confirmation,2026-01-15T11:35:26.000Z,start,amr_1,amr,warehouse_multi_robot_pick_pack_handover_016_exec_6,inprogress,66.6,24.29,8.57,0.0,msg_d42f514c4d,bin verified for pick,send,amr_1,arm_1
warehouse_multi_robot_pick_pack_handover_016,send_shelf_confirmation,2026-01-15T11:35:32.000Z,complete,amr_1,amr,warehouse_multi_robot_pick_pack_handover_016_exec_6,done,66.4,24.29,8.57,0.0,msg_d42f514c4d,bin verified for pick,send,amr_1,arm_1
warehouse_multi_robot_pick_pack_handover_016,receive_shelf_confirmation,2026-01-15T11:35:37.000Z,start,arm_1,robotic_arm,warehouse_multi_robot_pick_pack_handover_016_exec_7,inprogress,97.2,12.0,5.0,0.0,msg_d42f514c4d,bin verified for pick,receive,amr_1,arm_1
warehouse_multi_robot_pick_pack_handover_016,receive_shelf_confirmation,2026-01-15T11:35:41.000Z,complete,arm_1,robotic_arm,warehouse_multi_robot_pick_pack_handover_016_exec_7,done,97.1,12.0,5.0,0.0,msg_d42f514c4d,bin verified for pick,receive,amr_1,arm_1
warehouse_multi_robot_pick_pack_handover_016,pick_item,2026-01-15T11:35:42.000Z,start,arm_1,robotic_arm,warehouse_multi_robot_pick_pack_handover_016_exec_8,inprogress,97.1,12.0,5.0,0.0,null,null,null,null,null
warehouse_multi_robot_pick_pack_handover_016,pick_item,2026-01-15T11:36:07.000Z,null,arm_1,robotic_arm,warehouse_multi_robot_pick_pack_handover_016_exec_8,inprogress,96.6,12.0,5.0,0.0,null,null,null,null,null
warehouse_multi_robot_pick_pack_handover_016,pick_item,2026-01-15T11:36:32.000Z,complete,arm_1,robotic_arm,warehouse_multi_robot_pick_pack_handover_016_exec_8,done,96.1,12.0,5.0,0.0,null,null,null,null,null
warehouse_multi_robot_pick_pack_handover_016,send_handover_coordination,2026-01-15T11:36:33.000Z,start,arm_1,robotic_arm,warehouse_multi_robot_pick_pack_handover_016_exec_9,inprogress,96.1,12.0,5.0,0.0,msg_2d1519fd58,ready for handover at station,send,arm_1,amr_1
warehouse_multi_robot_pick_pack_handover_016,send_handover_coordination,2026-01-15T11:36:37.000Z,complete,arm_1,robotic_arm,warehouse_multi_robot_pick_pack_handover_016_exec_9,done,95.9,12.0,5.0,0.0,msg_2d1519fd58,ready for handover at station,send,arm_1,amr_1
warehouse_multi_robot_pick_pack_handover_016,receive_handover_coordination,2026-01-15T11:36:41.000Z,start,amr_1,amr,warehouse_multi_robot_pick_pack_handover_016_exec_10,inprogress,66.4,24.29,8.57,0.0,msg_2d1519fd58,ready for handover at station,receive,arm_1,amr_1
warehouse_multi_robot_pick_pack_handover_016,receive_handover_coordination,2026-01-15T11:36:45.000Z,complete,amr_1,amr,warehouse_multi_robot_pick_pack_handover_016_exec_10,done,66.3,24.29,8.57,0.0,msg_2d1519fd58,ready for handover at station,receive,arm_1,amr_1
warehouse_multi_robot_pick_pack_handover_016,navigate_to_handover,2026-01-15T11:36:46.000Z,start,amr_1,amr,warehouse_multi_robot_pick_pack_handover_016_exec_11,inprogress,66.3,24.29,8.57,0.0,null,null,null,null,null
warehouse_multi_robot_pick_pack_handover_016,navigate_to_handover,2026-01-15T11:37:24.000Z,null,amr_1,amr,warehouse_multi_robot_pick_pack_handover_016_exec_11,inprogress,65.6,20.19,7.38,0.0,null,null,null,null,null
warehouse_multi_robot_pick_pack_handover_016,navigate_to_handover,2026-01-15T11:38:02.000Z,null,amr_1,amr,warehouse_multi_robot_pick_pack_handover_016_exec_11,inprogress,64.9,16.1,6.19,0.0,null,null,null,null,null
warehouse_multi_robot_pick_pack_handover_016,navigate_to_handover,2026-01-15T11:38:41.000Z,complete,amr_1,amr,warehouse_multi_robot_pick_pack_handover_016_exec_11,done,64.2,12.0,5.0,0.0,null,null,null,null,null
warehouse_multi_robot_pick_pack_handover_016,handover_item,2026-01-15T11:38:42.000Z,start,arm_1,robotic_arm,warehouse_multi_robot_pick_pack_handover_016_exec_12,inprogress,95.9,12.0,5.0,0.0,null,null,null,null,null
warehouse_multi_robot_pick_pack_handover_016,handover_item,2026-01-15T11:39:04.000Z,null,arm_1,robotic_arm,warehouse_multi_robot_pick_pack_handover_016_exec_12,inprogress,95.7,12.0,5.0,0.0,null,null,null,null,null
warehouse_multi_robot_pick_pack_handover_016,handover_item,2026-01-15T11:39:27.000Z,complete,arm_1,robotic_arm,warehouse_multi_robot_pick_pack_handover_016_exec_12,done,95.5,12.0,5.0,0.0,null,null,null,null,null
warehouse_multi_robot_pick_pack_handover_016,handover_item,2026-01-15T11:39:28.000Z,start,amr_1,amr,warehouse_multi_robot_pick_pack_handover_016_exec_13,inprogress,64.2,12.0,5.0,0.0,null,null,null,null,null
warehouse_multi_robot_pick_pack_handover_016,handover_item,2026-01-15T11:40:19.000Z,complete,amr_1,amr,warehouse_multi_robot_pick_pack_handover_016_exec_13,done,63.7,12.0,5.0,0.0,null,null,null,null,null
warehouse_multi_robot_pick_pack_handover_016,pack_order,2026-01-15T11:40:20.000Z,start,arm_1,robotic_arm,warehouse_multi_robot_pick_pack_handover_016_exec_14,inprogress,95.5,12.0,5.0,0.0,null,null,null,null,null
warehouse_multi_robot_pick_pack_handover_016,pack_order,2026-01-15T11:40:51.000Z,null,arm_1,robotic_arm,warehouse_multi_robot_pick_pack_handover_016_exec_14,inprogress,94.9,12.0,5.0,0.0,null,null,null,null,null
warehouse_multi_robot_pick_pack_handover_016,pack_order,2026-01-15T11:41:23.000Z,complete,arm_1,robotic_arm,warehouse_multi_robot_pick_pack_handover_016_exec_14,done,94.3,12.0,5.0,0.0,null,null,null,null,null
warehouse_multi_robot_pick_pack_handover_016,dispatch,2026-01-15T11:41:24.000Z,start,amr_1,amr,warehouse_multi_robot_pick_pack_handover_016_exec_15,inprogress,63.7,12.0,5.0,0.0,null,null,null,null,null
warehouse_multi_robot_pick_pack_handover_016,dispatch,2026-01-15T11:42:04.000Z,null,amr_1,amr,warehouse_multi_robot_pick_pack_handover_016_exec_15,inprogress,63.3,10.0,4.25,0.0,null,null,null,null,null
warehouse_multi_robot_pick_pack_handover_016,dispatch,2026-01-15T11:42:44.000Z,null,amr_1,amr,warehouse_multi_robot_pick_pack_handover_016_exec_15,inprogress,62.8,8.0,3.5,0.0,null,null,null,null,null
warehouse_multi_robot_pick_pack_handover_016,dispatch,2026-01-15T11:43:24.000Z,null,amr_1,amr,warehouse_multi_robot_pick_pack_handover_016_exec_15,inprogress,62.3,6.0,2.75,0.0,null,null,null,null,null
warehouse_multi_robot_pick_pack_handover_016,dispatch,2026-01-15T11:44:05.000Z,complete,amr_1,amr,warehouse_multi_robot_pick_pack_handover_016_exec_15,done,61.8,4.0,2.0,0.0,null,null,null,null,null
warehouse_multi_robot_pick_pack_handover_017,receive_order,2026-01-15T11:48:00.000Z,start,amr_1,amr,warehouse_multi_robot_pick_pack_handover_017_exec_1,inprogress,98.9,0.0,0.0,0.0,null,null,null,null,null
warehouse_multi_robot_pick_pack_handover_017,receive_order,2026-01-15T11:48:18.000Z,complete,amr_1,amr,warehouse_multi_robot_pick_pack_handover_017_exec_1,done,98.7,0.0,0.0,0.0,null,null,null,null,null
warehouse_multi_robot_pick_pack_handover_017,send_task_assignment,2026-01-15T11:48:19.000Z,start,amr_1,amr,warehouse_multi_robot_pick_pack_handover_017_exec_2,inprogress,98.7,0.0,0.0,0.0,msg_1f6b3e0667,order_id assigned for picking,send,amr_1,arm_1
warehouse_multi_robot_pick_pack_handover_017,send_task_assignment,2026-01-15T11:48:27.000Z,complete,amr_1,amr,warehouse_multi_robot_pick_pack_handover_017_exec_2,done,98.5,0.0,0.0,0.0,msg_1f6b3e0667,order_id assigned for picking,send,amr_1,arm_1
warehouse_multi_robot_pick_pack_handover_017,receive_task_assignment,2026-01-15T11:48:31.000Z,start,arm_1,robotic_arm,warehouse_multi_robot_pick_pack_handover_017_exec_3,inprogress,91.3,12.0,5.0,0.0,msg_1f6b3e0667,order_id assigned for picking,receive,amr_1,arm_1
warehouse_multi_robot_pick_pack_handover_017,receive_task_assignment,2026-01-15T11:48:35.000Z,complete,arm_1,robotic_arm,warehouse_multi_robot_pick_pack_handover_017_exec_3,done,91.2,12.0,5.0,0.0,msg_1f6b3e0667,order_id assigned for picking,receive,amr_1,arm_1
warehouse_multi_robot_pick_pack_handover_017,navigate_to_shelf,2026-01-15T11:48:36.000Z,start,amr_1,amr,warehouse_multi_robot_pick_pack_handover_017_exec_4,inprogress,98.5,0.0,0.0,0.0,null,null,null,null,null
warehouse_multi_robot_pick_pack_handover_017,navigate_to_shelf,2026-01-15T11:49:24.000Z,null,amr_1,amr,warehouse_multi_robot_pick_pack_handover_017_exec_4,inprogress,97.3,5.09,2.31,0.0,null,null,null,null,null
warehouse_multi_robot_pick_pack_handover_017,navigate_to_shelf,2026-01-15T11:50:12.000Z,null,amr_1,amr,warehouse_multi_robot_pick_pack_handover_017_exec_4,inprogress,96.0,10.17,4.62,0.0,null,null,null,null,null
warehouse_multi_robot_pick_pack_handover_017,navigate_to_shelf,2026-01-15T11:51:00.000Z,null,amr_1,amr,warehouse_multi_robot_pick_pack_handover_017_exec_4,inprogress,94.8,15.26,6.92,0.0,null,null,null,null,null
warehouse_multi_robot_pick_pack_handover_017,navigate_to_shelf,2026-01-15T11:51:51.000Z,complete,amr_1,amr,warehouse_multi_robot_pick_pack_handover_017_exec_4,done,93.6,20.34,9.23,0.0,null,null,null,null,null
warehouse_multi_robot_pick_pack_handover_017,scan_bin,2026-01-15T11:51:52.000Z,start,amr_1,amr,warehouse_multi_robot_pick_pack_handover_017_exec_5,inprogress,93.6,20.34,9.23,0.0,null,null,null,null,null
warehouse_multi_robot_pick_pack_handover_017,scan_bin,2026-01-15T11:52:14.000Z,null,amr_1,amr,warehouse_multi_robot_pick_pack_handover_017_exec_5,inprogress,93.3,20.34,9.23,0.0,null,null,null,null,null
warehouse_multi_robot_pick_pack_handover_017,scan_bin,2026-01-15T11:52:37.000Z,complete,amr_1,amr,warehouse_multi_robot_pick_pack_handover_017_exec_5,done,93.0,20.34,9.23,0.0,null,null,null,null,null
warehouse_multi_robot_pick_pack_handover_017,send_shelf_confirmation,2026-01-15T11:52:38.000Z,start,amr_1,amr,warehouse_multi_robot_pick_pack_handover_017_exec_6,inprogress,93.0,20.34,9.23,0.0,msg_32bd3a2ca2,bin verified for pick,send,amr_1,arm_1
warehouse_multi_robot_pick_pack_handover_017,send_shelf_confirmation,2026-01-15T11:52:46.000Z,complete,amr_1,amr,warehouse_multi_robot_pick_pack_handover_017_exec_6,done,92.8,20.34,9.23,0.0,msg_32bd3a2ca2,bin verified for pick,send,amr_1,arm_1
warehouse_multi_robot_pick_pack_handover_017,receive_shelf_confirmation,2026-01-15T11:53:47.000Z,start,arm_1,robotic_arm,warehouse_multi_robot_pick_pack_handover_017_exec_7,inprogress,91.2,12.0,5.0,0.0,msg_32bd3a2ca2,bin verified for pick,receive,amr_1,arm_1
warehouse_multi_robot_pick_pack_handover_017,receive_shelf_confirmation,2026-01-15T11:53:51.000Z,complete,arm_1,robotic_arm,warehouse_multi_robot_pick_pack_handover_017_exec_7,done,91.1,12.0,5.0,0.0,msg_32bd3a2ca2,bin verified for pick,receive,amr_1,arm_1
warehouse_multi_robot_pick_pack_handover_017,queue_wait,2026-01-15T11:53:52.000Z,start,arm_1,robotic_arm,warehouse_multi_robot_pick_pack_handover_017_exec_8,inprogress,91.1,12.0,5.0,0.0,null,null,null,null,null
warehouse_multi_robot_pick_pack_handover_017,queue_wait,2026-01-15T11:54:27.000Z,null,arm_1,robotic_arm,warehouse_multi_robot_pick_pack_handover_017_exec_8,inprogress,91.0,12.0,5.0,0.0,null,null,null,null,null
warehouse_multi_robot_pick_pack_handover_017,queue_wait,2026-01-15T11:55:02.000Z,null,arm_1,robotic_arm,warehouse_multi_robot_pick_pack_handover_017_exec_8,inprogress,90.9,12.0,5.0,0.0,null,null,null,null,null
warehouse_multi_robot_pick_pack_handover_017,queue_wait,2026-01-15T11:55:38.000Z,complete,arm_1,robotic_arm,warehouse_multi_robot_pick_pack_handover_017_exec_8,done,90.8,12.0,5.0,0.0,null,null,null,null,null
warehouse_multi_robot_pick_pack_handover_017,pick_item,2026-01-15T11:55:39.000Z,start,arm_1,robotic_arm,warehouse_multi_robot_pick_pack_handover_017_exec_9,inprogress,90.8,12.0,5.0,0.0,null,null,null,null,null
warehouse_multi_robot_pick_pack_handover_017,pick_item,2026-01-15T11:56:21.000Z,null,arm_1,robotic_arm,warehouse_multi_robot_pick_pack_handover_017_exec_9,inprogress,90.4,12.0,5.0,0.0,null,null,null,null,null
warehouse_multi_robot_pick_pack_handover_017,pick_item,2026-01-15T11:57:03.000Z,complete,arm_1,robotic_arm,warehouse_multi_robot_pick_pack_handover_017_exec_9,done,90.0,12.0,5.0,0.0,null,null,null,null,null
warehouse_multi_robot_pick_pack_handover_017,send_handover_coordination,2026-01-15T11:57:04.000Z,start,arm_1,robotic_arm,warehouse_multi_robot_pick_pack_handover_017_exec_10,inprogress,90.0,12.0,5.0,0.0,msg_cfdf99697c,ready for handover at station,send,arm_1,amr_1
warehouse_multi_robot_pick_pack_handover_017,send_handover_coordination,2026-01-15T11:57:11.000Z,complete,arm_1,robotic_arm,warehouse_multi_robot_pick_pack_handover_017_exec_10,done,89.8,12.0,5.0,0.0,msg_cfdf99697c,ready for handover at station,send,arm_1,amr_1
warehouse_multi_robot_pick_pack_handover_017,receive_handover_coordination,2026-01-15T11:58:38.000Z,start,amr_1,amr,warehouse_multi_robot_pick_pack_handover_017_exec_11,inprogress,92.8,20.34,9.23,0.0,msg_cfdf99697c,ready for handover at station,receive,arm_1,amr_1
warehouse_multi_robot_pick_pack_handover_017,receive_handover_coordination,2026-01-15T11:58:42.000Z,complete,amr_1,amr,warehouse_multi_robot_pick_pack_handover_017_exec_11,done,92.7,20.34,9.23,0.0,msg_cfdf99697c,ready for handover at station,receive,arm_1,amr_1
warehouse_multi_robot_pick_pack_handover_017,queue_wait,2026-01-15T11:58:43.000Z,start,amr_1,amr,warehouse_multi_robot_pick_pack_handover_017_exec_12,inprogress,92.7,20.34,9.23,0.0,null,null,null,null,null
warehouse_multi_robot_pick_pack_handover_017,queue_wait,2026-01-15T11:59:34.000Z,null,amr_1,amr,warehouse_multi_robot_pick_pack_handover_017_exec_12,inprogress,92.4,20.34,9.23,0.0,null,null,null,null,null
warehouse_multi_robot_pick_pack_handover_017,queue_wait,2026-01-15T12:00:26.000Z,complete,amr_1,amr,warehouse_multi_robot_pick_pack_handover_017_exec_12,done,92.2,20.34,9.23,0.0,null,null,null,null,null
warehouse_multi_robot_pick_pack_handover_017,navigate_to_handover,2026-01-15T12:00:27.000Z,start,amr_1,amr,warehouse_multi_robot_pick_pack_handover_017_exec_13,inprogress,92.2,20.34,9.23,0.0,null,null,null,null,null
warehouse_multi_robot_pick_pack_handover_017,navigate_to_handover,2026-01-15T12:01:23.000Z,null,amr_1,amr,warehouse_multi_robot_pick_pack_handover_017_exec_13,inprogress,91.1,16.17,7.12,0.0,null,null,null,null,null
warehouse_multi_robot_pick_pack_handover_017,navigate_to_handover,2026-01-15T12:02:20.000Z,complete,amr_1,amr,warehouse_multi_robot_pick_pack_handover_017_exec_13,done,90.0,12.0,5.0,0.0,null,null,null,null,null
warehouse_multi_robot_pick_pack_handover_017,handover_item,2026-01-15T12:02:21.000Z,start,arm_1,robotic_arm,warehouse_multi_robot_pick_pack_handover_017_exec_14,inprogress,89.8,12.0,5.0,0.0,null,null,null,null,null
warehouse_multi_robot_pick_pack_handover_017,handover_item,2026-01-15T12:02:55.000Z,complete,arm_1,robotic_arm,warehouse_multi_robot_pick_pack_handover_017_exec_14,done,89.3,12.0,5.0,0.0,null,null,null,null,null
warehouse_multi_robot_pick_pack_handover_017,handover_item,2026-01-15T12:02:56.000Z,start,amr_1,amr,warehouse_multi_robot_pick_pack_handover_017_exec_15,inprogress,90.0,12.0,5.0,0.0,null,null,null,null,null
warehouse_multi_robot_pick_pack_handover_017,handover_item,2026-01-15T12:03:18.000Z,null,amr_1,amr,warehouse_multi_robot_pick_pack_handover_017_exec_15,inprogress,89.8,12.0,5.0,0.0,null,null,null,null,null
warehouse_multi_robot_pick_pack_handover_017,handover_item,2026-01-15T12:03:40.000Z,complete,amr_1,amr,warehouse_multi_robot_pick_pack_handover_017_exec_15,done,89.6,12.0,5.0,0.0,null,null,null,null,null
warehouse_multi_robot_pick_pack_handover_017,pack_order,2026-01-15T12:03:41.000Z,start,arm_1,robotic_arm,warehouse_multi_robot_pick_pack_handover_017_exec_16,inprogress,89.3,12.0,5.0,0.0,null,null,null,null,null
warehouse_multi_robot_pick_pack_handover_017,pack_order,2026-01-15T12:03:55.000Z,null,arm_1,robotic_arm,warehouse_multi_robot_pick_pack_handover_017_exec_16,inprogress,88.9,12.0,5.0,0.0,null,null,null,null,null
warehouse_multi_robot_pick_pack_handover_017,pack_order,2026-01-15T12:04:09.000Z,null,arm_1,robotic_arm,warehouse_multi_robot_pick_pack_handover_017_exec_16,inprogress,88.6,12.0,5.0,0.0,null,null,null,null,null
warehouse_multi_robot_pick_pack_handover_017,pack_order,2026-01-15T12:04:23.000Z,null,arm_1,robotic_arm,warehouse_multi_robot_pick_pack_handover_017_exec_16,inprogress,88.2,12.0,5.0,0.0,null,null,null,null,null
warehouse_multi_robot_pick_pack_handover_017,pack_order,2026-01-15T12:04:37.000Z,complete,arm_1,robotic_arm,warehouse_multi_robot_pick_pack_handover_017_exec_16,done,87.8,12.0,5.0,0.0,null,null,null,null,null
warehouse_multi_robot_pick_pack_handover_017,dispatch,2026-01-15T12:04:38.000Z,start,amr_1,amr,warehouse_multi_robot_pick_pack_handover_017_exec_17,inprogress,89.6,12.0,5.0,0.0,null,null,null,null,null
warehouse_multi_robot_pick_pack_handover_017,dispatch,2026-01-15T12:05:18.000Z,null,amr_1,amr,warehouse_multi_robot_pick_pack_handover_017_exec_17,inprogress,89.1,9.33,4.0,0.0,null,null,null,null,null
warehouse_multi_robot_pick_pack_handover_017,dispatch,2026-01-15T12:05:58.000Z,null,amr_1,amr,warehouse_multi_robot_pick_pack_handover_017_exec_17,inprogress,88.7,6.67,3.0,0.0,null,null,null,null,null
warehouse_multi_robot_pick_pack_handover_017,dispatch,2026-01-15T12:06:39.000Z,complete,amr_1,amr,warehouse_multi_robot_pick_pack_handover_017_exec_17,done,88.2,4.0,2.0,0.0,null,null,null,null,null
warehouse_multi_robot_pick_pack_handover_018,receive_order,2026-01-15T12:06:00.000Z,start,amr_1,amr,warehouse_multi_robot_pick_pack_handover_018_exec_1,inprogress,90.2,0.0,0.0,0.0,null,null,null,null,null
warehouse_multi_robot_pick_pack_handover_018,receive_order,2026-01-15T12:06:14.000Z,complete,amr_1,amr,warehouse_multi_robot_pick_pack_handover_018_exec_1,done,89.9,0.0,0.0,0.0,null,null,null,null,null
warehouse_multi_robot_pick_pack_handover_018,send_task_assignment,2026-01-15T12:06:15.000Z,start,amr_1,amr,warehouse_multi_robot_pick_pack_handover_018_exec_2,inprogress,89.9,0.0,0.0,0.0,msg_016f197c7d,order_id assigned for picking,send,amr_1,arm_1
warehouse_multi_robot_pick_pack_handover_018,send_task_assignment,2026-01-15T12:06:23.000Z,complete,amr_1,amr,warehouse_multi_robot_pick_pack_handover_018_exec_2,done,89.7,0.0,0.0,0.0,msg_016f197c7d,order_id assigned for picking,send,amr_1,arm_1
warehouse_multi_robot_pick_pack_handover_018,receive_task_assignment,2026-01-15T12:06:27.000Z,start,arm_1,robotic_arm,warehouse_multi_robot_pick_pack_handover_018_exec_3,inprogress,97.9,12.0,5.0,0.0,msg_016f197c7d,order_id assigned for picking,receive,amr_1,arm_1
warehouse_multi_robot_pick_pack_handover_018,receive_task_assignment,2026-01-15T12:06:31.000Z,complete,arm_1,robotic_arm,warehouse_multi_robot_pick_pack_handover_018_exec_3,done,97.8,12.0,5.0,0.0,msg_016f197c7d,order_id assigned for picking,receive,amr_1,arm_1
warehouse_multi_robot_pick_pack_handover_018,navigate_to_shelf,2026-01-15T12:06:32.000Z,start,amr_1,amr,warehouse_multi_robot_pick_pack_handover_018_exec_4,inprogress,89.7,0.0,0.0,0.0,null,null,null,null,null
warehouse_multi_robot_pick_pack_handover_018,navigate_to_shelf,2026-01-15T12:07:14.000Z,null,amr_1,amr,warehouse_multi_robot_pick_pack_handover_018_exec_4,inprogress,88.7,5.98,6.03,0.0,null,null,null,null,null
warehouse_multi_robot_pick_pack_handover_018,navigate_to_shelf,2026-01-15T12:07:56.000Z,null,amr_1,amr,warehouse_multi_robot_pick_pack_handover_018_exec_4,inprogress,87.6,11.96,12.05,0.0,null,null,null,null,null
warehouse_multi_robot_pick_pack_handover_018,navigate_to_shelf,2026-01-15T12:08:38.000Z,null,amr_1,amr,warehouse_multi_robot_pick_pack_handover_018_exec_4,inprogress,86.6,17.94,18.08,0.0,null,null,null,null,null
warehouse_multi_robot_pick_pack_handover_018,navigate_to_shelf,2026-01-15T12:09:20.000Z,complete,amr_1,amr,warehouse_multi_robot_pick_pack_handover_018_exec_4,done,85.5,23.92,24.1,0.0,null,null,null,null,null
warehouse_multi_robot_pick_pack_handover_018,scan_bin,2026-01-15T12:09:21.000Z,start,amr_1,amr,warehouse_multi_robot_pick_pack_handover_018_exec_5,inprogress,85.5,23.92,24.1,0.0,null,null,null,null,null
warehouse_multi_robot_pick_pack_handover_018,scan_bin,2026-01-15T12:09:48.000Z,complete,amr_1,amr,warehouse_multi_robot_pick_pack_handover_018_exec_5,done,84.9,23.92,24.1,0.0,null,null,null,null,null
warehouse_multi_robot_pick_pack_handover_018,send_shelf_confirmation,2026-01-15T12:09:49.000Z,start,amr_1,amr,warehouse_multi_robot_pick_pack_handover_018_exec_6,inprogress,84.9,23.92,24.1,0.0,msg_4e0186c60c,bin verified for pick,send,amr_1,arm_1
warehouse_multi_robot_pick_pack_handover_018,send_shelf_confirmation,2026-01-15T12:09:54.000Z,complete,amr_1,amr,warehouse_multi_robot_pick_pack_handover_018_exec_6,done,84.7,23.92,24.1,0.0,msg_4e0186c60c,bin verified for pick,send,amr_1,arm_1
warehouse_multi_robot_pick_pack_handover_018,receive_shelf_confirmation,2026-01-15T12:09:59.000Z,start,arm_1,robotic_arm,warehouse_multi_robot_pick_pack_handover_018_exec_7,inprogress,97.8,12.0,5.0,0.0,msg_4e0186c60c,bin verified for pick,receive,amr_1,arm_1
warehouse_multi_robot_pick_pack_handover_018,receive_shelf_confirmation,2026-01-15T12:10:03.000Z,complete,arm_1,robotic_arm,warehouse_multi_robot_pick_pack_handover_018_exec_7,done,97.7,12.0,5.0,0.0,msg_4e0186c60c,bin verified for pick,receive,amr_1,arm_1
warehouse_multi_robot_pick_pack_handover_018,pick_item,2026-01-15T12:10:04.000Z,start,arm_1,robotic_arm,warehouse_multi_robot_pick_pack_handover_018_exec_8,inprogress,97.7,12.0,5.0,0.0,null,null,null,null,null
warehouse_multi_robot_pick_pack_handover_018,pick_item,2026-01-15T12:10:28.000Z,null,arm_1,robotic_arm,warehouse_multi_robot_pick_pack_handover_018_exec_8,inprogress,97.2,12.0,5.0,0.0,null,null,null,null,null
warehouse_multi_robot_pick_pack_handover_018,pick_item,2026-01-15T12:10:53.000Z,complete,arm_1,robotic_arm,warehouse_multi_robot_pick_pack_handover_018_exec_8,done,96.8,12.0,5.0,0.0,null,null,null,null,null
warehouse_multi_robot_pick_pack_handover_018,send_handover_coordination,2026-01-15T12:10:54.000Z,start,arm_1,robotic_arm,warehouse_multi_robot_pick_pack_handover_018_exec_9,inprogress,96.8,12.0,5.0,0.0,msg_bf4c419546,ready for handover at station,send,arm_1,amr_1
warehouse_multi_robot_pick_pack_handover_018,send_handover_coordination,2026-01-15T12:11:02.000Z,complete,arm_1,robotic_arm,warehouse_multi_robot_pick_pack_handover_018_exec_9,done,96.6,12.0,5.0,0.0,msg_bf4c419546,ready for handover at station,send,arm_1,amr_1
warehouse_multi_robot_pick_pack_handover_018,receive_handover_coordination,2026-01-15T12:11:06.000Z,start,amr_1,amr,warehouse_multi_robot_pick_pack_handover_018_exec_10,inprogress,84.7,23.92,24.1,0.0,msg_bf4c419546,ready for handover at station,receive,arm_1,amr_1
warehouse_multi_robot_pick_pack_handover_018,receive_handover_coordination,2026-01-15T12:11:10.000Z,complete,amr_1,amr,warehouse_multi_robot_pick_pack_handover_018_exec_10,done,84.6,23.92,24.1,0.0,msg_bf4c419546,ready for handover at station,receive,arm_1,amr_1
warehouse_multi_robot_pick_pack_handover_018,navigate_to_handover,2026-01-15T12:11:11.000Z,start,amr_1,amr,warehouse_multi_robot_pick_pack_handover_018_exec_11,inprogress,84.6,23.92,24.1,0.0,null,null,null,null,null
warehouse_multi_robot_pick_pack_handover_018,navigate_to_handover,2026-01-15T12:12:13.000Z,null,amr_1,amr,warehouse_multi_robot_pick_pack_handover_018_exec_11,inprogress,83.1,17.96,14.55,0.0,null,null,null,null,null
warehouse_multi_robot_pick_pack_handover_018,navigate_to_handover,2026-01-15T12:13:16.000Z,complete,amr_1,amr,warehouse_multi_robot_pick_pack_handover_018_exec_11,done,81.6,12.0,5.0,0.0,null,null,null,null,null
warehouse_multi_robot_pick_pack_handover_018,handover_item,2026-01-15T12:13:17.000Z,start,arm_1,robotic_arm,warehouse_multi_robot_pick_pack_handover_018_exec_12,inprogress,96.6,12.0,5.0,0.0,null,null,null,null,null
warehouse_multi_robot_pick_pack_handover_018,handover_item,2026-01-15T12:13:44.000Z,complete,arm_1,robotic_arm,warehouse_multi_robot_pick_pack_handover_018_exec_12,done,96.1,12.0,5.0,0.0,null,null,null,null,null
warehouse_multi_robot_pick_pack_handover_018,handover_item,2026-01-15T12:13:45.000Z,start,amr_1,amr,warehouse_multi_robot_pick_pack_handover_018_exec_13,inprogress,81.6,12.0,5.0,0.0,null,null,null,null,null
warehouse_multi_robot_pick_pack_handover_018,handover_item,2026-01-15T12:14:34.000Z,complete,amr_1,amr,warehouse_multi_robot_pick_pack_handover_018_exec_13,done,81.1,12.0,5.0,0.0,null,null,null,null,null
warehouse_multi_robot_pick_pack_handover_018,pack_order,2026-01-15T12:14:35.000Z,start,arm_1,robotic_arm,warehouse_multi_robot_pick_pack_handover_018_exec_14,inprogress,96.1,12.0,5.0,0.0,null,null,null,null,null
warehouse_multi_robot_pick_pack_handover_018,pack_order,2026-01-15T12:15:37.000Z,null,arm_1,robotic_arm,warehouse_multi_robot_pick_pack_handover_018_exec_14,inprogress,95.4,12.0,5.0,0.0,null,null,null,null,null
warehouse_multi_robot_pick_pack_handover_018,pack_order,2026-01-15T12:16:39.000Z,complete,arm_1,robotic_arm,warehouse_multi_robot_pick_pack_handover_018_exec_14,done,94.6,12.0,5.0,0.0,null,null,null,null,null
warehouse_multi_robot_pick_pack_handover_018,dispatch,2026-01-15T12:16:40.000Z,start,amr_1,amr,warehouse_multi_robot_pick_pack_handover_018_exec_15,inprogress,81.1,12.0,5.0,0.0,null,null,null,null,null
warehouse_multi_robot_pick_pack_handover_018,dispatch,2026-01-15T12:17:14.000Z,null,amr_1,amr,warehouse_multi_robot_pick_pack_handover_018_exec_15,inprogress,80.7,10.0,4.25,0.0,null,null,null,null,null
warehouse_multi_robot_pick_pack_handover_018,dispatch,2026-01-15T12:17:48.000Z,null,amr_1,amr,warehouse_multi_robot_pick_pack_handover_018_exec_15,inprogress,80.2,8.0,3.5,0.0,null,null,null,null,null
warehouse_multi_robot_pick_pack_handover_018,dispatch,2026-01-15T12:18:22.000Z,null,amr_1,amr,warehouse_multi_robot_pick_pack_handover_018_exec_15,inprogress,79.8,6.0,2.75,0.0,null,null,null,null,null
warehouse_multi_robot_pick_pack_handover_018,dispatch,2026-01-15T12:18:57.000Z,complete,amr_1,amr,warehouse_multi_robot_pick_pack_handover_018_exec_15,done,79.3,4.0,2.0,0.0,null,null,null,null,null
warehouse_multi_robot_pick_pack_handover_019,receive_order,2026-01-15T12:24:00.000Z,start,amr_1,amr,warehouse_multi_robot_pick_pack_handover_019_exec_1,inprogress,96.9,0.0,0.0,0.0,null,null,null,null,null
warehouse_multi_robot_pick_pack_handover_019,receive_order,2026-01-15T12:24:30.000Z,complete,amr_1,amr,warehouse_multi_robot_pick_pack_handover_019_exec_1,done,96.6,0.0,0.0,0.0,null,null,null,null,null
warehouse_multi_robot_pick_pack_handover_019,send_task_assignment,2026-01-15T12:24:31.000Z,start,amr_1,amr,warehouse_multi_robot_pick_pack_handover_019_exec_2,inprogress,96.6,0.0,0.0,0.0,msg_28fe944e6b,order_id assigned for picking,send,amr_1,arm_1
warehouse_multi_robot_pick_pack_handover_019,send_task_assignment,2026-01-15T12:24:37.000Z,complete,amr_1,amr,warehouse_multi_robot_pick_pack_handover_019_exec_2,done,96.4,0.0,0.0,0.0,msg_28fe944e6b,order_id assigned for picking,send,amr_1,arm_1
warehouse_multi_robot_pick_pack_handover_019,receive_task_assignment,2026-01-15T12:24:41.000Z,start,arm_1,robotic_arm,warehouse_multi_robot_pick_pack_handover_019_exec_3,inprogress,98.6,12.0,5.0,0.0,msg_28fe944e6b,order_id assigned for picking,receive,amr_1,arm_1
warehouse_multi_robot_pick_pack_handover_019,receive_task_assignment,2026-01-15T12:24:45.000Z,complete,arm_1,robotic_arm,warehouse_multi_robot_pick_pack_handover_019_exec_3,done,98.5,12.0,5.0,0.0,msg_28fe944e6b,order_id assigned for picking,receive,amr_1,arm_1
warehouse_multi_robot_pick_pack_handover_019,navigate_to_shelf,2026-01-15T12:24:46.000Z,start,amr_1,amr,warehouse_multi_robot_pick_pack_handover_019_exec_4,inprogress,96.4,0.0,0.0,0.0,null,null,null,null,null
warehouse_multi_robot_pick_pack_handover_019,navigate_to_shelf,2026-01-15T12:25:36.000Z,null,amr_1,amr,warehouse_multi_robot_pick_pack_handover_019_exec_4,inprogress,95.2,8.92,6.92,0.0,null,null,null,null,null
warehouse_multi_robot_pick_pack_handover_019,navigate_to_shelf,2026-01-15T12:26:26.000Z,null,amr_1,amr,warehouse_multi_robot_pick_pack_handover_019_exec_4,inprogress,94.0,17.84,13.84,0.0,null,null,null,null,null
warehouse_multi_robot_pick_pack_handover_019,navigate_to_shelf,2026-01-15T12:27:18.000Z,complete,amr_1,amr,warehouse_multi_robot_pick_pack_handover_019_exec_4,done,92.8,26.75,20.75,0.0,null,null,null,null,null
warehouse_multi_robot_pick_pack_handover_019,scan_bin,2026-01-15T12:27:19.000Z,start,amr_1,amr,warehouse_multi_robot_pick_pack_handover_019_exec_5,inprogress,92.8,26.75,20.75,0.0,null,null,null,null,null
warehouse_multi_robot_pick_pack_handover_019,scan_bin,2026-01-15T12:27:35.000Z,null,amr_1,amr,warehouse_multi_robot_pick_pack_handover_019_exec_5,inprogress,92.5,26.75,20.75,0.0,null,null,null,null,null
warehouse_multi_robot_pick_pack_handover_019,scan_bin,2026-01-15T12:27:52.000Z,complete,amr_1,amr,warehouse_multi_robot_pick_pack_handover_019_exec_5,done,92.1,26.75,20.75,0.0,null,null,null,null,null
warehouse_multi_robot_pick_pack_handover_019,send_shelf_confirmation,2026-01-15T12:27:53.000Z,start,amr_1,amr,warehouse_multi_robot_pick_pack_handover_019_exec_6,inprogress,92.1,26.75,20.75,0.0,msg_7fa54aa4cf,bin verified for pick,send,amr_1,arm_1
warehouse_multi_robot_pick_pack_handover_019,send_shelf_confirmation,2026-01-15T12:27:57.000Z,complete,amr_1,amr,warehouse_multi_robot_pick_pack_handover_019_exec_6,done,91.9,26.75,20.75,0.0,msg_7fa54aa4cf,bin verified for pick,send,amr_1,arm_1
warehouse_multi_robot_pick_pack_handover_019,receive_shelf_confirmation,2026-01-15T12:28:02.000Z,start,arm_1,robotic_arm,warehouse_multi_robot_pick_pack_handover_019_exec_7,inprogress,98.5,12.0,5.0,0.0,msg_7fa54aa4cf,bin verified for pick,receive,amr_1,arm_1
warehouse_multi_robot_pick_pack_handover_019,receive_shelf_confirmation,2026-01-15T12:28:06.000Z,complete,arm_1,robotic_arm,warehouse_multi_robot_pick_pack_handover_019_exec_7,done,98.4,12.0,5.0,0.0,msg_7fa54aa4cf,bin verified for pick,receive,amr_1,arm_1
warehouse_multi_robot_pick_pack_handover_019,pick_item,2026-01-15T12:28:07.000Z,start,arm_1,robotic_arm,warehouse_multi_robot_pick_pack_handover_019_exec_8,inprogress,98.4,12.0,5.0,0.0,null,null,null,null,null
warehouse_multi_robot_pick_pack_handover_019,pick_item,2026-01-15T12:28:29.000Z,null,arm_1,robotic_arm,warehouse_multi_robot_pick_pack_handover_019_exec_8,inprogress,98.2,12.0,5.0,0.0,null,null,null,null,null
warehouse_multi_robot_pick_pack_handover_019,pick_item,2026-01-15T12:28:51.000Z,null,arm_1,robotic_arm,warehouse_multi_robot_pick_pack_handover_019_exec_8,inprogress,97.9,12.0,5.0,0.0,null,null,null,null,null
warehouse_multi_robot_pick_pack_handover_019,pick_item,2026-01-15T12:29:14.000Z,complete,arm_1,robotic_arm,warehouse_multi_robot_pick_pack_handover_019_exec_8,done,97.7,12.0,5.0,0.0,null,null,null,null,null
warehouse_multi_robot_pick_pack_handover_019,send_handover_coordination,2026-01-15T12:29:15.000Z,start,arm_1,robotic_arm,warehouse_multi_robot_pick_pack_handover_019_exec_9,inprogress,97.7,12.0,5.0,0.0,msg_adf447aacd,ready for handover at station,send,arm_1,amr_1
warehouse_multi_robot_pick_pack_handover_019,send_handover_coordination,2026-01-15T12:29:20.000Z,complete,arm_1,robotic_arm,warehouse_multi_robot_pick_pack_handover_019_exec_9,done,97.5,12.0,5.0,0.0,msg_adf447aacd,ready for handover at station,send,arm_1,amr_1
warehouse_multi_robot_pick_pack_handover_019,receive_handover_coordination,2026-01-15T12:29:24.000Z,start,amr_1,amr,warehouse_multi_robot_pick_pack_handover_019_exec_10,inprogress,91.9,26.75,20.75,0.0,msg_adf447aacd,ready for handover at station,receive,arm_1,amr_1
warehouse_multi_robot_pick_pack_handover_019,receive_handover_coordination,2026-01-15T12:29:28.000Z,complete,amr_1,amr,warehouse_multi_robot_pick_pack_handover_019_exec_10,done,91.8,26.75,20.75,0.0,msg_adf447aacd,ready for handover at station,receive,arm_1,amr_1
warehouse_multi_robot_pick_pack_handover_019,navigate_to_handover,2026-01-15T12:29:29.000Z,start,amr_1,amr,warehouse_multi_robot_pick_pack_handover_019_exec_11,inprogress,91.8,26.75,20.75,0.0,null,null,null,null,null
warehouse_multi_robot_pick_pack_handover_019,navigate_to_handover,2026-01-15T12:30:38.000Z,null,amr_1,amr,warehouse_multi_robot_pick_pack_handover_019_exec_11,inprogress,90.4,19.38,12.88,0.0,null,null,null,null,null
warehouse_multi_robot_pick_pack_handover_019,navigate_to_handover,2026-01-15T12:31:47.000Z,complete,amr_1,amr,warehouse_multi_robot_pick_pack_handover_019_exec_11,done,89.0,12.0,5.0,0.0,null,null,null,null,null
warehouse_multi_robot_pick_pack_handover_019,handover_item,2026-01-15T12:31:48.000Z,start,arm_1,robotic_arm,warehouse_multi_robot_pick_pack_handover_019_exec_12,inprogress,97.5,12.0,5.0,0.0,null,null,null,null,null
warehouse_multi_robot_pick_pack_handover_019,handover_item,2026-01-15T12:32:12.000Z,null,arm_1,robotic_arm,warehouse_multi_robot_pick_pack_handover_019_exec_12,inprogress,97.3,12.0,5.0,0.0,null,null,null,null,null
warehouse_multi_robot_pick_pack_handover_019,handover_item,2026-01-15T12:32:37.000Z,complete,arm_1,robotic_arm,warehouse_multi_robot_pick_pack_handover_019_exec_12,done,97.1,12.0,5.0,0.0,null,null,null,null,null
warehouse_multi_robot_pick_pack_handover_019,handover_item,2026-01-15T12:32:38.000Z,start,amr_1,amr,warehouse_multi_robot_pick_pack_handover_019_exec_13,inprogress,89.0,12.0,5.0,0.0,null,null,null,null,null
warehouse_multi_robot_pick_pack_handover_019,handover_item,2026-01-15T12:32:56.000Z,complete,amr_1,amr,warehouse_multi_robot_pick_pack_handover_019_exec_13,done,88.7,12.0,5.0,0.0,null,null,null,null,null
warehouse_multi_robot_pick_pack_handover_019,pack_order,2026-01-15T12:32:57.000Z,start,arm_1,robotic_arm,warehouse_multi_robot_pick_pack_handover_019_exec_14,inprogress,97.1,12.0,5.0,0.0,null,null,null,null,null
warehouse_multi_robot_pick_pack_handover_019,pack_order,2026-01-15T12:33:19.000Z,null,arm_1,robotic_arm,warehouse_multi_robot_pick_pack_handover_019_exec_14,inprogress,96.7,12.0,5.0,0.0,null,null,null,null,null
warehouse_multi_robot_pick_pack_handover_019,pack_order,2026-01-15T12:33:41.000Z,null,arm_1,robotic_arm,warehouse_multi_robot_pick_pack_handover_019_exec_14,inprogress,96.4,12.0,5.0,0.0,null,null,null,null,null
warehouse_multi_robot_pick_pack_handover_019,pack_order,2026-01-15T12:34:04.000Z,complete,arm_1,robotic_arm,warehouse_multi_robot_pick_pack_handover_019_exec_14,done,96.1,12.0,5.0,0.0,null,null,null,null,null
warehouse_multi_robot_pick_pack_handover_019,dispatch,2026-01-15T12:34:05.000Z,start,amr_1,amr,warehouse_multi_robot_pick_pack_handover_019_exec_15,inprogress,88.7,12.0,5.0,0.0,null,null,null,null,null
warehouse_multi_robot_pick_pack_handover_019,dispatch,2026-01-15T12:35:06.000Z,null,amr_1,amr,warehouse_multi_robot_pick_pack_handover_019_exec_15,inprogress,87.5,8.0,3.5,0.0,null,null,null,null,null
warehouse_multi_robot_pick_pack_handover_019,dispatch,2026-01-15T12:36:08.000Z,complete,amr_1,amr,warehouse_multi_robot_pick_pack_handover_019_exec_15,done,86.4,4.0,2.0,0.0,null,null,null,null,null
warehouse_multi_robot_pick_pack_handover_020,receive_order,2026-01-15T12:42:00.000Z,start,amr_1,amr,warehouse_multi_robot_pick_pack_handover_020_exec_1,inprogress,77.1,0.0,0.0,0.0,null,null,null,null,null
warehouse_multi_robot_pick_pack_handover_020,receive_order,2026-01-15T12:42:22.000Z,complete,amr_1,amr,warehouse_multi_robot_pick_pack_handover_020_exec_1,done,76.9,0.0,0.0,0.0,null,null,null,null,null
warehouse_multi_robot_pick_pack_handover_020,send_task_assignment,2026-01-15T12:42:23.000Z,start,amr_1,amr,warehouse_multi_robot_pick_pack_handover_020_exec_2,inprogress,76.9,0.0,0.0,0.0,msg_29f607e279,order_id assigned for picking,send,amr_1,arm_1
warehouse_multi_robot_pick_pack_handover_020,send_task_assignment,2026-01-15T12:42:29.000Z,complete,amr_1,amr,warehouse_multi_robot_pick_pack_handover_020_exec_2,done,76.7,0.0,0.0,0.0,msg_29f607e279,order_id assigned for picking,send,amr_1,arm_1
warehouse_multi_robot_pick_pack_handover_020,receive_task_assignment,2026-01-15T12:42:33.000Z,start,arm_1,robotic_arm,warehouse_multi_robot_pick_pack_handover_020_exec_3,inprogress,93.7,12.0,5.0,0.0,msg_29f607e279,order_id assigned for picking,receive,amr_1,arm_1
warehouse_multi_robot_pick_pack_handover_020,receive_task_assignment,2026-01-15T12:42:37.000Z,complete,arm_1,robotic_arm,warehouse_multi_robot_pick_pack_handover_020_exec_3,done,93.6,12.0,5.0,0.0,msg_29f607e279,order_id assigned for picking,receive,amr_1,arm_1
warehouse_multi_robot_pick_pack_handover_020,navigate_to_shelf,2026-01-15T12:42:38.000Z,start,amr_1,amr,warehouse_multi_robot_pick_pack_handover_020_exec_4,inprogress,76.7,0.0,0.0,0.0,null,null,null,null,null
warehouse_multi_robot_pick_pack_handover_020,navigate_to_shelf,2026-01-15T12:43:56.000Z,null,amr_1,amr,warehouse_multi_robot_pick_pack_handover_020_exec_4,inprogress,75.5,8.68,4.94,0.0,null,null,null,null,null
warehouse_multi_robot_pick_pack_handover_020,navigate_to_shelf,2026-01-15T12:45:14.000Z,null,amr_1,amr,warehouse_multi_robot_pick_pack_handover_020_exec_4,inprogress,74.2,17.35,9.87,0.0,null,null,null,null,null
warehouse_multi_robot_pick_pack_handover_020,navigate_to_shelf,2026-01-15T12:46:33.000Z,complete,amr_1,amr,warehouse_multi_robot_pick_pack_handover_020_exec_4,done,73.0,26.03,14.81,0.0,null,null,null,null,null
warehouse_multi_robot_pick_pack_handover_020,scan_bin,2026-01-15T12:46:34.000Z,start,amr_1,amr,warehouse_multi_robot_pick_pack_handover_020_exec_5,inprogress,73.0,26.03,14.81,0.0,null,null,null,null,null
warehouse_multi_robot_pick_pack_handover_020,scan_bin,2026-01-15T12:47:12.000Z,complete,amr_1,amr,warehouse_multi_robot_pick_pack_handover_020_exec_5,done,72.4,26.03,14.81,0.0,null,null,null,null,null
warehouse_multi_robot_pick_pack_handover_020,send_shelf_confirmation,2026-01-15T12:47:13.000Z,start,amr_1,amr,warehouse_multi_robot_pick_pack_handover_020_exec_6,inprogress,72.4,26.03,14.81,0.0,msg_ec5fdb7f46,bin verified for pick,send,amr_1,arm_1
warehouse_multi_robot_pick_pack_handover_020,send_shelf_confirmation,2026-01-15T12:47:19.000Z,complete,amr_1,amr,warehouse_multi_robot_pick_pack_handover_020_exec_6,done,72.2,26.03,14.81,0.0,msg_ec5fdb7f46,bin verified for pick,send,amr_1,arm_1
warehouse_multi_robot_pick_pack_handover_020,receive_shelf_confirmation,2026-01-15T12:47:24.000Z,start,arm_1,robotic_arm,warehouse_multi_robot_pick_pack_handover_020_exec_7,inprogress,93.6,12.0,5.0,0.0,msg_ec5fdb7f46,bin verified for pick,receive,amr_1,arm_1
warehouse_multi_robot_pick_pack_handover_020,receive_shelf_confirmation,2026-01-15T12:47:28.000Z,complete,arm_1,robotic_arm,warehouse_multi_robot_pick_pack_handover_020_exec_7,done,93.5,12.0,5.0,0.0,msg_ec5fdb7f46,bin verified for pick,receive,amr_1,arm_1
warehouse_multi_robot_pick_pack_handover_020,pick_item,2026-01-15T12:47:29.000Z,start,arm_1,robotic_arm,warehouse_multi_robot_pick_pack_handover_020_exec_8,inprogress,93.5,12.0,5.0,0.0,null,null,null,null,null
warehouse_multi_robot_pick_pack_handover_020,pick_item,2026-01-15T12:48:12.000Z,null,arm_1,robotic_arm,warehouse_multi_robot_pick_pack_handover_020_exec_8,inprogress,93.1,12.0,5.0,0.0,null,null,null,null,null
warehouse_multi_robot_pick_pack_handover_020,pick_item,2026-01-15T12:48:55.000Z,complete,arm_1,robotic_arm,warehouse_multi_robot_pick_pack_handover_020_exec_8,done,92.7,12.0,5.0,0.0,null,null,null,null,null
warehouse_multi_robot_pick_pack_handover_020,send_handover_coordination,2026-01-15T12:48:56.000Z,start,arm_1,robotic_arm,warehouse_multi_robot_pick_pack_handover_020_exec_9,inprogress,92.7,12.0,5.0,0.0,msg_18d678dbe5,ready for handover at station,send,arm_1,amr_1
warehouse_multi_robot_pick_pack_handover_020,send_handover_coordination,2026-01-15T12:49:03.000Z,complete,arm_1,robotic_arm,warehouse_multi_robot_pick_pack_handover_020_exec_9,done,92.5,12.0,5.0,0.0,msg_18d678dbe5,ready for handover at station,send,arm_1,amr_1
warehouse_multi_robot_pick_pack_handover_020,receive_handover_coordination,2026-01-15T12:49:07.000Z,start,amr_1,amr,warehouse_multi_robot_pick_pack_handover_020_exec_10,inprogress,72.2,26.03,14.81,0.0,msg_18d678dbe5,ready for handover at station,receive,arm_1,amr_1
warehouse_multi_robot_pick_pack_handover_020,receive_handover_coordination,2026-01-15T12:49:11.000Z,complete,amr_1,amr,warehouse_multi_robot_pick_pack_handover_020_exec_10,done,72.1,26.03,14.81,0.0,msg_18d678dbe5,ready for handover at station,receive,arm_1,amr_1
warehouse_multi_robot_pick_pack_handover_020,navigate_to_handover,2026-01-15T12:49:12.000Z,start,amr_1,amr,warehouse_multi_robot_pick_pack_handover_020_exec_11,inprogress,72.1,26.03,14.81,0.0,null,null,null,null,null
warehouse_multi_robot_pick_pack_handover_020,navigate_to_handover,2026-01-15T12:50:04.000Z,null,amr_1,amr,warehouse_multi_robot_pick_pack_handover_020_exec_11,inprogress,70.5,19.02,9.91,0.0,null,null,null,null,null
warehouse_multi_robot_pick_pack_handover_020,navigate_to_handover,2026-01-15T12:50:57.000Z,complete,amr_1,amr,warehouse_multi_robot_pick_pack_handover_020_exec_11,done,69.0,12.0,5.0,0.0,null,null,null,null,null
warehouse_multi_robot_pick_pack_handover_020,handover_item,2026-01-15T12:50:58.000Z,start,arm_1,robotic_arm,warehouse_multi_robot_pick_pack_handover_020_exec_12,inprogress,92.5,12.0,5.0,0.0,null,null,null,null,null
warehouse_multi_robot_pick_pack_handover_020,handover_item,2026-01-15T12:51:12.000Z,null,arm_1,robotic_arm,warehouse_multi_robot_pick_pack_handover_020_exec_12,inprogress,92.3,12.0,5.0,0.0,null,null,null,null,null
warehouse_multi_robot_pick_pack_handover_020,handover_item,2026-01-15T12:51:27.000Z,complete,arm_1,robotic_arm,warehouse_multi_robot_pick_pack_handover_020_exec_12,done,92.0,12.0,5.0,0.0,null,null,null,null,null
warehouse_multi_robot_pick_pack_handover_020,handover_item,2026-01-15T12:51:28.000Z,start,amr_1,amr,warehouse_multi_robot_pick_pack_handover_020_exec_13,inprogress,69.0,12.0,5.0,0.0,null,null,null,null,null
warehouse_multi_robot_pick_pack_handover_020,handover_item,2026-01-15T12:51:42.000Z,null,amr_1,amr,warehouse_multi_robot_pick_pack_handover_020_exec_13,inprogress,68.8,12.0,5.0,0.0,null,null,null,null,null
warehouse_multi_robot_pick_pack_handover_020,handover_item,2026-01-15T12:51:57.000Z,complete,amr_1,amr,warehouse_multi_robot_pick_pack_handover_020_exec_13,done,68.7,12.0,5.0,0.0,null,null,null,null,null
warehouse_multi_robot_pick_pack_handover_020,pack_order,2026-01-15T12:51:58.000Z,start,arm_1,robotic_arm,warehouse_multi_robot_pick_pack_handover_020_exec_14,inprogress,92.0,12.0,5.0,0.0,null,null,null,null,null
warehouse_multi_robot_pick_pack_handover_020,pack_order,2026-01-15T12:52:31.000Z,null,arm_1,robotic_arm,warehouse_multi_robot_pick_pack_handover_020_exec_14,inprogress,91.7,12.0,5.0,0.0,null,null,null,null,null
warehouse_multi_robot_pick_pack_handover_020,pack_order,2026-01-15T12:53:04.000Z,null,arm_1,robotic_arm,warehouse_multi_robot_pick_pack_handover_020_exec_14,inprogress,91.4,12.0,5.0,0.0,null,null,null,null,null
warehouse_multi_robot_pick_pack_handover_020,pack_order,2026-01-15T12:53:37.000Z,null,arm_1,robotic_arm,warehouse_multi_robot_pick_pack_handover_020_exec_14,inprogress,91.2,12.0,5.0,0.0,null,null,null,null,null
warehouse_multi_robot_pick_pack_handover_020,pack_order,2026-01-15T12:54:13.000Z,complete,arm_1,robotic_arm,warehouse_multi_robot_pick_pack_handover_020_exec_14,done,90.9,12.0,5.0,0.0,null,null,null,null,null
warehouse_multi_robot_pick_pack_handover_020,dispatch,2026-01-15T12:54:14.000Z,start,amr_1,amr,warehouse_multi_robot_pick_pack_handover_020_exec_15,inprogress,68.7,12.0,5.0,0.0,null,null,null,null,null
warehouse_multi_robot_pick_pack_handover_020,dispatch,2026-01-15T12:54:57.000Z,null,amr_1,amr,warehouse_multi_robot_pick_pack_handover_020_exec_15,inprogress,68.0,9.33,4.0,0.0,null,null,null,null,null
warehouse_multi_robot_pick_pack_handover_020,dispatch,2026-01-15T12:55:40.000Z,null,amr_1,amr,warehouse_multi_robot_pick_pack_handover_020_exec_15,inprogress,67.4,6.67,3.0,0.0,null,null,null,null,null
warehouse_multi_robot_pick_pack_handover_020,dispatch,2026-01-15T12:56:24.000Z,complete,amr_1,amr,warehouse_multi_robot_pick_pack_handover_020_exec_15,done,66.8,4.0,2.0,0.0,null,null,null,null,null
warehouse_multi_robot_pick_pack_handover_021,receive_order,2026-01-15T13:00:00.000Z,start,amr_1,amr,warehouse_multi_robot_pick_pack_handover_021_exec_1,inprogress,86.9,0.0,0.0,0.0,null,null,null,null,null
warehouse_multi_robot_pick_pack_handover_021,receive_order,2026-01-15T13:00:24.000Z,complete,amr_1,amr,warehouse_multi_robot_pick_pack_handover_021_exec_1,done,86.7,0.0,0.0,0.0,null,null,null,null,null
warehouse_multi_robot_pick_pack_handover_021,send_task_assignment,2026-01-15T13:00:25.000Z,start,amr_1,amr,warehouse_multi_robot_pick_pack_handover_021_exec_2,inprogress,86.7,0.0,0.0,0.0,msg_b04e3b1a58,order_id assigned for picking,send,amr_1,arm_1
warehouse_multi_robot_pick_pack_handover_021,send_task_assignment,2026-01-15T13:00:29.000Z,complete,amr_1,amr,warehouse_multi_robot_pick_pack_handover_021_exec_2,done,86.5,0.0,0.0,0.0,msg_b04e3b1a58,order_id assigned for picking,send,amr_1,arm_1
warehouse_multi_robot_pick_pack_handover_021,receive_task_assignment,2026-01-15T13:00:33.000Z,start,arm_1,robotic_arm,warehouse_multi_robot_pick_pack_handover_021_exec_3,inprogress,94.8,12.0,5.0,0.0,msg_b04e3b1a58,order_id assigned for picking,receive,amr_1,arm_1
warehouse_multi_robot_pick_pack_handover_021,receive_task_assignment,2026-01-15T13:00:37.000Z,complete,arm_1,robotic_arm,warehouse_multi_robot_pick_pack_handover_021_exec_3,done,94.7,12.0,5.0,0.0,msg_b04e3b1a58,order_id assigned for picking,receive,amr_1,arm_1
warehouse_multi_robot_pick_pack_handover_021,navigate_to_shelf,2026-01-15T13:00:38.000Z,start,amr_1,amr,warehouse_multi_robot_pick_pack_handover_021_exec_4,inprogress,86.5,0.0,0.0,0.0,null,null,null,null,null
warehouse_multi_robot_pick_pack_handover_021,navigate_to_shelf,2026-01-15T13:01:31.000Z,null,amr_1,amr,warehouse_multi_robot_pick_pack_handover_021_exec_4,inprogress,85.6,6.97,3.42,0.0,null,null,null,null,null
warehouse_multi_robot_pick_pack_handover_021,navigate_to_shelf,2026-01-15T13:02:24.000Z,null,amr_1,amr,warehouse_multi_robot_pick_pack_handover_021_exec_4,inprogress,84.7,13.95,6.84,0.0,null,null,null,null,null
warehouse_multi_robot_pick_pack_handover_021,navigate_to_shelf,2026-01-15T13:03:17.000Z,null,amr_1,amr,warehouse_multi_robot_pick_pack_handover_021_exec_4,inprogress,83.8,20.92,10.27,0.0,null,null,null,null,null
warehouse_multi_robot_pick_pack_handover_021,navigate_to_shelf,2026-01-15T13:04:10.000Z,complete,amr_1,amr,warehouse_multi_robot_pick_pack_handover_021_exec_4,done,82.9,27.9,13.69,0.0,null,null,null,null,null
warehouse_multi_robot_pick_pack_handover_021,scan_bin,2026-01-15T13:04:11.000Z,start,amr_1,amr,warehouse_multi_robot_pick_pack_handover_021_exec_5,inprogress,82.9,27.9,13.69,0.0,null,null,null,null,null
warehouse_multi_robot_pick_pack_handover_021,scan_bin,2026-01-15T13:04:35.000Z,null,amr_1,amr,warehouse_multi_robot_pick_pack_handover_021_exec_5,inprogress,82.7,27.9,13.69,0.0,null,null,null,null,null
warehouse_multi_robot_pick_pack_handover_021,scan_bin,2026-01-15T13:05:00.000Z,complete,amr_1,amr,warehouse_multi_robot_pick_pack_handover_021_exec_5,done,82.5,27.9,13.69,0.0,null,null,null,null,null
warehouse_multi_robot_pick_pack_handover_021,send_shelf_confirmation,2026-01-15T13:05:01.000Z,start,amr_1,amr,warehouse_multi_robot_pick_pack_handover_021_exec_6,inprogress,82.5,27.9,13.69,0.0,msg_66bec82522,bin verified for pick,send,amr_1,arm_1
warehouse_multi_robot_pick_pack_handover_021,send_shelf_confirmation,2026-01-15T13:05:08.000Z,complete,amr_1,amr,warehouse_multi_robot_pick_pack_handover_021_exec_6,done,82.3,27.9,13.69,0.0,msg_66bec82522,bin verified for pick,send,amr_1,arm_1
warehouse_multi_robot_pick_pack_handover_021,receive_shelf_confirmation,2026-01-15T13:05:13.000Z,start,arm_1,robotic_arm,warehouse_multi_robot_pick_pack_handover_021_exec_7,inprogress,94.7,12.0,5.0,0.0,msg_66bec82522,bin verified for pick,receive,amr_1,arm_1
warehouse_multi_robot_pick_pack_handover_021,receive_shelf_confirmation,2026-01-15T13:05:17.000Z,complete,arm_1,robotic_arm,warehouse_multi_robot_pick_pack_handover_021_exec_7,done,94.6,12.0,5.0,0.0,msg_66bec82522,bin verified for pick,receive,amr_1,arm_1
warehouse_multi_robot_pick_pack_handover_021,pick_item,2026-01-15T13:05:18.000Z,start,arm_1,robotic_arm,warehouse_multi_robot_pick_pack_handover_021_exec_8,inprogress,94.6,12.0,5.0,0.0,null,null,null,null,null
warehouse_multi_robot_pick_pack_handover_021,pick_item,2026-01-15T13:05:32.000Z,null,arm_1,robotic_arm,warehouse_multi_robot_pick_pack_handover_021_exec_8,inprogress,94.3,12.0,5.0,0.0,null,null,null,null,null
warehouse_multi_robot_pick_pack_handover_021,pick_item,2026-01-15T13:05:46.000Z,null,arm_1,robotic_arm,warehouse_multi_robot_pick_pack_handover_021_exec_8,inprogress,94.0,12.0,5.0,0.0,null,null,null,null,null
warehouse_multi_robot_pick_pack_handover_021,pick_item,2026-01-15T13:06:00.000Z,complete,arm_1,robotic_arm,warehouse_multi_robot_pick_pack_handover_021_exec_8,done,93.7,12.0,5.0,0.0,null,null,null,null,null
warehouse_multi_robot_pick_pack_handover_021,send_handover_coordination,2026-01-15T13:06:01.000Z,start,arm_1,robotic_arm,warehouse_multi_robot_pick_pack_handover_021_exec_9,inprogress,93.7,12.0,5.0,0.0,msg_58c8f674f6,ready for handover at station,send,arm_1,amr_1
warehouse_multi_robot_pick_pack_handover_021,send_handover_coordination,2026-01-15T13:06:09.000Z,complete,arm_1,robotic_arm,warehouse_multi_robot_pick_pack_handover_021_exec_9,done,93.5,12.0,5.0,0.0,msg_58c8f674f6,ready for handover at station,send,arm_1,amr_1
warehouse_multi_robot_pick_pack_handover_021,receive_handover_coordination,2026-01-15T13:06:13.000Z,start,amr_1,amr,warehouse_multi_robot_pick_pack_handover_021_exec_10,inprogress,82.3,27.9,13.69,0.0,msg_58c8f674f6,ready for handover at station,receive,arm_1,amr_1
warehouse_multi_robot_pick_pack_handover_021,receive_handover_coordination,2026-01-15T13:06:17.000Z,complete,amr_1,amr,warehouse_multi_robot_pick_pack_handover_021_exec_10,done,82.2,27.9,13.69,0.0,msg_58c8f674f6,ready for handover at station,receive,arm_1,amr_1
warehouse_multi_robot_pick_pack_handover_021,navigate_to_handover,2026-01-15T13:06:18.000Z,start,amr_1,amr,warehouse_multi_robot_pick_pack_handover_021_exec_11,inprogress,82.2,27.9,13.69,0.0,null,null,null,null,null
warehouse_multi_robot_pick_pack_handover_021,navigate_to_handover,2026-01-15T13:06:44.000Z,null,amr_1,amr,warehouse_multi_robot_pick_pack_handover_021_exec_11,inprogress,81.5,23.92,11.52,0.0,null,null,null,null,null
warehouse_multi_robot_pick_pack_handover_021,navigate_to_handover,2026-01-15T13:07:10.000Z,null,amr_1,amr,warehouse_multi_robot_pick_pack_handover_021_exec_11,inprogress,80.9,19.95,9.34,0.0,null,null,null,null,null
warehouse_multi_robot_pick_pack_handover_021,navigate_to_handover,2026-01-15T13:07:36.000Z,null,amr_1,amr,warehouse_multi_robot_pick_pack_handover_021_exec_11,inprogress,80.2,15.97,7.17,0.0,null,null,null,null,null
warehouse_multi_robot_pick_pack_handover_021,navigate_to_handover,2026-01-15T13:08:03.000Z,complete,amr_1,amr,warehouse_multi_robot_pick_pack_handover_021_exec_11,done,79.6,12.0,5.0,0.0,null,null,null,null,null
warehouse_multi_robot_pick_pack_handover_021,handover_item,2026-01-15T13:08:04.000Z,start,arm_1,robotic_arm,warehouse_multi_robot_pick_pack_handover_021_exec_12,inprogress,93.5,12.0,5.0,0.0,null,null,null,null,null
warehouse_multi_robot_pick_pack_handover_021,handover_item,2026-01-15T13:08:58.000Z,complete,arm_1,robotic_arm,warehouse_multi_robot_pick_pack_handover_021_exec_12,done,92.9,12.0,5.0,0.0,null,null,null,null,null
warehouse_multi_robot_pick_pack_handover_021,handover_item,2026-01-15T13:08:59.000Z,start,amr_1,amr,warehouse_multi_robot_pick_pack_handover_021_exec_13,inprogress,79.6,12.0,5.0,0.0,null,null,null,null,null
warehouse_multi_robot_pick_pack_handover_021,handover_item,2026-01-15T13:09:17.000Z,null,amr_1,amr,warehouse_multi_robot_pick_pack_handover_021_exec_13,inprogress,79.4,12.0,5.0,0.0,null,null,null,null,null
warehouse_multi_robot_pick_pack_handover_021,handover_item,2026-01-15T13:09:35.000Z,complete,amr_1,amr,warehouse_multi_robot_pick_pack_handover_021_exec_13,done,79.3,12.0,5.0,0.0,null,null,null,null,null
warehouse_multi_robot_pick_pack_handover_021,pack_order,2026-01-15T13:09:36.000Z,start,arm_1,robotic_arm,warehouse_multi_robot_pick_pack_handover_021_exec_14,inprogress,92.9,12.0,5.0,0.0,null,null,null,null,null
warehouse_multi_robot_pick_pack_handover_021,pack_order,2026-01-15T13:10:16.000Z,null,arm_1,robotic_arm,warehouse_multi_robot_pick_pack_handover_021_exec_14,inprogress,92.4,12.0,5.0,0.0,null,null,null,null,null
warehouse_multi_robot_pick_pack_handover_021,pack_order,2026-01-15T13:10:56.000Z,null,arm_1,robotic_arm,warehouse_multi_robot_pick_pack_handover_021_exec_14,inprogress,92.0,12.0,5.0,0.0,null,null,null,null,null
warehouse_multi_robot_pick_pack_handover_021,pack_order,2026-01-15T13:11:36.000Z,complete,arm_1,robotic_arm,warehouse_multi_robot_pick_pack_handover_021_exec_14,done,91.5,12.0,5.0,0.0,null,null,null,null,null
warehouse_multi_robot_pick_pack_handover_021,dispatch,2026-01-15T13:11:37.000Z,start,amr_1,amr,warehouse_multi_robot_pick_pack_handover_021_exec_15,inprogress,79.3,12.0,5.0,0.0,null,null,null,null,null
warehouse_multi_robot_pick_pack_handover_021,dispatch,2026-01-15T13:12:50.000Z,null,amr_1,amr,warehouse_multi_robot_pick_pack_handover_021_exec_15,inprogress,78.3,8.0,3.5,0.0,null,null,null,null,null
warehouse_multi_robot_pick_pack_handover_021,dispatch,2026-01-15T13:14:04.000Z,complete,amr_1,amr,warehouse_multi_robot_pick_pack_handover_021_exec_15,done,77.3,4.0,2.0,0.0,null,null,null,null,null
warehouse_multi_robot_pick_pack_handover_022,receive_order,2026-01-15T13:18:00.000Z,start,amr_1,amr,warehouse_multi_robot_pick_pack_handover_022_exec_1,inprogress,78.6,0.0,0.0,0.0,null,null,null,null,null
warehouse_multi_robot_pick_pack_handover_022,receive_order,2026-01-15T13:18:16.000Z,complete,amr_1,amr,warehouse_multi_robot_pick_pack_handover_022_exec_1,done,78.2,0.0,0.0,0.0,null,null,null,null,null
warehouse_multi_robot_pick_pack_handover_022,send_task_assignment,2026-01-15T13:18:17.000Z,start,amr_1,amr,warehouse_multi_robot_pick_pack_handover_022_exec_2,inprogress,78.2,0.0,0.0,0.0,msg_f4abe4788d,order_id assigned for picking,send,amr_1,arm_1
warehouse_multi_robot_pick_pack_handover_022,send_task_assignment,2026-01-15T13:18:25.000Z,complete,amr_1,amr,warehouse_multi_robot_pick_pack_handover_022_exec_2,done,78.0,0.0,0.0,0.0,msg_f4abe4788d,order_id assigned for picking,send,amr_1,arm_1
warehouse_multi_robot_pick_pack_handover_022,receive_task_assignment,2026-01-15T13:18:29.000Z,start,arm_1,robotic_arm,warehouse_multi_robot_pick_pack_handover_022_exec_3,inprogress,95.6,12.0,5.0,0.0,msg_f4abe4788d,order_id assigned for picking,receive,amr_1,arm_1
warehouse_multi_robot_pick_pack_handover_022,receive_task_assignment,2026-01-15T13:18:33.000Z,complete,arm_1,robotic_arm,warehouse_multi_robot_pick_pack_handover_022_exec_3,done,95.5,12.0,5.0,0.0,msg_f4abe4788d,order_id assigned for picking,receive,amr_1,arm_1
warehouse_multi_robot_pick_pack_handover_022,navigate_to_shelf,2026-01-15T13:18:34.000Z,start,amr_1,amr,warehouse_multi_robot_pick_pack_handover_022_exec_4,inprogress,78.0,0.0,0.0,0.0,null,null,null,null,null
warehouse_multi_robot_pick_pack_handover_022,navigate_to_shelf,2026-01-15T13:19:20.000Z,null,amr_1,amr,warehouse_multi_robot_pick_pack_handover_022_exec_4,inprogress,77.2,10.19,7.48,0.0,null,null,null,null,null
warehouse_multi_robot_pick_pack_handover_022,navigate_to_shelf,2026-01-15T13:20:06.000Z,null,amr_1,amr,warehouse_multi_robot_pick_pack_handover_022_exec_4,inprogress,76.4,20.38,14.95,0.0,null,null,null,null,null
warehouse_multi_robot_pick_pack_handover_022,navigate_to_shelf,2026-01-15T13:20:52.000Z,complete,amr_1,amr,warehouse_multi_robot_pick_pack_handover_022_exec_4,done,75.5,30.58,22.43,0.0,null,null,null,null,null
warehouse_multi_robot_pick_pack_handover_022,scan_bin,2026-01-15T13:20:53.000Z,start,amr_1,amr,warehouse_multi_robot_pick_pack_handover_022_exec_5,inprogress,75.5,30.58,22.43,0.0,null,null,null,null,null
warehouse_multi_robot_pick_pack_handover_022,scan_bin,2026-01-15T13:21:06.000Z,null,amr_1,amr,warehouse_multi_robot_pick_pack_handover_022_exec_5,inprogress,75.4,30.58,22.43,0.0,null,null,null,null,null
warehouse_multi_robot_pick_pack_handover_022,scan_bin,2026-01-15T13:21:20.000Z,complete,amr_1,amr,warehouse_multi_robot_pick_pack_handover_022_exec_5,done,75.2,30.58,22.43,0.0,null,null,null,null,null
warehouse_multi_robot_pick_pack_handover_022,send_shelf_confirmation,2026-01-15T13:21:21.000Z,start,amr_1,amr,warehouse_multi_robot_pick_pack_handover_022_exec_6,inprogress,75.2,30.58,22.43,0.0,msg_e6b098f921,bin verified for pick,send,amr_1,arm_1
warehouse_multi_robot_pick_pack_handover_022,send_shelf_confirmation,2026-01-15T13:21:27.000Z,complete,amr_1,amr,warehouse_multi_robot_pick_pack_handover_022_exec_6,done,75.0,30.58,22.43,0.0,msg_e6b098f921,bin verified for pick,send,amr_1,arm_1
warehouse_multi_robot_pick_pack_handover_022,receive_shelf_confirmation,2026-01-15T13:21:32.000Z,start,arm_1,robotic_arm,warehouse_multi_robot_pick_pack_handover_022_exec_7,inprogress,95.5,12.0,5.0,0.0,msg_e6b098f921,bin verified for pick,receive,amr_1,arm_1
warehouse_multi_robot_pick_pack_handover_022,receive_shelf_confirmation,2026-01-15T13:21:36.000Z,complete,arm_1,robotic_arm,warehouse_multi_robot_pick_pack_handover_022_exec_7,done,95.4,12.0,5.0,0.0,msg_e6b098f921,bin verified for pick,receive,amr_1,arm_1
warehouse_multi_robot_pick_pack_handover_022,pick_item,2026-01-15T13:21:37.000Z,start,arm_1,robotic_arm,warehouse_multi_robot_pick_pack_handover_022_exec_8,inprogress,95.4,12.0,5.0,0.0,null,null,null,null,null
warehouse_multi_robot_pick_pack_handover_022,pick_item,2026-01-15T13:22:03.000Z,null,arm_1,robotic_arm,warehouse_multi_robot_pick_pack_handover_022_exec_8,inprogress,95.1,12.0,5.0,0.0,null,null,null,null,null
warehouse_multi_robot_pick_pack_handover_022,pick_item,2026-01-15T13:22:29.000Z,null,arm_1,robotic_arm,warehouse_multi_robot_pick_pack_handover_022_exec_8,inprogress,94.9,12.0,5.0,0.0,null,null,null,null,null
warehouse_multi_robot_pick_pack_handover_022,pick_item,2026-01-15T13:22:57.000Z,complete,arm_1,robotic_arm,warehouse_multi_robot_pick_pack_handover_022_exec_8,done,94.6,12.0,5.0,0.0,null,null,null,null,null
warehouse_multi_robot_pick_pack_handover_022,send_handover_coordination,2026-01-15T13:22:58.000Z,start,arm_1,robotic_arm,warehouse_multi_robot_pick_pack_handover_022_exec_9,inprogress,94.6,12.0,5.0,0.0,msg_81c7f4c38f,ready for handover at station,send,arm_1,amr_1
warehouse_multi_robot_pick_pack_handover_022,send_handover_coordination,2026-01-15T13:23:05.000Z,complete,arm_1,robotic_arm,warehouse_multi_robot_pick_pack_handover_022_exec_9,done,94.4,12.0,5.0,0.0,msg_81c7f4c38f,ready for handover at station,send,arm_1,amr_1
warehouse_multi_robot_pick_pack_handover_022,receive_handover_coordination,2026-01-15T13:23:09.000Z,start,amr_1,amr,warehouse_multi_robot_pick_pack_handover_022_exec_10,inprogress,75.0,30.58,22.43,0.0,msg_81c7f4c38f,ready for handover at station,receive,arm_1,amr_1
warehouse_multi_robot_pick_pack_handover_022,receive_handover_coordination,2026-01-15T13:23:13.000Z,complete,amr_1,amr,warehouse_multi_robot_pick_pack_handover_022_exec_10,done,74.9,30.58,22.43,0.0,msg_81c7f4c38f,ready for handover at station,receive,arm_1,amr_1
warehouse_multi_robot_pick_pack_handover_022,navigate_to_handover,2026-01-15T13:23:14.000Z,start,amr_1,amr,warehouse_multi_robot_pick_pack_handover_022_exec_11,inprogress,74.9,30.58,22.43,0.0,null,null,null,null,null
warehouse_multi_robot_pick_pack_handover_022,navigate_to_handover,2026-01-15T13:23:52.000Z,null,amr_1,amr,warehouse_multi_robot_pick_pack_handover_022_exec_11,inprogress,73.9,24.38,16.62,0.0,null,null,null,null,null
warehouse_multi_robot_pick_pack_handover_022,navigate_to_handover,2026-01-15T13:24:30.000Z,null,amr_1,amr,warehouse_multi_robot_pick_pack_handover_022_exec_11,inprogress,72.9,18.19,10.81,0.0,null,null,null,null,null
warehouse_multi_robot_pick_pack_handover_022,navigate_to_handover,2026-01-15T13:25:08.000Z,complete,amr_1,amr,warehouse_multi_robot_pick_pack_handover_022_exec_11,done,71.9,12.0,5.0,0.0,null,null,null,null,null
warehouse_multi_robot_pick_pack_handover_022,handover_item,2026-01-15T13:25:09.000Z,start,arm_1,robotic_arm,warehouse_multi_robot_pick_pack_handover_022_exec_12,inprogress,94.4,12.0,5.0,0.0,null,null,null,null,null
warehouse_multi_robot_pick_pack_handover_022,handover_item,2026-01-15T13:25:30.000Z,null,arm_1,robotic_arm,warehouse_multi_robot_pick_pack_handover_022_exec_12,inprogress,94.2,12.0,5.0,0.0,null,null,null,null,null
warehouse_multi_robot_pick_pack_handover_022,handover_item,2026-01-15T13:25:52.000Z,complete,arm_1,robotic_arm,warehouse_multi_robot_pick_pack_handover_022_exec_12,done,94.1,12.0,5.0,0.0,null,null,null,null,null
warehouse_multi_robot_pick_pack_handover_022,handover_item,2026-01-15T13:25:53.000Z,start,amr_1,amr,warehouse_multi_robot_pick_pack_handover_022_exec_13,inprogress,71.9,12.0,5.0,0.0,null,null,null,null,null
warehouse_multi_robot_pick_pack_handover_022,handover_item,2026-01-15T13:26:22.000Z,complete,amr_1,amr,warehouse_multi_robot_pick_pack_handover_022_exec_13,done,71.6,12.0,5.0,0.0,null,null,null,null,null
warehouse_multi_robot_pick_pack_handover_022,pack_order,2026-01-15T13:26:23.000Z,start,arm_1,robotic_arm,warehouse_multi_robot_pick_pack_handover_022_exec_14,inprogress,94.1,12.0,5.0,0.0,null,null,null,null,null
warehouse_multi_robot_pick_pack_handover_022,pack_order,2026-01-15T13:26:44.000Z,null,arm_1,robotic_arm,warehouse_multi_robot_pick_pack_handover_022_exec_14,inprogress,93.8,12.0,5.0,0.0,null,null,null,null,null
warehouse_multi_robot_pick_pack_handover_022,pack_order,2026-01-15T13:27:05.000Z,null,arm_1,robotic_arm,warehouse_multi_robot_pick_pack_handover_022_exec_14,inprogress,93.6,12.0,5.0,0.0,null,null,null,null,null
warehouse_multi_robot_pick_pack_handover_022,pack_order,2026-01-15T13:27:26.000Z,null,arm_1,robotic_arm,warehouse_multi_robot_pick_pack_handover_022_exec_14,inprogress,93.4,12.0,5.0,0.0,null,null,null,null,null
warehouse_multi_robot_pick_pack_handover_022,pack_order,2026-01-15T13:27:48.000Z,complete,arm_1,robotic_arm,warehouse_multi_robot_pick_pack_handover_022_exec_14,done,93.2,12.0,5.0,0.0,null,null,null,null,null
warehouse_multi_robot_pick_pack_handover_022,dispatch,2026-01-15T13:27:49.000Z,start,amr_1,amr,warehouse_multi_robot_pick_pack_handover_022_exec_15,inprogress,71.6,12.0,5.0,0.0,null,null,null,null,null
warehouse_multi_robot_pick_pack_handover_022,dispatch,2026-01-15T13:28:33.000Z,null,amr_1,amr,warehouse_multi_robot_pick_pack_handover_022_exec_15,inprogress,71.3,10.0,4.25,0.0,null,null,null,null,null
warehouse_multi_robot_pick_pack_handover_022,dispatch,2026-01-15T13:29:17.000Z,null,amr_1,amr,warehouse_multi_robot_pick_pack_handover_022_exec_15,inprogress,70.9,8.0,3.5,0.0,null,null,null,null,null
warehouse_multi_robot_pick_pack_handover_022,dispatch,2026-01-15T13:30:01.000Z,null,amr_1,amr,warehouse_multi_robot_pick_pack_handover_022_exec_15,inprogress,70.5,6.0,2.75,0.0,null,null,null,null,null
warehouse_multi_robot_pick_pack_handover_022,dispatch,2026-01-15T13:30:48.000Z,complete,amr_1,amr,warehouse_multi_robot_pick_pack_handover_022_exec_15,done,70.2,4.0,2.0,0.0,null,null,null,null,null
warehouse_multi_robot_pick_pack_handover_023,receive_order,2026-01-15T13:36:00.000Z,start,amr_1,amr,warehouse_multi_robot_pick_pack_handover_023_exec_1,inprogress,75.0,0.0,0.0,0.0,null,null,null,null,null
warehouse_multi_robot_pick_pack_handover_023,receive_order,2026-01-15T13:36:14.000Z,complete,amr_1,amr,warehouse_multi_robot_pick_pack_handover_023_exec_1,done,74.6,0.0,0.0,0.0,null,null,null,null,null
warehouse_multi_robot_pick_pack_handover_023,send_task_assignment,2026-01-15T13:36:15.000Z,start,amr_1,amr,warehouse_multi_robot_pick_pack_handover_023_exec_2,inprogress,74.6,0.0,0.0,0.0,msg_11464c2d90,order_id assigned for picking,send,amr_1,arm_1
warehouse_multi_robot_pick_pack_handover_023,send_task_assignment,2026-01-15T13:36:23.000Z,complete,amr_1,amr,warehouse_multi_robot_pick_pack_handover_023_exec_2,done,74.4,0.0,0.0,0.0,msg_11464c2d90,order_id assigned for picking,send,amr_1,arm_1
warehouse_multi_robot_pick_pack_handover_023,receive_task_assignment,2026-01-15T13:36:27.000Z,start,arm_1,robotic_arm,warehouse_multi_robot_pick_pack_handover_023_exec_3,inprogress,89.2,12.0,5.0,0.0,msg_11464c2d90,order_id assigned for picking,receive,amr_1,arm_1
warehouse_multi_robot_pick_pack_handover_023,receive_task_assignment,2026-01-15T13:36:31.000Z,complete,arm_1,robotic_arm,warehouse_multi_robot_pick_pack_handover_023_exec_3,done,89.1,12.0,5.0,0.0,msg_11464c2d90,order_id assigned for picking,receive,amr_1,arm_1
warehouse_multi_robot_pick_pack_handover_023,navigate_to_shelf,2026-01-15T13:36:32.000Z,start,amr_1,amr,warehouse_multi_robot_pick_pack_handover_023_exec_4,inprogress,74.4,0.0,0.0,0.0,null,null,null,null,null
warehouse_multi_robot_pick_pack_handover_023,navigate_to_shelf,2026-01-15T13:37:09.000Z,null,amr_1,amr,warehouse_multi_robot_pick_pack_handover_023_exec_4,inprogress,73.9,6.97,1.88,0.0,null,null,null,null,null
warehouse_multi_robot_pick_pack_handover_023,navigate_to_shelf,2026-01-15T13:37:46.000Z,null,amr_1,amr,warehouse_multi_robot_pick_pack_handover_023_exec_4,inprogress,73.4,13.93,3.77,0.0,null,null,null,null,null
warehouse_multi_robot_pick_pack_handover_023,navigate_to_shelf,2026-01-15T13:38:23.000Z,null,amr_1,amr,warehouse_multi_robot_pick_pack_handover_023_exec_4,inprogress,72.9,20.9,5.65,0.0,null,null,null,null,null
warehouse_multi_robot_pick_pack_handover_023,navigate_to_shelf,2026-01-15T13:39:00.000Z,null,amr_1,amr,warehouse_multi_robot_pick_pack_handover_023_exec_4,inprogress,72.5,27.86,7.53,0.0,null,null,null,null,null
warehouse_multi_robot_pick_pack_handover_023,navigate_to_shelf,2026-01-15T13:39:39.000Z,complete,amr_1,amr,warehouse_multi_robot_pick_pack_handover_023_exec_4,done,72.0,34.83,9.42,0.0,null,null,null,null,null
warehouse_multi_robot_pick_pack_handover_023,scan_bin,2026-01-15T13:39:40.000Z,start,amr_1,amr,warehouse_multi_robot_pick_pack_handover_023_exec_5,inprogress,72.0,34.83,9.42,0.0,null,null,null,null,null
warehouse_multi_robot_pick_pack_handover_023,scan_bin,2026-01-15T13:40:00.000Z,null,amr_1,amr,warehouse_multi_robot_pick_pack_handover_023_exec_5,inprogress,71.8,34.83,9.42,0.0,null,null,null,null,null
warehouse_multi_robot_pick_pack_handover_023,scan_bin,2026-01-15T13:40:20.000Z,complete,amr_1,amr,warehouse_multi_robot_pick_pack_handover_023_exec_5,done,71.6,34.83,9.42,0.0,null,null,null,null,null
warehouse_multi_robot_pick_pack_handover_023,send_shelf_confirmation,2026-01-15T13:40:21.000Z,start,amr_1,amr,warehouse_multi_robot_pick_pack_handover_023_exec_6,inprogress,71.6,34.83,9.42,0.0,msg_e4afce0a25,bin verified for pick,send,amr_1,arm_1
warehouse_multi_robot_pick_pack_handover_023,send_shelf_confirmation,2026-01-15T13:40:26.000Z,complete,amr_1,amr,warehouse_multi_robot_pick_pack_handover_023_exec_6,done,71.4,34.83,9.42,0.0,msg_e4afce0a25,bin verified for pick,send,amr_1,arm_1
warehouse_multi_robot_pick_pack_handover_023,receive_shelf_confirmation,2026-01-15T13:41:58.000Z,start,arm_1,robotic_arm,warehouse_multi_robot_pick_pack_handover_023_exec_7,inprogress,89.1,12.0,5.0,0.0,msg_e4afce0a25,bin verified for pick,receive,amr_1,arm_1
warehouse_multi_robot_pick_pack_handover_023,receive_shelf_confirmation,2026-01-15T13:42:02.000Z,complete,arm_1,robotic_arm,warehouse_multi_robot_pick_pack_handover_023_exec_7,done,89.0,12.0,5.0,0.0,msg_e4afce0a25,bin verified for pick,receive,amr_1,arm_1
warehouse_multi_robot_pick_pack_handover_023,queue_wait,2026-01-15T13:42:03.000Z,start,arm_1,robotic_arm,warehouse_multi_robot_pick_pack_handover_023_exec_8,inprogress,89.0,12.0,5.0,0.0,null,null,null,null,null
warehouse_multi_robot_pick_pack_handover_023,queue_wait,2026-01-15T13:42:31.000Z,null,arm_1,robotic_arm,warehouse_multi_robot_pick_pack_handover_023_exec_8,inprogress,88.9,12.0,5.0,0.0,null,null,null,null,null
warehouse_multi_robot_pick_pack_handover_023,queue_wait,2026-01-15T13:42:59.000Z,null,arm_1,robotic_arm,warehouse_multi_robot_pick_pack_handover_023_exec_8,inprogress,88.8,12.0,5.0,0.0,null,null,null,null,null
warehouse_multi_robot_pick_pack_handover_023,queue_wait,2026-01-15T13:43:29.000Z,complete,arm_1,robotic_arm,warehouse_multi_robot_pick_pack_handover_023_exec_8,done,88.7,12.0,5.0,0.0,null,null,null,null,null
warehouse_multi_robot_pick_pack_handover_023,pick_item,2026-01-15T13:43:30.000Z,start,arm_1,robotic_arm,warehouse_multi_robot_pick_pack_handover_023_exec_9,inprogress,88.7,12.0,5.0,0.0,null,null,null,null,null
warehouse_multi_robot_pick_pack_handover_023,pick_item,2026-01-15T13:43:51.000Z,null,arm_1,robotic_arm,warehouse_multi_robot_pick_pack_handover_023_exec_9,inprogress,88.5,12.0,5.0,0.0,null,null,null,null,null
warehouse_multi_robot_pick_pack_handover_023,pick_item,2026-01-15T13:44:13.000Z,complete,arm_1,robotic_arm,warehouse_multi_robot_pick_pack_handover_023_exec_9,done,88.3,12.0,5.0,0.0,null,null,null,null,null
warehouse_multi_robot_pick_pack_handover_023,send_handover_coordination,2026-01-15T13:44:14.000Z,start,arm_1,robotic_arm,warehouse_multi_robot_pick_pack_handover_023_exec_10,inprogress,88.3,12.0,5.0,0.0,msg_1ac358e77c,ready for handover at station,send,arm_1,amr_1
warehouse_multi_robot_pick_pack_handover_023,send_handover_coordination,2026-01-15T13:44:20.000Z,complete,arm_1,robotic_arm,warehouse_multi_robot_pick_pack_handover_023_exec_10,done,88.1,12.0,5.0,0.0,msg_1ac358e77c,ready for handover at station,send,arm_1,amr_1
warehouse_multi_robot_pick_pack_handover_023,receive_handover_coordination,2026-01-15T13:44:24.000Z,start,amr_1,amr,warehouse_multi_robot_pick_pack_handover_023_exec_11,inprogress,71.4,34.83,9.42,0.0,msg_1ac358e77c,ready for handover at station,receive,arm_1,amr_1
warehouse_multi_robot_pick_pack_handover_023,receive_handover_coordination,2026-01-15T13:44:28.000Z,complete,amr_1,amr,warehouse_multi_robot_pick_pack_handover_023_exec_11,done,71.3,34.83,9.42,0.0,msg_1ac358e77c,ready for handover at station,receive,arm_1,amr_1
warehouse_multi_robot_pick_pack_handover_023,navigate_to_handover,2026-01-15T13:44:29.000Z,start,amr_1,amr,warehouse_multi_robot_pick_pack_handover_023_exec_12,inprogress,71.3,34.83,9.42,0.0,null,null,null,null,null
warehouse_multi_robot_pick_pack_handover_023,navigate_to_handover,2026-01-15T13:45:09.000Z,null,amr_1,amr,warehouse_multi_robot_pick_pack_handover_023_exec_12,inprogress,70.5,27.22,7.94,0.0,null,null,null,null,null
warehouse_multi_robot_pick_pack_handover_023,navigate_to_handover,2026-01-15T13:45:49.000Z,null,amr_1,amr,warehouse_multi_robot_pick_pack_handover_023_exec_12,inprogress,69.7,19.61,6.47,0.0,null,null,null,null,null
warehouse_multi_robot_pick_pack_handover_023,navigate_to_handover,2026-01-15T13:46:30.000Z,complete,amr_1,amr,warehouse_multi_robot_pick_pack_handover_023_exec_12,done,68.9,12.0,5.0,0.0,null,null,null,null,null
warehouse_multi_robot_pick_pack_handover_023,handover_item,2026-01-15T13:46:31.000Z,start,arm_1,robotic_arm,warehouse_multi_robot_pick_pack_handover_023_exec_13,inprogress,88.1,12.0,5.0,0.0,null,null,null,null,null
warehouse_multi_robot_pick_pack_handover_023,handover_item,2026-01-15T13:46:58.000Z,null,arm_1,robotic_arm,warehouse_multi_robot_pick_pack_handover_023_exec_13,inprogress,87.9,12.0,5.0,0.0,null,null,null,null,null
warehouse_multi_robot_pick_pack_handover_023,handover_item,2026-01-15T13:47:25.000Z,complete,arm_1,robotic_arm,warehouse_multi_robot_pick_pack_handover_023_exec_13,done,87.7,12.0,5.0,0.0,null,null,null,null,null
warehouse_multi_robot_pick_pack_handover_023,handover_item,2026-01-15T13:47:26.000Z,start,amr_1,amr,warehouse_multi_robot_pick_pack_handover_023_exec_14,inprogress,68.9,12.0,5.0,0.0,null,null,null,null,null
warehouse_multi_robot_pick_pack_handover_023,handover_item,2026-01-15T13:47:52.000Z,complete,amr_1,amr,warehouse_multi_robot_pick_pack_handover_023_exec_14,done,68.5,12.0,5.0,0.0,null,null,null,null,null
warehouse_multi_robot_pick_pack_handover_023,pack_order,2026-01-15T13:47:53.000Z,start,arm_1,robotic_arm,warehouse_multi_robot_pick_pack_handover_023_exec_15,inprogress,87.7,12.0,5.0,0.0,null,null,null,null,null
warehouse_multi_robot_pick_pack_handover_023,pack_order,2026-01-15T13:48:21.000Z,null,arm_1,robotic_arm,warehouse_multi_robot_pick_pack_handover_023_exec_15,inprogress,87.4,12.0,5.0,0.0,null,null,null,null,null
warehouse_multi_robot_pick_pack_handover_023,pack_order,2026-01-15T13:48:49.000Z,null,arm_1,robotic_arm,warehouse_multi_robot_pick_pack_handover_023_exec_15,inprogress,87.0,12.0,5.0,0.0,null,null,null,null,null
warehouse_multi_robot_pick_pack_handover_023,pack_order,2026-01-15T13:49:17.000Z,null,arm_1,robotic_arm,warehouse_multi_robot_pick_pack_handover_023_exec_15,inprogress,86.7,12.0,5.0,0.0,null,null,null,null,null
warehouse_multi_robot_pick_pack_handover_023,pack_order,2026-01-15T13:49:46.000Z,complete,arm_1,robotic_arm,warehouse_multi_robot_pick_pack_handover_023_exec_15,done,86.4,12.0,5.0,0.0,null,null,null,null,null
warehouse_multi_robot_pick_pack_handover_023,dispatch,2026-01-15T13:49:47.000Z,start,amr_1,amr,warehouse_multi_robot_pick_pack_handover_023_exec_16,inprogress,68.5,12.0,5.0,0.0,null,null,null,null,null
warehouse_multi_robot_pick_pack_handover_023,dispatch,2026-01-15T13:50:41.000Z,null,amr_1,amr,warehouse_multi_robot_pick_pack_handover_023_exec_16,inprogress,67.8,9.33,4.0,0.0,null,null,null,null,null
warehouse_multi_robot_pick_pack_handover_023,dispatch,2026-01-15T13:51:35.000Z,null,amr_1,amr,warehouse_multi_robot_pick_pack_handover_023_exec_16,inprogress,67.1,6.67,3.0,0.0,null,null,null,null,null
warehouse_multi_robot_pick_pack_handover_023,dispatch,2026-01-15T13:52:29.000Z,complete,amr_1,amr,warehouse_multi_robot_pick_pack_handover_023_exec_16,done,66.4,4.0,2.0,0.0,null,null,null,null,null
warehouse_multi_robot_pick_pack_handover_024,receive_order,2026-01-15T13:54:00.000Z,start,amr_1,amr,warehouse_multi_robot_pick_pack_handover_024_exec_1,inprogress,89.2,0.0,0.0,0.0,null,null,null,null,null
warehouse_multi_robot_pick_pack_handover_024,receive_order,2026-01-15T13:54:23.000Z,complete,amr_1,amr,warehouse_multi_robot_pick_pack_handover_024_exec_1,done,88.9,0.0,0.0,0.0,null,null,null,null,null
warehouse_multi_robot_pick_pack_handover_024,send_task_assignment,2026-01-15T13:54:24.000Z,start,amr_1,amr,warehouse_multi_robot_pick_pack_handover_024_exec_2,inprogress,88.9,0.0,0.0,0.0,msg_f66572b6ac,order_id assigned for picking,send,amr_1,arm_1
warehouse_multi_robot_pick_pack_handover_024,send_task_assignment,2026-01-15T13:54:31.000Z,complete,amr_1,amr,warehouse_multi_robot_pick_pack_handover_024_exec_2,done,88.7,0.0,0.0,0.0,msg_f66572b6ac,order_id assigned for picking,send,amr_1,arm_1
warehouse_multi_robot_pick_pack_handover_024,receive_task_assignment,2026-01-15T13:54:35.000Z,start,arm_1,robotic_arm,warehouse_multi_robot_pick_pack_handover_024_exec_3,inprogress,91.7,12.0,5.0,0.0,msg_f66572b6ac,order_id assigned for picking,receive,amr_1,arm_1
warehouse_multi_robot_pick_pack_handover_024,receive_task_assignment,2026-01-15T13:54:39.000Z,complete,arm_1,robotic_arm,warehouse_multi_robot_pick_pack_handover_024_exec_3,done,91.6,12.0,5.0,0.0,msg_f66572b6ac,order_id assigned for picking,receive,amr_1,arm_1
warehouse_multi_robot_pick_pack_handover_024,navigate_to_shelf,2026-01-15T13:54:40.000Z,start,amr_1,amr,warehouse_multi_robot_pick_pack_handover_024_exec_4,inprogress,88.7,0.0,0.0,0.0,null,null,null,null,null
warehouse_multi_robot_pick_pack_handover_024,navigate_to_shelf,2026-01-15T13:55:04.000Z,null,amr_1,amr,warehouse_multi_robot_pick_pack_handover_024_exec_4,inprogress,87.9,4.74,2.63,0.0,null,null,null,null,null
warehouse_multi_robot_pick_pack_handover_024,navigate_to_shelf,2026-01-15T13:55:28.000Z,null,amr_1,amr,warehouse_multi_robot_pick_pack_handover_024_exec_4,inprogress,87.0,9.49,5.26,0.0,null,null,null,null,null
warehouse_multi_robot_pick_pack_handover_024,navigate_to_shelf,2026-01-15T13:55:52.000Z,null,amr_1,amr,warehouse_multi_robot_pick_pack_handover_024_exec_4,inprogress,86.1,14.23,7.9,0.0,null,null,null,null,null
warehouse_multi_robot_pick_pack_handover_024,navigate_to_shelf,2026-01-15T13:56:16.000Z,null,amr_1,amr,warehouse_multi_robot_pick_pack_handover_024_exec_4,inprogress,85.2,18.97,10.53,0.0,null,null,null,null,null
warehouse_multi_robot_pick_pack_handover_024,navigate_to_shelf,2026-01-15T13:56:40.000Z,complete,amr_1,amr,warehouse_multi_robot_pick_pack_handover_024_exec_4,done,84.3,23.72,13.16,0.0,null,null,null,null,null
warehouse_multi_robot_pick_pack_handover_024,scan_bin,2026-01-15T13:56:41.000Z,start,amr_1,amr,warehouse_multi_robot_pick_pack_handover_024_exec_5,inprogress,84.3,23.72,13.16,0.0,null,null,null,null,null
warehouse_multi_robot_pick_pack_handover_024,scan_bin,2026-01-15T13:57:28.000Z,complete,amr_1,amr,warehouse_multi_robot_pick_pack_handover_024_exec_5,done,83.9,23.72,13.16,0.0,null,null,null,null,null
warehouse_multi_robot_pick_pack_handover_024,send_shelf_confirmation,2026-01-15T13:57:29.000Z,start,amr_1,amr,warehouse_multi_robot_pick_pack_handover_024_exec_6,inprogress,83.9,23.72,13.16,0.0,msg_374534cbf3,bin verified for pick,send,amr_1,arm_1
warehouse_multi_robot_pick_pack_handover_024,send_shelf_confirmation,2026-01-15T13:57:36.000Z,complete,amr_1,amr,warehouse_multi_robot_pick_pack_handover_024_exec_6,done,83.7,23.72,13.16,0.0,msg_374534cbf3,bin verified for pick,send,amr_1,arm_1
warehouse_multi_robot_pick_pack_handover_024,receive_shelf_confirmation,2026-01-15T13:58:55.000Z,start,arm_1,robotic_arm,warehouse_multi_robot_pick_pack_handover_024_exec_7,inprogress,91.6,12.0,5.0,0.0,msg_374534cbf3,bin verified for pick,receive,amr_1,arm_1
warehouse_multi_robot_pick_pack_handover_024,receive_shelf_confirmation,2026-01-15T13:58:59.000Z,complete,arm_1,robotic_arm,warehouse_multi_robot_pick_pack_handover_024_exec_7,done,91.5,12.0,5.0,0.0,msg_374534cbf3,bin verified for pick,receive,amr_1,arm_1
warehouse_multi_robot_pick_pack_handover_024,queue_wait,2026-01-15T13:59:00.000Z,start,arm_1,robotic_arm,warehouse_multi_robot_pick_pack_handover_024_exec_8,inprogress,91.5,12.0,5.0,0.0,null,null,null,null,null
warehouse_multi_robot_pick_pack_handover_024,queue_wait,2026-01-15T13:59:17.000Z,null,arm_1,robotic_arm,warehouse_multi_robot_pick_pack_handover_024_exec_8,inprogress,91.4,12.0,5.0,0.0,null,null,null,null,null
warehouse_multi_robot_pick_pack_handover_024,queue_wait,2026-01-15T13:59:34.000Z,null,arm_1,robotic_arm,warehouse_multi_robot_pick_pack_handover_024_exec_8,inprogress,91.3,12.0,5.0,0.0,null,null,null,null,null
warehouse_multi_robot_pick_pack_handover_024,queue_wait,2026-01-15T13:59:51.000Z,complete,arm_1,robotic_arm,warehouse_multi_robot_pick_pack_handover_024_exec_8,done,91.1,12.0,5.0,0.0,null,null,null,null,null
warehouse_multi_robot_pick_pack_handover_024,pick_item,2026-01-15T13:59:52.000Z,start,arm_1,robotic_arm,warehouse_multi_robot_pick_pack_handover_024_exec_9,inprogress,91.1,12.0,5.0,0.0,null,null,null,null,null
warehouse_multi_robot_pick_pack_handover_024,pick_item,2026-01-15T14:00:13.000Z,null,arm_1,robotic_arm,warehouse_multi_robot_pick_pack_handover_024_exec_9,inprogress,91.0,12.0,5.0,0.0,null,null,null,null,null
warehouse_multi_robot_pick_pack_handover_024,pick_item,2026-01-15T14:00:34.000Z,null,arm_1,robotic_arm,warehouse_multi_robot_pick_pack_handover_024_exec_9,inprogress,90.9,12.0,5.0,0.0,null,null,null,null,null
warehouse_multi_robot_pick_pack_handover_024,pick_item,2026-01-15T14:00:57.000Z,complete,arm_1,robotic_arm,warehouse_multi_robot_pick_pack_handover_024_exec_9,done,90.7,12.0,5.0,0.0,null,null,null,null,null
warehouse_multi_robot_pick_pack_handover_024,send_handover_coordination,2026-01-15T14:00:58.000Z,start,arm_1,robotic_arm,warehouse_multi_robot_pick_pack_handover_024_exec_10,inprogress,90.7,12.0,5.0,0.0,msg_b7aef8c28e,ready for handover at station,send,arm_1,amr_1
warehouse_multi_robot_pick_pack_handover_024,send_handover_coordination,2026-01-15T14:01:05.000Z,complete,arm_1,robotic_arm,warehouse_multi_robot_pick_pack_handover_024_exec_10,done,90.5,12.0,5.0,0.0,msg_b7aef8c28e,ready for handover at station,send,arm_1,amr_1
warehouse_multi_robot_pick_pack_handover_024,receive_handover_coordination,2026-01-15T14:01:09.000Z,start,amr_1,amr,warehouse_multi_robot_pick_pack_handover_024_exec_11,inprogress,83.7,23.72,13.16,0.0,msg_b7aef8c28e,ready for handover at station,receive,arm_1,amr_1
warehouse_multi_robot_pick_pack_handover_024,receive_handover_coordination,2026-01-15T14:01:13.000Z,complete,amr_1,amr,warehouse_multi_robot_pick_pack_handover_024_exec_11,done,83.6,23.72,13.16,0.0,msg_b7aef8c28e,ready for handover at station,receive,arm_1,amr_1
warehouse_multi_robot_pick_pack_handover_024,navigate_to_handover,2026-01-15T14:01:14.000Z,start,amr_1,amr,warehouse_multi_robot_pick_pack_handover_024_exec_12,inprogress,83.6,23.72,13.16,0.0,null,null,null,null,null
warehouse_multi_robot_pick_pack_handover_024,navigate_to_handover,2026-01-15T14:01:43.000Z,null,amr_1,amr,warehouse_multi_robot_pick_pack_handover_024_exec_12,inprogress,83.2,20.79,11.12,0.0,null,null,null,null,null
warehouse_multi_robot_pick_pack_handover_024,navigate_to_handover,2026-01-15T14:02:12.000Z,null,amr_1,amr,warehouse_multi_robot_pick_pack_handover_024_exec_12,inprogress,82.7,17.86,9.08,0.0,null,null,null,null,null
warehouse_multi_robot_pick_pack_handover_024,navigate_to_handover,2026-01-15T14:02:41.000Z,null,amr_1,amr,warehouse_multi_robot_pick_pack_handover_024_exec_12,inprogress,82.2,14.93,7.04,0.0,null,null,null,null,null
warehouse_multi_robot_pick_pack_handover_024,navigate_to_handover,2026-01-15T14:03:11.000Z,complete,amr_1,amr,warehouse_multi_robot_pick_pack_handover_024_exec_12,done,81.7,12.0,5.0,0.0,null,null,null,null,null
warehouse_multi_robot_pick_pack_handover_024,handover_item,2026-01-15T14:03:12.000Z,start,arm_1,robotic_arm,warehouse_multi_robot_pick_pack_handover_024_exec_13,inprogress,90.5,12.0,5.0,0.0,null,null,null,null,null
warehouse_multi_robot_pick_pack_handover_024,handover_item,2026-01-15T14:03:22.000Z,null,arm_1,robotic_arm,warehouse_multi_robot_pick_pack_handover_024_exec_13,inprogress,90.4,12.0,5.0,0.0,null,null,null,null,null
warehouse_multi_robot_pick_pack_handover_024,handover_item,2026-01-15T14:03:32.000Z,complete,arm_1,robotic_arm,warehouse_multi_robot_pick_pack_handover_024_exec_13,done,90.3,12.0,5.0,0.0,null,null,null,null,null
warehouse_multi_robot_pick_pack_handover_024,handover_item,2026-01-15T14:03:33.000Z,start,amr_1,amr,warehouse_multi_robot_pick_pack_handover_024_exec_14,inprogress,81.7,12.0,5.0,0.0,null,null,null,null,null
warehouse_multi_robot_pick_pack_handover_024,handover_item,2026-01-15T14:03:59.000Z,null,amr_1,amr,warehouse_multi_robot_pick_pack_handover_024_exec_14,inprogress,81.6,12.0,5.0,0.0,null,null,null,null,null
warehouse_multi_robot_pick_pack_handover_024,handover_item,2026-01-15T14:04:26.000Z,complete,amr_1,amr,warehouse_multi_robot_pick_pack_handover_024_exec_14,done,81.4,12.0,5.0,0.0,null,null,null,null,null
warehouse_multi_robot_pick_pack_handover_024,pack_order,2026-01-15T14:04:27.000Z,start,arm_1,robotic_arm,warehouse_multi_robot_pick_pack_handover_024_exec_15,inprogress,90.3,12.0,5.0,0.0,null,null,null,null,null
warehouse_multi_robot_pick_pack_handover_024,pack_order,2026-01-15T14:04:45.000Z,null,arm_1,robotic_arm,warehouse_multi_robot_pick_pack_handover_024_exec_15,inprogress,89.9,12.0,5.0,0.0,null,null,null,null,null
warehouse_multi_robot_pick_pack_handover_024,pack_order,2026-01-15T14:05:03.000Z,null,arm_1,robotic_arm,warehouse_multi_robot_pick_pack_handover_024_exec_15,inprogress,89.6,12.0,5.0,0.0,null,null,null,null,null
warehouse_multi_robot_pick_pack_handover_024,pack_order,2026-01-15T14:05:21.000Z,null,arm_1,robotic_arm,warehouse_multi_robot_pick_pack_handover_024_exec_15,inprogress,89.2,12.0,5.0,0.0,null,null,null,null,null
warehouse_multi_robot_pick_pack_handover_024,pack_order,2026-01-15T14:05:42.000Z,complete,arm_1,robotic_arm,warehouse_multi_robot_pick_pack_handover_024_exec_15,done,88.9,12.0,5.0,0.0,null,null,null,null,null
warehouse_multi_robot_pick_pack_handover_024,dispatch,2026-01-15T14:05:43.000Z,start,amr_1,amr,warehouse_multi_robot_pick_pack_handover_024_exec_16,inprogress,81.4,12.0,5.0,0.0,null,null,null,null,null
warehouse_multi_robot_pick_pack_handover_024,dispatch,2026-01-15T14:06:29.000Z,null,amr_1,amr,warehouse_multi_robot_pick_pack_handover_024_exec_16,inprogress,80.9,9.33,4.0,0.0,null,null,null,null,null
warehouse_multi_robot_pick_pack_handover_024,dispatch,2026-01-15T14:07:15.000Z,null,amr_1,amr,warehouse_multi_robot_pick_pack_handover_024_exec_16,inprogress,80.3,6.67,3.0,0.0,null,null,null,null,null
warehouse_multi_robot_pick_pack_handover_024,dispatch,2026-01-15T14:08:02.000Z,complete,amr_1,amr,warehouse_multi_robot_pick_pack_handover_024_exec_16,done,79.7,4.0,2.0,0.0,null,null,null,null,null
warehouse_multi_robot_pick_pack_handover_025,receive_order,2026-01-15T14:12:00.000Z,start,amr_1,amr,warehouse_multi_robot_pick_pack_handover_025_exec_1,inprogress,72.4,0.0,0.0,0.0,null,null,null,null,null
warehouse_multi_robot_pick_pack_handover_025,receive_order,2026-01-15T14:12:28.000Z,complete,amr_1,amr,warehouse_multi_robot_pick_pack_handover_025_exec_1,done,72.0,0.0,0.0,0.0,null,null,null,null,null
warehouse_multi_robot_pick_pack_handover_025,send_task_assignment,2026-01-15T14:12:29.000Z,start,amr_1,amr,warehouse_multi_robot_pick_pack_handover_025_exec_2,inprogress,72.0,0.0,0.0,0.0,msg_ea01a9a33e,order_id assigned for picking,send,amr_1,arm_1
warehouse_multi_robot_pick_pack_handover_025,send_task_assignment,2026-01-15T14:12:35.000Z,complete,amr_1,amr,warehouse_multi_robot_pick_pack_handover_025_exec_2,done,71.8,0.0,0.0,0.0,msg_ea01a9a33e,order_id assigned for picking,send,amr_1,arm_1
warehouse_multi_robot_pick_pack_handover_025,receive_task_assignment,2026-01-15T14:12:39.000Z,start,arm_1,robotic_arm,warehouse_multi_robot_pick_pack_handover_025_exec_3,inprogress,95.5,12.0,5.0,0.0,msg_ea01a9a33e,order_id assigned for picking,receive,amr_1,arm_1
warehouse_multi_robot_pick_pack_handover_025,receive_task_assignment,2026-01-15T14:12:43.000Z,complete,arm_1,robotic_arm,warehouse_multi_robot_pick_pack_handover_025_exec_3,done,95.4,12.0,5.0,0.0,msg_ea01a9a33e,order_id assigned for picking,receive,amr_1,arm_1
warehouse_multi_robot_pick_pack_handover_025,navigate_to_shelf,2026-01-15T14:12:44.000Z,start,amr_1,amr,warehouse_multi_robot_pick_pack_handover_025_exec_4,inprogress,71.8,0.0,0.0,0.0,null,null,null,null,null
warehouse_multi_robot_pick_pack_handover_025,navigate_to_shelf,2026-01-15T14:13:31.000Z,null,amr_1,amr,warehouse_multi_robot_pick_pack_handover_025_exec_4,inprogress,71.2,8.07,4.26,0.0,null,null,null,null,null
warehouse_multi_robot_pick_pack_handover_025,navigate_to_shelf,2026-01-15T14:14:18.000Z,null,amr_1,amr,warehouse_multi_robot_pick_pack_handover_025_exec_4,inprogress,70.6,16.13,8.52,0.0,null,null,null,null,null
warehouse_multi_robot_pick_pack_handover_025,navigate_to_shelf,2026-01-15T14:15:05.000Z,null,amr_1,amr,warehouse_multi_robot_pick_pack_handover_025_exec_4,inprogress,69.9,24.2,12.78,0.0,null,null,null,null,null
warehouse_multi_robot_pick_pack_handover_025,navigate_to_shelf,2026-01-15T14:15:52.000Z,complete,amr_1,amr,warehouse_multi_robot_pick_pack_handover_025_exec_4,done,69.3,32.27,17.04,0.0,null,null,null,null,null
warehouse_multi_robot_pick_pack_handover_025,scan_bin,2026-01-15T14:15:53.000Z,start,amr_1,amr,warehouse_multi_robot_pick_pack_handover_025_exec_5,inprogress,69.3,32.27,17.04,0.0,null,null,null,null,null
warehouse_multi_robot_pick_pack_handover_025,scan_bin,2026-01-15T14:16:15.000Z,complete,amr_1,amr,warehouse_multi_robot_pick_pack_handover_025_exec_5,done,69.0,32.27,17.04,0.0,null,null,null,null,null
warehouse_multi_robot_pick_pack_handover_025,send_shelf_confirmation,2026-01-15T14:16:16.000Z,start,amr_1,amr,warehouse_multi_robot_pick_pack_handover_025_exec_6,inprogress,69.0,32.27,17.04,0.0,msg_6b447ffc59,bin verified for pick,send,amr_1,arm_1
warehouse_multi_robot_pick_pack_handover_025,send_shelf_confirmation,2026-01-15T14:16:20.000Z,complete,amr_1,amr,warehouse_multi_robot_pick_pack_handover_025_exec_6,done,68.8,32.27,17.04,0.0,msg_6b447ffc59,bin verified for pick,send,amr_1,arm_1
warehouse_multi_robot_pick_pack_handover_025,receive_shelf_confirmation,2026-01-15T14:16:25.000Z,start,arm_1,robotic_arm,warehouse_multi_robot_pick_pack_handover_025_exec_7,inprogress,95.4,12.0,5.0,0.0,msg_6b447ffc59,bin verified for pick,receive,amr_1,arm_1
warehouse_multi_robot_pick_pack_handover_025,receive_shelf_confirmation,2026-01-15T14:16:29.000Z,complete,arm_1,robotic_arm,warehouse_multi_robot_pick_pack_handover_025_exec_7,done,95.3,12.0,5.0,0.0,msg_6b447ffc59,bin verified for pick,receive,amr_1,arm_1
warehouse_multi_robot_pick_pack_handover_025,pick_item,2026-01-15T14:16:30.000Z,start,arm_1,robotic_arm,warehouse_multi_robot_pick_pack_handover_025_exec_8,inprogress,95.3,12.0,5.0,0.0,null,null,null,null,null
warehouse_multi_robot_pick_pack_handover_025,pick_item,2026-01-15T14:16:55.000Z,null,arm_1,robotic_arm,warehouse_multi_robot_pick_pack_handover_025_exec_8,inprogress,95.0,12.0,5.0,0.0,null,null,null,null,null
warehouse_multi_robot_pick_pack_handover_025,pick_item,2026-01-15T14:17:20.000Z,null,arm_1,robotic_arm,warehouse_multi_robot_pick_pack_handover_025_exec_8,inprogress,94.8,12.0,5.0,0.0,null,null,null,null,null
warehouse_multi_robot_pick_pack_handover_025,pick_item,2026-01-15T14:17:45.000Z,complete,arm_1,robotic_arm,warehouse_multi_robot_pick_pack_handover_025_exec_8,done,94.5,12.0,5.0,0.0,null,null,null,null,null
warehouse_multi_robot_pick_pack_handover_025,send_handover_coordination,2026-01-15T14:17:46.000Z,start,arm_1,robotic_arm,warehouse_multi_robot_pick_pack_handover_025_exec_9,inprogress,94.5,12.0,5.0,0.0,msg_3ae3b59a75,ready for handover at station,send,arm_1,amr_1
warehouse_multi_robot_pick_pack_handover_025,send_handover_coordination,2026-01-15T14:17:52.000Z,complete,arm_1,robotic_arm,warehouse_multi_robot_pick_pack_handover_025_exec_9,done,94.3,12.0,5.0,0.0,msg_3ae3b59a75,ready for handover at station,send,arm_1,amr_1
warehouse_multi_robot_pick_pack_handover_025,receive_handover_coordination,2026-01-15T14:17:56.000Z,start,amr_1,amr,warehouse_multi_robot_pick_pack_handover_025_exec_10,inprogress,68.8,32.27,17.04,0.0,msg_3ae3b59a75,ready for handover at station,receive,arm_1,amr_1
warehouse_multi_robot_pick_pack_handover_025,receive_handover_coordination,2026-01-15T14:18:00.000Z,complete,amr_1,amr,warehouse_multi_robot_pick_pack_handover_025_exec_10,done,68.7,32.27,17.04,0.0,msg_3ae3b59a75,ready for handover at station,receive,arm_1,amr_1
warehouse_multi_robot_pick_pack_handover_025,navigate_to_handover,2026-01-15T14:18:01.000Z,start,amr_1,amr,warehouse_multi_robot_pick_pack_handover_025_exec_11,inprogress,68.7,32.27,17.04,0.0,null,null,null,null,null
warehouse_multi_robot_pick_pack_handover_025,navigate_to_handover,2026-01-15T14:18:43.000Z,null,amr_1,amr,warehouse_multi_robot_pick_pack_handover_025_exec_11,inprogress,68.1,27.2,14.03,0.0,null,null,null,null,null
warehouse_multi_robot_pick_pack_handover_025,navigate_to_handover,2026-01-15T14:19:25.000Z,null,amr_1,amr,warehouse_multi_robot_pick_pack_handover_025_exec_11,inprogress,67.5,22.13,11.02,0.0,null,null,null,null,null
warehouse_multi_robot_pick_pack_handover_025,navigate_to_handover,2026-01-15T14:20:07.000Z,null,amr_1,amr,warehouse_multi_robot_pick_pack_handover_025_exec_11,inprogress,66.9,17.07,8.01,0.0,null,null,null,null,null
warehouse_multi_robot_pick_pack_handover_025,navigate_to_handover,2026-01-15T14:20:50.000Z,complete,amr_1,amr,warehouse_multi_robot_pick_pack_handover_025_exec_11,done,66.3,12.0,5.0,0.0,null,null,null,null,null
warehouse_multi_robot_pick_pack_handover_025,handover_item,2026-01-15T14:20:51.000Z,start,arm_1,robotic_arm,warehouse_multi_robot_pick_pack_handover_025_exec_12,inprogress,94.3,12.0,5.0,0.0,null,null,null,null,null
warehouse_multi_robot_pick_pack_handover_025,handover_item,2026-01-15T14:21:31.000Z,complete,arm_1,robotic_arm,warehouse_multi_robot_pick_pack_handover_025_exec_12,done,94.1,12.0,5.0,0.0,null,null,null,null,null
warehouse_multi_robot_pick_pack_handover_025,handover_item,2026-01-15T14:21:32.000Z,start,amr_1,amr,warehouse_multi_robot_pick_pack_handover_025_exec_13,inprogress,66.3,12.0,5.0,0.0,null,null,null,null,null
warehouse_multi_robot_pick_pack_handover_025,handover_item,2026-01-15T14:22:24.000Z,complete,amr_1,amr,warehouse_multi_robot_pick_pack_handover_025_exec_13,done,66.0,12.0,5.0,0.0,null,null,null,null,null
warehouse_multi_robot_pick_pack_handover_025,pack_order,2026-01-15T14:22:25.000Z,start,arm_1,robotic_arm,warehouse_multi_robot_pick_pack_handover_025_exec_14,inprogress,94.1,12.0,5.0,0.0,null,null,null,null,null
warehouse_multi_robot_pick_pack_handover_025,pack_order,2026-01-15T14:22:47.000Z,null,arm_1,robotic_arm,warehouse_multi_robot_pick_pack_handover_025_exec_14,inprogress,93.8,12.0,5.0,0.0,null,null,null,null,null
warehouse_multi_robot_pick_pack_handover_025,pack_order,2026-01-15T14:23:09.000Z,null,arm_1,robotic_arm,warehouse_multi_robot_pick_pack_handover_025_exec_14,inprogress,93.5,12.0,5.0,0.0,null,null,null,null,null
warehouse_multi_robot_pick_pack_handover_025,pack_order,2026-01-15T14:23:33.000Z,complete,arm_1,robotic_arm,warehouse_multi_robot_pick_pack_handover_025_exec_14,done,93.2,12.0,5.0,0.0,null,null,null,null,null
warehouse_multi_robot_pick_pack_handover_025,dispatch,2026-01-15T14:23:34.000Z,start,amr_1,amr,warehouse_multi_robot_pick_pack_handover_025_exec_15,inprogress,66.0,12.0,5.0,0.0,null,null,null,null,null
warehouse_multi_robot_pick_pack_handover_025,dispatch,2026-01-15T14:24:10.000Z,null,amr_1,amr,warehouse_multi_robot_pick_pack_handover_025_exec_15,inprogress,65.7,10.0,4.25,0.0,null,null,null,null,null
warehouse_multi_robot_pick_pack_handover_025,dispatch,2026-01-15T14:24:46.000Z,null,amr_1,amr,warehouse_multi_robot_pick_pack_handover_025_exec_15,inprogress,65.4,8.0,3.5,0.0,null,null,null,null,null
warehouse_multi_robot_pick_pack_handover_025,dispatch,2026-01-15T14:25:22.000Z,null,amr_1,amr,warehouse_multi_robot_pick_pack_handover_025_exec_15,inprogress,65.0,6.0,2.75,0.0,null,null,null,null,null
warehouse_multi_robot_pick_pack_handover_025,dispatch,2026-01-15T14:26:00.000Z,complete,amr_1,amr,warehouse_multi_robot_pick_pack_handover_025_exec_15,done,64.7,4.0,2.0,0.0,null,null,null,null,null
warehouse_multi_robot_pick_pack_handover_026,receive_order,2026-01-15T14:30:00.000Z,start,amr_1,amr,warehouse_multi_robot_pick_pack_handover_026_exec_1,inprogress,72.7,0.0,0.0,0.0,null,null,null,null,null
warehouse_multi_robot_pick_pack_handover_026,receive_order,2026-01-15T14:30:18.000Z,complete,amr_1,amr,warehouse_multi_robot_pick_pack_handover_026_exec_1,done,72.5,0.0,0.0,0.0,null,null,null,null,null
warehouse_multi_robot_pick_pack_handover_026,send_task_assignment,2026-01-15T14:30:19.000Z,start,amr_1,amr,warehouse_multi_robot_pick_pack_handover_026_exec_2,inprogress,72.5,0.0,0.0,0.0,msg_9c06486b5a,order_id assigned for picking,send,amr_1,arm_1
warehouse_multi_robot_pick_pack_handover_026,send_task_assignment,2026-01-15T14:30:26.000Z,complete,amr_1,amr,warehouse_multi_robot_pick_pack_handover_026_exec_2,done,72.3,0.0,0.0,0.0,msg_9c06486b5a,order_id assigned for picking,send,amr_1,arm_1
warehouse_multi_robot_pick_pack_handover_026,receive_task_assignment,2026-01-15T14:30:30.000Z,start,arm_1,robotic_arm,warehouse_multi_robot_pick_pack_handover_026_exec_3,inprogress,88.2,12.0,5.0,0.0,msg_9c06486b5a,order_id assigned for picking,receive,amr_1,arm_1
warehouse_multi_robot_pick_pack_handover_026,receive_task_assignment,2026-01-15T14:30:34.000Z,complete,arm_1,robotic_arm,warehouse_multi_robot_pick_pack_handover_026_exec_3,done,88.1,12.0,5.0,0.0,msg_9c06486b5a,order_id assigned for picking,receive,amr_1,arm_1
warehouse_multi_robot_pick_pack_handover_026,navigate_to_shelf,2026-01-15T14:30:35.000Z,start,amr_1,amr,warehouse_multi_robot_pick_pack_handover_026_exec_4,inprogress,72.3,0.0,0.0,0.0,null,null,null,null,null
warehouse_multi_robot_pick_pack_handover_026,navigate_to_shelf,2026-01-15T14:31:21.000Z,null,amr_1,amr,warehouse_multi_robot_pick_pack_handover_026_exec_4,inprogress,71.6,11.11,2.85,0.0,null,null,null,null,null
warehouse_multi_robot_pick_pack_handover_026,navigate_to_shelf,2026-01-15T14:32:07.000Z,null,amr_1,amr,warehouse_multi_robot_pick_pack_handover_026_exec_4,inprogress,70.9,22.22,5.69,0.0,null,null,null,null,null
warehouse_multi_robot_pick_pack_handover_026,navigate_to_shelf,2026-01-15T14:32:55.000Z,complete,amr_1,amr,warehouse_multi_robot_pick_pack_handover_026_exec_4,done,70.1,33.33,8.54,0.0,null,null,null,null,null
warehouse_multi_robot_pick_pack_handover_026,scan_bin,2026-01-15T14:32:56.000Z,start,amr_1,amr,warehouse_multi_robot_pick_pack_handover_026_exec_5,inprogress,70.1,33.33,8.54,0.0,null,null,null,null,null
warehouse_multi_robot_pick_pack_handover_026,scan_bin,2026-01-15T14:33:18.000Z,null,amr_1,amr,warehouse_multi_robot_pick_pack_handover_026_exec_5,inprogress,70.0,33.33,8.54,0.0,null,null,null,null,null
warehouse_multi_robot_pick_pack_handover_026,scan_bin,2026-01-15T14:33:40.000Z,complete,amr_1,amr,warehouse_multi_robot_pick_pack_handover_026_exec_5,done,69.9,33.33,8.54,0.0,null,null,null,null,null
warehouse_multi_robot_pick_pack_handover_026,send_shelf_confirmation,2026-01-15T14:33:41.000Z,start,amr_1,amr,warehouse_multi_robot_pick_pack_handover_026_exec_6,inprogress,69.9,33.33,8.54,0.0,msg_a2b9c17c75,bin verified for pick,send,amr_1,arm_1
warehouse_multi_robot_pick_pack_handover_026,send_shelf_confirmation,2026-01-15T14:33:48.000Z,complete,amr_1,amr,warehouse_multi_robot_pick_pack_handover_026_exec_6,done,69.7,33.33,8.54,0.0,msg_a2b9c17c75,bin verified for pick,send,amr_1,arm_1
warehouse_multi_robot_pick_pack_handover_026,receive_shelf_confirmation,2026-01-15T14:33:53.000Z,start,arm_1,robotic_arm,warehouse_multi_robot_pick_pack_handover_026_exec_7,inprogress,88.1,12.0,5.0,0.0,msg_a2b9c17c75,bin verified for pick,receive,amr_1,arm_1
warehouse_multi_robot_pick_pack_handover_026,receive_shelf_confirmation,2026-01-15T14:33:57.000Z,complete,arm_1,robotic_arm,warehouse_multi_robot_pick_pack_handover_026_exec_7,done,88.0,12.0,5.0,0.0,msg_a2b9c17c75,bin verified for pick,receive,amr_1,arm_1
warehouse_multi_robot_pick_pack_handover_026,pick_item,2026-01-15T14:33:58.000Z,start,arm_1,robotic_arm,warehouse_multi_robot_pick_pack_handover_026_exec_8,inprogress,88.0,12.0,5.0,0.0,null,null,null,null,null
warehouse_multi_robot_pick_pack_handover_026,pick_item,2026-01-15T14:34:21.000Z,null,arm_1,robotic_arm,warehouse_multi_robot_pick_pack_handover_026_exec_8,inprogress,87.5,12.0,5.0,0.0,null,null,null,null,null
warehouse_multi_robot_pick_pack_handover_026,pick_item,2026-01-15T14:34:44.000Z,complete,arm_1,robotic_arm,warehouse_multi_robot_pick_pack_handover_026_exec_8,done,87.0,12.0,5.0,0.0,null,null,null,null,null
warehouse_multi_robot_pick_pack_handover_026,send_handover_coordination,2026-01-15T14:34:45.000Z,start,arm_1,robotic_arm,warehouse_multi_robot_pick_pack_handover_026_exec_9,inprogress,87.0,12.0,5.0,0.0,msg_1327a96dec,ready for handover at station,send,arm_1,amr_1
warehouse_multi_robot_pick_pack_handover_026,send_handover_coordination,2026-01-15T14:34:51.000Z,complete,arm_1,robotic_arm,warehouse_multi_robot_pick_pack_handover_026_exec_9,done,86.8,12.0,5.0,0.0,msg_1327a96dec,ready for handover at station,send,arm_1,amr_1
warehouse_multi_robot_pick_pack_handover_026,receive_handover_coordination,2026-01-15T14:34:55.000Z,start,amr_1,amr,warehouse_multi_robot_pick_pack_handover_026_exec_10,inprogress,69.7,33.33,8.54,0.0,msg_1327a96dec,ready for handover at station,receive,arm_1,amr_1
warehouse_multi_robot_pick_pack_handover_026,receive_handover_coordination,2026-01-15T14:34:59.000Z,complete,amr_1,amr,warehouse_multi_robot_pick_pack_handover_026_exec_10,done,69.6,33.33,8.54,0.0,msg_1327a96dec,ready for handover at station,receive,arm_1,amr_1
warehouse_multi_robot_pick_pack_handover_026,navigate_to_handover,2026-01-15T14:35:00.000Z,start,amr_1,amr,warehouse_multi_robot_pick_pack_handover_026_exec_11,inprogress,69.6,33.33,8.54,0.0,null,null,null,null,null
warehouse_multi_robot_pick_pack_handover_026,navigate_to_handover,2026-01-15T14:36:04.000Z,null,amr_1,amr,warehouse_multi_robot_pick_pack_handover_026_exec_11,inprogress,68.8,22.67,6.77,0.0,null,null,null,null,null
warehouse_multi_robot_pick_pack_handover_026,navigate_to_handover,2026-01-15T14:37:08.000Z,complete,amr_1,amr,warehouse_multi_robot_pick_pack_handover_026_exec_11,done,67.9,12.0,5.0,0.0,null,null,null,null,null
warehouse_multi_robot_pick_pack_handover_026,handover_item,2026-01-15T14:37:09.000Z,start,arm_1,robotic_arm,warehouse_multi_robot_pick_pack_handover_026_exec_12,inprogress,86.8,12.0,5.0,0.0,null,null,null,null,null
warehouse_multi_robot_pick_pack_handover_026,handover_item,2026-01-15T14:37:26.000Z,null,arm_1,robotic_arm,warehouse_multi_robot_pick_pack_handover_026_exec_12,inprogress,86.6,12.0,5.0,0.0,null,null,null,null,null
warehouse_multi_robot_pick_pack_handover_026,handover_item,2026-01-15T14:37:44.000Z,complete,arm_1,robotic_arm,warehouse_multi_robot_pick_pack_handover_026_exec_12,done,86.3,12.0,5.0,0.0,null,null,null,null,null
warehouse_multi_robot_pick_pack_handover_026,handover_item,2026-01-15T14:37:45.000Z,start,amr_1,amr,warehouse_multi_robot_pick_pack_handover_026_exec_13,inprogress,67.9,12.0,5.0,0.0,null,null,null,null,null
warehouse_multi_robot_pick_pack_handover_026,handover_item,2026-01-15T14:38:31.000Z,complete,amr_1,amr,warehouse_multi_robot_pick_pack_handover_026_exec_13,done,67.5,12.0,5.0,0.0,null,null,null,null,null
warehouse_multi_robot_pick_pack_handover_026,pack_order,2026-01-15T14:38:32.000Z,start,arm_1,robotic_arm,warehouse_multi_robot_pick_pack_handover_026_exec_14,inprogress,86.3,12.0,5.0,0.0,null,null,null,null,null
warehouse_multi_robot_pick_pack_handover_026,pack_order,2026-01-15T14:39:01.000Z,null,arm_1,robotic_arm,warehouse_multi_robot_pick_pack_handover_026_exec_14,inprogress,85.8,12.0,5.0,0.0,null,null,null,null,null
warehouse_multi_robot_pick_pack_handover_026,pack_order,2026-01-15T14:39:31.000Z,complete,arm_1,robotic_arm,warehouse_multi_robot_pick_pack_handover_026_exec_14,done,85.3,12.0,5.0,0.0,null,null,null,null,null
warehouse_multi_robot_pick_pack_handover_026,dispatch,2026-01-15T14:39:32.000Z,start,amr_1,amr,warehouse_multi_robot_pick_pack_handover_026_exec_15,inprogress,67.5,12.0,5.0,0.0,null,null,null,null,null
warehouse_multi_robot_pick_pack_handover_026,dispatch,2026-01-15T14:39:57.000Z,null,amr_1,amr,warehouse_multi_robot_pick_pack_handover_026_exec_15,inprogress,66.9,10.0,4.25,0.0,null,null,null,null,null
warehouse_multi_robot_pick_pack_handover_026,dispatch,2026-01-15T14:40:22.000Z,null,amr_1,amr,warehouse_multi_robot_pick_pack_handover_026_exec_15,inprogress,66.3,8.0,3.5,0.0,null,null,null,null,null
warehouse_multi_robot_pick_pack_handover_026,dispatch,2026-01-15T14:40:47.000Z,null,amr_1,amr,warehouse_multi_robot_pick_pack_handover_026_exec_15,inprogress,65.7,6.0,2.75,0.0,null,null,null,null,null
warehouse_multi_robot_pick_pack_handover_026,dispatch,2026-01-15T14:41:14.000Z,complete,amr_1,amr,warehouse_multi_robot_pick_pack_handover_026_exec_15,done,65.1,4.0,2.0,0.0,null,null,null,null,null
warehouse_multi_robot_pick_pack_handover_027,receive_order,2026-01-15T14:48:00.000Z,start,amr_1,amr,warehouse_multi_robot_pick_pack_handover_027_exec_1,inprogress,76.3,0.0,0.0,0.0,null,null,null,null,null
warehouse_multi_robot_pick_pack_handover_027,receive_order,2026-01-15T14:48:21.000Z,complete,amr_1,amr,warehouse_multi_robot_pick_pack_handover_027_exec_1,done,75.9,0.0,0.0,0.0,null,null,null,null,null
warehouse_multi_robot_pick_pack_handover_027,send_task_assignment,2026-01-15T14:48:22.000Z,start,amr_1,amr,warehouse_multi_robot_pick_pack_handover_027_exec_2,inprogress,75.9,0.0,0.0,0.0,msg_d20ada74c7,order_id assigned for picking,send,amr_1,arm_1
warehouse_multi_robot_pick_pack_handover_027,send_task_assignment,2026-01-15T14:48:30.000Z,complete,amr_1,amr,warehouse_multi_robot_pick_pack_handover_027_exec_2,done,75.7,0.0,0.0,0.0,msg_d20ada74c7,order_id assigned for picking,send,amr_1,arm_1
warehouse_multi_robot_pick_pack_handover_027,receive_task_assignment,2026-01-15T14:48:34.000Z,start,arm_1,robotic_arm,warehouse_multi_robot_pick_pack_handover_027_exec_3,inprogress,92.7,12.0,5.0,0.0,msg_d20ada74c7,order_id assigned for picking,receive,amr_1,arm_1
warehouse_multi_robot_pick_pack_handover_027,receive_task_assignment,2026-01-15T14:48:38.000Z,complete,arm_1,robotic_arm,warehouse_multi_robot_pick_pack_handover_027_exec_3,done,92.6,12.0,5.0,0.0,msg_d20ada74c7,order_id assigned for picking,receive,amr_1,arm_1
warehouse_multi_robot_pick_pack_handover_027,navigate_to_shelf,2026-01-15T14:48:39.000Z,start,amr_1,amr,warehouse_multi_robot_pick_pack_handover_027_exec_4,inprogress,75.7,0.0,0.0,0.0,null,null,null,null,null
warehouse_multi_robot_pick_pack_handover_027,navigate_to_shelf,2026-01-15T14:49:44.000Z,null,amr_1,amr,warehouse_multi_robot_pick_pack_handover_027_exec_4,inprogress,74.6,9.82,4.1,0.0,null,null,null,null,null
warehouse_multi_robot_pick_pack_handover_027,navigate_to_shelf,2026-01-15T14:50:49.000Z,null,amr_1,amr,warehouse_multi_robot_pick_pack_handover_027_exec_4,inprogress,73.6,19.64,8.2,0.0,null,null,null,null,null
warehouse_multi_robot_pick_pack_handover_027,navigate_to_shelf,2026-01-15T14:51:55.000Z,complete,amr_1,amr,warehouse_multi_robot_pick_pack_handover_027_exec_4,done,72.6,29.46,12.31,0.0,null,null,null,null,null
warehouse_multi_robot_pick_pack_handover_027,scan_bin,2026-01-15T14:51:56.000Z,start,amr_1,amr,warehouse_multi_robot_pick_pack_handover_027_exec_5,inprogress,72.6,29.46,12.31,0.0,null,null,null,null,null
warehouse_multi_robot_pick_pack_handover_027,scan_bin,2026-01-15T14:52:17.000Z,complete,amr_1,amr,warehouse_multi_robot_pick_pack_handover_027_exec_5,done,71.9,29.46,12.31,0.0,null,null,null,null,null
warehouse_multi_robot_pick_pack_handover_027,send_shelf_confirmation,2026-01-15T14:52:18.000Z,start,amr_1,amr,warehouse_multi_robot_pick_pack_handover_027_exec_6,inprogress,71.9,29.46,12.31,0.0,msg_dc7d58ae2d,bin verified for pick,send,amr_1,arm_1
warehouse_multi_robot_pick_pack_handover_027,send_shelf_confirmation,2026-01-15T14:52:23.000Z,complete,amr_1,amr,warehouse_multi_robot_pick_pack_handover_027_exec_6,done,71.7,29.46,12.31,0.0,msg_dc7d58ae2d,bin verified for pick,send,amr_1,arm_1
warehouse_multi_robot_pick_pack_handover_027,receive_shelf_confirmation,2026-01-15T14:52:28.000Z,start,arm_1,robotic_arm,warehouse_multi_robot_pick_pack_handover_027_exec_7,inprogress,92.6,12.0,5.0,0.0,msg_dc7d58ae2d,bin verified for pick,receive,amr_1,arm_1
warehouse_multi_robot_pick_pack_handover_027,receive_shelf_confirmation,2026-01-15T14:52:32.000Z,complete,arm_1,robotic_arm,warehouse_multi_robot_pick_pack_handover_027_exec_7,done,92.5,12.0,5.0,0.0,msg_dc7d58ae2d,bin verified for pick,receive,amr_1,arm_1
warehouse_multi_robot_pick_pack_handover_027,pick_item,2026-01-15T14:52:33.000Z,start,arm_1,robotic_arm,warehouse_multi_robot_pick_pack_handover_027_exec_8,inprogress,92.5,12.0,5.0,0.0,null,null,null,null,null
warehouse_multi_robot_pick_pack_handover_027,pick_item,2026-01-15T14:52:58.000Z,null,arm_1,robotic_arm,warehouse_multi_robot_pick_pack_handover_027_exec_8,inprogress,92.3,12.0,5.0,0.0,null,null,null,null,null
warehouse_multi_robot_pick_pack_handover_027,pick_item,2026-01-15T14:53:23.000Z,null,arm_1,robotic_arm,warehouse_multi_robot_pick_pack_handover_027_exec_8,inprogress,92.1,12.0,5.0,0.0,null,null,null,null,null
warehouse_multi_robot_pick_pack_handover_027,pick_item,2026-01-15T14:53:48.000Z,complete,arm_1,robotic_arm,warehouse_multi_robot_pick_pack_handover_027_exec_8,done,91.9,12.0,5.0,0.0,null,null,null,null,null
warehouse_multi_robot_pick_pack_handover_027,send_handover_coordination,2026-01-15T14:53:49.000Z,start,arm_1,robotic_arm,warehouse_multi_robot_pick_pack_handover_027_exec_9,inprogress,91.9,12.0,5.0,0.0,msg_3734984edd,ready for handover at station,send,arm_1,amr_1
warehouse_multi_robot_pick_pack_handover_027,send_handover_coordination,2026-01-15T14:53:54.000Z,complete,arm_1,robotic_arm,warehouse_multi_robot_pick_pack_handover_027_exec_9,done,91.7,12.0,5.0,0.0,msg_3734984edd,ready for handover at station,send,arm_1,amr_1
warehouse_multi_robot_pick_pack_handover_027,receive_handover_coordination,2026-01-15T14:53:58.000Z,start,amr_1,amr,warehouse_multi_robot_pick_pack_handover_027_exec_10,inprogress,71.7,29.46,12.31,0.0,msg_3734984edd,ready for handover at station,receive,arm_1,amr_1
warehouse_multi_robot_pick_pack_handover_027,receive_handover_coordination,2026-01-15T14:54:02.000Z,complete,amr_1,amr,warehouse_multi_robot_pick_pack_handover_027_exec_10,done,71.6,29.46,12.31,0.0,msg_3734984edd,ready for handover at station,receive,arm_1,amr_1
warehouse_multi_robot_pick_pack_handover_027,navigate_to_handover,2026-01-15T14:54:03.000Z,start,amr_1,amr,warehouse_multi_robot_pick_pack_handover_027_exec_11,inprogress,71.6,29.46,12.31,0.0,null,null,null,null,null
warehouse_multi_robot_pick_pack_handover_027,navigate_to_handover,2026-01-15T14:54:31.000Z,null,amr_1,amr,warehouse_multi_robot_pick_pack_handover_027_exec_11,inprogress,71.2,25.1,10.48,0.0,null,null,null,null,null
warehouse_multi_robot_pick_pack_handover_027,navigate_to_handover,2026-01-15T14:54:59.000Z,null,amr_1,amr,warehouse_multi_robot_pick_pack_handover_027_exec_11,inprogress,70.8,20.73,8.65,0.0,null,null,null,null,null
warehouse_multi_robot_pick_pack_handover_027,navigate_to_handover,2026-01-15T14:55:27.000Z,null,amr_1,amr,warehouse_multi_robot_pick_pack_handover_027_exec_11,inprogress,70.4,16.37,6.83,0.0,null,null,null,null,null
warehouse_multi_robot_pick_pack_handover_027,navigate_to_handover,2026-01-15T14:55:58.000Z,complete,amr_1,amr,warehouse_multi_robot_pick_pack_handover_027_exec_11,done,70.0,12.0,5.0,0.0,null,null,null,null,null
warehouse_multi_robot_pick_pack_handover_027,handover_item,2026-01-15T14:55:59.000Z,start,arm_1,robotic_arm,warehouse_multi_robot_pick_pack_handover_027_exec_12,inprogress,91.7,12.0,5.0,0.0,null,null,null,null,null
warehouse_multi_robot_pick_pack_handover_027,handover_item,2026-01-15T14:56:34.000Z,complete,arm_1,robotic_arm,warehouse_multi_robot_pick_pack_handover_027_exec_12,done,91.1,12.0,5.0,0.0,null,null,null,null,null
warehouse_multi_robot_pick_pack_handover_027,handover_item,2026-01-15T14:56:35.000Z,start,amr_1,amr,warehouse_multi_robot_pick_pack_handover_027_exec_13,inprogress,70.0,12.0,5.0,0.0,null,null,null,null,null
warehouse_multi_robot_pick_pack_handover_027,handover_item,2026-01-15T14:57:02.000Z,null,amr_1,amr,warehouse_multi_robot_pick_pack_handover_027_exec_13,inprogress,69.8,12.0,5.0,0.0,null,null,null,null,null
warehouse_multi_robot_pick_pack_handover_027,handover_item,2026-01-15T14:57:30.000Z,complete,amr_1,amr,warehouse_multi_robot_pick_pack_handover_027_exec_13,done,69.5,12.0,5.0,0.0,null,null,null,null,null
warehouse_multi_robot_pick_pack_handover_027,pack_order,2026-01-15T14:57:31.000Z,start,arm_1,robotic_arm,warehouse_multi_robot_pick_pack_handover_027_exec_14,inprogress,91.1,12.0,5.0,0.0,null,null,null,null,null
warehouse_multi_robot_pick_pack_handover_027,pack_order,2026-01-15T14:57:55.000Z,null,arm_1,robotic_arm,warehouse_multi_robot_pick_pack_handover_027_exec_14,inprogress,90.6,12.0,5.0,0.0,null,null,null,null,null
warehouse_multi_robot_pick_pack_handover_027,pack_order,2026-01-15T14:58:19.000Z,null,arm_1,robotic_arm,warehouse_multi_robot_pick_pack_handover_027_exec_14,inprogress,90.2,12.0,5.0,0.0,null,null,null,null,null
warehouse_multi_robot_pick_pack_handover_027,pack_order,2026-01-15T14:58:45.000Z,complete,arm_1,robotic_arm,warehouse_multi_robot_pick_pack_handover_027_exec_14,done,89.7,12.0,5.0,0.0,null,null,null,null,null
warehouse_multi_robot_pick_pack_handover_027,dispatch,2026-01-15T14:58:46.000Z,start,amr_1,amr,warehouse_multi_robot_pick_pack_handover_027_exec_15,inprogress,69.5,12.0,5.0,0.0,null,null,null,null,null
warehouse_multi_robot_pick_pack_handover_027,dispatch,2026-01-15T14:59:46.000Z,null,amr_1,amr,warehouse_multi_robot_pick_pack_handover_027_exec_15,inprogress,68.5,8.0,3.5,0.0,null,null,null,null,null
warehouse_multi_robot_pick_pack_handover_027,dispatch,2026-01-15T15:00:47.000Z,complete,amr_1,amr,warehouse_multi_robot_pick_pack_handover_027_exec_15,done,67.4,4.0,2.0,0.0,null,null,null,null,null
warehouse_multi_robot_pick_pack_handover_028,receive_order,2026-01-15T15:06:00.000Z,start,amr_1,amr,warehouse_multi_robot_pick_pack_handover_028_exec_1,inprogress,90.6,0.0,0.0,0.0,null,null,null,null,null
warehouse_multi_robot_pick_pack_handover_028,receive_order,2026-01-15T15:06:13.000Z,complete,amr_1,amr,warehouse_multi_robot_pick_pack_handover_028_exec_1,done,90.5,0.0,0.0,0.0,null,null,null,null,null
warehouse_multi_robot_pick_pack_handover_028,send_task_assignment,2026-01-15T15:06:14.000Z,start,amr_1,amr,warehouse_multi_robot_pick_pack_handover_028_exec_2,inprogress,90.5,0.0,0.0,0.0,msg_07599baf07,order_id assigned for picking,send,amr_1,arm_1
warehouse_multi_robot_pick_pack_handover_028,send_task_assignment,2026-01-15T15:06:19.000Z,complete,amr_1,amr,warehouse_multi_robot_pick_pack_handover_028_exec_2,done,90.3,0.0,0.0,0.0,msg_07599baf07,order_id assigned for picking,send,amr_1,arm_1
warehouse_multi_robot_pick_pack_handover_028,receive_task_assignment,2026-01-15T15:06:23.000Z,start,arm_1,robotic_arm,warehouse_multi_robot_pick_pack_handover_028_exec_3,inprogress,92.1,12.0,5.0,0.0,msg_07599baf07,order_id assigned for picking,receive,amr_1,arm_1
warehouse_multi_robot_pick_pack_handover_028,receive_task_assignment,2026-01-15T15:06:27.000Z,complete,arm_1,robotic_arm,warehouse_multi_robot_pick_pack_handover_028_exec_3,done,92.0,12.0,5.0,0.0,msg_07599baf07,order_id assigned for picking,receive,amr_1,arm_1
warehouse_multi_robot_pick_pack_handover_028,navigate_to_shelf,2026-01-15T15:06:28.000Z,start,amr_1,amr,warehouse_multi_robot_pick_pack_handover_028_exec_4,inprogress,90.3,0.0,0.0,0.0,null,null,null,null,null
warehouse_multi_robot_pick_pack_handover_028,navigate_to_shelf,2026-01-15T15:07:20.000Z,null,amr_1,amr,warehouse_multi_robot_pick_pack_handover_028_exec_4,inprogress,89.2,7.18,3.35,0.0,null,null,null,null,null
warehouse_multi_robot_pick_pack_handover_028,navigate_to_shelf,2026-01-15T15:08:12.000Z,null,amr_1,amr,warehouse_multi_robot_pick_pack_handover_028_exec_4,inprogress,88.2,14.37,6.69,0.0,null,null,null,null,null
warehouse_multi_robot_pick_pack_handover_028,navigate_to_shelf,2026-01-15T15:09:04.000Z,null,amr_1,amr,warehouse_multi_robot_pick_pack_handover_028_exec_4,inprogress,87.1,21.55,10.04,0.0,null,null,null,null,null
warehouse_multi_robot_pick_pack_handover_028,navigate_to_shelf,2026-01-15T15:09:56.000Z,complete,amr_1,amr,warehouse_multi_robot_pick_pack_handover_028_exec_4,done,86.1,28.73,13.38,0.0,null,null,null,null,null
warehouse_multi_robot_pick_pack_handover_028,scan_bin,2026-01-15T15:09:57.000Z,start,amr_1,amr,warehouse_multi_robot_pick_pack_handover_028_exec_5,inprogress,86.1,28.73,13.38,0.0,null,null,null,null,null
warehouse_multi_robot_pick_pack_handover_028,scan_bin,2026-01-15T15:10:07.000Z,null,amr_1,amr,warehouse_multi_robot_pick_pack_handover_028_exec_5,inprogress,85.9,28.73,13.38,0.0,null,null,null,null,null
warehouse_multi_robot_pick_pack_handover_028,scan_bin,2026-01-15T15:10:17.000Z,complete,amr_1,amr,warehouse_multi_robot_pick_pack_handover_028_exec_5,done,85.7,28.73,13.38,0.0,null,null,null,null,null
warehouse_multi_robot_pick_pack_handover_028,send_shelf_confirmation,2026-01-15T15:10:18.000Z,start,amr_1,amr,warehouse_multi_robot_pick_pack_handover_028_exec_6,inprogress,85.7,28.73,13.38,0.0,msg_0216733773,bin verified for pick,send,amr_1,arm_1
warehouse_multi_robot_pick_pack_handover_028,send_shelf_confirmation,2026-01-15T15:10:23.000Z,complete,amr_1,amr,warehouse_multi_robot_pick_pack_handover_028_exec_6,done,85.5,28.73,13.38,0.0,msg_0216733773,bin verified for pick,send,amr_1,arm_1
warehouse_multi_robot_pick_pack_handover_028,receive_shelf_confirmation,2026-01-15T15:10:28.000Z,start,arm_1,robotic_arm,warehouse_multi_robot_pick_pack_handover_028_exec_7,inprogress,92.0,12.0,5.0,0.0,msg_0216733773,bin verified for pick,receive,amr_1,arm_1
warehouse_multi_robot_pick_pack_handover_028,receive_shelf_confirmation,2026-01-15T15:10:32.000Z,complete,arm_1,robotic_arm,warehouse_multi_robot_pick_pack_handover_028_exec_7,done,91.9,12.0,5.0,0.0,msg_0216733773,bin verified for pick,receive,amr_1,arm_1
warehouse_multi_robot_pick_pack_handover_028,pick_item,2026-01-15T15:10:33.000Z,start,arm_1,robotic_arm,warehouse_multi_robot_pick_pack_handover_028_exec_8,inprogress,91.9,12.0,5.0,0.0,null,null,null,null,null
warehouse_multi_robot_pick_pack_handover_028,pick_item,2026-01-15T15:10:58.000Z,null,arm_1,robotic_arm,warehouse_multi_robot_pick_pack_handover_028_exec_8,inprogress,91.5,12.0,5.0,0.0,null,null,null,null,null
warehouse_multi_robot_pick_pack_handover_028,pick_item,2026-01-15T15:11:24.000Z,complete,arm_1,robotic_arm,warehouse_multi_robot_pick_pack_handover_028_exec_8,done,91.2,12.0,5.0,0.0,null,null,null,null,null
warehouse_multi_robot_pick_pack_handover_028,send_handover_coordination,2026-01-15T15:11:25.000Z,start,arm_1,robotic_arm,warehouse_multi_robot_pick_pack_handover_028_exec_9,inprogress,91.2,12.0,5.0,0.0,msg_b935f9390f,ready for handover at station,send,arm_1,amr_1
warehouse_multi_robot_pick_pack_handover_028,send_handover_coordination,2026-01-15T15:11:32.000Z,complete,arm_1,robotic_arm,warehouse_multi_robot_pick_pack_handover_028_exec_9,done,91.0,12.0,5.0,0.0,msg_b935f9390f,ready for handover at station,send,arm_1,amr_1
warehouse_multi_robot_pick_pack_handover_028,receive_handover_coordination,2026-01-15T15:11:36.000Z,start,amr_1,amr,warehouse_multi_robot_pick_pack_handover_028_exec_10,inprogress,85.5,28.73,13.38,0.0,msg_b935f9390f,ready for handover at station,receive,arm_1,amr_1
warehouse_multi_robot_pick_pack_handover_028,receive_handover_coordination,2026-01-15T15:11:40.000Z,complete,amr_1,amr,warehouse_multi_robot_pick_pack_handover_028_exec_10,done,85.4,28.73,13.38,0.0,msg_b935f9390f,ready for handover at station,receive,arm_1,amr_1
warehouse_multi_robot_pick_pack_handover_028,navigate_to_handover,2026-01-15T15:11:41.000Z,start,amr_1,amr,warehouse_multi_robot_pick_pack_handover_028_exec_11,inprogress,85.4,28.73,13.38,0.0,null,null,null,null,null
warehouse_multi_robot_pick_pack_handover_028,navigate_to_handover,2026-01-15T15:12:31.000Z,null,amr_1,amr,warehouse_multi_robot_pick_pack_handover_028_exec_11,inprogress,84.5,23.16,10.59,0.0,null,null,null,null,null
warehouse_multi_robot_pick_pack_handover_028,navigate_to_handover,2026-01-15T15:13:21.000Z,null,amr_1,amr,warehouse_multi_robot_pick_pack_handover_028_exec_11,inprogress,83.7,17.58,7.79,0.0,null,null,null,null,null
warehouse_multi_robot_pick_pack_handover_028,navigate_to_handover,2026-01-15T15:14:12.000Z,complete,amr_1,amr,warehouse_multi_robot_pick_pack_handover_028_exec_11,done,82.8,12.0,5.0,0.0,null,null,null,null,null
warehouse_multi_robot_pick_pack_handover_028,handover_item,2026-01-15T15:14:13.000Z,start,arm_1,robotic_arm,warehouse_multi_robot_pick_pack_handover_028_exec_12,inprogress,91.0,12.0,5.0,0.0,null,null,null,null,null
warehouse_multi_robot_pick_pack_handover_028,handover_item,2026-01-15T15:15:04.000Z,complete,arm_1,robotic_arm,warehouse_multi_robot_pick_pack_handover_028_exec_12,done,90.5,12.0,5.0,0.0,null,null,null,null,null
warehouse_multi_robot_pick_pack_handover_028,handover_item,2026-01-15T15:15:05.000Z,start,amr_1,amr,warehouse_multi_robot_pick_pack_handover_028_exec_13,inprogress,82.8,12.0,5.0,0.0,null,null,null,null,null
warehouse_multi_robot_pick_pack_handover_028,handover_item,2026-01-15T15:15:31.000Z,null,amr_1,amr,warehouse_multi_robot_pick_pack_handover_028_exec_13,inprogress,82.7,12.0,5.0,0.0,null,null,null,null,null
warehouse_multi_robot_pick_pack_handover_028,handover_item,2026-01-15T15:15:57.000Z,complete,amr_1,amr,warehouse_multi_robot_pick_pack_handover_028_exec_13,done,82.5,12.0,5.0,0.0,null,null,null,null,null
warehouse_multi_robot_pick_pack_handover_028,pack_order,2026-01-15T15:15:58.000Z,start,arm_1,robotic_arm,warehouse_multi_robot_pick_pack_handover_028_exec_14,inprogress,90.5,12.0,5.0,0.0,null,null,null,null,null
warehouse_multi_robot_pick_pack_handover_028,pack_order,2026-01-15T15:16:36.000Z,null,arm_1,robotic_arm,warehouse_multi_robot_pick_pack_handover_028_exec_14,inprogress,90.1,12.0,5.0,0.0,null,null,null,null,null
warehouse_multi_robot_pick_pack_handover_028,pack_order,2026-01-15T15:17:14.000Z,null,arm_1,robotic_arm,warehouse_multi_robot_pick_pack_handover_028_exec_14,inprogress,89.6,12.0,5.0,0.0,null,null,null,null,null
warehouse_multi_robot_pick_pack_handover_028,pack_order,2026-01-15T15:17:52.000Z,complete,arm_1,robotic_arm,warehouse_multi_robot_pick_pack_handover_028_exec_14,done,89.1,12.0,5.0,0.0,null,null,null,null,null
warehouse_multi_robot_pick_pack_handover_028,dispatch,2026-01-15T15:17:53.000Z,start,amr_1,amr,warehouse_multi_robot_pick_pack_handover_028_exec_15,inprogress,82.5,12.0,5.0,0.0,null,null,null,null,null
warehouse_multi_robot_pick_pack_handover_028,dispatch,2026-01-15T15:18:34.000Z,null,amr_1,amr,warehouse_multi_robot_pick_pack_handover_028_exec_15,inprogress,82.2,10.0,4.25,0.0,null,null,null,null,null
warehouse_multi_robot_pick_pack_handover_028,dispatch,2026-01-15T15:19:15.000Z,null,amr_1,amr,warehouse_multi_robot_pick_pack_handover_028_exec_15,inprogress,81.8,8.0,3.5,0.0,null,null,null,null,null
warehouse_multi_robot_pick_pack_handover_028,dispatch,2026-01-15T15:19:56.000Z,null,amr_1,amr,warehouse_multi_robot_pick_pack_handover_028_exec_15,inprogress,81.4,6.0,2.75,0.0,null,null,null,null,null
warehouse_multi_robot_pick_pack_handover_028,dispatch,2026-01-15T15:20:39.000Z,complete,amr_1,amr,warehouse_multi_robot_pick_pack_handover_028_exec_15,done,81.0,4.0,2.0,0.0,null,null,null,null,null
warehouse_multi_robot_pick_pack_handover_029,receive_order,2026-01-15T15:24:00.000Z,start,amr_1,amr,warehouse_multi_robot_pick_pack_handover_029_exec_1,inprogress,85.9,0.0,0.0,0.0,null,null,null,null,null
warehouse_multi_robot_pick_pack_handover_029,receive_order,2026-01-15T15:24:20.000Z,complete,amr_1,amr,warehouse_multi_robot_pick_pack_handover_029_exec_1,done,85.7,0.0,0.0,0.0,null,null,null,null,null
warehouse_multi_robot_pick_pack_handover_029,send_task_assignment,2026-01-15T15:24:21.000Z,start,amr_1,amr,warehouse_multi_robot_pick_pack_handover_029_exec_2,inprogress,85.7,0.0,0.0,0.0,msg_0316c9c72c,order_id assigned for picking,send,amr_1,arm_1
warehouse_multi_robot_pick_pack_handover_029,send_task_assignment,2026-01-15T15:24:26.000Z,complete,amr_1,amr,warehouse_multi_robot_pick_pack_handover_029_exec_2,done,85.5,0.0,0.0,0.0,msg_0316c9c72c,order_id assigned for picking,send,amr_1,arm_1
warehouse_multi_robot_pick_pack_handover_029,receive_task_assignment,2026-01-15T15:24:30.000Z,start,arm_1,robotic_arm,warehouse_multi_robot_pick_pack_handover_029_exec_3,inprogress,93.4,12.0,5.0,0.0,msg_0316c9c72c,order_id assigned for picking,receive,amr_1,arm_1
warehouse_multi_robot_pick_pack_handover_029,receive_task_assignment,2026-01-15T15:24:34.000Z,complete,arm_1,robotic_arm,warehouse_multi_robot_pick_pack_handover_029_exec_3,done,93.3,12.0,5.0,0.0,msg_0316c9c72c,order_id assigned for picking,receive,amr_1,arm_1
warehouse_multi_robot_pick_pack_handover_029,navigate_to_shelf,2026-01-15T15:24:35.000Z,start,amr_1,amr,warehouse_multi_robot_pick_pack_handover_029_exec_4,inprogress,85.5,0.0,0.0,0.0,null,null,null,null,null
warehouse_multi_robot_pick_pack_handover_029,navigate_to_shelf,2026-01-15T15:25:17.000Z,null,amr_1,amr,warehouse_multi_robot_pick_pack_handover_029_exec_4,inprogress,84.9,7.48,3.71,0.0,null,null,null,null,null
warehouse_multi_robot_pick_pack_handover_029,navigate_to_shelf,2026-01-15T15:25:59.000Z,null,amr_1,amr,warehouse_multi_robot_pick_pack_handover_029_exec_4,inprogress,84.4,14.97,7.41,0.0,null,null,null,null,null
warehouse_multi_robot_pick_pack_handover_029,navigate_to_shelf,2026-01-15T15:26:41.000Z,null,amr_1,amr,warehouse_multi_robot_pick_pack_handover_029_exec_4,inprogress,83.8,22.45,11.12,0.0,null,null,null,null,null
warehouse_multi_robot_pick_pack_handover_029,navigate_to_shelf,2026-01-15T15:27:23.000Z,null,amr_1,amr,warehouse_multi_robot_pick_pack_handover_029_exec_4,inprogress,83.3,29.94,14.83,0.0,null,null,null,null,null
warehouse_multi_robot_pick_pack_handover_029,navigate_to_shelf,2026-01-15T15:28:08.000Z,complete,amr_1,amr,warehouse_multi_robot_pick_pack_handover_029_exec_4,done,82.8,37.42,18.54,0.0,null,null,null,null,null
warehouse_multi_robot_pick_pack_handover_029,scan_bin,2026-01-15T15:28:09.000Z,start,amr_1,amr,warehouse_multi_robot_pick_pack_handover_029_exec_5,inprogress,82.8,37.42,18.54,0.0,null,null,null,null,null
warehouse_multi_robot_pick_pack_handover_029,scan_bin,2026-01-15T15:28:52.000Z,complete,amr_1,amr,warehouse_multi_robot_pick_pack_handover_029_exec_5,done,82.2,37.42,18.54,0.0,null,null,null,null,null
warehouse_multi_robot_pick_pack_handover_029,send_shelf_confirmation,2026-01-15T15:28:53.000Z,start,amr_1,amr,warehouse_multi_robot_pick_pack_handover_029_exec_6,inprogress,82.2,37.42,18.54,0.0,msg_2ef93c0004,bin verified for pick,send,amr_1,arm_1
warehouse_multi_robot_pick_pack_handover_029,send_shelf_confirmation,2026-01-15T15:29:01.000Z,complete,amr_1,amr,warehouse_multi_robot_pick_pack_handover_029_exec_6,done,82.0,37.42,18.54,0.0,msg_2ef93c0004,bin verified for pick,send,amr_1,arm_1
warehouse_multi_robot_pick_pack_handover_029,receive_shelf_confirmation,2026-01-15T15:29:06.000Z,start,arm_1,robotic_arm,warehouse_multi_robot_pick_pack_handover_029_exec_7,inprogress,93.3,12.0,5.0,0.0,msg_2ef93c0004,bin verified for pick,receive,amr_1,arm_1
warehouse_multi_robot_pick_pack_handover_029,receive_shelf_confirmation,2026-01-15T15:29:10.000Z,complete,arm_1,robotic_arm,warehouse_multi_robot_pick_pack_handover_029_exec_7,done,93.2,12.0,5.0,0.0,msg_2ef93c0004,bin verified for pick,receive,amr_1,arm_1
warehouse_multi_robot_pick_pack_handover_029,pick_item,2026-01-15T15:29:11.000Z,start,arm_1,robotic_arm,warehouse_multi_robot_pick_pack_handover_029_exec_8,inprogress,93.2,12.0,5.0,0.0,null,null,null,null,null
warehouse_multi_robot_pick_pack_handover_029,pick_item,2026-01-15T15:29:40.000Z,null,arm_1,robotic_arm,warehouse_multi_robot_pick_pack_handover_029_exec_8,inprogress,93.0,12.0,5.0,0.0,null,null,null,null,null
warehouse_multi_robot_pick_pack_handover_029,pick_item,2026-01-15T15:30:09.000Z,null,arm_1,robotic_arm,warehouse_multi_robot_pick_pack_handover_029_exec_8,inprogress,92.8,12.0,5.0,0.0,null,null,null,null,null
warehouse_multi_robot_pick_pack_handover_029,pick_item,2026-01-15T15:30:38.000Z,complete,arm_1,robotic_arm,warehouse_multi_robot_pick_pack_handover_029_exec_8,done,92.7,12.0,5.0,0.0,null,null,null,null,null
warehouse_multi_robot_pick_pack_handover_029,send_handover_coordination,2026-01-15T15:30:39.000Z,start,arm_1,robotic_arm,warehouse_multi_robot_pick_pack_handover_029_exec_9,inprogress,92.7,12.0,5.0,0.0,msg_52350e7c83,ready for handover at station,send,arm_1,amr_1
warehouse_multi_robot_pick_pack_handover_029,send_handover_coordination,2026-01-15T15:30:46.000Z,complete,arm_1,robotic_arm,warehouse_multi_robot_pick_pack_handover_029_exec_9,done,92.5,12.0,5.0,0.0,msg_52350e7c83,ready for handover at station,send,arm_1,amr_1
warehouse_multi_robot_pick_pack_handover_029,receive_handover_coordination,2026-01-15T15:30:50.000Z,start,amr_1,amr,warehouse_multi_robot_pick_pack_handover_029_exec_10,inprogress,82.0,37.42,18.54,0.0,msg_52350e7c83,ready for handover at station,receive,arm_1,amr_1
warehouse_multi_robot_pick_pack_handover_029,receive_handover_coordination,2026-01-15T15:30:54.000Z,complete,amr_1,amr,warehouse_multi_robot_pick_pack_handover_029_exec_10,done,81.9,37.42,18.54,0.0,msg_52350e7c83,ready for handover at station,receive,arm_1,amr_1
warehouse_multi_robot_pick_pack_handover_029,navigate_to_handover,2026-01-15T15:30:55.000Z,start,amr_1,amr,warehouse_multi_robot_pick_pack_handover_029_exec_11,inprogress,81.9,37.42,18.54,0.0,null,null,null,null,null
warehouse_multi_robot_pick_pack_handover_029,navigate_to_handover,2026-01-15T15:31:39.000Z,null,amr_1,amr,warehouse_multi_robot_pick_pack_handover_029_exec_11,inprogress,81.5,31.07,15.15,0.0,null,null,null,null,null
warehouse_multi_robot_pick_pack_handover_029,navigate_to_handover,2026-01-15T15:32:23.000Z,null,amr_1,amr,warehouse_multi_robot_pick_pack_handover_029_exec_11,inprogress,81.1,24.71,11.77,0.0,null,null,null,null,null
warehouse_multi_robot_pick_pack_handover_029,navigate_to_handover,2026-01-15T15:33:07.000Z,null,amr_1,amr,warehouse_multi_robot_pick_pack_handover_029_exec_11,inprogress,80.6,18.36,8.38,0.0,null,null,null,null,null
warehouse_multi_robot_pick_pack_handover_029,navigate_to_handover,2026-01-15T15:33:53.000Z,complete,amr_1,amr,warehouse_multi_robot_pick_pack_handover_029_exec_11,done,80.2,12.0,5.0,0.0,null,null,null,null,null
warehouse_multi_robot_pick_pack_handover_029,handover_item,2026-01-15T15:33:54.000Z,start,arm_1,robotic_arm,warehouse_multi_robot_pick_pack_handover_029_exec_12,inprogress,92.5,12.0,5.0,0.0,null,null,null,null,null
warehouse_multi_robot_pick_pack_handover_029,handover_item,2026-01-15T15:34:13.000Z,null,arm_1,robotic_arm,warehouse_multi_robot_pick_pack_handover_029_exec_12,inprogress,92.3,12.0,5.0,0.0,null,null,null,null,null
warehouse_multi_robot_pick_pack_handover_029,handover_item,2026-01-15T15:34:32.000Z,complete,arm_1,robotic_arm,warehouse_multi_robot_pick_pack_handover_029_exec_12,done,92.1,12.0,5.0,0.0,null,null,null,null,null
warehouse_multi_robot_pick_pack_handover_029,handover_item,2026-01-15T15:34:33.000Z,start,amr_1,amr,warehouse_multi_robot_pick_pack_handover_029_exec_13,inprogress,80.2,12.0,5.0,0.0,null,null,null,null,null
warehouse_multi_robot_pick_pack_handover_029,handover_item,2026-01-15T15:35:11.000Z,complete,amr_1,amr,warehouse_multi_robot_pick_pack_handover_029_exec_13,done,80.0,12.0,5.0,0.0,null,null,null,null,null
warehouse_multi_robot_pick_pack_handover_029,pack_order,2026-01-15T15:35:12.000Z,start,arm_1,robotic_arm,warehouse_multi_robot_pick_pack_handover_029_exec_14,inprogress,92.1,12.0,5.0,0.0,null,null,null,null,null
warehouse_multi_robot_pick_pack_handover_029,pack_order,2026-01-15T15:36:21.000Z,null,arm_1,robotic_arm,warehouse_multi_robot_pick_pack_handover_029_exec_14,inprogress,91.8,12.0,5.0,0.0,null,null,null,null,null
warehouse_multi_robot_pick_pack_handover_029,pack_order,2026-01-15T15:37:31.000Z,complete,arm_1,robotic_arm,warehouse_multi_robot_pick_pack_handover_029_exec_14,done,91.5,12.0,5.0,0.0,null,null,null,null,null
warehouse_multi_robot_pick_pack_handover_029,dispatch,2026-01-15T15:37:32.000Z,start,amr_1,amr,warehouse_multi_robot_pick_pack_handover_029_exec_15,inprogress,80.0,12.0,5.0,0.0,null,null,null,null,null
warehouse_multi_robot_pick_pack_handover_029,dispatch,2026-01-15T15:38:25.000Z,null,amr_1,amr,warehouse_multi_robot_pick_pack_handover_029_exec_15,inprogress,78.6,8.0,3.5,0.0,null,null,null,null,null
warehouse_multi_robot_pick_pack_handover_029,dispatch,2026-01-15T15:39:18.000Z,complete,amr_1,amr,warehouse_multi_robot_pick_pack_handover_029_exec_15,done,77.2,4.0,2.0,0.0,null,null,null,null,null
warehouse_multi_robot_pick_pack_handover_030,receive_order,2026-01-15T15:42:00.000Z,start,amr_1,amr,warehouse_multi_robot_pick_pack_handover_030_exec_1,inprogress,76.1,0.0,0.0,0.0,null,null,null,null,null
warehouse_multi_robot_pick_pack_handover_030,receive_order,2026-01-15T15:42:15.000Z,complete,amr_1,amr,warehouse_multi_robot_pick_pack_handover_030_exec_1,done,76.0,0.0,0.0,0.0,null,null,null,null,null
warehouse_multi_robot_pick_pack_handover_030,send_task_assignment,2026-01-15T15:42:16.000Z,start,amr_1,amr,warehouse_multi_robot_pick_pack_handover_030_exec_2,inprogress,76.0,0.0,0.0,0.0,msg_d32d73fea2,order_id assigned for picking,send,amr_1,arm_1
warehouse_multi_robot_pick_pack_handover_030,send_task_assignment,2026-01-15T15:42:24.000Z,complete,amr_1,amr,warehouse_multi_robot_pick_pack_handover_030_exec_2,done,75.8,0.0,0.0,0.0,msg_d32d73fea2,order_id assigned for picking,send,amr_1,arm_1
warehouse_multi_robot_pick_pack_handover_030,receive_task_assignment,2026-01-15T15:42:28.000Z,start,arm_1,robotic_arm,warehouse_multi_robot_pick_pack_handover_030_exec_3,inprogress,93.8,12.0,5.0,0.0,msg_d32d73fea2,order_id assigned for picking,receive,amr_1,arm_1
warehouse_multi_robot_pick_pack_handover_030,receive_task_assignment,2026-01-15T15:42:32.000Z,complete,arm_1,robotic_arm,warehouse_multi_robot_pick_pack_handover_030_exec_3,done,93.7,12.0,5.0,0.0,msg_d32d73fea2,order_id assigned for picking,receive,amr_1,arm_1
warehouse_multi_robot_pick_pack_handover_030,navigate_to_shelf,2026-01-15T15:42:33.000Z,start,amr_1,amr,warehouse_multi_robot_pick_pack_handover_030_exec_4,inprogress,75.8,0.0,0.0,0.0,null,null,null,null,null
warehouse_multi_robot_pick_pack_handover_030,navigate_to_shelf,2026-01-15T15:43:44.000Z,null,amr_1,amr,warehouse_multi_robot_pick_pack_handover_030_exec_4,inprogress,74.5,11.14,4.12,0.0,null,null,null,null,null
warehouse_multi_robot_pick_pack_handover_030,navigate_to_shelf,2026-01-15T15:44:55.000Z,null,amr_1,amr,warehouse_multi_robot_pick_pack_handover_030_exec_4,inprogress,73.2,22.29,8.23,0.0,null,null,null,null,null
warehouse_multi_robot_pick_pack_handover_030,navigate_to_shelf,2026-01-15T15:46:06.000Z,complete,amr_1,amr,warehouse_multi_robot_pick_pack_handover_030_exec_4,done,71.9,33.43,12.35,0.0,null,null,null,null,null
warehouse_multi_robot_pick_pack_handover_030,scan_bin,2026-01-15T15:46:07.000Z,start,amr_1,amr,warehouse_multi_robot_pick_pack_handover_030_exec_5,inprogress,71.9,33.43,12.35,0.0,null,null,null,null,null
warehouse_multi_robot_pick_pack_handover_030,scan_bin,2026-01-15T15:46:29.000Z,complete,amr_1,amr,warehouse_multi_robot_pick_pack_handover_030_exec_5,done,71.3,33.43,12.35,0.0,null,null,null,null,null
warehouse_multi_robot_pick_pack_handover_030,send_shelf_confirmation,2026-01-15T15:46:30.000Z,start,amr_1,amr,warehouse_multi_robot_pick_pack_handover_030_exec_6,inprogress,71.3,33.43,12.35,0.0,msg_5ec9b45632,bin verified for pick,send,amr_1,arm_1
warehouse_multi_robot_pick_pack_handover_030,send_shelf_confirmation,2026-01-15T15:46:35.000Z,complete,amr_1,amr,warehouse_multi_robot_pick_pack_handover_030_exec_6,done,71.1,33.43,12.35,0.0,msg_5ec9b45632,bin verified for pick,send,amr_1,arm_1
warehouse_multi_robot_pick_pack_handover_030,receive_shelf_confirmation,2026-01-15T15:46:40.000Z,start,arm_1,robotic_arm,warehouse_multi_robot_pick_pack_handover_030_exec_7,inprogress,93.7,12.0,5.0,0.0,msg_5ec9b45632,bin verified for pick,receive,amr_1,arm_1
warehouse_multi_robot_pick_pack_handover_030,receive_shelf_confirmation,2026-01-15T15:46:44.000Z,complete,arm_1,robotic_arm,warehouse_multi_robot_pick_pack_handover_030_exec_7,done,93.6,12.0,5.0,0.0,msg_5ec9b45632,bin verified for pick,receive,amr_1,arm_1
warehouse_multi_robot_pick_pack_handover_030,pick_item,2026-01-15T15:46:45.000Z,start,arm_1,robotic_arm,warehouse_multi_robot_pick_pack_handover_030_exec_8,inprogress,93.6,12.0,5.0,0.0,null,null,null,null,null
warehouse_multi_robot_pick_pack_handover_030,pick_item,2026-01-15T15:47:10.000Z,null,arm_1,robotic_arm,warehouse_multi_robot_pick_pack_handover_030_exec_8,inprogress,93.3,12.0,5.0,0.0,null,null,null,null,null
warehouse_multi_robot_pick_pack_handover_030,pick_item,2026-01-15T15:47:35.000Z,null,arm_1,robotic_arm,warehouse_multi_robot_pick_pack_handover_030_exec_8,inprogress,93.0,12.0,5.0,0.0,null,null,null,null,null
warehouse_multi_robot_pick_pack_handover_030,pick_item,2026-01-15T15:48:01.000Z,complete,arm_1,robotic_arm,warehouse_multi_robot_pick_pack_handover_030_exec_8,done,92.7,12.0,5.0,0.0,null,null,null,null,null
warehouse_multi_robot_pick_pack_handover_030,send_handover_coordination,2026-01-15T15:48:02.000Z,start,arm_1,robotic_arm,warehouse_multi_robot_pick_pack_handover_030_exec_9,inprogress,92.7,12.0,5.0,0.0,msg_ee65564f9e,ready for handover at station,send,arm_1,amr_1
warehouse_multi_robot_pick_pack_handover_030,send_handover_coordination,2026-01-15T15:48:06.000Z,complete,arm_1,robotic_arm,warehouse_multi_robot_pick_pack_handover_030_exec_9,done,92.5,12.0,5.0,0.0,msg_ee65564f9e,ready for handover at station,send,arm_1,amr_1
warehouse_multi_robot_pick_pack_handover_030,receive_handover_coordination,2026-01-15T15:48:10.000Z,start,amr_1,amr,warehouse_multi_robot_pick_pack_handover_030_exec_10,inprogress,71.1,33.43,12.35,0.0,msg_ee65564f9e,ready for handover at station,receive,arm_1,amr_1
warehouse_multi_robot_pick_pack_handover_030,receive_handover_coordination,2026-01-15T15:48:14.000Z,complete,amr_1,amr,warehouse_multi_robot_pick_pack_handover_030_exec_10,done,71.0,33.43,12.35,0.0,msg_ee65564f9e,ready for handover at station,receive,arm_1,amr_1
warehouse_multi_robot_pick_pack_handover_030,navigate_to_handover,2026-01-15T15:48:15.000Z,start,amr_1,amr,warehouse_multi_robot_pick_pack_handover_030_exec_11,inprogress,71.0,33.43,12.35,0.0,null,null,null,null,null
warehouse_multi_robot_pick_pack_handover_030,navigate_to_handover,2026-01-15T15:48:49.000Z,null,amr_1,amr,warehouse_multi_robot_pick_pack_handover_030_exec_11,inprogress,70.6,28.07,10.51,0.0,null,null,null,null,null
warehouse_multi_robot_pick_pack_handover_030,navigate_to_handover,2026-01-15T15:49:23.000Z,null,amr_1,amr,warehouse_multi_robot_pick_pack_handover_030_exec_11,inprogress,70.2,22.71,8.68,0.0,null,null,null,null,null
warehouse_multi_robot_pick_pack_handover_030,navigate_to_handover,2026-01-15T15:49:57.000Z,null,amr_1,amr,warehouse_multi_robot_pick_pack_handover_030_exec_11,inprogress,69.8,17.36,6.84,0.0,null,null,null,null,null
warehouse_multi_robot_pick_pack_handover_030,navigate_to_handover,2026-01-15T15:50:34.000Z,complete,amr_1,amr,warehouse_multi_robot_pick_pack_handover_030_exec_11,done,69.4,12.0,5.0,0.0,null,null,null,null,null
warehouse_multi_robot_pick_pack_handover_030,handover_item,2026-01-15T15:50:35.000Z,start,arm_1,robotic_arm,warehouse_multi_robot_pick_pack_handover_030_exec_12,inprogress,92.5,12.0,5.0,0.0,null,null,null,null,null
warehouse_multi_robot_pick_pack_handover_030,handover_item,2026-01-15T15:51:02.000Z,null,arm_1,robotic_arm,warehouse_multi_robot_pick_pack_handover_030_exec_12,inprogress,92.2,12.0,5.0,0.0,null,null,null,null,null
warehouse_multi_robot_pick_pack_handover_030,handover_item,2026-01-15T15:51:30.000Z,complete,arm_1,robotic_arm,warehouse_multi_robot_pick_pack_handover_030_exec_12,done,91.9,12.0,5.0,0.0,null,null,null,null,null
warehouse_multi_robot_pick_pack_handover_030,handover_item,2026-01-15T15:51:31.000Z,start,amr_1,amr,warehouse_multi_robot_pick_pack_handover_030_exec_13,inprogress,69.4,12.0,5.0,0.0,null,null,null,null,null
warehouse_multi_robot_pick_pack_handover_030,handover_item,2026-01-15T15:51:41.000Z,null,amr_1,amr,warehouse_multi_robot_pick_pack_handover_030_exec_13,inprogress,69.3,12.0,5.0,0.0,null,null,null,null,null
warehouse_multi_robot_pick_pack_handover_030,handover_item,2026-01-15T15:51:52.000Z,complete,amr_1,amr,warehouse_multi_robot_pick_pack_handover_030_exec_13,done,69.1,12.0,5.0,0.0,null,null,null,null,null
warehouse_multi_robot_pick_pack_handover_030,pack_order,2026-01-15T15:51:53.000Z,start,arm_1,robotic_arm,warehouse_multi_robot_pick_pack_handover_030_exec_14,inprogress,91.9,12.0,5.0,0.0,null,null,null,null,null
warehouse_multi_robot_pick_pack_handover_030,pack_order,2026-01-15T15:52:14.000Z,null,arm_1,robotic_arm,warehouse_multi_robot_pick_pack_handover_030_exec_14,inprogress,91.7,12.0,5.0,0.0,null,null,null,null,null
warehouse_multi_robot_pick_pack_handover_030,pack_order,2026-01-15T15:52:35.000Z,null,arm_1,robotic_arm,warehouse_multi_robot_pick_pack_handover_030_exec_14,inprogress,91.5,12.0,5.0,0.0,null,null,null,null,null
warehouse_multi_robot_pick_pack_handover_030,pack_order,2026-01-15T15:52:57.000Z,complete,arm_1,robotic_arm,warehouse_multi_robot_pick_pack_handover_030_exec_14,done,91.3,12.0,5.0,0.0,null,null,null,null,null
warehouse_multi_robot_pick_pack_handover_030,dispatch,2026-01-15T15:52:58.000Z,start,amr_1,amr,warehouse_multi_robot_pick_pack_handover_030_exec_15,inprogress,69.1,12.0,5.0,0.0,null,null,null,null,null
warehouse_multi_robot_pick_pack_handover_030,dispatch,2026-01-15T15:53:27.000Z,null,amr_1,amr,warehouse_multi_robot_pick_pack_handover_030_exec_15,inprogress,68.7,10.0,4.25,0.0,null,null,null,null,null
warehouse_multi_robot_pick_pack_handover_030,dispatch,2026-01-15T15:53:56.000Z,null,amr_1,amr,warehouse_multi_robot_pick_pack_handover_030_exec_15,inprogress,68.4,8.0,3.5,0.0,null,null,null,null,null
warehouse_multi_robot_pick_pack_handover_030,dispatch,2026-01-15T15:54:25.000Z,null,amr_1,amr,warehouse_multi_robot_pick_pack_handover_030_exec_15,inprogress,68.0,6.0,2.75,0.0,null,null,null,null,null
warehouse_multi_robot_pick_pack_handover_030,dispatch,2026-01-15T15:54:55.000Z,complete,amr_1,amr,warehouse_multi_robot_pick_pack_handover_030_exec_15,done,67.6,4.0,2.0,0.0,null,null,null,null,null
warehouse_multi_robot_pick_pack_handover_031,receive_order,2026-01-15T16:00:00.000Z,start,amr_1,amr,warehouse_multi_robot_pick_pack_handover_031_exec_1,inprogress,91.8,0.0,0.0,0.0,null,null,null,null,null
warehouse_multi_robot_pick_pack_handover_031,receive_order,2026-01-15T16:00:18.000Z,complete,amr_1,amr,warehouse_multi_robot_pick_pack_handover_031_exec_1,done,91.6,0.0,0.0,0.0,null,null,null,null,null
warehouse_multi_robot_pick_pack_handover_031,send_task_assignment,2026-01-15T16:00:19.000Z,start,amr_1,amr,warehouse_multi_robot_pick_pack_handover_031_exec_2,inprogress,91.6,0.0,0.0,0.0,msg_9e905c1ff0,order_id assigned for picking,send,amr_1,arm_1
warehouse_multi_robot_pick_pack_handover_031,send_task_assignment,2026-01-15T16:00:27.000Z,complete,amr_1,amr,warehouse_multi_robot_pick_pack_handover_031_exec_2,done,91.4,0.0,0.0,0.0,msg_9e905c1ff0,order_id assigned for picking,send,amr_1,arm_1
warehouse_multi_robot_pick_pack_handover_031,receive_task_assignment,2026-01-15T16:00:31.000Z,start,arm_1,robotic_arm,warehouse_multi_robot_pick_pack_handover_031_exec_3,inprogress,94.4,12.0,5.0,0.0,msg_9e905c1ff0,order_id assigned for picking,receive,amr_1,arm_1
warehouse_multi_robot_pick_pack_handover_031,receive_task_assignment,2026-01-15T16:00:35.000Z,complete,arm_1,robotic_arm,warehouse_multi_robot_pick_pack_handover_031_exec_3,done,94.3,12.0,5.0,0.0,msg_9e905c1ff0,order_id assigned for picking,receive,amr_1,arm_1
warehouse_multi_robot_pick_pack_handover_031,navigate_to_shelf,2026-01-15T16:00:36.000Z,start,amr_1,amr,warehouse_multi_robot_pick_pack_handover_031_exec_4,inprogress,91.4,0.0,0.0,0.0,null,null,null,null,null
warehouse_multi_robot_pick_pack_handover_031,navigate_to_shelf,2026-01-15T16:01:05.000Z,null,amr_1,amr,warehouse_multi_robot_pick_pack_handover_031_exec_4,inprogress,90.7,6.9,3.01,0.0,null,null,null,null,null
warehouse_multi_robot_pick_pack_handover_031,navigate_to_shelf,2026-01-15T16:01:34.000Z,null,amr_1,amr,warehouse_multi_robot_pick_pack_handover_031_exec_4,inprogress,89.9,13.79,6.02,0.0,null,null,null,null,null
warehouse_multi_robot_pick_pack_handover_031,navigate_to_shelf,2026-01-15T16:02:03.000Z,null,amr_1,amr,warehouse_multi_robot_pick_pack_handover_031_exec_4,inprogress,89.2,20.69,9.03,0.0,null,null,null,null,null
warehouse_multi_robot_pick_pack_handover_031,navigate_to_shelf,2026-01-15T16:02:32.000Z,null,amr_1,amr,warehouse_multi_robot_pick_pack_handover_031_exec_4,inprogress,88.4,27.59,12.05,0.0,null,null,null,null,null
warehouse_multi_robot_pick_pack_handover_031,navigate_to_shelf,2026-01-15T16:03:03.000Z,complete,amr_1,amr,warehouse_multi_robot_pick_pack_handover_031_exec_4,done,87.7,34.48,15.06,0.0,null,null,null,null,null
warehouse_multi_robot_pick_pack_handover_031,scan_bin,2026-01-15T16:03:04.000Z,start,amr_1,amr,warehouse_multi_robot_pick_pack_handover_031_exec_5,inprogress,87.7,34.48,15.06,0.0,null,null,null,null,null
warehouse_multi_robot_pick_pack_handover_031,scan_bin,2026-01-15T16:03:24.000Z,null,amr_1,amr,warehouse_multi_robot_pick_pack_handover_031_exec_5,inprogress,87.4,34.48,15.06,0.0,null,null,null,null,null
warehouse_multi_robot_pick_pack_handover_031,scan_bin,2026-01-15T16:03:45.000Z,complete,amr_1,amr,warehouse_multi_robot_pick_pack_handover_031_exec_5,done,87.1,34.48,15.06,0.0,null,null,null,null,null
warehouse_multi_robot_pick_pack_handover_031,send_shelf_confirmation,2026-01-15T16:03:46.000Z,start,amr_1,amr,warehouse_multi_robot_pick_pack_handover_031_exec_6,inprogress,87.1,34.48,15.06,0.0,msg_50861635d0,bin verified for pick,send,amr_1,arm_1
warehouse_multi_robot_pick_pack_handover_031,send_shelf_confirmation,2026-01-15T16:03:53.000Z,complete,amr_1,amr,warehouse_multi_robot_pick_pack_handover_031_exec_6,done,86.9,34.48,15.06,0.0,msg_50861635d0,bin verified for pick,send,amr_1,arm_1
warehouse_multi_robot_pick_pack_handover_031,receive_shelf_confirmation,2026-01-15T16:03:58.000Z,start,arm_1,robotic_arm,warehouse_multi_robot_pick_pack_handover_031_exec_7,inprogress,94.3,12.0,5.0,0.0,msg_50861635d0,bin verified for pick,receive,amr_1,arm_1
warehouse_multi_robot_pick_pack_handover_031,receive_shelf_confirmation,2026-01-15T16:04:02.000Z,complete,arm_1,robotic_arm,warehouse_multi_robot_pick_pack_handover_031_exec_7,done,94.2,12.0,5.0,0.0,msg_50861635d0,bin verified for pick,receive,amr_1,arm_1
warehouse_multi_robot_pick_pack_handover_031,pick_item,2026-01-15T16:04:03.000Z,start,arm_1,robotic_arm,warehouse_multi_robot_pick_pack_handover_031_exec_8,inprogress,94.2,12.0,5.0,0.0,null,null,null,null,null
warehouse_multi_robot_pick_pack_handover_031,pick_item,2026-01-15T16:04:23.000Z,null,arm_1,robotic_arm,warehouse_multi_robot_pick_pack_handover_031_exec_8,inprogress,93.7,12.0,5.0,0.0,null,null,null,null,null
warehouse_multi_robot_pick_pack_handover_031,pick_item,2026-01-15T16:04:44.000Z,complete,arm_1,robotic_arm,warehouse_multi_robot_pick_pack_handover_031_exec_8,done,93.3,12.0,5.0,0.0,null,null,null,null,null
warehouse_multi_robot_pick_pack_handover_031,send_handover_coordination,2026-01-15T16:04:45.000Z,start,arm_1,robotic_arm,warehouse_multi_robot_pick_pack_handover_031_exec_9,inprogress,93.3,12.0,5.0,0.0,msg_0d292e5861,ready for handover at station,send,arm_1,amr_1
warehouse_multi_robot_pick_pack_handover_031,send_handover_coordination,2026-01-15T16:04:53.000Z,complete,arm_1,robotic_arm,warehouse_multi_robot_pick_pack_handover_031_exec_9,done,93.1,12.0,5.0,0.0,msg_0d292e5861,ready for handover at station,send,arm_1,amr_1
warehouse_multi_robot_pick_pack_handover_031,receive_handover_coordination,2026-01-15T16:04:57.000Z,start,amr_1,amr,warehouse_multi_robot_pick_pack_handover_031_exec_10,inprogress,86.9,34.48,15.06,0.0,msg_0d292e5861,ready for handover at station,receive,arm_1,amr_1
warehouse_multi_robot_pick_pack_handover_031,receive_handover_coordination,2026-01-15T16:05:01.000Z,complete,amr_1,amr,warehouse_multi_robot_pick_pack_handover_031_exec_10,done,86.8,34.48,15.06,0.0,msg_0d292e5861,ready for handover at station,receive,arm_1,amr_1
warehouse_multi_robot_pick_pack_handover_031,navigate_to_handover,2026-01-15T16:05:02.000Z,start,amr_1,amr,warehouse_multi_robot_pick_pack_handover_031_exec_11,inprogress,86.8,34.48,15.06,0.0,null,null,null,null,null
warehouse_multi_robot_pick_pack_handover_031,navigate_to_handover,2026-01-15T16:05:34.000Z,null,amr_1,amr,warehouse_multi_robot_pick_pack_handover_031_exec_11,inprogress,86.3,28.86,12.54,0.0,null,null,null,null,null
warehouse_multi_robot_pick_pack_handover_031,navigate_to_handover,2026-01-15T16:06:06.000Z,null,amr_1,amr,warehouse_multi_robot_pick_pack_handover_031_exec_11,inprogress,85.8,23.24,10.03,0.0,null,null,null,null,null
warehouse_multi_robot_pick_pack_handover_031,navigate_to_handover,2026-01-15T16:06:38.000Z,null,amr_1,amr,warehouse_multi_robot_pick_pack_handover_031_exec_11,inprogress,85.2,17.62,7.51,0.0,null,null,null,null,null
warehouse_multi_robot_pick_pack_handover_031,navigate_to_handover,2026-01-15T16:07:13.000Z,complete,amr_1,amr,warehouse_multi_robot_pick_pack_handover_031_exec_11,done,84.7,12.0,5.0,0.0,null,null,null,null,null
warehouse_multi_robot_pick_pack_handover_031,handover_item,2026-01-15T16:07:14.000Z,start,arm_1,robotic_arm,warehouse_multi_robot_pick_pack_handover_031_exec_12,inprogress,93.1,12.0,5.0,0.0,null,null,null,null,null
warehouse_multi_robot_pick_pack_handover_031,handover_item,2026-01-15T16:07:29.000Z,null,arm_1,robotic_arm,warehouse_multi_robot_pick_pack_handover_031_exec_12,inprogress,92.8,12.0,5.0,0.0,null,null,null,null,null
warehouse_multi_robot_pick_pack_handover_031,handover_item,2026-01-15T16:07:44.000Z,complete,arm_1,robotic_arm,warehouse_multi_robot_pick_pack_handover_031_exec_12,done,92.5,12.0,5.0,0.0,null,null,null,null,null
warehouse_multi_robot_pick_pack_handover_031,handover_item,2026-01-15T16:07:45.000Z,start,amr_1,amr,warehouse_multi_robot_pick_pack_handover_031_exec_13,inprogress,84.7,12.0,5.0,0.0,null,null,null,null,null
warehouse_multi_robot_pick_pack_handover_031,handover_item,2026-01-15T16:08:04.000Z,null,amr_1,amr,warehouse_multi_robot_pick_pack_handover_031_exec_13,inprogress,84.5,12.0,5.0,0.0,null,null,null,null,null
warehouse_multi_robot_pick_pack_handover_031,handover_item,2026-01-15T16:08:23.000Z,complete,amr_1,amr,warehouse_multi_robot_pick_pack_handover_031_exec_13,done,84.3,12.0,5.0,0.0,null,null,null,null,null
warehouse_multi_robot_pick_pack_handover_031,pack_order,2026-01-15T16:08:24.000Z,start,arm_1,robotic_arm,warehouse_multi_robot_pick_pack_handover_031_exec_14,inprogress,92.5,12.0,5.0,0.0,null,null,null,null,null
warehouse_multi_robot_pick_pack_handover_031,pack_order,2026-01-15T16:08:50.000Z,null,arm_1,robotic_arm,warehouse_multi_robot_pick_pack_handover_031_exec_14,inprogress,92.3,12.0,5.0,0.0,null,null,null,null,null
warehouse_multi_robot_pick_pack_handover_031,pack_order,2026-01-15T16:09:16.000Z,null,arm_1,robotic_arm,warehouse_multi_robot_pick_pack_handover_031_exec_14,inprogress,92.0,12.0,5.0,0.0,null,null,null,null,null
warehouse_multi_robot_pick_pack_handover_031,pack_order,2026-01-15T16:09:42.000Z,null,arm_1,robotic_arm,warehouse_multi_robot_pick_pack_handover_031_exec_14,inprogress,91.8,12.0,5.0,0.0,null,null,null,null,null
warehouse_multi_robot_pick_pack_handover_031,pack_order,2026-01-15T16:10:11.000Z,complete,arm_1,robotic_arm,warehouse_multi_robot_pick_pack_handover_031_exec_14,done,91.5,12.0,5.0,0.0,null,null,null,null,null
warehouse_multi_robot_pick_pack_handover_031,dispatch,2026-01-15T16:10:12.000Z,start,amr_1,amr,warehouse_multi_robot_pick_pack_handover_031_exec_15,inprogress,84.3,12.0,5.0,0.0,null,null,null,null,null
warehouse_multi_robot_pick_pack_handover_031,dispatch,2026-01-15T16:10:44.000Z,null,amr_1,amr,warehouse_multi_robot_pick_pack_handover_031_exec_15,inprogress,83.8,10.0,4.25,0.0,null,null,null,null,null
warehouse_multi_robot_pick_pack_handover_031,dispatch,2026-01-15T16:11:16.000Z,null,amr_1,amr,warehouse_multi_robot_pick_pack_handover_031_exec_15,inprogress,83.4,8.0,3.5,0.0,null,null,null,null,null
warehouse_multi_robot_pick_pack_handover_031,dispatch,2026-01-15T16:11:48.000Z,null,amr_1,amr,warehouse_multi_robot_pick_pack_handover_031_exec_15,inprogress,83.0,6.0,2.75,0.0,null,null,null,null,null
warehouse_multi_robot_pick_pack_handover_031,dispatch,2026-01-15T16:12:23.000Z,complete,amr_1,amr,warehouse_multi_robot_pick_pack_handover_031_exec_15,done,82.5,4.0,2.0,0.0,null,null,null,null,null
warehouse_multi_robot_pick_pack_handover_032,receive_order,2026-01-15T16:18:00.000Z,start,amr_1,amr,warehouse_multi_robot_pick_pack_handover_032_exec_1,inprogress,86.4,0.0,0.0,0.0,null,null,null,null,null
warehouse_multi_robot_pick_pack_handover_032,receive_order,2026-01-15T16:18:29.000Z,complete,amr_1,amr,warehouse_multi_robot_pick_pack_handover_032_exec_1,done,86.0,0.0,0.0,0.0,null,null,null,null,null
warehouse_multi_robot_pick_pack_handover_032,send_task_assignment,2026-01-15T16:18:30.000Z,start,amr_1,amr,warehouse_multi_robot_pick_pack_handover_032_exec_2,inprogress,86.0,0.0,0.0,0.0,msg_8245e386db,order_id assigned for picking,send,amr_1,arm_1
warehouse_multi_robot_pick_pack_handover_032,send_task_assignment,2026-01-15T16:18:37.000Z,complete,amr_1,amr,warehouse_multi_robot_pick_pack_handover_032_exec_2,done,85.8,0.0,0.0,0.0,msg_8245e386db,order_id assigned for picking,send,amr_1,arm_1
warehouse_multi_robot_pick_pack_handover_032,receive_task_assignment,2026-01-15T16:18:41.000Z,start,arm_1,robotic_arm,warehouse_multi_robot_pick_pack_handover_032_exec_3,inprogress,92.5,12.0,5.0,0.0,msg_8245e386db,order_id assigned for picking,receive,amr_1,arm_1
warehouse_multi_robot_pick_pack_handover_032,receive_task_assignment,2026-01-15T16:18:45.000Z,complete,arm_1,robotic_arm,warehouse_multi_robot_pick_pack_handover_032_exec_3,done,92.4,12.0,5.0,0.0,msg_8245e386db,order_id assigned for picking,receive,amr_1,arm_1
warehouse_multi_robot_pick_pack_handover_032,navigate_to_shelf,2026-01-15T16:18:46.000Z,start,amr_1,amr,warehouse_multi_robot_pick_pack_handover_032_exec_4,inprogress,85.8,0.0,0.0,0.0,null,null,null,null,null
warehouse_multi_robot_pick_pack_handover_032,navigate_to_shelf,2026-01-15T16:19:24.000Z,null,amr_1,amr,warehouse_multi_robot_pick_pack_handover_032_exec_4,inprogress,85.4,3.6,1.72,0.0,null,null,null,null,null
warehouse_multi_robot_pick_pack_handover_032,navigate_to_shelf,2026-01-15T16:20:02.000Z,null,amr_1,amr,warehouse_multi_robot_pick_pack_handover_032_exec_4,inprogress,85.0,7.2,3.44,0.0,null,null,null,null,null
warehouse_multi_robot_pick_pack_handover_032,navigate_to_shelf,2026-01-15T16:20:40.000Z,null,amr_1,amr,warehouse_multi_robot_pick_pack_handover_032_exec_4,inprogress,84.6,10.8,5.15,0.0,null,null,null,null,null
warehouse_multi_robot_pick_pack_handover_032,navigate_to_shelf,2026-01-15T16:21:18.000Z,null,amr_1,amr,warehouse_multi_robot_pick_pack_handover_032_exec_4,inprogress,84.2,14.4,6.87,0.0,null,null,null,null,null
warehouse_multi_robot_pick_pack_handover_032,navigate_to_shelf,2026-01-15T16:21:58.000Z,complete,amr_1,amr,warehouse_multi_robot_pick_pack_handover_032_exec_4,done,83.7,18.0,8.59,0.0,null,null,null,null,null
warehouse_multi_robot_pick_pack_handover_032,scan_bin,2026-01-15T16:21:59.000Z,start,amr_1,amr,warehouse_multi_robot_pick_pack_handover_032_exec_5,inprogress,83.7,18.0,8.59,0.0,null,null,null,null,null
warehouse_multi_robot_pick_pack_handover_032,scan_bin,2026-01-15T16:22:11.000Z,null,amr_1,amr,warehouse_multi_robot_pick_pack_handover_032_exec_5,inprogress,83.6,18.0,8.59,0.0,null,null,null,null,null
warehouse_multi_robot_pick_pack_handover_032,scan_bin,2026-01-15T16:22:23.000Z,complete,amr_1,amr,warehouse_multi_robot_pick_pack_handover_032_exec_5,done,83.5,18.0,8.59,0.0,null,null,null,null,null
warehouse_multi_robot_pick_pack_handover_032,send_shelf_confirmation,2026-01-15T16:22:24.000Z,start,amr_1,amr,warehouse_multi_robot_pick_pack_handover_032_exec_6,inprogress,83.5,18.0,8.59,0.0,msg_acfcbaa255,bin verified for pick,send,amr_1,arm_1
warehouse_multi_robot_pick_pack_handover_032,send_shelf_confirmation,2026-01-15T16:22:29.000Z,complete,amr_1,amr,warehouse_multi_robot_pick_pack_handover_032_exec_6,done,83.3,18.0,8.59,0.0,msg_acfcbaa255,bin verified for pick,send,amr_1,arm_1
warehouse_multi_robot_pick_pack_handover_032,receive_shelf_confirmation,2026-01-15T16:22:34.000Z,start,arm_1,robotic_arm,warehouse_multi_robot_pick_pack_handover_032_exec_7,inprogress,92.4,12.0,5.0,0.0,msg_acfcbaa255,bin verified for pick,receive,amr_1,arm_1
warehouse_multi_robot_pick_pack_handover_032,receive_shelf_confirmation,2026-01-15T16:22:38.000Z,complete,arm_1,robotic_arm,warehouse_multi_robot_pick_pack_handover_032_exec_7,done,92.3,12.0,5.0,0.0,msg_acfcbaa255,bin verified for pick,receive,amr_1,arm_1
warehouse_multi_robot_pick_pack_handover_032,pick_item,2026-01-15T16:22:39.000Z,start,arm_1,robotic_arm,warehouse_multi_robot_pick_pack_handover_032_exec_8,inprogress,92.3,12.0,5.0,0.0,null,null,null,null,null
warehouse_multi_robot_pick_pack_handover_032,pick_item,2026-01-15T16:22:55.000Z,null,arm_1,robotic_arm,warehouse_multi_robot_pick_pack_handover_032_exec_8,inprogress,92.2,12.0,5.0,0.0,null,null,null,null,null
warehouse_multi_robot_pick_pack_handover_032,pick_item,2026-01-15T16:23:11.000Z,null,arm_1,robotic_arm,warehouse_multi_robot_pick_pack_handover_032_exec_8,inprogress,92.0,12.0,5.0,0.0,null,null,null,null,null
warehouse_multi_robot_pick_pack_handover_032,pick_item,2026-01-15T16:23:27.000Z,complete,arm_1,robotic_arm,warehouse_multi_robot_pick_pack_handover_032_exec_8,done,91.9,12.0,5.0,0.0,null,null,null,null,null
warehouse_multi_robot_pick_pack_handover_032,send_handover_coordination,2026-01-15T16:23:28.000Z,start,arm_1,robotic_arm,warehouse_multi_robot_pick_pack_handover_032_exec_9,inprogress,91.9,12.0,5.0,0.0,msg_f1a5fb7293,ready for handover at station,send,arm_1,amr_1
warehouse_multi_robot_pick_pack_handover_032,send_handover_coordination,2026-01-15T16:23:34.000Z,complete,arm_1,robotic_arm,warehouse_multi_robot_pick_pack_handover_032_exec_9,done,91.7,12.0,5.0,0.0,msg_f1a5fb7293,ready for handover at station,send,arm_1,amr_1
warehouse_multi_robot_pick_pack_handover_032,receive_handover_coordination,2026-01-15T16:23:38.000Z,start,amr_1,amr,warehouse_multi_robot_pick_pack_handover_032_exec_10,inprogress,83.3,18.0,8.59,0.0,msg_f1a5fb7293,ready for handover at station,receive,arm_1,amr_1
warehouse_multi_robot_pick_pack_handover_032,receive_handover_coordination,2026-01-15T16:23:42.000Z,complete,amr_1,amr,warehouse_multi_robot_pick_pack_handover_032_exec_10,done,83.2,18.0,8.59,0.0,msg_f1a5fb7293,ready for handover at station,receive,arm_1,amr_1
warehouse_multi_robot_pick_pack_handover_032,navigate_to_handover,2026-01-15T16:23:43.000Z,start,amr_1,amr,warehouse_multi_robot_pick_pack_handover_032_exec_11,inprogress,83.2,18.0,8.59,0.0,null,null,null,null,null
warehouse_multi_robot_pick_pack_handover_032,navigate_to_handover,2026-01-15T16:24:20.000Z,null,amr_1,amr,warehouse_multi_robot_pick_pack_handover_032_exec_11,inprogress,82.6,16.5,7.69,0.0,null,null,null,null,null
warehouse_multi_robot_pick_pack_handover_032,navigate_to_handover,2026-01-15T16:24:57.000Z,null,amr_1,amr,warehouse_multi_robot_pick_pack_handover_032_exec_11,inprogress,82.0,15.0,6.79,0.0,null,null,null,null,null
warehouse_multi_robot_pick_pack_handover_032,navigate_to_handover,2026-01-15T16:25:34.000Z,null,amr_1,amr,warehouse_multi_robot_pick_pack_handover_032_exec_11,inprogress,81.3,13.5,5.9,0.0,null,null,null,null,null
warehouse_multi_robot_pick_pack_handover_032,navigate_to_handover,2026-01-15T16:26:13.000Z,complete,amr_1,amr,warehouse_multi_robot_pick_pack_handover_032_exec_11,done,80.7,12.0,5.0,0.0,null,null,null,null,null
warehouse_multi_robot_pick_pack_handover_032,handover_item,2026-01-15T16:26:14.000Z,start,arm_1,robotic_arm,warehouse_multi_robot_pick_pack_handover_032_exec_12,inprogress,91.7,12.0,5.0,0.0,null,null,null,null,null
warehouse_multi_robot_pick_pack_handover_032,handover_item,2026-01-15T16:27:10.000Z,complete,arm_1,robotic_arm,warehouse_multi_robot_pick_pack_handover_032_exec_12,done,91.5,12.0,5.0,0.0,null,null,null,null,null
warehouse_multi_robot_pick_pack_handover_032,handover_item,2026-01-15T16:27:11.000Z,start,amr_1,amr,warehouse_multi_robot_pick_pack_handover_032_exec_13,inprogress,80.7,12.0,5.0,0.0,null,null,null,null,null
warehouse_multi_robot_pick_pack_handover_032,handover_item,2026-01-15T16:27:34.000Z,null,amr_1,amr,warehouse_multi_robot_pick_pack_handover_032_exec_13,inprogress,80.5,12.0,5.0,0.0,null,null,null,null,null
warehouse_multi_robot_pick_pack_handover_032,handover_item,2026-01-15T16:27:58.000Z,complete,amr_1,amr,warehouse_multi_robot_pick_pack_handover_032_exec_13,done,80.4,12.0,5.0,0.0,null,null,null,null,null
warehouse_multi_robot_pick_pack_handover_032,pack_order,2026-01-15T16:27:59.000Z,start,arm_1,robotic_arm,warehouse_multi_robot_pick_pack_handover_032_exec_14,inprogress,91.5,12.0,5.0,0.0,null,null,null,null,null
warehouse_multi_robot_pick_pack_handover_032,pack_order,2026-01-15T16:28:28.000Z,null,arm_1,robotic_arm,warehouse_multi_robot_pick_pack_handover_032_exec_14,inprogress,91.0,12.0,5.0,0.0,null,null,null,null,null
warehouse_multi_robot_pick_pack_handover_032,pack_order,2026-01-15T16:28:57.000Z,null,arm_1,robotic_arm,warehouse_multi_robot_pick_pack_handover_032_exec_14,inprogress,90.5,12.0,5.0,0.0,null,null,null,null,null
warehouse_multi_robot_pick_pack_handover_032,pack_order,2026-01-15T16:29:27.000Z,complete,arm_1,robotic_arm,warehouse_multi_robot_pick_pack_handover_032_exec_14,done,90.0,12.0,5.0,0.0,null,null,null,null,null
warehouse_multi_robot_pick_pack_handover_032,dispatch,2026-01-15T16:29:28.000Z,start,amr_1,amr,warehouse_multi_robot_pick_pack_handover_032_exec_15,inprogress,80.4,12.0,5.0,0.0,null,null,null,null,null
warehouse_multi_robot_pick_pack_handover_032,dispatch,2026-01-15T16:30:28.000Z,null,amr_1,amr,warehouse_multi_robot_pick_pack_handover_032_exec_15,inprogress,79.6,8.0,3.5,0.0,null,null,null,null,null
warehouse_multi_robot_pick_pack_handover_032,dispatch,2026-01-15T16:31:29.000Z,complete,amr_1,amr,warehouse_multi_robot_pick_pack_handover_032_exec_15,done,78.7,4.0,2.0,0.0,null,null,null,null,null
warehouse_multi_robot_pick_pack_handover_033,receive_order,2026-01-15T16:36:00.000Z,start,amr_1,amr,warehouse_multi_robot_pick_pack_handover_033_exec_1,inprogress,79.0,0.0,0.0,0.0,null,null,null,null,null
warehouse_multi_robot_pick_pack_handover_033,receive_order,2026-01-15T16:36:30.000Z,complete,amr_1,amr,warehouse_multi_robot_pick_pack_handover_033_exec_1,done,78.6,0.0,0.0,0.0,null,null,null,null,null
warehouse_multi_robot_pick_pack_handover_033,send_task_assignment,2026-01-15T16:36:31.000Z,start,amr_1,amr,warehouse_multi_robot_pick_pack_handover_033_exec_2,inprogress,78.6,0.0,0.0,0.0,msg_14a7103f50,order_id assigned for picking,send,amr_1,arm_1
warehouse_multi_robot_pick_pack_handover_033,send_task_assignment,2026-01-15T16:36:36.000Z,complete,amr_1,amr,warehouse_multi_robot_pick_pack_handover_033_exec_2,done,78.4,0.0,0.0,0.0,msg_14a7103f50,order_id assigned for picking,send,amr_1,arm_1
warehouse_multi_robot_pick_pack_handover_033,receive_task_assignment,2026-01-15T16:36:40.000Z,start,arm_1,robotic_arm,warehouse_multi_robot_pick_pack_handover_033_exec_3,inprogress,94.8,12.0,5.0,0.0,msg_14a7103f50,order_id assigned for picking,receive,amr_1,arm_1
warehouse_multi_robot_pick_pack_handover_033,receive_task_assignment,2026-01-15T16:36:44.000Z,complete,arm_1,robotic_arm,warehouse_multi_robot_pick_pack_handover_033_exec_3,done,94.7,12.0,5.0,0.0,msg_14a7103f50,order_id assigned for picking,receive,amr_1,arm_1
warehouse_multi_robot_pick_pack_handover_033,navigate_to_shelf,2026-01-15T16:36:45.000Z,start,amr_1,amr,warehouse_multi_robot_pick_pack_handover_033_exec_4,inprogress,78.4,0.0,0.0,0.0,null,null,null,null,null
warehouse_multi_robot_pick_pack_handover_033,navigate_to_shelf,2026-01-15T16:37:13.000Z,null,amr_1,amr,warehouse_multi_robot_pick_pack_handover_033_exec_4,inprogress,77.6,5.75,4.66,0.0,null,null,null,null,null
warehouse_multi_robot_pick_pack_handover_033,navigate_to_shelf,2026-01-15T16:37:41.000Z,null,amr_1,amr,warehouse_multi_robot_pick_pack_handover_033_exec_4,inprogress,76.9,11.5,9.31,0.0,null,null,null,null,null
warehouse_multi_robot_pick_pack_handover_033,navigate_to_shelf,2026-01-15T16:38:09.000Z,null,amr_1,amr,warehouse_multi_robot_pick_pack_handover_033_exec_4,inprogress,76.1,17.25,13.97,0.0,null,null,null,null,null
warehouse_multi_robot_pick_pack_handover_033,navigate_to_shelf,2026-01-15T16:38:37.000Z,null,amr_1,amr,warehouse_multi_robot_pick_pack_handover_033_exec_4,inprogress,75.3,22.99,18.63,0.0,null,null,null,null,null
warehouse_multi_robot_pick_pack_handover_033,navigate_to_shelf,2026-01-15T16:39:09.000Z,complete,amr_1,amr,warehouse_multi_robot_pick_pack_handover_033_exec_4,done,74.5,28.74,23.28,0.0,null,null,null,null,null
warehouse_multi_robot_pick_pack_handover_033,scan_bin,2026-01-15T16:39:10.000Z,start,amr_1,amr,warehouse_multi_robot_pick_pack_handover_033_exec_5,inprogress,74.5,28.74,23.28,0.0,null,null,null,null,null
warehouse_multi_robot_pick_pack_handover_033,scan_bin,2026-01-15T16:39:20.000Z,null,amr_1,amr,warehouse_multi_robot_pick_pack_handover_033_exec_5,inprogress,74.4,28.74,23.28,0.0,null,null,null,null,null
warehouse_multi_robot_pick_pack_handover_033,scan_bin,2026-01-15T16:39:31.000Z,complete,amr_1,amr,warehouse_multi_robot_pick_pack_handover_033_exec_5,done,74.3,28.74,23.28,0.0,null,null,null,null,null
warehouse_multi_robot_pick_pack_handover_033,send_shelf_confirmation,2026-01-15T16:39:32.000Z,start,amr_1,amr,warehouse_multi_robot_pick_pack_handover_033_exec_6,inprogress,74.3,28.74,23.28,0.0,msg_d58849c2c5,bin verified for pick,send,amr_1,arm_1
warehouse_multi_robot_pick_pack_handover_033,send_shelf_confirmation,2026-01-15T16:39:36.000Z,complete,amr_1,amr,warehouse_multi_robot_pick_pack_handover_033_exec_6,done,74.1,28.74,23.28,0.0,msg_d58849c2c5,bin verified for pick,send,amr_1,arm_1
warehouse_multi_robot_pick_pack_handover_033,receive_shelf_confirmation,2026-01-15T16:39:41.000Z,start,arm_1,robotic_arm,warehouse_multi_robot_pick_pack_handover_033_exec_7,inprogress,94.7,12.0,5.0,0.0,msg_d58849c2c5,bin verified for pick,receive,amr_1,arm_1
warehouse_multi_robot_pick_pack_handover_033,receive_shelf_confirmation,2026-01-15T16:39:45.000Z,complete,arm_1,robotic_arm,warehouse_multi_robot_pick_pack_handover_033_exec_7,done,94.6,12.0,5.0,0.0,msg_d58849c2c5,bin verified for pick,receive,amr_1,arm_1
warehouse_multi_robot_pick_pack_handover_033,pick_item,2026-01-15T16:39:46.000Z,start,arm_1,robotic_arm,warehouse_multi_robot_pick_pack_handover_033_exec_8,inprogress,94.6,12.0,5.0,0.0,null,null,null,null,null
warehouse_multi_robot_pick_pack_handover_033,pick_item,2026-01-15T16:40:14.000Z,null,arm_1,robotic_arm,warehouse_multi_robot_pick_pack_handover_033_exec_8,inprogress,94.4,12.0,5.0,0.0,null,null,null,null,null
warehouse_multi_robot_pick_pack_handover_033,pick_item,2026-01-15T16:40:42.000Z,null,arm_1,robotic_arm,warehouse_multi_robot_pick_pack_handover_033_exec_8,inprogress,94.2,12.0,5.0,0.0,null,null,null,null,null
warehouse_multi_robot_pick_pack_handover_033,pick_item,2026-01-15T16:41:10.000Z,complete,arm_1,robotic_arm,warehouse_multi_robot_pick_pack_handover_033_exec_8,done,94.0,12.0,5.0,0.0,null,null,null,null,null
warehouse_multi_robot_pick_pack_handover_033,send_handover_coordination,2026-01-15T16:41:11.000Z,start,arm_1,robotic_arm,warehouse_multi_robot_pick_pack_handover_033_exec_9,inprogress,94.0,12.0,5.0,0.0,msg_68b41888ed,ready for handover at station,send,arm_1,amr_1
warehouse_multi_robot_pick_pack_handover_033,send_handover_coordination,2026-01-15T16:41:18.000Z,complete,arm_1,robotic_arm,warehouse_multi_robot_pick_pack_handover_033_exec_9,done,93.8,12.0,5.0,0.0,msg_68b41888ed,ready for handover at station,send,arm_1,amr_1
warehouse_multi_robot_pick_pack_handover_033,receive_handover_coordination,2026-01-15T16:41:22.000Z,start,amr_1,amr,warehouse_multi_robot_pick_pack_handover_033_exec_10,inprogress,74.1,28.74,23.28,0.0,msg_68b41888ed,ready for handover at station,receive,arm_1,amr_1
warehouse_multi_robot_pick_pack_handover_033,receive_handover_coordination,2026-01-15T16:41:26.000Z,complete,amr_1,amr,warehouse_multi_robot_pick_pack_handover_033_exec_10,done,74.0,28.74,23.28,0.0,msg_68b41888ed,ready for handover at station,receive,arm_1,amr_1
warehouse_multi_robot_pick_pack_handover_033,navigate_to_handover,2026-01-15T16:41:27.000Z,start,amr_1,amr,warehouse_multi_robot_pick_pack_handover_033_exec_11,inprogress,74.0,28.74,23.28,0.0,null,null,null,null,null
warehouse_multi_robot_pick_pack_handover_033,navigate_to_handover,2026-01-15T16:42:33.000Z,null,amr_1,amr,warehouse_multi_robot_pick_pack_handover_033_exec_11,inprogress,72.4,20.37,14.14,0.0,null,null,null,null,null
warehouse_multi_robot_pick_pack_handover_033,navigate_to_handover,2026-01-15T16:43:40.000Z,complete,amr_1,amr,warehouse_multi_robot_pick_pack_handover_033_exec_11,done,70.7,12.0,5.0,0.0,null,null,null,null,null
warehouse_multi_robot_pick_pack_handover_033,handover_item,2026-01-15T16:43:41.000Z,start,arm_1,robotic_arm,warehouse_multi_robot_pick_pack_handover_033_exec_12,inprogress,93.8,12.0,5.0,0.0,null,null,null,null,null
warehouse_multi_robot_pick_pack_handover_033,handover_item,2026-01-15T16:44:15.000Z,complete,arm_1,robotic_arm,warehouse_multi_robot_pick_pack_handover_033_exec_12,done,93.4,12.0,5.0,0.0,null,null,null,null,null
warehouse_multi_robot_pick_pack_handover_033,handover_item,2026-01-15T16:44:16.000Z,start,amr_1,amr,warehouse_multi_robot_pick_pack_handover_033_exec_13,inprogress,70.7,12.0,5.0,0.0,null,null,null,null,null
warehouse_multi_robot_pick_pack_handover_033,handover_item,2026-01-15T16:44:58.000Z,complete,amr_1,amr,warehouse_multi_robot_pick_pack_handover_033_exec_13,done,70.4,12.0,5.0,0.0,null,null,null,null,null
warehouse_multi_robot_pick_pack_handover_033,pack_order,2026-01-15T16:44:59.000Z,start,arm_1,robotic_arm,warehouse_multi_robot_pick_pack_handover_033_exec_14,inprogress,93.4,12.0,5.0,0.0,null,null,null,null,null
warehouse_multi_robot_pick_pack_handover_033,pack_order,2026-01-15T16:45:19.000Z,null,arm_1,robotic_arm,warehouse_multi_robot_pick_pack_handover_033_exec_14,inprogress,93.0,12.0,5.0,0.0,null,null,null,null,null
warehouse_multi_robot_pick_pack_handover_033,pack_order,2026-01-15T16:45:39.000Z,null,arm_1,robotic_arm,warehouse_multi_robot_pick_pack_handover_033_exec_14,inprogress,92.6,12.0,5.0,0.0,null,null,null,null,null
warehouse_multi_robot_pick_pack_handover_033,pack_order,2026-01-15T16:45:59.000Z,complete,arm_1,robotic_arm,warehouse_multi_robot_pick_pack_handover_033_exec_14,done,92.2,12.0,5.0,0.0,null,null,null,null,null
warehouse_multi_robot_pick_pack_handover_033,dispatch,2026-01-15T16:46:00.000Z,start,amr_1,amr,warehouse_multi_robot_pick_pack_handover_033_exec_15,inprogress,70.4,12.0,5.0,0.0,null,null,null,null,null
warehouse_multi_robot_pick_pack_handover_033,dispatch,2026-01-15T16:46:36.000Z,null,amr_1,amr,warehouse_multi_robot_pick_pack_handover_033_exec_15,inprogress,69.7,9.33,4.0,0.0,null,null,null,null,null
warehouse_multi_robot_pick_pack_handover_033,dispatch,2026-01-15T16:47:12.000Z,null,amr_1,amr,warehouse_multi_robot_pick_pack_handover_033_exec_15,inprogress,69.0,6.67,3.0,0.0,null,null,null,null,null
warehouse_multi_robot_pick_pack_handover_033,dispatch,2026-01-15T16:47:49.000Z,complete,amr_1,amr,warehouse_multi_robot_pick_pack_handover_033_exec_15,done,68.3,4.0,2.0,0.0,null,null,null,null,null
warehouse_multi_robot_pick_pack_handover_034,receive_order,2026-01-15T16:54:00.000Z,start,amr_1,amr,warehouse_multi_robot_pick_pack_handover_034_exec_1,inprogress,76.6,0.0,0.0,0.0,null,null,null,null,null
warehouse_multi_robot_pick_pack_handover_034,receive_order,2026-01-15T16:54:24.000Z,complete,amr_1,amr,warehouse_multi_robot_pick_pack_handover_034_exec_1,done,76.2,0.0,0.0,0.0,null,null,null,null,null
warehouse_multi_robot_pick_pack_handover_034,send_task_assignment,2026-01-15T16:54:25.000Z,start,amr_1,amr,warehouse_multi_robot_pick_pack_handover_034_exec_2,inprogress,76.2,0.0,0.0,0.0,msg_f77cb5bd0c,order_id assigned for picking,send,amr_1,arm_1
warehouse_multi_robot_pick_pack_handover_034,send_task_assignment,2026-01-15T16:54:32.000Z,complete,amr_1,amr,warehouse_multi_robot_pick_pack_handover_034_exec_2,done,76.0,0.0,0.0,0.0,msg_f77cb5bd0c,order_id assigned for picking,send,amr_1,arm_1
warehouse_multi_robot_pick_pack_handover_034,receive_task_assignment,2026-01-15T16:54:36.000Z,start,arm_1,robotic_arm,warehouse_multi_robot_pick_pack_handover_034_exec_3,inprogress,88.6,12.0,5.0,0.0,msg_f77cb5bd0c,order_id assigned for picking,receive,amr_1,arm_1
warehouse_multi_robot_pick_pack_handover_034,receive_task_assignment,2026-01-15T16:54:40.000Z,complete,arm_1,robotic_arm,warehouse_multi_robot_pick_pack_handover_034_exec_3,done,88.5,12.0,5.0,0.0,msg_f77cb5bd0c,order_id assigned for picking,receive,amr_1,arm_1
warehouse_multi_robot_pick_pack_handover_034,navigate_to_shelf,2026-01-15T16:54:41.000Z,start,amr_1,amr,warehouse_multi_robot_pick_pack_handover_034_exec_4,inprogress,76.0,0.0,0.0,0.0,null,null,null,null,null
warehouse_multi_robot_pick_pack_handover_034,navigate_to_shelf,2026-01-15T16:55:19.000Z,null,amr_1,amr,warehouse_multi_robot_pick_pack_handover_034_exec_4,inprogress,75.5,6.09,3.68,0.0,null,null,null,null,null
warehouse_multi_robot_pick_pack_handover_034,navigate_to_shelf,2026-01-15T16:55:57.000Z,null,amr_1,amr,warehouse_multi_robot_pick_pack_handover_034_exec_4,inprogress,74.9,12.19,7.35,0.0,null,null,null,null,null
warehouse_multi_robot_pick_pack_handover_034,navigate_to_shelf,2026-01-15T16:56:35.000Z,null,amr_1,amr,warehouse_multi_robot_pick_pack_handover_034_exec_4,inprogress,74.3,18.28,11.03,0.0,null,null,null,null,null
warehouse_multi_robot_pick_pack_handover_034,navigate_to_shelf,2026-01-15T16:57:14.000Z,complete,amr_1,amr,warehouse_multi_robot_pick_pack_handover_034_exec_4,done,73.8,24.38,14.7,0.0,null,null,null,null,null
warehouse_multi_robot_pick_pack_handover_034,scan_bin,2026-01-15T16:57:15.000Z,start,amr_1,amr,warehouse_multi_robot_pick_pack_handover_034_exec_5,inprogress,73.8,24.38,14.7,0.0,null,null,null,null,null
warehouse_multi_robot_pick_pack_handover_034,scan_bin,2026-01-15T16:57:53.000Z,complete,amr_1,amr,warehouse_multi_robot_pick_pack_handover_034_exec_5,done,73.3,24.38,14.7,0.0,null,null,null,null,null
warehouse_multi_robot_pick_pack_handover_034,send_shelf_confirmation,2026-01-15T16:57:54.000Z,start,amr_1,amr,warehouse_multi_robot_pick_pack_handover_034_exec_6,inprogress,73.3,24.38,14.7,0.0,msg_c8fe20092a,bin verified for pick,send,amr_1,arm_1
warehouse_multi_robot_pick_pack_handover_034,send_shelf_confirmation,2026-01-15T16:58:00.000Z,complete,amr_1,amr,warehouse_multi_robot_pick_pack_handover_034_exec_6,done,73.1,24.38,14.7,0.0,msg_c8fe20092a,bin verified for pick,send,amr_1,arm_1
warehouse_multi_robot_pick_pack_handover_034,receive_shelf_confirmation,2026-01-15T16:58:05.000Z,start,arm_1,robotic_arm,warehouse_multi_robot_pick_pack_handover_034_exec_7,inprogress,88.5,12.0,5.0,0.0,msg_c8fe20092a,bin verified for pick,receive,amr_1,arm_1
warehouse_multi_robot_pick_pack_handover_034,receive_shelf_confirmation,2026-01-15T16:58:09.000Z,complete,arm_1,robotic_arm,warehouse_multi_robot_pick_pack_handover_034_exec_7,done,88.4,12.0,5.0,0.0,msg_c8fe20092a,bin verified for pick,receive,amr_1,arm_1
warehouse_multi_robot_pick_pack_handover_034,pick_item,2026-01-15T16:58:10.000Z,start,arm_1,robotic_arm,warehouse_multi_robot_pick_pack_handover_034_exec_8,inprogress,88.4,12.0,5.0,0.0,null,null,null,null,null
warehouse_multi_robot_pick_pack_handover_034,pick_item,2026-01-15T16:58:23.000Z,null,arm_1,robotic_arm,warehouse_multi_robot_pick_pack_handover_034_exec_8,inprogress,88.2,12.0,5.0,0.0,null,null,null,null,null
warehouse_multi_robot_pick_pack_handover_034,pick_item,2026-01-15T16:58:36.000Z,null,arm_1,robotic_arm,warehouse_multi_robot_pick_pack_handover_034_exec_8,inprogress,87.9,12.0,5.0,0.0,null,null,null,null,null
warehouse_multi_robot_pick_pack_handover_034,pick_item,2026-01-15T16:58:50.000Z,complete,arm_1,robotic_arm,warehouse_multi_robot_pick_pack_handover_034_exec_8,done,87.7,12.0,5.0,0.0,null,null,null,null,null
warehouse_multi_robot_pick_pack_handover_034,send_handover_coordination,2026-01-15T16:58:51.000Z,start,arm_1,robotic_arm,warehouse_multi_robot_pick_pack_handover_034_exec_9,inprogress,87.7,12.0,5.0,0.0,msg_ceb12ccfa7,ready for handover at station,send,arm_1,amr_1
warehouse_multi_robot_pick_pack_handover_034,send_handover_coordination,2026-01-15T16:58:56.000Z,complete,arm_1,robotic_arm,warehouse_multi_robot_pick_pack_handover_034_exec_9,done,87.5,12.0,5.0,0.0,msg_ceb12ccfa7,ready for handover at station,send,arm_1,amr_1
warehouse_multi_robot_pick_pack_handover_034,receive_handover_coordination,2026-01-15T17:00:28.000Z,start,amr_1,amr,warehouse_multi_robot_pick_pack_handover_034_exec_10,inprogress,73.1,24.38,14.7,0.0,msg_ceb12ccfa7,ready for handover at station,receive,arm_1,amr_1
warehouse_multi_robot_pick_pack_handover_034,receive_handover_coordination,2026-01-15T17:00:32.000Z,complete,amr_1,amr,warehouse_multi_robot_pick_pack_handover_034_exec_10,done,73.0,24.38,14.7,0.0,msg_ceb12ccfa7,ready for handover at station,receive,arm_1,amr_1
warehouse_multi_robot_pick_pack_handover_034,queue_wait,2026-01-15T17:00:33.000Z,start,amr_1,amr,warehouse_multi_robot_pick_pack_handover_034_exec_11,inprogress,73.0,24.38,14.7,0.0,null,null,null,null,null
warehouse_multi_robot_pick_pack_handover_034,queue_wait,2026-01-15T17:00:53.000Z,null,amr_1,amr,warehouse_multi_robot_pick_pack_handover_034_exec_11,inprogress,72.8,24.38,14.7,0.0,null,null,null,null,null
warehouse_multi_robot_pick_pack_handover_034,queue_wait,2026-01-15T17:01:13.000Z,null,amr_1,amr,warehouse_multi_robot_pick_pack_handover_034_exec_11,inprogress,72.7,24.38,14.7,0.0,null,null,null,null,null
warehouse_multi_robot_pick_pack_handover_034,queue_wait,2026-01-15T17:01:35.000Z,complete,amr_1,amr,warehouse_multi_robot_pick_pack_handover_034_exec_11,done,72.5,24.38,14.7,0.0,null,null,null,null,null
warehouse_multi_robot_pick_pack_handover_034,navigate_to_handover,2026-01-15T17:01:36.000Z,start,amr_1,amr,warehouse_multi_robot_pick_pack_handover_034_exec_12,inprogress,72.5,24.38,14.7,0.0,null,null,null,null,null
warehouse_multi_robot_pick_pack_handover_034,navigate_to_handover,2026-01-15T17:02:23.000Z,null,amr_1,amr,warehouse_multi_robot_pick_pack_handover_034_exec_12,inprogress,71.6,20.25,11.47,0.0,null,null,null,null,null
warehouse_multi_robot_pick_pack_handover_034,navigate_to_handover,2026-01-15T17:03:10.000Z,null,amr_1,amr,warehouse_multi_robot_pick_pack_handover_034_exec_12,inprogress,70.6,16.13,8.23,0.0,null,null,null,null,null
warehouse_multi_robot_pick_pack_handover_034,navigate_to_handover,2026-01-15T17:03:58.000Z,complete,amr_1,amr,warehouse_multi_robot_pick_pack_handover_034_exec_12,done,69.7,12.0,5.0,0.0,null,null,null,null,null
warehouse_multi_robot_pick_pack_handover_034,handover_item,2026-01-15T17:03:59.000Z,start,arm_1,robotic_arm,warehouse_multi_robot_pick_pack_handover_034_exec_13,inprogress,87.5,12.0,5.0,0.0,null,null,null,null,null
warehouse_multi_robot_pick_pack_handover_034,handover_item,2026-01-15T17:04:31.000Z,complete,arm_1,robotic_arm,warehouse_multi_robot_pick_pack_handover_034_exec_13,done,87.2,12.0,5.0,0.0,null,null,null,null,null
warehouse_multi_robot_pick_pack_handover_034,handover_item,2026-01-15T17:04:32.000Z,start,amr_1,amr,warehouse_multi_robot_pick_pack_handover_034_exec_14,inprogress,69.7,12.0,5.0,0.0,null,null,null,null,null
warehouse_multi_robot_pick_pack_handover_034,handover_item,2026-01-15T17:04:49.000Z,null,amr_1,amr,warehouse_multi_robot_pick_pack_handover_034_exec_14,inprogress,69.6,12.0,5.0,0.0,null,null,null,null,null
warehouse_multi_robot_pick_pack_handover_034,handover_item,2026-01-15T17:05:07.000Z,complete,amr_1,amr,warehouse_multi_robot_pick_pack_handover_034_exec_14,done,69.4,12.0,5.0,0.0,null,null,null,null,null
warehouse_multi_robot_pick_pack_handover_034,pack_order,2026-01-15T17:05:08.000Z,start,arm_1,robotic_arm,warehouse_multi_robot_pick_pack_handover_034_exec_15,inprogress,87.2,12.0,5.0,0.0,null,null,null,null,null
warehouse_multi_robot_pick_pack_handover_034,pack_order,2026-01-15T17:06:12.000Z,null,arm_1,robotic_arm,warehouse_multi_robot_pick_pack_handover_034_exec_15,inprogress,86.9,12.0,5.0,0.0,null,null,null,null,null
warehouse_multi_robot_pick_pack_handover_034,pack_order,2026-01-15T17:07:16.000Z,complete,arm_1,robotic_arm,warehouse_multi_robot_pick_pack_handover_034_exec_15,done,86.5,12.0,5.0,0.0,null,null,null,null,null
warehouse_multi_robot_pick_pack_handover_034,dispatch,2026-01-15T17:07:17.000Z,start,amr_1,amr,warehouse_multi_robot_pick_pack_handover_034_exec_16,inprogress,69.4,12.0,5.0,0.0,null,null,null,null,null
warehouse_multi_robot_pick_pack_handover_034,dispatch,2026-01-15T17:08:04.000Z,null,amr_1,amr,warehouse_multi_robot_pick_pack_handover_034_exec_16,inprogress,68.8,9.33,4.0,0.0,null,null,null,null,null
warehouse_multi_robot_pick_pack_handover_034,dispatch,2026-01-15T17:08:51.000Z,null,amr_1,amr,warehouse_multi_robot_pick_pack_handover_034_exec_16,inprogress,68.1,6.67,3.0,0.0,null,null,null,null,null
warehouse_multi_robot_pick_pack_handover_034,dispatch,2026-01-15T17:09:39.000Z,complete,amr_1,amr,warehouse_multi_robot_pick_pack_handover_034_exec_16,done,67.5,4.0,2.0,0.0,null,null,null,null,null
warehouse_multi_robot_pick_pack_handover_035,receive_order,2026-01-15T17:12:00.000Z,start,amr_1,amr,warehouse_multi_robot_pick_pack_handover_035_exec_1,inprogress,75.7,0.0,0.0,0.0,null,null,null,null,null
warehouse_multi_robot_pick_pack_handover_035,receive_order,2026-01-15T17:12:12.000Z,complete,amr_1,amr,warehouse_multi_robot_pick_pack_handover_035_exec_1,done,75.4,0.0,0.0,0.0,null,null,null,null,null
warehouse_multi_robot_pick_pack_handover_035,send_task_assignment,2026-01-15T17:12:13.000Z,start,amr_1,amr,warehouse_multi_robot_pick_pack_handover_035_exec_2,inprogress,75.4,0.0,0.0,0.0,msg_cf941616e4,order_id assigned for picking,send,amr_1,arm_1
warehouse_multi_robot_pick_pack_handover_035,send_task_assignment,2026-01-15T17:12:20.000Z,complete,amr_1,amr,warehouse_multi_robot_pick_pack_handover_035_exec_2,done,75.2,0.0,0.0,0.0,msg_cf941616e4,order_id assigned for picking,send,amr_1,arm_1
warehouse_multi_robot_pick_pack_handover_035,receive_task_assignment,2026-01-15T17:12:24.000Z,start,arm_1,robotic_arm,warehouse_multi_robot_pick_pack_handover_035_exec_3,inprogress,92.1,12.0,5.0,0.0,msg_cf941616e4,order_id assigned for picking,receive,amr_1,arm_1
warehouse_multi_robot_pick_pack_handover_035,receive_task_assignment,2026-01-15T17:12:28.000Z,complete,arm_1,robotic_arm,warehouse_multi_robot_pick_pack_handover_035_exec_3,done,92.0,12.0,5.0,0.0,msg_cf941616e4,order_id assigned for picking,receive,amr_1,arm_1
warehouse_multi_robot_pick_pack_handover_035,navigate_to_shelf,2026-01-15T17:12:29.000Z,start,amr_1,amr,warehouse_multi_robot_pick_pack_handover_035_exec_4,inprogress,75.2,0.0,0.0,0.0,null,null,null,null,null
warehouse_multi_robot_pick_pack_handover_035,navigate_to_shelf,2026-01-15T17:13:28.000Z,null,amr_1,amr,warehouse_multi_robot_pick_pack_handover_035_exec_4,inprogress,73.8,10.57,5.16,0.0,null,null,null,null,null
warehouse_multi_robot_pick_pack_handover_035,navigate_to_shelf,2026-01-15T17:14:27.000Z,null,amr_1,amr,warehouse_multi_robot_pick_pack_handover_035_exec_4,inprogress,72.5,21.14,10.33,0.0,null,null,null,null,null
warehouse_multi_robot_pick_pack_handover_035,navigate_to_shelf,2026-01-15T17:15:28.000Z,complete,amr_1,amr,warehouse_multi_robot_pick_pack_handover_035_exec_4,done,71.1,31.71,15.49,0.0,null,null,null,null,null
warehouse_multi_robot_pick_pack_handover_035,scan_bin,2026-01-15T17:15:29.000Z,start,amr_1,amr,warehouse_multi_robot_pick_pack_handover_035_exec_5,inprogress,71.1,31.71,15.49,0.0,null,null,null,null,null
warehouse_multi_robot_pick_pack_handover_035,scan_bin,2026-01-15T17:15:53.000Z,complete,amr_1,amr,warehouse_multi_robot_pick_pack_handover_035_exec_5,done,70.9,31.71,15.49,0.0,null,null,null,null,null
warehouse_multi_robot_pick_pack_handover_035,send_shelf_confirmation,2026-01-15T17:15:54.000Z,start,amr_1,amr,warehouse_multi_robot_pick_pack_handover_035_exec_6,inprogress,70.9,31.71,15.49,0.0,msg_147c1074f9,bin verified for pick,send,amr_1,arm_1
warehouse_multi_robot_pick_pack_handover_035,send_shelf_confirmation,2026-01-15T17:15:58.000Z,complete,amr_1,amr,warehouse_multi_robot_pick_pack_handover_035_exec_6,done,70.7,31.71,15.49,0.0,msg_147c1074f9,bin verified for pick,send,amr_1,arm_1
warehouse_multi_robot_pick_pack_handover_035,receive_shelf_confirmation,2026-01-15T17:16:03.000Z,start,arm_1,robotic_arm,warehouse_multi_robot_pick_pack_handover_035_exec_7,inprogress,92.0,12.0,5.0,0.0,msg_147c1074f9,bin verified for pick,receive,amr_1,arm_1
warehouse_multi_robot_pick_pack_handover_035,receive_shelf_confirmation,2026-01-15T17:16:07.000Z,complete,arm_1,robotic_arm,warehouse_multi_robot_pick_pack_handover_035_exec_7,done,91.9,12.0,5.0,0.0,msg_147c1074f9,bin verified for pick,receive,amr_1,arm_1
warehouse_multi_robot_pick_pack_handover_035,pick_item,2026-01-15T17:16:08.000Z,start,arm_1,robotic_arm,warehouse_multi_robot_pick_pack_handover_035_exec_8,inprogress,91.9,12.0,5.0,0.0,null,null,null,null,null
warehouse_multi_robot_pick_pack_handover_035,pick_item,2026-01-15T17:16:33.000Z,null,arm_1,robotic_arm,warehouse_multi_robot_pick_pack_handover_035_exec_8,inprogress,91.5,12.0,5.0,0.0,null,null,null,null,null
warehouse_multi_robot_pick_pack_handover_035,pick_item,2026-01-15T17:16:58.000Z,complete,arm_1,robotic_arm,warehouse_multi_robot_pick_pack_handover_035_exec_8,done,91.0,12.0,5.0,0.0,null,null,null,null,null
warehouse_multi_robot_pick_pack_handover_035,send_handover_coordination,2026-01-15T17:16:59.000Z,start,arm_1,robotic_arm,warehouse_multi_robot_pick_pack_handover_035_exec_9,inprogress,91.0,12.0,5.0,0.0,msg_b1d28bdaf4,ready for handover at station,send,arm_1,amr_1
warehouse_multi_robot_pick_pack_handover_035,send_handover_coordination,2026-01-15T17:17:05.000Z,complete,arm_1,robotic_arm,warehouse_multi_robot_pick_pack_handover_035_exec_9,done,90.8,12.0,5.0,0.0,msg_b1d28bdaf4,ready for handover at station,send,arm_1,amr_1
warehouse_multi_robot_pick_pack_handover_035,receive_handover_coordination,2026-01-15T17:17:09.000Z,start,amr_1,amr,warehouse_multi_robot_pick_pack_handover_035_exec_10,inprogress,70.7,31.71,15.49,0.0,msg_b1d28bdaf4,ready for handover at station,receive,arm_1,amr_1
warehouse_multi_robot_pick_pack_handover_035,receive_handover_coordination,2026-01-15T17:17:13.000Z,complete,amr_1,amr,warehouse_multi_robot_pick_pack_handover_035_exec_10,done,70.6,31.71,15.49,0.0,msg_b1d28bdaf4,ready for handover at station,receive,arm_1,amr_1
warehouse_multi_robot_pick_pack_handover_035,navigate_to_handover,2026-01-15T17:17:14.000Z,start,amr_1,amr,warehouse_multi_robot_pick_pack_handover_035_exec_11,inprogress,70.6,31.71,15.49,0.0,null,null,null,null,null
warehouse_multi_robot_pick_pack_handover_035,navigate_to_handover,2026-01-15T17:17:41.000Z,null,amr_1,amr,warehouse_multi_robot_pick_pack_handover_035_exec_11,inprogress,69.6,25.14,11.99,0.0,null,null,null,null,null
warehouse_multi_robot_pick_pack_handover_035,navigate_to_handover,2026-01-15T17:18:08.000Z,null,amr_1,amr,warehouse_multi_robot_pick_pack_handover_035_exec_11,inprogress,68.7,18.57,8.5,0.0,null,null,null,null,null
warehouse_multi_robot_pick_pack_handover_035,navigate_to_handover,2026-01-15T17:18:35.000Z,complete,amr_1,amr,warehouse_multi_robot_pick_pack_handover_035_exec_11,done,67.7,12.0,5.0,0.0,null,null,null,null,null
warehouse_multi_robot_pick_pack_handover_035,handover_item,2026-01-15T17:18:36.000Z,start,arm_1,robotic_arm,warehouse_multi_robot_pick_pack_handover_035_exec_12,inprogress,90.8,12.0,5.0,0.0,null,null,null,null,null
warehouse_multi_robot_pick_pack_handover_035,handover_item,2026-01-15T17:18:49.000Z,null,arm_1,robotic_arm,warehouse_multi_robot_pick_pack_handover_035_exec_12,inprogress,90.6,12.0,5.0,0.0,null,null,null,null,null
warehouse_multi_robot_pick_pack_handover_035,handover_item,2026-01-15T17:19:03.000Z,complete,arm_1,robotic_arm,warehouse_multi_robot_pick_pack_handover_035_exec_12,done,90.4,12.0,5.0,0.0,null,null,null,null,null
warehouse_multi_robot_pick_pack_handover_035,handover_item,2026-01-15T17:19:04.000Z,start,amr_1,amr,warehouse_multi_robot_pick_pack_handover_035_exec_13,inprogress,67.7,12.0,5.0,0.0,null,null,null,null,null
warehouse_multi_robot_pick_pack_handover_035,handover_item,2026-01-15T17:19:13.000Z,null,amr_1,amr,warehouse_multi_robot_pick_pack_handover_035_exec_13,inprogress,67.6,12.0,5.0,0.0,null,null,null,null,null
warehouse_multi_robot_pick_pack_handover_035,handover_item,2026-01-15T17:19:23.000Z,complete,amr_1,amr,warehouse_multi_robot_pick_pack_handover_035_exec_13,done,67.5,12.0,5.0,0.0,null,null,null,null,null
warehouse_multi_robot_pick_pack_handover_035,pack_order,2026-01-15T17:19:24.000Z,start,arm_1,robotic_arm,warehouse_multi_robot_pick_pack_handover_035_exec_14,inprogress,90.4,12.0,5.0,0.0,null,null,null,null,null
warehouse_multi_robot_pick_pack_handover_035,pack_order,2026-01-15T17:20:25.000Z,null,arm_1,robotic_arm,warehouse_multi_robot_pick_pack_handover_035_exec_14,inprogress,90.0,12.0,5.0,0.0,null,null,null,null,null
warehouse_multi_robot_pick_pack_handover_035,pack_order,2026-01-15T17:21:27.000Z,complete,arm_1,robotic_arm,warehouse_multi_robot_pick_pack_handover_035_exec_14,done,89.6,12.0,5.0,0.0,null,null,null,null,null
warehouse_multi_robot_pick_pack_handover_035,dispatch,2026-01-15T17:21:28.000Z,start,amr_1,amr,warehouse_multi_robot_pick_pack_handover_035_exec_15,inprogress,67.5,12.0,5.0,0.0,null,null,null,null,null
warehouse_multi_robot_pick_pack_handover_035,dispatch,2026-01-15T17:22:20.000Z,null,amr_1,amr,warehouse_multi_robot_pick_pack_handover_035_exec_15,inprogress,66.7,9.33,4.0,0.0,null,null,null,null,null
warehouse_multi_robot_pick_pack_handover_035,dispatch,2026-01-15T17:23:12.000Z,null,amr_1,amr,warehouse_multi_robot_pick_pack_handover_035_exec_15,inprogress,66.0,6.67,3.0,0.0,null,null,null,null,null
warehouse_multi_robot_pick_pack_handover_035,dispatch,2026-01-15T17:24:04.000Z,complete,amr_1,amr,warehouse_multi_robot_pick_pack_handover_035_exec_15,done,65.2,4.0,2.0,0.0,null,null,null,null,null
warehouse_multi_robot_pick_pack_handover_036,receive_order,2026-01-15T17:30:00.000Z,start,amr_1,amr,warehouse_multi_robot_pick_pack_handover_036_exec_1,inprogress,88.7,0.0,0.0,0.0,null,null,null,null,null
warehouse_multi_robot_pick_pack_handover_036,receive_order,2026-01-15T17:30:12.000Z,complete,amr_1,amr,warehouse_multi_robot_pick_pack_handover_036_exec_1,done,88.5,0.0,0.0,0.0,null,null,null,null,null
warehouse_multi_robot_pick_pack_handover_036,send_task_assignment,2026-01-15T17:30:13.000Z,start,amr_1,amr,warehouse_multi_robot_pick_pack_handover_036_exec_2,inprogress,88.5,0.0,0.0,0.0,msg_2f0455f3f5,order_id assigned for picking,send,amr_1,arm_1
warehouse_multi_robot_pick_pack_handover_036,send_task_assignment,2026-01-15T17:30:17.000Z,complete,amr_1,amr,warehouse_multi_robot_pick_pack_handover_036_exec_2,done,88.3,0.0,0.0,0.0,msg_2f0455f3f5,order_id assigned for picking,send,amr_1,arm_1
warehouse_multi_robot_pick_pack_handover_036,receive_task_assignment,2026-01-15T17:30:21.000Z,start,arm_1,robotic_arm,warehouse_multi_robot_pick_pack_handover_036_exec_3,inprogress,99.9,12.0,5.0,0.0,msg_2f0455f3f5,order_id assigned for picking,receive,amr_1,arm_1
warehouse_multi_robot_pick_pack_handover_036,receive_task_assignment,2026-01-15T17:30:25.000Z,complete,arm_1,robotic_arm,warehouse_multi_robot_pick_pack_handover_036_exec_3,done,99.8,12.0,5.0,0.0,msg_2f0455f3f5,order_id assigned for picking,receive,amr_1,arm_1
warehouse_multi_robot_pick_pack_handover_036,navigate_to_shelf,2026-01-15T17:30:26.000Z,start,amr_1,amr,warehouse_multi_robot_pick_pack_handover_036_exec_4,inprogress,88.3,0.0,0.0,0.0,null,null,null,null,null
warehouse_multi_robot_pick_pack_handover_036,navigate_to_shelf,2026-01-15T17:31:29.000Z,null,amr_1,amr,warehouse_multi_robot_pick_pack_handover_036_exec_4,inprogress,87.1,8.08,7.14,0.0,null,null,null,null,null
warehouse_multi_robot_pick_pack_handover_036,navigate_to_shelf,2026-01-15T17:32:32.000Z,null,amr_1,amr,warehouse_multi_robot_pick_pack_handover_036_exec_4,inprogress,86.0,16.17,14.28,0.0,null,null,null,null,null
warehouse_multi_robot_pick_pack_handover_036,navigate_to_shelf,2026-01-15T17:33:35.000Z,complete,amr_1,amr,warehouse_multi_robot_pick_pack_handover_036_exec_4,done,84.9,24.25,21.42,0.0,null,null,null,null,null
warehouse_multi_robot_pick_pack_handover_036,scan_bin,2026-01-15T17:33:36.000Z,start,amr_1,amr,warehouse_multi_robot_pick_pack_handover_036_exec_5,inprogress,84.9,24.25,21.42,0.0,null,null,null,null,null
warehouse_multi_robot_pick_pack_handover_036,scan_bin,2026-01-15T17:34:26.000Z,complete,amr_1,amr,warehouse_multi_robot_pick_pack_handover_036_exec_5,done,84.7,24.25,21.42,0.0,null,null,null,null,null
warehouse_multi_robot_pick_pack_handover_036,send_shelf_confirmation,2026-01-15T17:34:27.000Z,start,amr_1,amr,warehouse_multi_robot_pick_pack_handover_036_exec_6,inprogress,84.7,24.25,21.42,0.0,msg_9ea2336ebb,bin verified for pick,send,amr_1,arm_1
warehouse_multi_robot_pick_pack_handover_036,send_shelf_confirmation,2026-01-15T17:34:33.000Z,complete,amr_1,amr,warehouse_multi_robot_pick_pack_handover_036_exec_6,done,84.5,24.25,21.42,0.0,msg_9ea2336ebb,bin verified for pick,send,amr_1,arm_1
warehouse_multi_robot_pick_pack_handover_036,receive_shelf_confirmation,2026-01-15T17:34:38.000Z,start,arm_1,robotic_arm,warehouse_multi_robot_pick_pack_handover_036_exec_7,inprogress,99.8,12.0,5.0,0.0,msg_9ea2336ebb,bin verified for pick,receive,amr_1,arm_1
warehouse_multi_robot_pick_pack_handover_036,receive_shelf_confirmation,2026-01-15T17:34:42.000Z,complete,arm_1,robotic_arm,warehouse_multi_robot_pick_pack_handover_036_exec_7,done,99.7,12.0,5.0,0.0,msg_9ea2336ebb,bin verified for pick,receive,amr_1,arm_1
warehouse_multi_robot_pick_pack_handover_036,pick_item,2026-01-15T17:34:43.000Z,start,arm_1,robotic_arm,warehouse_multi_robot_pick_pack_handover_036_exec_8,inprogress,99.7,12.0,5.0,0.0,null,null,null,null,null
warehouse_multi_robot_pick_pack_handover_036,pick_item,2026-01-15T17:35:08.000Z,null,arm_1,robotic_arm,warehouse_multi_robot_pick_pack_handover_036_exec_8,inprogress,99.4,12.0,5.0,0.0,null,null,null,null,null
warehouse_multi_robot_pick_pack_handover_036,pick_item,2026-01-15T17:35:33.000Z,null,arm_1,robotic_arm,warehouse_multi_robot_pick_pack_handover_036_exec_8,inprogress,99.1,12.0,5.0,0.0,null,null,null,null,null
warehouse_multi_robot_pick_pack_handover_036,pick_item,2026-01-15T17:36:00.000Z,complete,arm_1,robotic_arm,warehouse_multi_robot_pick_pack_handover_036_exec_8,done,98.8,12.0,5.0,0.0,null,null,null,null,null
warehouse_multi_robot_pick_pack_handover_036,send_handover_coordination,2026-01-15T17:36:01.000Z,start,arm_1,robotic_arm,warehouse_multi_robot_pick_pack_handover_036_exec_9,inprogress,98.8,12.0,5.0,0.0,msg_cee1411f8c,ready for handover at station,send,arm_1,amr_1
warehouse_multi_robot_pick_pack_handover_036,send_handover_coordination,2026-01-15T17:36:05.000Z,complete,arm_1,robotic_arm,warehouse_multi_robot_pick_pack_handover_036_exec_9,done,98.6,12.0,5.0,0.0,msg_cee1411f8c,ready for handover at station,send,arm_1,amr_1
warehouse_multi_robot_pick_pack_handover_036,receive_handover_coordination,2026-01-15T17:36:09.000Z,start,amr_1,amr,warehouse_multi_robot_pick_pack_handover_036_exec_10,inprogress,84.5,24.25,21.42,0.0,msg_cee1411f8c,ready for handover at station,receive,arm_1,amr_1
warehouse_multi_robot_pick_pack_handover_036,receive_handover_coordination,2026-01-15T17:36:13.000Z,complete,amr_1,amr,warehouse_multi_robot_pick_pack_handover_036_exec_10,done,84.4,24.25,21.42,0.0,msg_cee1411f8c,ready for handover at station,receive,arm_1,amr_1
warehouse_multi_robot_pick_pack_handover_036,navigate_to_handover,2026-01-15T17:36:14.000Z,start,amr_1,amr,warehouse_multi_robot_pick_pack_handover_036_exec_11,inprogress,84.4,24.25,21.42,0.0,null,null,null,null,null
warehouse_multi_robot_pick_pack_handover_036,navigate_to_handover,2026-01-15T17:36:43.000Z,null,amr_1,amr,warehouse_multi_robot_pick_pack_handover_036_exec_11,inprogress,83.8,21.19,17.31,0.0,null,null,null,null,null
warehouse_multi_robot_pick_pack_handover_036,navigate_to_handover,2026-01-15T17:37:12.000Z,null,amr_1,amr,warehouse_multi_robot_pick_pack_handover_036_exec_11,inprogress,83.2,18.12,13.21,0.0,null,null,null,null,null
warehouse_multi_robot_pick_pack_handover_036,navigate_to_handover,2026-01-15T17:37:41.000Z,null,amr_1,amr,warehouse_multi_robot_pick_pack_handover_036_exec_11,inprogress,82.7,15.06,9.1,0.0,null,null,null,null,null
warehouse_multi_robot_pick_pack_handover_036,navigate_to_handover,2026-01-15T17:38:11.000Z,complete,amr_1,amr,warehouse_multi_robot_pick_pack_handover_036_exec_11,done,82.1,12.0,5.0,0.0,null,null,null,null,null
warehouse_multi_robot_pick_pack_handover_036,handover_item,2026-01-15T17:38:12.000Z,start,arm_1,robotic_arm,warehouse_multi_robot_pick_pack_handover_036_exec_12,inprogress,98.6,12.0,5.0,0.0,null,null,null,null,null
warehouse_multi_robot_pick_pack_handover_036,handover_item,2026-01-15T17:38:56.000Z,complete,arm_1,robotic_arm,warehouse_multi_robot_pick_pack_handover_036_exec_12,done,98.0,12.0,5.0,0.0,null,null,null,null,null
warehouse_multi_robot_pick_pack_handover_036,handover_item,2026-01-15T17:38:57.000Z,start,amr_1,amr,warehouse_multi_robot_pick_pack_handover_036_exec_13,inprogress,82.1,12.0,5.0,0.0,null,null,null,null,null
warehouse_multi_robot_pick_pack_handover_036,handover_item,2026-01-15T17:39:46.000Z,complete,amr_1,amr,warehouse_multi_robot_pick_pack_handover_036_exec_13,done,81.9,12.0,5.0,0.0,null,null,null,null,null
warehouse_multi_robot_pick_pack_handover_036,pack_order,2026-01-15T17:39:47.000Z,start,arm_1,robotic_arm,warehouse_multi_robot_pick_pack_handover_036_exec_14,inprogress,98.0,12.0,5.0,0.0,null,null,null,null,null
warehouse_multi_robot_pick_pack_handover_036,pack_order,2026-01-15T17:40:26.000Z,null,arm_1,robotic_arm,warehouse_multi_robot_pick_pack_handover_036_exec_14,inprogress,97.6,12.0,5.0,0.0,null,null,null,null,null
warehouse_multi_robot_pick_pack_handover_036,pack_order,2026-01-15T17:41:05.000Z,null,arm_1,robotic_arm,warehouse_multi_robot_pick_pack_handover_036_exec_14,inprogress,97.3,12.0,5.0,0.0,null,null,null,null,null
warehouse_multi_robot_pick_pack_handover_036,pack_order,2026-01-15T17:41:46.000Z,complete,arm_1,robotic_arm,warehouse_multi_robot_pick_pack_handover_036_exec_14,done,96.9,12.0,5.0,0.0,null,null,null,null,null
warehouse_multi_robot_pick_pack_handover_036,dispatch,2026-01-15T17:41:47.000Z,start,amr_1,amr,warehouse_multi_robot_pick_pack_handover_036_exec_15,inprogress,81.9,12.0,5.0,0.0,null,null,null,null,null
warehouse_multi_robot_pick_pack_handover_036,dispatch,2026-01-15T17:42:33.000Z,null,amr_1,amr,warehouse_multi_robot_pick_pack_handover_036_exec_15,inprogress,81.0,8.0,3.5,0.0,null,null,null,null,null
warehouse_multi_robot_pick_pack_handover_036,dispatch,2026-01-15T17:43:19.000Z,complete,amr_1,amr,warehouse_multi_robot_pick_pack_handover_036_exec_15,done,80.2,4.0,2.0,0.0,null,null,null,null,null
warehouse_multi_robot_pick_pack_handover_037,receive_order,2026-01-15T17:48:00.000Z,start,amr_1,amr,warehouse_multi_robot_pick_pack_handover_037_exec_1,inprogress,85.9,0.0,0.0,0.0,null,null,null,null,null
warehouse_multi_robot_pick_pack_handover_037,receive_order,2026-01-15T17:48:24.000Z,complete,amr_1,amr,warehouse_multi_robot_pick_pack_handover_037_exec_1,done,85.6,0.0,0.0,0.0,null,null,null,null,null
warehouse_multi_robot_pick_pack_handover_037,send_task_assignment,2026-01-15T17:48:25.000Z,start,amr_1,amr,warehouse_multi_robot_pick_pack_handover_037_exec_2,inprogress,85.6,0.0,0.0,0.0,msg_3aff507c65,order_id assigned for picking,send,amr_1,arm_1
warehouse_multi_robot_pick_pack_handover_037,send_task_assignment,2026-01-15T17:48:31.000Z,complete,amr_1,amr,warehouse_multi_robot_pick_pack_handover_037_exec_2,done,85.4,0.0,0.0,0.0,msg_3aff507c65,order_id assigned for picking,send,amr_1,arm_1
warehouse_multi_robot_pick_pack_handover_037,queue_wait,2026-01-15T17:48:32.000Z,start,arm_1,robotic_arm,warehouse_multi_robot_pick_pack_handover_037_exec_3,inprogress,92.0,12.0,5.0,0.0,null,null,null,null,null
warehouse_multi_robot_pick_pack_handover_037,queue_wait,2026-01-15T17:48:55.000Z,null,arm_1,robotic_arm,warehouse_multi_robot_pick_pack_handover_037_exec_3,inprogress,91.9,12.0,5.0,0.0,null,null,null,null,null
warehouse_multi_robot_pick_pack_handover_037,queue_wait,2026-01-15T17:49:18.000Z,null,arm_1,robotic_arm,warehouse_multi_robot_pick_pack_handover_037_exec_3,inprogress,91.7,12.0,5.0,0.0,null,null,null,null,null
warehouse_multi_robot_pick_pack_handover_037,queue_wait,2026-01-15T17:49:42.000Z,complete,arm_1,robotic_arm,warehouse_multi_robot_pick_pack_handover_037_exec_3,done,91.6,12.0,5.0,0.0,null,null,null,null,null
warehouse_multi_robot_pick_pack_handover_037,send_task_assignment,2026-01-15T17:49:43.000Z,start,amr_1,amr,warehouse_multi_robot_pick_pack_handover_037_exec_4,inprogress,85.4,0.0,0.0,0.0,msg_0458c8fba4,task resent after missing ack,send,amr_1,arm_1
warehouse_multi_robot_pick_pack_handover_037,send_task_assignment,2026-01-15T17:49:49.000Z,complete,amr_1,amr,warehouse_multi_robot_pick_pack_handover_037_exec_4,done,85.2,0.0,0.0,0.0,msg_0458c8fba4,task resent after missing ack,send,amr_1,arm_1
warehouse_multi_robot_pick_pack_handover_037,receive_task_assignment,2026-01-15T17:49:53.000Z,start,arm_1,robotic_arm,warehouse_multi_robot_pick_pack_handover_037_exec_5,inprogress,91.6,12.0,5.0,0.0,msg_0458c8fba4,task resent after missing ack,receive,amr_1,arm_1
warehouse_multi_robot_pick_pack_handover_037,receive_task_assignment,2026-01-15T17:49:57.000Z,complete,arm_1,robotic_arm,warehouse_multi_robot_pick_pack_handover_037_exec_5,done,91.5,12.0,5.0,0.0,msg_0458c8fba4,task resent after missing ack,receive,amr_1,arm_1
warehouse_multi_robot_pick_pack_handover_037,navigate_to_shelf,2026-01-15T17:49:58.000Z,start,amr_1,amr,warehouse_multi_robot_pick_pack_handover_037_exec_6,inprogress,85.2,0.0,0.0,0.0,null,null,null,null,null
warehouse_multi_robot_pick_pack_handover_037,navigate_to_shelf,2026-01-15T17:50:23.000Z,null,amr_1,amr,warehouse_multi_robot_pick_pack_handover_037_exec_6,inprogress,84.2,7.47,4.63,0.0,null,null,null,null,null
warehouse_multi_robot_pick_pack_handover_037,navigate_to_shelf,2026-01-15T17:50:48.000Z,null,amr_1,amr,warehouse_multi_robot_pick_pack_handover_037_exec_6,inprogress,83.2,14.93,9.25,0.0,null,null,null,null,null
warehouse_multi_robot_pick_pack_handover_037,navigate_to_shelf,2026-01-15T17:51:13.000Z,null,amr_1,amr,warehouse_multi_robot_pick_pack_handover_037_exec_6,inprogress,82.3,22.4,13.88,0.0,null,null,null,null,null
warehouse_multi_robot_pick_pack_handover_037,navigate_to_shelf,2026-01-15T17:51:38.000Z,null,amr_1,amr,warehouse_multi_robot_pick_pack_handover_037_exec_6,inprogress,81.3,29.86,18.51,0.0,null,null,null,null,null
warehouse_multi_robot_pick_pack_handover_037,navigate_to_shelf,2026-01-15T17:52:05.000Z,complete,amr_1,amr,warehouse_multi_robot_pick_pack_handover_037_exec_6,done,80.3,37.33,23.14,0.0,null,null,null,null,null
warehouse_multi_robot_pick_pack_handover_037,scan_bin,2026-01-15T17:52:06.000Z,start,amr_1,amr,warehouse_multi_robot_pick_pack_handover_037_exec_7,inprogress,80.3,37.33,23.14,0.0,null,null,null,null,null
warehouse_multi_robot_pick_pack_handover_037,scan_bin,2026-01-15T17:52:33.000Z,complete,amr_1,amr,warehouse_multi_robot_pick_pack_handover_037_exec_7,done,79.9,37.33,23.14,0.0,null,null,null,null,null
warehouse_multi_robot_pick_pack_handover_037,send_shelf_confirmation,2026-01-15T17:52:34.000Z,start,amr_1,amr,warehouse_multi_robot_pick_pack_handover_037_exec_8,inprogress,79.9,37.33,23.14,0.0,msg_68eccdb8aa,bin verified for pick,send,amr_1,arm_1
warehouse_multi_robot_pick_pack_handover_037,send_shelf_confirmation,2026-01-15T17:52:41.000Z,complete,amr_1,amr,warehouse_multi_robot_pick_pack_handover_037_exec_8,done,79.7,37.33,23.14,0.0,msg_68eccdb8aa,bin verified for pick,send,amr_1,arm_1
warehouse_multi_robot_pick_pack_handover_037,receive_shelf_confirmation,2026-01-15T17:52:46.000Z,start,arm_1,robotic_arm,warehouse_multi_robot_pick_pack_handover_037_exec_9,inprogress,91.5,12.0,5.0,0.0,msg_68eccdb8aa,bin verified for pick,receive,amr_1,arm_1
warehouse_multi_robot_pick_pack_handover_037,receive_shelf_confirmation,2026-01-15T17:52:50.000Z,complete,arm_1,robotic_arm,warehouse_multi_robot_pick_pack_handover_037_exec_9,done,91.4,12.0,5.0,0.0,msg_68eccdb8aa,bin verified for pick,receive,amr_1,arm_1
warehouse_multi_robot_pick_pack_handover_037,pick_item,2026-01-15T17:52:51.000Z,start,arm_1,robotic_arm,warehouse_multi_robot_pick_pack_handover_037_exec_10,inprogress,91.4,12.0,5.0,0.0,null,null,null,null,null
warehouse_multi_robot_pick_pack_handover_037,pick_item,2026-01-15T17:53:29.000Z,null,arm_1,robotic_arm,warehouse_multi_robot_pick_pack_handover_037_exec_10,inprogress,91.2,12.0,5.0,0.0,null,null,null,null,null
warehouse_multi_robot_pick_pack_handover_037,pick_item,2026-01-15T17:54:08.000Z,complete,arm_1,robotic_arm,warehouse_multi_robot_pick_pack_handover_037_exec_10,done,90.9,12.0,5.0,0.0,null,null,null,null,null
warehouse_multi_robot_pick_pack_handover_037,send_handover_coordination,2026-01-15T17:54:09.000Z,start,arm_1,robotic_arm,warehouse_multi_robot_pick_pack_handover_037_exec_11,inprogress,90.9,12.0,5.0,0.0,msg_ad55dfc9ce,ready for handover at station,send,arm_1,amr_1
warehouse_multi_robot_pick_pack_handover_037,send_handover_coordination,2026-01-15T17:54:16.000Z,complete,arm_1,robotic_arm,warehouse_multi_robot_pick_pack_handover_037_exec_11,done,90.7,12.0,5.0,0.0,msg_ad55dfc9ce,ready for handover at station,send,arm_1,amr_1
warehouse_multi_robot_pick_pack_handover_037,receive_handover_coordination,2026-01-15T17:54:20.000Z,start,amr_1,amr,warehouse_multi_robot_pick_pack_handover_037_exec_12,inprogress,79.7,37.33,23.14,0.0,msg_ad55dfc9ce,ready for handover at station,receive,arm_1,amr_1
warehouse_multi_robot_pick_pack_handover_037,receive_handover_coordination,2026-01-15T17:54:24.000Z,complete,amr_1,amr,warehouse_multi_robot_pick_pack_handover_037_exec_12,done,79.6,37.33,23.14,0.0,msg_ad55dfc9ce,ready for handover at station,receive,arm_1,amr_1
warehouse_multi_robot_pick_pack_handover_037,navigate_to_handover,2026-01-15T17:54:25.000Z,start,amr_1,amr,warehouse_multi_robot_pick_pack_handover_037_exec_13,inprogress,79.6,37.33,23.14,0.0,null,null,null,null,null
warehouse_multi_robot_pick_pack_handover_037,navigate_to_handover,2026-01-15T17:55:01.000Z,null,amr_1,amr,warehouse_multi_robot_pick_pack_handover_037_exec_13,inprogress,79.0,31.0,18.6,0.0,null,null,null,null,null
warehouse_multi_robot_pick_pack_handover_037,navigate_to_handover,2026-01-15T17:55:37.000Z,null,amr_1,amr,warehouse_multi_robot_pick_pack_handover_037_exec_13,inprogress,78.3,24.67,14.07,0.0,null,null,null,null,null
warehouse_multi_robot_pick_pack_handover_037,navigate_to_handover,2026-01-15T17:56:13.000Z,null,amr_1,amr,warehouse_multi_robot_pick_pack_handover_037_exec_13,inprogress,77.6,18.33,9.53,0.0,null,null,null,null,null
warehouse_multi_robot_pick_pack_handover_037,navigate_to_handover,2026-01-15T17:56:51.000Z,complete,amr_1,amr,warehouse_multi_robot_pick_pack_handover_037_exec_13,done,77.0,12.0,5.0,0.0,null,null,null,null,null
warehouse_multi_robot_pick_pack_handover_037,handover_item,2026-01-15T17:56:52.000Z,start,arm_1,robotic_arm,warehouse_multi_robot_pick_pack_handover_037_exec_14,inprogress,90.7,12.0,5.0,0.0,null,null,null,null,null
warehouse_multi_robot_pick_pack_handover_037,handover_item,2026-01-15T17:57:52.000Z,complete,arm_1,robotic_arm,warehouse_multi_robot_pick_pack_handover_037_exec_14,done,90.4,12.0,5.0,0.0,null,null,null,null,null
warehouse_multi_robot_pick_pack_handover_037,handover_item,2026-01-15T17:57:53.000Z,start,amr_1,amr,warehouse_multi_robot_pick_pack_handover_037_exec_15,inprogress,77.0,12.0,5.0,0.0,null,null,null,null,null
warehouse_multi_robot_pick_pack_handover_037,handover_item,2026-01-15T17:58:47.000Z,complete,amr_1,amr,warehouse_multi_robot_pick_pack_handover_037_exec_15,done,76.6,12.0,5.0,0.0,null,null,null,null,null
warehouse_multi_robot_pick_pack_handover_037,pack_order,2026-01-15T17:58:48.000Z,start,arm_1,robotic_arm,warehouse_multi_robot_pick_pack_handover_037_exec_16,inprogress,90.4,12.0,5.0,0.0,null,null,null,null,null
warehouse_multi_robot_pick_pack_handover_037,pack_order,2026-01-15T17:59:11.000Z,null,arm_1,robotic_arm,warehouse_multi_robot_pick_pack_handover_037_exec_16,inprogress,90.1,12.0,5.0,0.0,null,null,null,null,null
warehouse_multi_robot_pick_pack_handover_037,pack_order,2026-01-15T17:59:34.000Z,null,arm_1,robotic_arm,warehouse_multi_robot_pick_pack_handover_037_exec_16,inprogress,89.9,12.0,5.0,0.0,null,null,null,null,null
warehouse_multi_robot_pick_pack_handover_037,pack_order,2026-01-15T17:59:57.000Z,null,arm_1,robotic_arm,warehouse_multi_robot_pick_pack_handover_037_exec_16,inprogress,89.7,12.0,5.0,0.0,null,null,null,null,null
warehouse_multi_robot_pick_pack_handover_037,pack_order,2026-01-15T18:00:22.000Z,complete,arm_1,robotic_arm,warehouse_multi_robot_pick_pack_handover_037_exec_16,done,89.4,12.0,5.0,0.0,null,null,null,null,null
warehouse_multi_robot_pick_pack_handover_037,dispatch,2026-01-15T18:00:23.000Z,start,amr_1,amr,warehouse_multi_robot_pick_pack_handover_037_exec_17,inprogress,76.6,12.0,5.0,0.0,null,null,null,null,null
warehouse_multi_robot_pick_pack_handover_037,dispatch,2026-01-15T18:01:42.000Z,null,amr_1,amr,warehouse_multi_robot_pick_pack_handover_037_exec_17,inprogress,75.8,8.0,3.5,0.0,null,null,null,null,null
warehouse_multi_robot_pick_pack_handover_037,dispatch,2026-01-15T18:03:02.000Z,complete,amr_1,amr,warehouse_multi_robot_pick_pack_handover_037_exec_17,done,75.0,4.0,2.0,0.0,null,null,null,null,null
warehouse_multi_robot_pick_pack_handover_038,receive_order,2026-01-15T18:06:00.000Z,start,amr_1,amr,warehouse_multi_robot_pick_pack_handover_038_exec_1,inprogress,74.2,0.0,0.0,0.0,null,null,null,null,null
warehouse_multi_robot_pick_pack_handover_038,receive_order,2026-01-15T18:06:18.000Z,complete,amr_1,amr,warehouse_multi_robot_pick_pack_handover_038_exec_1,done,73.8,0.0,0.0,0.0,null,null,null,null,null
warehouse_multi_robot_pick_pack_handover_038,send_task_assignment,2026-01-15T18:06:19.000Z,start,amr_1,amr,warehouse_multi_robot_pick_pack_handover_038_exec_2,inprogress,73.8,0.0,0.0,0.0,msg_b967a4ba61,order_id assigned for picking,send,amr_1,arm_1
warehouse_multi_robot_pick_pack_handover_038,send_task_assignment,2026-01-15T18:06:24.000Z,complete,amr_1,amr,warehouse_multi_robot_pick_pack_handover_038_exec_2,done,73.6,0.0,0.0,0.0,msg_b967a4ba61,order_id assigned for picking,send,amr_1,arm_1
warehouse_multi_robot_pick_pack_handover_038,receive_task_assignment,2026-01-15T18:06:28.000Z,start,arm_1,robotic_arm,warehouse_multi_robot_pick_pack_handover_038_exec_3,inprogress,94.5,12.0,5.0,0.0,msg_b967a4ba61,order_id assigned for picking,receive,amr_1,arm_1
warehouse_multi_robot_pick_pack_handover_038,receive_task_assignment,2026-01-15T18:06:32.000Z,complete,arm_1,robotic_arm,warehouse_multi_robot_pick_pack_handover_038_exec_3,done,94.4,12.0,5.0,0.0,msg_b967a4ba61,order_id assigned for picking,receive,amr_1,arm_1
warehouse_multi_robot_pick_pack_handover_038,navigate_to_shelf,2026-01-15T18:06:33.000Z,start,amr_1,amr,warehouse_multi_robot_pick_pack_handover_038_exec_4,inprogress,73.6,0.0,0.0,0.0,null,null,null,null,null
warehouse_multi_robot_pick_pack_handover_038,navigate_to_shelf,2026-01-15T18:07:04.000Z,null,amr_1,amr,warehouse_multi_robot_pick_pack_handover_038_exec_4,inprogress,72.6,5.49,4.69,0.0,null,null,null,null,null
warehouse_multi_robot_pick_pack_handover_038,navigate_to_shelf,2026-01-15T18:07:35.000Z,null,amr_1,amr,warehouse_multi_robot_pick_pack_handover_038_exec_4,inprogress,71.7,10.98,9.38,0.0,null,null,null,null,null
warehouse_multi_robot_pick_pack_handover_038,navigate_to_shelf,2026-01-15T18:08:06.000Z,null,amr_1,amr,warehouse_multi_robot_pick_pack_handover_038_exec_4,inprogress,70.7,16.48,14.07,0.0,null,null,null,null,null
warehouse_multi_robot_pick_pack_handover_038,navigate_to_shelf,2026-01-15T18:08:37.000Z,null,amr_1,amr,warehouse_multi_robot_pick_pack_handover_038_exec_4,inprogress,69.8,21.97,18.76,0.0,null,null,null,null,null
warehouse_multi_robot_pick_pack_handover_038,navigate_to_shelf,2026-01-15T18:09:10.000Z,complete,amr_1,amr,warehouse_multi_robot_pick_pack_handover_038_exec_4,done,68.8,27.46,23.45,0.0,null,null,null,null,null
warehouse_multi_robot_pick_pack_handover_038,scan_bin,2026-01-15T18:09:11.000Z,start,amr_1,amr,warehouse_multi_robot_pick_pack_handover_038_exec_5,inprogress,68.8,27.46,23.45,0.0,null,null,null,null,null
warehouse_multi_robot_pick_pack_handover_038,scan_bin,2026-01-15T18:10:00.000Z,complete,amr_1,amr,warehouse_multi_robot_pick_pack_handover_038_exec_5,done,68.4,27.46,23.45,0.0,null,null,null,null,null
warehouse_multi_robot_pick_pack_handover_038,send_shelf_confirmation,2026-01-15T18:10:01.000Z,start,amr_1,amr,warehouse_multi_robot_pick_pack_handover_038_exec_6,inprogress,68.4,27.46,23.45,0.0,msg_b698ac549a,bin verified for pick,send,amr_1,arm_1
warehouse_multi_robot_pick_pack_handover_038,send_shelf_confirmation,2026-01-15T18:10:09.000Z,complete,amr_1,amr,warehouse_multi_robot_pick_pack_handover_038_exec_6,done,68.2,27.46,23.45,0.0,msg_b698ac549a,bin verified for pick,send,amr_1,arm_1
warehouse_multi_robot_pick_pack_handover_038,receive_shelf_confirmation,2026-01-15T18:10:14.000Z,start,arm_1,robotic_arm,warehouse_multi_robot_pick_pack_handover_038_exec_7,inprogress,94.4,12.0,5.0,0.0,msg_b698ac549a,bin verified for pick,receive,amr_1,arm_1
warehouse_multi_robot_pick_pack_handover_038,receive_shelf_confirmation,2026-01-15T18:10:18.000Z,complete,arm_1,robotic_arm,warehouse_multi_robot_pick_pack_handover_038_exec_7,done,94.3,12.0,5.0,0.0,msg_b698ac549a,bin verified for pick,receive,amr_1,arm_1
warehouse_multi_robot_pick_pack_handover_038,pick_item,2026-01-15T18:10:19.000Z,start,arm_1,robotic_arm,warehouse_multi_robot_pick_pack_handover_038_exec_8,inprogress,94.3,12.0,5.0,0.0,null,null,null,null,null
warehouse_multi_robot_pick_pack_handover_038,pick_item,2026-01-15T18:10:53.000Z,null,arm_1,robotic_arm,warehouse_multi_robot_pick_pack_handover_038_exec_8,inprogress,94.0,12.0,5.0,0.0,null,null,null,null,null
warehouse_multi_robot_pick_pack_handover_038,pick_item,2026-01-15T18:11:28.000Z,complete,arm_1,robotic_arm,warehouse_multi_robot_pick_pack_handover_038_exec_8,done,93.8,12.0,5.0,0.0,null,null,null,null,null
warehouse_multi_robot_pick_pack_handover_038,send_handover_coordination,2026-01-15T18:11:29.000Z,start,arm_1,robotic_arm,warehouse_multi_robot_pick_pack_handover_038_exec_9,inprogress,93.8,12.0,5.0,0.0,msg_3b001447b8,ready for handover at station,send,arm_1,amr_1
warehouse_multi_robot_pick_pack_handover_038,send_handover_coordination,2026-01-15T18:11:34.000Z,complete,arm_1,robotic_arm,warehouse_multi_robot_pick_pack_handover_038_exec_9,done,93.6,12.0,5.0,0.0,msg_3b001447b8,ready for handover at station,send,arm_1,amr_1
warehouse_multi_robot_pick_pack_handover_038,receive_handover_coordination,2026-01-15T18:11:38.000Z,start,amr_1,amr,warehouse_multi_robot_pick_pack_handover_038_exec_10,inprogress,68.2,27.46,23.45,0.0,msg_3b001447b8,ready for handover at station,receive,arm_1,amr_1
warehouse_multi_robot_pick_pack_handover_038,receive_handover_coordination,2026-01-15T18:11:42.000Z,complete,amr_1,amr,warehouse_multi_robot_pick_pack_handover_038_exec_10,done,68.1,27.46,23.45,0.0,msg_3b001447b8,ready for handover at station,receive,arm_1,amr_1
warehouse_multi_robot_pick_pack_handover_038,navigate_to_handover,2026-01-15T18:11:43.000Z,start,amr_1,amr,warehouse_multi_robot_pick_pack_handover_038_exec_11,inprogress,68.1,27.46,23.45,0.0,null,null,null,null,null
warehouse_multi_robot_pick_pack_handover_038,navigate_to_handover,2026-01-15T18:13:09.000Z,null,amr_1,amr,warehouse_multi_robot_pick_pack_handover_038_exec_11,inprogress,66.6,19.73,14.23,0.0,null,null,null,null,null
warehouse_multi_robot_pick_pack_handover_038,navigate_to_handover,2026-01-15T18:14:36.000Z,complete,amr_1,amr,warehouse_multi_robot_pick_pack_handover_038_exec_11,done,65.1,12.0,5.0,0.0,null,null,null,null,null
warehouse_multi_robot_pick_pack_handover_038,handover_item,2026-01-15T18:14:37.000Z,start,arm_1,robotic_arm,warehouse_multi_robot_pick_pack_handover_038_exec_12,inprogress,93.6,12.0,5.0,0.0,null,null,null,null,null
warehouse_multi_robot_pick_pack_handover_038,handover_item,2026-01-15T18:15:00.000Z,null,arm_1,robotic_arm,warehouse_multi_robot_pick_pack_handover_038_exec_12,inprogress,93.4,12.0,5.0,0.0,null,null,null,null,null
warehouse_multi_robot_pick_pack_handover_038,handover_item,2026-01-15T18:15:23.000Z,complete,arm_1,robotic_arm,warehouse_multi_robot_pick_pack_handover_038_exec_12,done,93.3,12.0,5.0,0.0,null,null,null,null,null
warehouse_multi_robot_pick_pack_handover_038,handover_item,2026-01-15T18:15:24.000Z,start,amr_1,amr,warehouse_multi_robot_pick_pack_handover_038_exec_13,inprogress,65.1,12.0,5.0,0.0,null,null,null,null,null
warehouse_multi_robot_pick_pack_handover_038,handover_item,2026-01-15T18:15:59.000Z,complete,amr_1,amr,warehouse_multi_robot_pick_pack_handover_038_exec_13,done,64.7,12.0,5.0,0.0,null,null,null,null,null
warehouse_multi_robot_pick_pack_handover_038,pack_order,2026-01-15T18:16:00.000Z,start,arm_1,robotic_arm,warehouse_multi_robot_pick_pack_handover_038_exec_14,inprogress,93.3,12.0,5.0,0.0,null,null,null,null,null
warehouse_multi_robot_pick_pack_handover_038,pack_order,2026-01-15T18:16:34.000Z,null,arm_1,robotic_arm,warehouse_multi_robot_pick_pack_handover_038_exec_14,inprogress,92.9,12.0,5.0,0.0,null,null,null,null,null
warehouse_multi_robot_pick_pack_handover_038,pack_order,2026-01-15T18:17:08.000Z,complete,arm_1,robotic_arm,warehouse_multi_robot_pick_pack_handover_038_exec_14,done,92.5,12.0,5.0,0.0,null,null,null,null,null
warehouse_multi_robot_pick_pack_handover_038,dispatch,2026-01-15T18:17:09.000Z,start,amr_1,amr,warehouse_multi_robot_pick_pack_handover_038_exec_15,inprogress,64.7,12.0,5.0,0.0,null,null,null,null,null
warehouse_multi_robot_pick_pack_handover_038,dispatch,2026-01-15T18:17:51.000Z,null,amr_1,amr,warehouse_multi_robot_pick_pack_handover_038_exec_15,inprogress,64.3,10.0,4.25,0.0,null,null,null,null,null
warehouse_multi_robot_pick_pack_handover_038,dispatch,2026-01-15T18:18:33.000Z,null,amr_1,amr,warehouse_multi_robot_pick_pack_handover_038_exec_15,inprogress,63.8,8.0,3.5,0.0,null,null,null,null,null
warehouse_multi_robot_pick_pack_handover_038,dispatch,2026-01-15T18:19:15.000Z,null,amr_1,amr,warehouse_multi_robot_pick_pack_handover_038_exec_15,inprogress,63.4,6.0,2.75,0.0,null,null,null,null,null
warehouse_multi_robot_pick_pack_handover_038,dispatch,2026-01-15T18:19:57.000Z,complete,amr_1,amr,warehouse_multi_robot_pick_pack_handover_038_exec_15,done,62.9,4.0,2.0,0.0,null,null,null,null,null
warehouse_multi_robot_pick_pack_handover_039,receive_order,2026-01-15T18:24:00.000Z,start,amr_1,amr,warehouse_multi_robot_pick_pack_handover_039_exec_1,inprogress,87.0,0.0,0.0,0.0,null,null,null,null,null
warehouse_multi_robot_pick_pack_handover_039,receive_order,2026-01-15T18:24:19.000Z,complete,amr_1,amr,warehouse_multi_robot_pick_pack_handover_039_exec_1,done,86.8,0.0,0.0,0.0,null,null,null,null,null
warehouse_multi_robot_pick_pack_handover_039,send_task_assignment,2026-01-15T18:24:20.000Z,start,amr_1,amr,warehouse_multi_robot_pick_pack_handover_039_exec_2,inprogress,86.8,0.0,0.0,0.0,msg_0cc5b8a7b0,order_id assigned for picking,send,amr_1,arm_1
warehouse_multi_robot_pick_pack_handover_039,send_task_assignment,2026-01-15T18:24:25.000Z,complete,amr_1,amr,warehouse_multi_robot_pick_pack_handover_039_exec_2,done,86.6,0.0,0.0,0.0,msg_0cc5b8a7b0,order_id assigned for picking,send,amr_1,arm_1
warehouse_multi_robot_pick_pack_handover_039,queue_wait,2026-01-15T18:24:26.000Z,start,arm_1,robotic_arm,warehouse_multi_robot_pick_pack_handover_039_exec_3,inprogress,90.8,12.0,5.0,0.0,null,null,null,null,null
warehouse_multi_robot_pick_pack_handover_039,queue_wait,2026-01-15T18:25:00.000Z,null,arm_1,robotic_arm,warehouse_multi_robot_pick_pack_handover_039_exec_3,inprogress,90.6,12.0,5.0,0.0,null,null,null,null,null
warehouse_multi_robot_pick_pack_handover_039,queue_wait,2026-01-15T18:25:34.000Z,null,arm_1,robotic_arm,warehouse_multi_robot_pick_pack_handover_039_exec_3,inprogress,90.5,12.0,5.0,0.0,null,null,null,null,null
warehouse_multi_robot_pick_pack_handover_039,queue_wait,2026-01-15T18:26:10.000Z,complete,arm_1,robotic_arm,warehouse_multi_robot_pick_pack_handover_039_exec_3,done,90.4,12.0,5.0,0.0,null,null,null,null,null
warehouse_multi_robot_pick_pack_handover_039,send_task_assignment,2026-01-15T18:26:11.000Z,start,amr_1,amr,warehouse_multi_robot_pick_pack_handover_039_exec_4,inprogress,86.6,0.0,0.0,0.0,msg_5fc7e270b5,task resent after missing ack,send,amr_1,arm_1
warehouse_multi_robot_pick_pack_handover_039,send_task_assignment,2026-01-15T18:26:17.000Z,complete,amr_1,amr,warehouse_multi_robot_pick_pack_handover_039_exec_4,done,86.4,0.0,0.0,0.0,msg_5fc7e270b5,task resent after missing ack,send,amr_1,arm_1
warehouse_multi_robot_pick_pack_handover_039,receive_task_assignment,2026-01-15T18:26:21.000Z,start,arm_1,robotic_arm,warehouse_multi_robot_pick_pack_handover_039_exec_5,inprogress,90.4,12.0,5.0,0.0,msg_5fc7e270b5,task resent after missing ack,receive,amr_1,arm_1
warehouse_multi_robot_pick_pack_handover_039,receive_task_assignment,2026-01-15T18:26:25.000Z,complete,arm_1,robotic_arm,warehouse_multi_robot_pick_pack_handover_039_exec_5,done,90.3,12.0,5.0,0.0,msg_5fc7e270b5,task resent after missing ack,receive,amr_1,arm_1
warehouse_multi_robot_pick_pack_handover_039,navigate_to_shelf,2026-01-15T18:26:26.000Z,start,amr_1,amr,warehouse_multi_robot_pick_pack_handover_039_exec_6,inprogress,86.4,0.0,0.0,0.0,null,null,null,null,null
warehouse_multi_robot_pick_pack_handover_039,navigate_to_shelf,2026-01-15T18:27:46.000Z,null,amr_1,amr,warehouse_multi_robot_pick_pack_handover_039_exec_6,inprogress,85.6,7.35,4.86,0.0,null,null,null,null,null
warehouse_multi_robot_pick_pack_handover_039,navigate_to_shelf,2026-01-15T18:29:06.000Z,null,amr_1,amr,warehouse_multi_robot_pick_pack_handover_039_exec_6,inprogress,84.8,14.7,9.72,0.0,null,null,null,null,null
warehouse_multi_robot_pick_pack_handover_039,navigate_to_shelf,2026-01-15T18:30:27.000Z,complete,amr_1,amr,warehouse_multi_robot_pick_pack_handover_039_exec_6,done,84.0,22.05,14.59,0.0,null,null,null,null,null
warehouse_multi_robot_pick_pack_handover_039,scan_bin,2026-01-15T18:30:28.000Z,start,amr_1,amr,warehouse_multi_robot_pick_pack_handover_039_exec_7,inprogress,84.0,22.05,14.59,0.0,null,null,null,null,null
warehouse_multi_robot_pick_pack_handover_039,scan_bin,2026-01-15T18:30:55.000Z,complete,amr_1,amr,warehouse_multi_robot_pick_pack_handover_039_exec_7,done,83.5,22.05,14.59,0.0,null,null,null,null,null
warehouse_multi_robot_pick_pack_handover_039,send_shelf_confirmation,2026-01-15T18:30:56.000Z,start,amr_1,amr,warehouse_multi_robot_pick_pack_handover_039_exec_8,inprogress,83.5,22.05,14.59,0.0,msg_6cd64e8719,bin verified for pick,send,amr_1,arm_1
warehouse_multi_robot_pick_pack_handover_039,send_shelf_confirmation,2026-01-15T18:31:00.000Z,complete,amr_1,amr,warehouse_multi_robot_pick_pack_handover_039_exec_8,done,83.3,22.05,14.59,0.0,msg_6cd64e8719,bin verified for pick,send,amr_1,arm_1
warehouse_multi_robot_pick_pack_handover_039,receive_shelf_confirmation,2026-01-15T18:32:02.000Z,start,arm_1,robotic_arm,warehouse_multi_robot_pick_pack_handover_039_exec_9,inprogress,90.3,12.0,5.0,0.0,msg_6cd64e8719,bin verified for pick,receive,amr_1,arm_1
warehouse_multi_robot_pick_pack_handover_039,receive_shelf_confirmation,2026-01-15T18:32:06.000Z,complete,arm_1,robotic_arm,warehouse_multi_robot_pick_pack_handover_039_exec_9,done,90.2,12.0,5.0,0.0,msg_6cd64e8719,bin verified for pick,receive,amr_1,arm_1
warehouse_multi_robot_pick_pack_handover_039,queue_wait,2026-01-15T18:32:07.000Z,start,arm_1,robotic_arm,warehouse_multi_robot_pick_pack_handover_039_exec_10,inprogress,90.2,12.0,5.0,0.0,null,null,null,null,null
warehouse_multi_robot_pick_pack_handover_039,queue_wait,2026-01-15T18:32:58.000Z,null,arm_1,robotic_arm,warehouse_multi_robot_pick_pack_handover_039_exec_10,inprogress,90.0,12.0,5.0,0.0,null,null,null,null,null
warehouse_multi_robot_pick_pack_handover_039,queue_wait,2026-01-15T18:33:49.000Z,complete,arm_1,robotic_arm,warehouse_multi_robot_pick_pack_handover_039_exec_10,done,89.9,12.0,5.0,0.0,null,null,null,null,null
warehouse_multi_robot_pick_pack_handover_039,pick_item,2026-01-15T18:33:50.000Z,start,arm_1,robotic_arm,warehouse_multi_robot_pick_pack_handover_039_exec_11,inprogress,89.9,12.0,5.0,0.0,null,null,null,null,null
warehouse_multi_robot_pick_pack_handover_039,pick_item,2026-01-15T18:34:13.000Z,null,arm_1,robotic_arm,warehouse_multi_robot_pick_pack_handover_039_exec_11,inprogress,89.6,12.0,5.0,0.0,null,null,null,null,null
warehouse_multi_robot_pick_pack_handover_039,pick_item,2026-01-15T18:34:37.000Z,complete,arm_1,robotic_arm,warehouse_multi_robot_pick_pack_handover_039_exec_11,done,89.4,12.0,5.0,0.0,null,null,null,null,null
warehouse_multi_robot_pick_pack_handover_039,send_handover_coordination,2026-01-15T18:34:38.000Z,start,arm_1,robotic_arm,warehouse_multi_robot_pick_pack_handover_039_exec_12,inprogress,89.4,12.0,5.0,0.0,msg_678741f2a4,ready for handover at station,send,arm_1,amr_1
warehouse_multi_robot_pick_pack_handover_039,send_handover_coordination,2026-01-15T18:34:45.000Z,complete,arm_1,robotic_arm,warehouse_multi_robot_pick_pack_handover_039_exec_12,done,89.2,12.0,5.0,0.0,msg_678741f2a4,ready for handover at station,send,arm_1,amr_1
warehouse_multi_robot_pick_pack_handover_039,receive_handover_coordination,2026-01-15T18:34:49.000Z,start,amr_1,amr,warehouse_multi_robot_pick_pack_handover_039_exec_13,inprogress,83.3,22.05,14.59,0.0,msg_678741f2a4,ready for handover at station,receive,arm_1,amr_1
warehouse_multi_robot_pick_pack_handover_039,receive_handover_coordination,2026-01-15T18:34:53.000Z,complete,amr_1,amr,warehouse_multi_robot_pick_pack_handover_039_exec_13,done,83.2,22.05,14.59,0.0,msg_678741f2a4,ready for handover at station,receive,arm_1,amr_1
warehouse_multi_robot_pick_pack_handover_039,navigate_to_handover,2026-01-15T18:34:54.000Z,start,amr_1,amr,warehouse_multi_robot_pick_pack_handover_039_exec_14,inprogress,83.2,22.05,14.59,0.0,null,null,null,null,null
warehouse_multi_robot_pick_pack_handover_039,navigate_to_handover,2026-01-15T18:35:46.000Z,null,amr_1,amr,warehouse_multi_robot_pick_pack_handover_039_exec_14,inprogress,82.3,18.7,11.39,0.0,null,null,null,null,null
warehouse_multi_robot_pick_pack_handover_039,navigate_to_handover,2026-01-15T18:36:38.000Z,null,amr_1,amr,warehouse_multi_robot_pick_pack_handover_039_exec_14,inprogress,81.4,15.35,8.2,0.0,null,null,null,null,null
warehouse_multi_robot_pick_pack_handover_039,navigate_to_handover,2026-01-15T18:37:32.000Z,complete,amr_1,amr,warehouse_multi_robot_pick_pack_handover_039_exec_14,done,80.4,12.0,5.0,0.0,null,null,null,null,null
warehouse_multi_robot_pick_pack_handover_039,handover_item,2026-01-15T18:37:33.000Z,start,arm_1,robotic_arm,warehouse_multi_robot_pick_pack_handover_039_exec_15,inprogress,89.2,12.0,5.0,0.0,null,null,null,null,null
warehouse_multi_robot_pick_pack_handover_039,handover_item,2026-01-15T18:38:22.000Z,complete,arm_1,robotic_arm,warehouse_multi_robot_pick_pack_handover_039_exec_15,done,88.9,12.0,5.0,0.0,null,null,null,null,null
warehouse_multi_robot_pick_pack_handover_039,handover_item,2026-01-15T18:38:23.000Z,start,amr_1,amr,warehouse_multi_robot_pick_pack_handover_039_exec_16,inprogress,80.4,12.0,5.0,0.0,null,null,null,null,null
warehouse_multi_robot_pick_pack_handover_039,handover_item,2026-01-15T18:38:33.000Z,null,amr_1,amr,warehouse_multi_robot_pick_pack_handover_039_exec_16,inprogress,80.2,12.0,5.0,0.0,null,null,null,null,null
warehouse_multi_robot_pick_pack_handover_039,handover_item,2026-01-15T18:38:43.000Z,complete,amr_1,amr,warehouse_multi_robot_pick_pack_handover_039_exec_16,done,80.0,12.0,5.0,0.0,null,null,null,null,null
warehouse_multi_robot_pick_pack_handover_039,pack_order,2026-01-15T18:38:44.000Z,start,arm_1,robotic_arm,warehouse_multi_robot_pick_pack_handover_039_exec_17,inprogress,88.9,12.0,5.0,0.0,null,null,null,null,null
warehouse_multi_robot_pick_pack_handover_039,pack_order,2026-01-15T18:39:10.000Z,null,arm_1,robotic_arm,warehouse_multi_robot_pick_pack_handover_039_exec_17,inprogress,88.5,12.0,5.0,0.0,null,null,null,null,null
warehouse_multi_robot_pick_pack_handover_039,pack_order,2026-01-15T18:39:36.000Z,null,arm_1,robotic_arm,warehouse_multi_robot_pick_pack_handover_039_exec_17,inprogress,88.1,12.0,5.0,0.0,null,null,null,null,null
warehouse_multi_robot_pick_pack_handover_039,pack_order,2026-01-15T18:40:02.000Z,null,arm_1,robotic_arm,warehouse_multi_robot_pick_pack_handover_039_exec_17,inprogress,87.7,12.0,5.0,0.0,null,null,null,null,null
warehouse_multi_robot_pick_pack_handover_039,pack_order,2026-01-15T18:40:29.000Z,complete,arm_1,robotic_arm,warehouse_multi_robot_pick_pack_handover_039_exec_17,done,87.3,12.0,5.0,0.0,null,null,null,null,null
warehouse_multi_robot_pick_pack_handover_039,dispatch,2026-01-15T18:40:30.000Z,start,amr_1,amr,warehouse_multi_robot_pick_pack_handover_039_exec_18,inprogress,80.0,12.0,5.0,0.0,null,null,null,null,null
warehouse_multi_robot_pick_pack_handover_039,dispatch,2026-01-15T18:41:10.000Z,null,amr_1,amr,warehouse_multi_robot_pick_pack_handover_039_exec_18,inprogress,79.4,10.0,4.25,0.0,null,null,null,null,null
warehouse_multi_robot_pick_pack_handover_039,dispatch,2026-01-15T18:41:50.000Z,null,amr_1,amr,warehouse_multi_robot_pick_pack_handover_039_exec_18,inprogress,78.9,8.0,3.5,0.0,null,null,null,null,null
warehouse_multi_robot_pick_pack_handover_039,dispatch,2026-01-15T18:42:30.000Z,null,amr_1,amr,warehouse_multi_robot_pick_pack_handover_039_exec_18,inprogress,78.3,6.0,2.75,0.0,null,null,null,null,null
warehouse_multi_robot_pick_pack_handover_039,dispatch,2026-01-15T18:43:13.000Z,complete,amr_1,amr,warehouse_multi_robot_pick_pack_handover_039_exec_18,done,77.8,4.0,2.0,0.0,null,null,null,null,null
warehouse_multi_robot_pick_pack_handover_040,receive_order,2026-01-15T18:42:00.000Z,start,amr_1,amr,warehouse_multi_robot_pick_pack_handover_040_exec_1,inprogress,89.2,0.0,0.0,0.0,null,null,null,null,null
warehouse_multi_robot_pick_pack_handover_040,receive_order,2026-01-15T18:42:13.000Z,complete,amr_1,amr,warehouse_multi_robot_pick_pack_handover_040_exec_1,done,89.0,0.0,0.0,0.0,null,null,null,null,null
warehouse_multi_robot_pick_pack_handover_040,send_task_assignment,2026-01-15T18:42:14.000Z,start,amr_1,amr,warehouse_multi_robot_pick_pack_handover_040_exec_2,inprogress,89.0,0.0,0.0,0.0,msg_5e84471c8e,order_id assigned for picking,send,amr_1,arm_1
warehouse_multi_robot_pick_pack_handover_040,send_task_assignment,2026-01-15T18:42:19.000Z,complete,amr_1,amr,warehouse_multi_robot_pick_pack_handover_040_exec_2,done,88.8,0.0,0.0,0.0,msg_5e84471c8e,order_id assigned for picking,send,amr_1,arm_1
warehouse_multi_robot_pick_pack_handover_040,receive_task_assignment,2026-01-15T18:42:23.000Z,start,arm_1,robotic_arm,warehouse_multi_robot_pick_pack_handover_040_exec_3,inprogress,96.4,12.0,5.0,0.0,msg_5e84471c8e,order_id assigned for picking,receive,amr_1,arm_1
warehouse_multi_robot_pick_pack_handover_040,receive_task_assignment,2026-01-15T18:42:27.000Z,complete,arm_1,robotic_arm,warehouse_multi_robot_pick_pack_handover_040_exec_3,done,96.3,12.0,5.0,0.0,msg_5e84471c8e,order_id assigned for picking,receive,amr_1,arm_1
warehouse_multi_robot_pick_pack_handover_040,navigate_to_shelf,2026-01-15T18:42:28.000Z,start,amr_1,amr,warehouse_multi_robot_pick_pack_handover_040_exec_4,inprogress,88.8,0.0,0.0,0.0,null,null,null,null,null
warehouse_multi_robot_pick_pack_handover_040,navigate_to_shelf,2026-01-15T18:42:54.000Z,null,amr_1,amr,warehouse_multi_robot_pick_pack_handover_040_exec_4,inprogress,88.2,5.88,2.95,0.0,null,null,null,null,null
warehouse_multi_robot_pick_pack_handover_040,navigate_to_shelf,2026-01-15T18:43:20.000Z,null,amr_1,amr,warehouse_multi_robot_pick_pack_handover_040_exec_4,inprogress,87.5,11.76,5.89,0.0,null,null,null,null,null
warehouse_multi_robot_pick_pack_handover_040,navigate_to_shelf,2026-01-15T18:43:46.000Z,null,amr_1,amr,warehouse_multi_robot_pick_pack_handover_040_exec_4,inprogress,86.9,17.65,8.84,0.0,null,null,null,null,null
warehouse_multi_robot_pick_pack_handover_040,navigate_to_shelf,2026-01-15T18:44:12.000Z,null,amr_1,amr,warehouse_multi_robot_pick_pack_handover_040_exec_4,inprogress,86.3,23.53,11.78,0.0,null,null,null,null,null
warehouse_multi_robot_pick_pack_handover_040,navigate_to_shelf,2026-01-15T18:44:38.000Z,complete,amr_1,amr,warehouse_multi_robot_pick_pack_handover_040_exec_4,done,85.6,29.41,14.73,0.0,null,null,null,null,null
warehouse_multi_robot_pick_pack_handover_040,scan_bin,2026-01-15T18:44:39.000Z,start,amr_1,amr,warehouse_multi_robot_pick_pack_handover_040_exec_5,inprogress,85.6,29.41,14.73,0.0,null,null,null,null,null
warehouse_multi_robot_pick_pack_handover_040,scan_bin,2026-01-15T18:45:23.000Z,complete,amr_1,amr,warehouse_multi_robot_pick_pack_handover_040_exec_5,done,85.3,29.41,14.73,0.0,null,null,null,null,null
warehouse_multi_robot_pick_pack_handover_040,send_shelf_confirmation,2026-01-15T18:45:24.000Z,start,amr_1,amr,warehouse_multi_robot_pick_pack_handover_040_exec_6,inprogress,85.3,29.41,14.73,0.0,msg_449a36bf24,bin verified for pick,send,amr_1,arm_1
warehouse_multi_robot_pick_pack_handover_040,send_shelf_confirmation,2026-01-15T18:45:31.000Z,complete,amr_1,amr,warehouse_multi_robot_pick_pack_handover_040_exec_6,done,85.1,29.41,14.73,0.0,msg_449a36bf24,bin verified for pick,send,amr_1,arm_1
warehouse_multi_robot_pick_pack_handover_040,receive_shelf_confirmation,2026-01-15T18:45:36.000Z,start,arm_1,robotic_arm,warehouse_multi_robot_pick_pack_handover_040_exec_7,inprogress,96.3,12.0,5.0,0.0,msg_449a36bf24,bin verified for pick,receive,amr_1,arm_1
warehouse_multi_robot_pick_pack_handover_040,receive_shelf_confirmation,2026-01-15T18:45:40.000Z,complete,arm_1,robotic_arm,warehouse_multi_robot_pick_pack_handover_040_exec_7,done,96.2,12.0,5.0,0.0,msg_449a36bf24,bin verified for pick,receive,amr_1,arm_1
warehouse_multi_robot_pick_pack_handover_040,pick_item,2026-01-15T18:45:41.000Z,start,arm_1,robotic_arm,warehouse_multi_robot_pick_pack_handover_040_exec_8,inprogress,96.2,12.0,5.0,0.0,null,null,null,null,null
warehouse_multi_robot_pick_pack_handover_040,pick_item,2026-01-15T18:46:01.000Z,null,arm_1,robotic_arm,warehouse_multi_robot_pick_pack_handover_040_exec_8,inprogress,96.0,12.0,5.0,0.0,null,null,null,null,null
warehouse_multi_robot_pick_pack_handover_040,pick_item,2026-01-15T18:46:21.000Z,null,arm_1,robotic_arm,warehouse_multi_robot_pick_pack_handover_040_exec_8,inprogress,95.7,12.0,5.0,0.0,null,null,null,null,null
warehouse_multi_robot_pick_pack_handover_040,pick_item,2026-01-15T18:46:41.000Z,complete,arm_1,robotic_arm,warehouse_multi_robot_pick_pack_handover_040_exec_8,done,95.4,12.0,5.0,0.0,null,null,null,null,null
warehouse_multi_robot_pick_pack_handover_040,send_handover_coordination,2026-01-15T18:46:42.000Z,start,arm_1,robotic_arm,warehouse_multi_robot_pick_pack_handover_040_exec_9,inprogress,95.4,12.0,5.0,0.0,msg_99593b4a89,ready for handover at station,send,arm_1,amr_1
warehouse_multi_robot_pick_pack_handover_040,send_handover_coordination,2026-01-15T18:46:48.000Z,complete,arm_1,robotic_arm,warehouse_multi_robot_pick_pack_handover_040_exec_9,done,95.2,12.0,5.0,0.0,msg_99593b4a89,ready for handover at station,send,arm_1,amr_1
warehouse_multi_robot_pick_pack_handover_040,receive_handover_coordination,2026-01-15T18:48:01.000Z,start,amr_1,amr,warehouse_multi_robot_pick_pack_handover_040_exec_10,inprogress,85.1,29.41,14.73,0.0,msg_99593b4a89,ready for handover at station,receive,arm_1,amr_1
warehouse_multi_robot_pick_pack_handover_040,receive_handover_coordination,2026-01-15T18:48:05.000Z,complete,amr_1,amr,warehouse_multi_robot_pick_pack_handover_040_exec_10,done,85.0,29.41,14.73,0.0,msg_99593b4a89,ready for handover at station,receive,arm_1,amr_1
warehouse_multi_robot_pick_pack_handover_040,queue_wait,2026-01-15T18:48:06.000Z,start,amr_1,amr,warehouse_multi_robot_pick_pack_handover_040_exec_11,inprogress,85.0,29.41,14.73,0.0,null,null,null,null,null
warehouse_multi_robot_pick_pack_handover_040,queue_wait,2026-01-15T18:48:28.000Z,null,amr_1,amr,warehouse_multi_robot_pick_pack_handover_040_exec_11,inprogress,84.9,29.41,14.73,0.0,null,null,null,null,null
warehouse_multi_robot_pick_pack_handover_040,queue_wait,2026-01-15T18:48:50.000Z,null,amr_1,amr,warehouse_multi_robot_pick_pack_handover_040_exec_11,inprogress,84.8,29.41,14.73,0.0,null,null,null,null,null
warehouse_multi_robot_pick_pack_handover_040,queue_wait,2026-01-15T18:49:12.000Z,complete,amr_1,amr,warehouse_multi_robot_pick_pack_handover_040_exec_11,done,84.7,29.41,14.73,0.0,null,null,null,null,null
warehouse_multi_robot_pick_pack_handover_040,navigate_to_handover,2026-01-15T18:49:13.000Z,start,amr_1,amr,warehouse_multi_robot_pick_pack_handover_040_exec_12,inprogress,84.7,29.41,14.73,0.0,null,null,null,null,null
warehouse_multi_robot_pick_pack_handover_040,navigate_to_handover,2026-01-15T18:49:34.000Z,null,amr_1,amr,warehouse_multi_robot_pick_pack_handover_040_exec_12,inprogress,84.0,25.06,12.29,0.0,null,null,null,null,null
warehouse_multi_robot_pick_pack_handover_040,navigate_to_handover,2026-01-15T18:49:55.000Z,null,amr_1,amr,warehouse_multi_robot_pick_pack_handover_040_exec_12,inprogress,83.4,20.71,9.86,0.0,null,null,null,null,null
warehouse_multi_robot_pick_pack_handover_040,navigate_to_handover,2026-01-15T18:50:16.000Z,null,amr_1,amr,warehouse_multi_robot_pick_pack_handover_040_exec_12,inprogress,82.8,16.35,7.43,0.0,null,null,null,null,null
warehouse_multi_robot_pick_pack_handover_040,navigate_to_handover,2026-01-15T18:50:39.000Z,complete,amr_1,amr,warehouse_multi_robot_pick_pack_handover_040_exec_12,done,82.2,12.0,5.0,0.0,null,null,null,null,null
warehouse_multi_robot_pick_pack_handover_040,handover_item,2026-01-15T18:50:40.000Z,start,arm_1,robotic_arm,warehouse_multi_robot_pick_pack_handover_040_exec_13,inprogress,95.2,12.0,5.0,0.0,null,null,null,null,null
warehouse_multi_robot_pick_pack_handover_040,handover_item,2026-01-15T18:50:54.000Z,null,arm_1,robotic_arm,warehouse_multi_robot_pick_pack_handover_040_exec_13,inprogress,94.9,12.0,5.0,0.0,null,null,null,null,null
warehouse_multi_robot_pick_pack_handover_040,handover_item,2026-01-15T18:51:09.000Z,complete,arm_1,robotic_arm,warehouse_multi_robot_pick_pack_handover_040_exec_13,done,94.7,12.0,5.0,0.0,null,null,null,null,null
warehouse_multi_robot_pick_pack_handover_040,handover_item,2026-01-15T18:51:10.000Z,start,amr_1,amr,warehouse_multi_robot_pick_pack_handover_040_exec_14,inprogress,82.2,12.0,5.0,0.0,null,null,null,null,null
warehouse_multi_robot_pick_pack_handover_040,handover_item,2026-01-15T18:51:56.000Z,complete,amr_1,amr,warehouse_multi_robot_pick_pack_handover_040_exec_14,done,81.7,12.0,5.0,0.0,null,null,null,null,null
warehouse_multi_robot_pick_pack_handover_040,pack_order,2026-01-15T18:51:57.000Z,start,arm_1,robotic_arm,warehouse_multi_robot_pick_pack_handover_040_exec_15,inprogress,94.7,12.0,5.0,0.0,null,null,null,null,null
warehouse_multi_robot_pick_pack_handover_040,pack_order,2026-01-15T18:52:31.000Z,null,arm_1,robotic_arm,warehouse_multi_robot_pick_pack_handover_040_exec_15,inprogress,94.0,12.0,5.0,0.0,null,null,null,null,null
warehouse_multi_robot_pick_pack_handover_040,pack_order,2026-01-15T18:53:06.000Z,complete,arm_1,robotic_arm,warehouse_multi_robot_pick_pack_handover_040_exec_15,done,93.3,12.0,5.0,0.0,null,null,null,null,null
warehouse_multi_robot_pick_pack_handover_040,dispatch,2026-01-15T18:53:07.000Z,start,amr_1,amr,warehouse_multi_robot_pick_pack_handover_040_exec_16,inprogress,81.7,12.0,5.0,0.0,null,null,null,null,null
warehouse_multi_robot_pick_pack_handover_040,dispatch,2026-01-15T18:53:51.000Z,null,amr_1,amr,warehouse_multi_robot_pick_pack_handover_040_exec_16,inprogress,81.4,10.0,4.25,0.0,null,null,null,null,null
warehouse_multi_robot_pick_pack_handover_040,dispatch,2026-01-15T18:54:35.000Z,null,amr_1,amr,warehouse_multi_robot_pick_pack_handover_040_exec_16,inprogress,81.0,8.0,3.5,0.0,null,null,null,null,null
warehouse_multi_robot_pick_pack_handover_040,dispatch,2026-01-15T18:55:19.000Z,null,amr_1,amr,warehouse_multi_robot_pick_pack_handover_040_exec_16,inprogress,80.6,6.0,2.75,0.0,null,null,null,null,null
warehouse_multi_robot_pick_pack_handover_040,dispatch,2026-01-15T18:56:06.000Z,complete,amr_1,amr,warehouse_multi_robot_pick_pack_handover_040_exec_16,done,80.2,4.0,2.0,0.0,null,null,null,null,null
warehouse_multi_robot_pick_pack_handover_041,receive_order,2026-01-15T19:00:00.000Z,start,amr_1,amr,warehouse_multi_robot_pick_pack_handover_041_exec_1,inprogress,82.4,0.0,0.0,0.0,null,null,null,null,null
warehouse_multi_robot_pick_pack_handover_041,receive_order,2026-01-15T19:00:17.000Z,complete,amr_1,amr,warehouse_multi_robot_pick_pack_handover_041_exec_1,done,82.2,0.0,0.0,0.0,null,null,null,null,null
warehouse_multi_robot_pick_pack_handover_041,send_task_assignment,2026-01-15T19:00:18.000Z,start,amr_1,amr,warehouse_multi_robot_pick_pack_handover_041_exec_2,inprogress,82.2,0.0,0.0,0.0,msg_02ce6954b1,order_id assigned for picking,send,amr_1,arm_1
warehouse_multi_robot_pick_pack_handover_041,send_task_assignment,2026-01-15T19:00:22.000Z,complete,amr_1,amr,warehouse_multi_robot_pick_pack_handover_041_exec_2,done,82.0,0.0,0.0,0.0,msg_02ce6954b1,order_id assigned for picking,send,amr_1,arm_1
warehouse_multi_robot_pick_pack_handover_041,receive_task_assignment,2026-01-15T19:00:26.000Z,start,arm_1,robotic_arm,warehouse_multi_robot_pick_pack_handover_041_exec_3,inprogress,93.4,12.0,5.0,0.0,msg_02ce6954b1,order_id assigned for picking,receive,amr_1,arm_1
warehouse_multi_robot_pick_pack_handover_041,receive_task_assignment,2026-01-15T19:00:30.000Z,complete,arm_1,robotic_arm,warehouse_multi_robot_pick_pack_handover_041_exec_3,done,93.3,12.0,5.0,0.0,msg_02ce6954b1,order_id assigned for picking,receive,amr_1,arm_1
warehouse_multi_robot_pick_pack_handover_041,navigate_to_shelf,2026-01-15T19:00:31.000Z,start,amr_1,amr,warehouse_multi_robot_pick_pack_handover_041_exec_4,inprogress,82.0,0.0,0.0,0.0,null,null,null,null,null
warehouse_multi_robot_pick_pack_handover_041,navigate_to_shelf,2026-01-15T19:01:03.000Z,null,amr_1,amr,warehouse_multi_robot_pick_pack_handover_041_exec_4,inprogress,81.1,4.7,3.95,0.0,null,null,null,null,null
warehouse_multi_robot_pick_pack_handover_041,navigate_to_shelf,2026-01-15T19:01:35.000Z,null,amr_1,amr,warehouse_multi_robot_pick_pack_handover_041_exec_4,inprogress,80.3,9.4,7.9,0.0,null,null,null,null,null
warehouse_multi_robot_pick_pack_handover_041,navigate_to_shelf,2026-01-15T19:02:07.000Z,null,amr_1,amr,warehouse_multi_robot_pick_pack_handover_041_exec_4,inprogress,79.5,14.1,11.86,0.0,null,null,null,null,null
warehouse_multi_robot_pick_pack_handover_041,navigate_to_shelf,2026-01-15T19:02:39.000Z,null,amr_1,amr,warehouse_multi_robot_pick_pack_handover_041_exec_4,inprogress,78.6,18.8,15.81,0.0,null,null,null,null,null
warehouse_multi_robot_pick_pack_handover_041,navigate_to_shelf,2026-01-15T19:03:12.000Z,complete,amr_1,amr,warehouse_multi_robot_pick_pack_handover_041_exec_4,done,77.8,23.5,19.76,0.0,null,null,null,null,null
warehouse_multi_robot_pick_pack_handover_041,scan_bin,2026-01-15T19:03:13.000Z,start,amr_1,amr,warehouse_multi_robot_pick_pack_handover_041_exec_5,inprogress,77.8,23.5,19.76,0.0,null,null,null,null,null
warehouse_multi_robot_pick_pack_handover_041,scan_bin,2026-01-15T19:03:35.000Z,complete,amr_1,amr,warehouse_multi_robot_pick_pack_handover_041_exec_5,done,77.2,23.5,19.76,0.0,null,null,null,null,null
warehouse_multi_robot_pick_pack_handover_041,send_shelf_confirmation,2026-01-15T19:03:36.000Z,start,amr_1,amr,warehouse_multi_robot_pick_pack_handover_041_exec_6,inprogress,77.2,23.5,19.76,0.0,msg_ad2b43a204,bin verified for pick,send,amr_1,arm_1
warehouse_multi_robot_pick_pack_handover_041,send_shelf_confirmation,2026-01-15T19:03:42.000Z,complete,amr_1,amr,warehouse_multi_robot_pick_pack_handover_041_exec_6,done,77.0,23.5,19.76,0.0,msg_ad2b43a204,bin verified for pick,send,amr_1,arm_1
warehouse_multi_robot_pick_pack_handover_041,receive_shelf_confirmation,2026-01-15T19:03:47.000Z,start,arm_1,robotic_arm,warehouse_multi_robot_pick_pack_handover_041_exec_7,inprogress,93.3,12.0,5.0,0.0,msg_ad2b43a204,bin verified for pick,receive,amr_1,arm_1
warehouse_multi_robot_pick_pack_handover_041,receive_shelf_confirmation,2026-01-15T19:03:51.000Z,complete,arm_1,robotic_arm,warehouse_multi_robot_pick_pack_handover_041_exec_7,done,93.2,12.0,5.0,0.0,msg_ad2b43a204,bin verified for pick,receive,amr_1,arm_1
warehouse_multi_robot_pick_pack_handover_041,pick_item,2026-01-15T19:03:52.000Z,start,arm_1,robotic_arm,warehouse_multi_robot_pick_pack_handover_041_exec_8,inprogress,93.2,12.0,5.0,0.0,null,null,null,null,null
warehouse_multi_robot_pick_pack_handover_041,pick_item,2026-01-15T19:04:05.000Z,null,arm_1,robotic_arm,warehouse_multi_robot_pick_pack_handover_041_exec_8,inprogress,92.9,12.0,5.0,0.0,null,null,null,null,null
warehouse_multi_robot_pick_pack_handover_041,pick_item,2026-01-15T19:04:18.000Z,null,arm_1,robotic_arm,warehouse_multi_robot_pick_pack_handover_041_exec_8,inprogress,92.7,12.0,5.0,0.0,null,null,null,null,null
warehouse_multi_robot_pick_pack_handover_041,pick_item,2026-01-15T19:04:32.000Z,complete,arm_1,robotic_arm,warehouse_multi_robot_pick_pack_handover_041_exec_8,done,92.4,12.0,5.0,0.0,null,null,null,null,null
warehouse_multi_robot_pick_pack_handover_041,send_handover_coordination,2026-01-15T19:04:33.000Z,start,arm_1,robotic_arm,warehouse_multi_robot_pick_pack_handover_041_exec_9,inprogress,92.4,12.0,5.0,0.0,msg_279cb690d8,ready for handover at station,send,arm_1,amr_1
warehouse_multi_robot_pick_pack_handover_041,send_handover_coordination,2026-01-15T19:04:41.000Z,complete,arm_1,robotic_arm,warehouse_multi_robot_pick_pack_handover_041_exec_9,done,92.2,12.0,5.0,0.0,msg_279cb690d8,ready for handover at station,send,arm_1,amr_1
warehouse_multi_robot_pick_pack_handover_041,receive_handover_coordination,2026-01-15T19:04:45.000Z,start,amr_1,amr,warehouse_multi_robot_pick_pack_handover_041_exec_10,inprogress,77.0,23.5,19.76,0.0,msg_279cb690d8,ready for handover at station,receive,arm_1,amr_1
warehouse_multi_robot_pick_pack_handover_041,receive_handover_coordination,2026-01-15T19:04:49.000Z,complete,amr_1,amr,warehouse_multi_robot_pick_pack_handover_041_exec_10,done,76.9,23.5,19.76,0.0,msg_279cb690d8,ready for handover at station,receive,arm_1,amr_1
warehouse_multi_robot_pick_pack_handover_041,navigate_to_handover,2026-01-15T19:04:50.000Z,start,amr_1,amr,warehouse_multi_robot_pick_pack_handover_041_exec_11,inprogress,76.9,23.5,19.76,0.0,null,null,null,null,null
warehouse_multi_robot_pick_pack_handover_041,navigate_to_handover,2026-01-15T19:06:09.000Z,null,amr_1,amr,warehouse_multi_robot_pick_pack_handover_041_exec_11,inprogress,75.8,17.75,12.38,0.0,null,null,null,null,null
warehouse_multi_robot_pick_pack_handover_041,navigate_to_handover,2026-01-15T19:07:28.000Z,complete,amr_1,amr,warehouse_multi_robot_pick_pack_handover_041_exec_11,done,74.7,12.0,5.0,0.0,null,null,null,null,null
warehouse_multi_robot_pick_pack_handover_041,handover_item,2026-01-15T19:07:29.000Z,start,arm_1,robotic_arm,warehouse_multi_robot_pick_pack_handover_041_exec_12,inprogress,92.2,12.0,5.0,0.0,null,null,null,null,null
warehouse_multi_robot_pick_pack_handover_041,handover_item,2026-01-15T19:08:13.000Z,complete,arm_1,robotic_arm,warehouse_multi_robot_pick_pack_handover_041_exec_12,done,91.7,12.0,5.0,0.0,null,null,null,null,null
warehouse_multi_robot_pick_pack_handover_041,handover_item,2026-01-15T19:08:14.000Z,start,amr_1,amr,warehouse_multi_robot_pick_pack_handover_041_exec_13,inprogress,74.7,12.0,5.0,0.0,null,null,null,null,null
warehouse_multi_robot_pick_pack_handover_041,handover_item,2026-01-15T19:08:53.000Z,complete,amr_1,amr,warehouse_multi_robot_pick_pack_handover_041_exec_13,done,74.5,12.0,5.0,0.0,null,null,null,null,null
warehouse_multi_robot_pick_pack_handover_041,pack_order,2026-01-15T19:08:54.000Z,start,arm_1,robotic_arm,warehouse_multi_robot_pick_pack_handover_041_exec_14,inprogress,91.7,12.0,5.0,0.0,null,null,null,null,null
warehouse_multi_robot_pick_pack_handover_041,pack_order,2026-01-15T19:09:30.000Z,null,arm_1,robotic_arm,warehouse_multi_robot_pick_pack_handover_041_exec_14,inprogress,91.0,12.0,5.0,0.0,null,null,null,null,null
warehouse_multi_robot_pick_pack_handover_041,pack_order,2026-01-15T19:10:07.000Z,complete,arm_1,robotic_arm,warehouse_multi_robot_pick_pack_handover_041_exec_14,done,90.3,12.0,5.0,0.0,null,null,null,null,null
warehouse_multi_robot_pick_pack_handover_041,dispatch,2026-01-15T19:10:08.000Z,start,amr_1,amr,warehouse_multi_robot_pick_pack_handover_041_exec_15,inprogress,74.5,12.0,5.0,0.0,null,null,null,null,null
warehouse_multi_robot_pick_pack_handover_041,dispatch,2026-01-15T19:10:40.000Z,null,amr_1,amr,warehouse_multi_robot_pick_pack_handover_041_exec_15,inprogress,73.9,9.33,4.0,0.0,null,null,null,null,null
warehouse_multi_robot_pick_pack_handover_041,dispatch,2026-01-15T19:11:12.000Z,null,amr_1,amr,warehouse_multi_robot_pick_pack_handover_041_exec_15,inprogress,73.3,6.67,3.0,0.0,null,null,null,null,null
warehouse_multi_robot_pick_pack_handover_041,dispatch,2026-01-15T19:11:44.000Z,complete,amr_1,amr,warehouse_multi_robot_pick_pack_handover_041_exec_15,done,72.7,4.0,2.0,0.0,null,null,null,null,null
warehouse_multi_robot_pick_pack_handover_042,receive_order,2026-01-15T19:18:00.000Z,start,amr_1,amr,warehouse_multi_robot_pick_pack_handover_042_exec_1,inprogress,91.9,0.0,0.0,0.0,null,null,null,null,null
warehouse_multi_robot_pick_pack_handover_042,receive_order,2026-01-15T19:18:21.000Z,complete,amr_1,amr,warehouse_multi_robot_pick_pack_handover_042_exec_1,done,91.6,0.0,0.0,0.0,null,null,null,null,null
warehouse_multi_robot_pick_pack_handover_042,send_task_assignment,2026-01-15T19:18:22.000Z,start,amr_1,amr,warehouse_multi_robot_pick_pack_handover_042_exec_2,inprogress,91.6,0.0,0.0,0.0,msg_c61884e74f,order_id assigned for picking,send,amr_1,arm_1
warehouse_multi_robot_pick_pack_handover_042,send_task_assignment,2026-01-15T19:18:30.000Z,complete,amr_1,amr,warehouse_multi_robot_pick_pack_handover_042_exec_2,done,91.4,0.0,0.0,0.0,msg_c61884e74f,order_id assigned for picking,send,amr_1,arm_1
warehouse_multi_robot_pick_pack_handover_042,receive_task_assignment,2026-01-15T19:18:34.000Z,start,arm_1,robotic_arm,warehouse_multi_robot_pick_pack_handover_042_exec_3,inprogress,99.5,12.0,5.0,0.0,msg_c61884e74f,order_id assigned for picking,receive,amr_1,arm_1
warehouse_multi_robot_pick_pack_handover_042,receive_task_assignment,2026-01-15T19:18:38.000Z,complete,arm_1,robotic_arm,warehouse_multi_robot_pick_pack_handover_042_exec_3,done,99.4,12.0,5.0,0.0,msg_c61884e74f,order_id assigned for picking,receive,amr_1,arm_1
warehouse_multi_robot_pick_pack_handover_042,navigate_to_shelf,2026-01-15T19:18:39.000Z,start,amr_1,amr,warehouse_multi_robot_pick_pack_handover_042_exec_4,inprogress,91.4,0.0,0.0,0.0,null,null,null,null,null
warehouse_multi_robot_pick_pack_handover_042,navigate_to_shelf,2026-01-15T19:19:40.000Z,null,amr_1,amr,warehouse_multi_robot_pick_pack_handover_042_exec_4,inprogress,90.5,8.71,2.05,0.0,null,null,null,null,null
warehouse_multi_robot_pick_pack_handover_042,navigate_to_shelf,2026-01-15T19:20:41.000Z,null,amr_1,amr,warehouse_multi_robot_pick_pack_handover_042_exec_4,inprogress,89.6,17.42,4.1,0.0,null,null,null,null,null
warehouse_multi_robot_pick_pack_handover_042,navigate_to_shelf,2026-01-15T19:21:42.000Z,null,amr_1,amr,warehouse_multi_robot_pick_pack_handover_042_exec_4,inprogress,88.7,26.13,6.16,0.0,null,null,null,null,null
warehouse_multi_robot_pick_pack_handover_042,navigate_to_shelf,2026-01-15T19:22:46.000Z,complete,amr_1,amr,warehouse_multi_robot_pick_pack_handover_042_exec_4,done,87.8,34.84,8.21,0.0,null,null,null,null,null
warehouse_multi_robot_pick_pack_handover_042,scan_bin,2026-01-15T19:22:47.000Z,start,amr_1,amr,warehouse_multi_robot_pick_pack_handover_042_exec_5,inprogress,87.8,34.84,8.21,0.0,null,null,null,null,null
warehouse_multi_robot_pick_pack_handover_042,scan_bin,2026-01-15T19:22:57.000Z,null,amr_1,amr,warehouse_multi_robot_pick_pack_handover_042_exec_5,inprogress,87.6,34.84,8.21,0.0,null,null,null,null,null
warehouse_multi_robot_pick_pack_handover_042,scan_bin,2026-01-15T19:23:07.000Z,complete,amr_1,amr,warehouse_multi_robot_pick_pack_handover_042_exec_5,done,87.5,34.84,8.21,0.0,null,null,null,null,null
warehouse_multi_robot_pick_pack_handover_042,send_shelf_confirmation,2026-01-15T19:23:08.000Z,start,amr_1,amr,warehouse_multi_robot_pick_pack_handover_042_exec_6,inprogress,87.5,34.84,8.21,0.0,msg_d21405c16e,bin verified for pick,send,amr_1,arm_1
warehouse_multi_robot_pick_pack_handover_042,send_shelf_confirmation,2026-01-15T19:23:16.000Z,complete,amr_1,amr,warehouse_multi_robot_pick_pack_handover_042_exec_6,done,87.3,34.84,8.21,0.0,msg_d21405c16e,bin verified for pick,send,amr_1,arm_1
warehouse_multi_robot_pick_pack_handover_042,receive_shelf_confirmation,2026-01-15T19:23:21.000Z,start,arm_1,robotic_arm,warehouse_multi_robot_pick_pack_handover_042_exec_7,inprogress,99.4,12.0,5.0,0.0,msg_d21405c16e,bin verified for pick,receive,amr_1,arm_1
warehouse_multi_robot_pick_pack_handover_042,receive_shelf_confirmation,2026-01-15T19:23:25.000Z,complete,arm_1,robotic_arm,warehouse_multi_robot_pick_pack_handover_042_exec_7,done,99.3,12.0,5.0,0.0,msg_d21405c16e,bin verified for pick,receive,amr_1,arm_1
warehouse_multi_robot_pick_pack_handover_042,pick_item,2026-01-15T19:23:26.000Z,start,arm_1,robotic_arm,warehouse_multi_robot_pick_pack_handover_042_exec_8,inprogress,99.3,12.0,5.0,0.0,null,null,null,null,null
warehouse_multi_robot_pick_pack_handover_042,pick_item,2026-01-15T19:23:51.000Z,null,arm_1,robotic_arm,warehouse_multi_robot_pick_pack_handover_042_exec_8,inprogress,99.1,12.0,5.0,0.0,null,null,null,null,null
warehouse_multi_robot_pick_pack_handover_042,pick_item,2026-01-15T19:24:16.000Z,null,arm_1,robotic_arm,warehouse_multi_robot_pick_pack_handover_042_exec_8,inprogress,98.9,12.0,5.0,0.0,null,null,null,null,null
warehouse_multi_robot_pick_pack_handover_042,pick_item,2026-01-15T19:24:43.000Z,complete,arm_1,robotic_arm,warehouse_multi_robot_pick_pack_handover_042_exec_8,done,98.7,12.0,5.0,0.0,null,null,null,null,null
warehouse_multi_robot_pick_pack_handover_042,send_handover_coordination,2026-01-15T19:24:44.000Z,start,arm_1,robotic_arm,warehouse_multi_robot_pick_pack_handover_042_exec_9,inprogress,98.7,12.0,5.0,0.0,msg_18626d6769,ready for handover at station,send,arm_1,amr_1
warehouse_multi_robot_pick_pack_handover_042,send_handover_coordination,2026-01-15T19:24:51.000Z,complete,arm_1,robotic_arm,warehouse_multi_robot_pick_pack_handover_042_exec_9,done,98.5,12.0,5.0,0.0,msg_18626d6769,ready for handover at station,send,arm_1,amr_1
warehouse_multi_robot_pick_pack_handover_042,receive_handover_coordination,2026-01-15T19:24:55.000Z,start,amr_1,amr,warehouse_multi_robot_pick_pack_handover_042_exec_10,inprogress,87.3,34.84,8.21,0.0,msg_18626d6769,ready for handover at station,receive,arm_1,amr_1
warehouse_multi_robot_pick_pack_handover_042,receive_handover_coordination,2026-01-15T19:24:59.000Z,complete,amr_1,amr,warehouse_multi_robot_pick_pack_handover_042_exec_10,done,87.2,34.84,8.21,0.0,msg_18626d6769,ready for handover at station,receive,arm_1,amr_1
warehouse_multi_robot_pick_pack_handover_042,navigate_to_handover,2026-01-15T19:25:00.000Z,start,amr_1,amr,warehouse_multi_robot_pick_pack_handover_042_exec_11,inprogress,87.2,34.84,8.21,0.0,null,null,null,null,null
warehouse_multi_robot_pick_pack_handover_042,navigate_to_handover,2026-01-15T19:25:22.000Z,null,amr_1,amr,warehouse_multi_robot_pick_pack_handover_042_exec_11,inprogress,86.5,29.13,7.41,0.0,null,null,null,null,null
warehouse_multi_robot_pick_pack_handover_042,navigate_to_handover,2026-01-15T19:25:44.000Z,null,amr_1,amr,warehouse_multi_robot_pick_pack_handover_042_exec_11,inprogress,85.8,23.42,6.6,0.0,null,null,null,null,null
warehouse_multi_robot_pick_pack_handover_042,navigate_to_handover,2026-01-15T19:26:06.000Z,null,amr_1,amr,warehouse_multi_robot_pick_pack_handover_042_exec_11,inprogress,85.2,17.71,5.8,0.0,null,null,null,null,null
warehouse_multi_robot_pick_pack_handover_042,navigate_to_handover,2026-01-15T19:26:30.000Z,complete,amr_1,amr,warehouse_multi_robot_pick_pack_handover_042_exec_11,done,84.5,12.0,5.0,0.0,null,null,null,null,null
warehouse_multi_robot_pick_pack_handover_042,handover_item,2026-01-15T19:26:31.000Z,start,arm_1,robotic_arm,warehouse_multi_robot_pick_pack_handover_042_exec_12,inprogress,98.5,12.0,5.0,0.0,null,null,null,null,null
warehouse_multi_robot_pick_pack_handover_042,handover_item,2026-01-15T19:26:48.000Z,null,arm_1,robotic_arm,warehouse_multi_robot_pick_pack_handover_042_exec_12,inprogress,98.2,12.0,5.0,0.0,null,null,null,null,null
warehouse_multi_robot_pick_pack_handover_042,handover_item,2026-01-15T19:27:06.000Z,complete,arm_1,robotic_arm,warehouse_multi_robot_pick_pack_handover_042_exec_12,done,98.0,12.0,5.0,0.0,null,null,null,null,null
warehouse_multi_robot_pick_pack_handover_042,handover_item,2026-01-15T19:27:07.000Z,start,amr_1,amr,warehouse_multi_robot_pick_pack_handover_042_exec_13,inprogress,84.5,12.0,5.0,0.0,null,null,null,null,null
warehouse_multi_robot_pick_pack_handover_042,handover_item,2026-01-15T19:28:00.000Z,complete,amr_1,amr,warehouse_multi_robot_pick_pack_handover_042_exec_13,done,84.3,12.0,5.0,0.0,null,null,null,null,null
warehouse_multi_robot_pick_pack_handover_042,pack_order,2026-01-15T19:28:01.000Z,start,arm_1,robotic_arm,warehouse_multi_robot_pick_pack_handover_042_exec_14,inprogress,98.0,12.0,5.0,0.0,null,null,null,null,null
warehouse_multi_robot_pick_pack_handover_042,pack_order,2026-01-15T19:28:37.000Z,null,arm_1,robotic_arm,warehouse_multi_robot_pick_pack_handover_042_exec_14,inprogress,97.4,12.0,5.0,0.0,null,null,null,null,null
warehouse_multi_robot_pick_pack_handover_042,pack_order,2026-01-15T19:29:14.000Z,complete,arm_1,robotic_arm,warehouse_multi_robot_pick_pack_handover_042_exec_14,done,96.8,12.0,5.0,0.0,null,null,null,null,null
warehouse_multi_robot_pick_pack_handover_042,dispatch,2026-01-15T19:29:15.000Z,start,amr_1,amr,warehouse_multi_robot_pick_pack_handover_042_exec_15,inprogress,84.3,12.0,5.0,0.0,null,null,null,null,null
warehouse_multi_robot_pick_pack_handover_042,dispatch,2026-01-15T19:30:02.000Z,null,amr_1,amr,warehouse_multi_robot_pick_pack_handover_042_exec_15,inprogress,82.9,8.0,3.5,0.0,null,null,null,null,null
warehouse_multi_robot_pick_pack_handover_042,dispatch,2026-01-15T19:30:49.000Z,complete,amr_1,amr,warehouse_multi_robot_pick_pack_handover_042_exec_15,done,81.5,4.0,2.0,0.0,null,null,null,null,null
warehouse_multi_robot_pick_pack_handover_043,receive_order,2026-01-15T19:36:00.000Z,start,amr_1,amr,warehouse_multi_robot_pick_pack_handover_043_exec_1,inprogress,90.0,0.0,0.0,0.0,null,null,null,null,null
warehouse_multi_robot_pick_pack_handover_043,receive_order,2026-01-15T19:36:21.000Z,complete,amr_1,amr,warehouse_multi_robot_pick_pack_handover_043_exec_1,done,89.8,0.0,0.0,0.0,null,null,null,null,null
warehouse_multi_robot_pick_pack_handover_043,send_task_assignment,2026-01-15T19:36:22.000Z,start,amr_1,amr,warehouse_multi_robot_pick_pack_handover_043_exec_2,inprogress,89.8,0.0,0.0,0.0,msg_9fb4732258,order_id assigned for picking,send,amr_1,arm_1
warehouse_multi_robot_pick_pack_handover_043,send_task_assignment,2026-01-15T19:36:27.000Z,complete,amr_1,amr,warehouse_multi_robot_pick_pack_handover_043_exec_2,done,89.6,0.0,0.0,0.0,msg_9fb4732258,order_id assigned for picking,send,amr_1,arm_1
warehouse_multi_robot_pick_pack_handover_043,receive_task_assignment,2026-01-15T19:36:31.000Z,start,arm_1,robotic_arm,warehouse_multi_robot_pick_pack_handover_043_exec_3,inprogress,98.1,12.0,5.0,0.0,msg_9fb4732258,order_id assigned for picking,receive,amr_1,arm_1
warehouse_multi_robot_pick_pack_handover_043,receive_task_assignment,2026-01-15T19:36:35.000Z,complete,arm_1,robotic_arm,warehouse_multi_robot_pick_pack_handover_043_exec_3,done,98.0,12.0,5.0,0.0,msg_9fb4732258,order_id assigned for picking,receive,amr_1,arm_1
warehouse_multi_robot_pick_pack_handover_043,navigate_to_shelf,2026-01-15T19:36:36.000Z,start,amr_1,amr,warehouse_multi_robot_pick_pack_handover_043_exec_4,inprogress,89.6,0.0,0.0,0.0,null,null,null,null,null
warehouse_multi_robot_pick_pack_handover_043,navigate_to_shelf,2026-01-15T19:37:17.000Z,null,amr_1,amr,warehouse_multi_robot_pick_pack_handover_043_exec_4,inprogress,88.5,8.2,4.6,0.0,null,null,null,null,null
warehouse_multi_robot_pick_pack_handover_043,navigate_to_shelf,2026-01-15T19:37:58.000Z,null,amr_1,amr,warehouse_multi_robot_pick_pack_handover_043_exec_4,inprogress,87.5,16.39,9.19,0.0,null,null,null,null,null
warehouse_multi_robot_pick_pack_handover_043,navigate_to_shelf,2026-01-15T19:38:39.000Z,null,amr_1,amr,warehouse_multi_robot_pick_pack_handover_043_exec_4,inprogress,86.4,24.59,13.79,0.0,null,null,null,null,null
warehouse_multi_robot_pick_pack_handover_043,navigate_to_shelf,2026-01-15T19:39:21.000Z,complete,amr_1,amr,warehouse_multi_robot_pick_pack_handover_043_exec_4,done,85.4,32.79,18.39,0.0,null,null,null,null,null
warehouse_multi_robot_pick_pack_handover_043,scan_bin,2026-01-15T19:39:22.000Z,start,amr_1,amr,warehouse_multi_robot_pick_pack_handover_043_exec_5,inprogress,85.4,32.79,18.39,0.0,null,null,null,null,null
warehouse_multi_robot_pick_pack_handover_043,scan_bin,2026-01-15T19:39:53.000Z,complete,amr_1,amr,warehouse_multi_robot_pick_pack_handover_043_exec_5,done,85.1,32.79,18.39,0.0,null,null,null,null,null
warehouse_multi_robot_pick_pack_handover_043,send_shelf_confirmation,2026-01-15T19:39:54.000Z,start,amr_1,amr,warehouse_multi_robot_pick_pack_handover_043_exec_6,inprogress,85.1,32.79,18.39,0.0,msg_d79c8ad644,bin verified for pick,send,amr_1,arm_1
warehouse_multi_robot_pick_pack_handover_043,send_shelf_confirmation,2026-01-15T19:40:00.000Z,complete,amr_1,amr,warehouse_multi_robot_pick_pack_handover_043_exec_6,done,84.9,32.79,18.39,0.0,msg_d79c8ad644,bin verified for pick,send,amr_1,arm_1
warehouse_multi_robot_pick_pack_handover_043,receive_shelf_confirmation,2026-01-15T19:40:05.000Z,start,arm_1,robotic_arm,warehouse_multi_robot_pick_pack_handover_043_exec_7,inprogress,98.0,12.0,5.0,0.0,msg_d79c8ad644,bin verified for pick,receive,amr_1,arm_1
warehouse_multi_robot_pick_pack_handover_043,receive_shelf_confirmation,2026-01-15T19:40:09.000Z,complete,arm_1,robotic_arm,warehouse_multi_robot_pick_pack_handover_043_exec_7,done,97.9,12.0,5.0,0.0,msg_d79c8ad644,bin verified for pick,receive,amr_1,arm_1
warehouse_multi_robot_pick_pack_handover_043,pick_item,2026-01-15T19:40:10.000Z,start,arm_1,robotic_arm,warehouse_multi_robot_pick_pack_handover_043_exec_8,inprogress,97.9,12.0,5.0,0.0,null,null,null,null,null
warehouse_multi_robot_pick_pack_handover_043,pick_item,2026-01-15T19:40:28.000Z,null,arm_1,robotic_arm,warehouse_multi_robot_pick_pack_handover_043_exec_8,inprogress,97.5,12.0,5.0,0.0,null,null,null,null,null
warehouse_multi_robot_pick_pack_handover_043,pick_item,2026-01-15T19:40:46.000Z,null,arm_1,robotic_arm,warehouse_multi_robot_pick_pack_handover_043_exec_8,inprogress,97.2,12.0,5.0,0.0,null,null,null,null,null
warehouse_multi_robot_pick_pack_handover_043,pick_item,2026-01-15T19:41:05.000Z,complete,arm_1,robotic_arm,warehouse_multi_robot_pick_pack_handover_043_exec_8,done,96.9,12.0,5.0,0.0,null,null,null,null,null
warehouse_multi_robot_pick_pack_handover_043,send_handover_coordination,2026-01-15T19:41:06.000Z,start,arm_1,robotic_arm,warehouse_multi_robot_pick_pack_handover_043_exec_9,inprogress,96.9,12.0,5.0,0.0,msg_8abf58bb8f,ready for handover at station,send,arm_1,amr_1
warehouse_multi_robot_pick_pack_handover_043,send_handover_coordination,2026-01-15T19:41:10.000Z,complete,arm_1,robotic_arm,warehouse_multi_robot_pick_pack_handover_043_exec_9,done,96.7,12.0,5.0,0.0,msg_8abf58bb8f,ready for handover at station,send,arm_1,amr_1
warehouse_multi_robot_pick_pack_handover_043,receive_handover_coordination,2026-01-15T19:41:14.000Z,start,amr_1,amr,warehouse_multi_robot_pick_pack_handover_043_exec_10,inprogress,84.9,32.79,18.39,0.0,msg_8abf58bb8f,ready for handover at station,receive,arm_1,amr_1
warehouse_multi_robot_pick_pack_handover_043,receive_handover_coordination,2026-01-15T19:41:18.000Z,complete,amr_1,amr,warehouse_multi_robot_pick_pack_handover_043_exec_10,done,84.8,32.79,18.39,0.0,msg_8abf58bb8f,ready for handover at station,receive,arm_1,amr_1
warehouse_multi_robot_pick_pack_handover_043,navigate_to_handover,2026-01-15T19:41:19.000Z,start,amr_1,amr,warehouse_multi_robot_pick_pack_handover_043_exec_11,inprogress,84.8,32.79,18.39,0.0,null,null,null,null,null
warehouse_multi_robot_pick_pack_handover_043,navigate_to_handover,2026-01-15T19:42:18.000Z,null,amr_1,amr,warehouse_multi_robot_pick_pack_handover_043_exec_11,inprogress,83.8,25.86,13.93,0.0,null,null,null,null,null
warehouse_multi_robot_pick_pack_handover_043,navigate_to_handover,2026-01-15T19:43:17.000Z,null,amr_1,amr,warehouse_multi_robot_pick_pack_handover_043_exec_11,inprogress,82.7,18.93,9.46,0.0,null,null,null,null,null
warehouse_multi_robot_pick_pack_handover_043,navigate_to_handover,2026-01-15T19:44:16.000Z,complete,amr_1,amr,warehouse_multi_robot_pick_pack_handover_043_exec_11,done,81.6,12.0,5.0,0.0,null,null,null,null,null
warehouse_multi_robot_pick_pack_handover_043,handover_item,2026-01-15T19:44:17.000Z,start,arm_1,robotic_arm,warehouse_multi_robot_pick_pack_handover_043_exec_12,inprogress,96.7,12.0,5.0,0.0,null,null,null,null,null
warehouse_multi_robot_pick_pack_handover_043,handover_item,2026-01-15T19:44:29.000Z,null,arm_1,robotic_arm,warehouse_multi_robot_pick_pack_handover_043_exec_12,inprogress,96.5,12.0,5.0,0.0,null,null,null,null,null
warehouse_multi_robot_pick_pack_handover_043,handover_item,2026-01-15T19:44:41.000Z,complete,arm_1,robotic_arm,warehouse_multi_robot_pick_pack_handover_043_exec_12,done,96.3,12.0,5.0,0.0,null,null,null,null,null
warehouse_multi_robot_pick_pack_handover_043,handover_item,2026-01-15T19:44:42.000Z,start,amr_1,amr,warehouse_multi_robot_pick_pack_handover_043_exec_13,inprogress,81.6,12.0,5.0,0.0,null,null,null,null,null
warehouse_multi_robot_pick_pack_handover_043,handover_item,2026-01-15T19:44:54.000Z,null,amr_1,amr,warehouse_multi_robot_pick_pack_handover_043_exec_13,inprogress,81.5,12.0,5.0,0.0,null,null,null,null,null
warehouse_multi_robot_pick_pack_handover_043,handover_item,2026-01-15T19:45:07.000Z,complete,amr_1,amr,warehouse_multi_robot_pick_pack_handover_043_exec_13,done,81.3,12.0,5.0,0.0,null,null,null,null,null
warehouse_multi_robot_pick_pack_handover_043,pack_order,2026-01-15T19:45:08.000Z,start,arm_1,robotic_arm,warehouse_multi_robot_pick_pack_handover_043_exec_14,inprogress,96.3,12.0,5.0,0.0,null,null,null,null,null
warehouse_multi_robot_pick_pack_handover_043,pack_order,2026-01-15T19:45:34.000Z,null,arm_1,robotic_arm,warehouse_multi_robot_pick_pack_handover_043_exec_14,inprogress,96.1,12.0,5.0,0.0,null,null,null,null,null
warehouse_multi_robot_pick_pack_handover_043,pack_order,2026-01-15T19:46:00.000Z,null,arm_1,robotic_arm,warehouse_multi_robot_pick_pack_handover_043_exec_14,inprogress,95.9,12.0,5.0,0.0,null,null,null,null,null
warehouse_multi_robot_pick_pack_handover_043,pack_order,2026-01-15T19:46:26.000Z,null,arm_1,robotic_arm,warehouse_multi_robot_pick_pack_handover_043_exec_14,inprogress,95.7,12.0,5.0,0.0,null,null,null,null,null
warehouse_multi_robot_pick_pack_handover_043,pack_order,2026-01-15T19:46:55.000Z,complete,arm_1,robotic_arm,warehouse_multi_robot_pick_pack_handover_043_exec_14,done,95.5,12.0,5.0,0.0,null,null,null,null,null
warehouse_multi_robot_pick_pack_handover_043,dispatch,2026-01-15T19:46:56.000Z,start,amr_1,amr,warehouse_multi_robot_pick_pack_handover_043_exec_15,inprogress,81.3,12.0,5.0,0.0,null,null,null,null,null
warehouse_multi_robot_pick_pack_handover_043,dispatch,2026-01-15T19:47:25.000Z,null,amr_1,amr,warehouse_multi_robot_pick_pack_handover_043_exec_15,inprogress,81.0,10.0,4.25,0.0,null,null,null,null,null
warehouse_multi_robot_pick_pack_handover_043,dispatch,2026-01-15T19:47:54.000Z,null,amr_1,amr,warehouse_multi_robot_pick_pack_handover_043_exec_15,inprogress,80.6,8.0,3.5,0.0,null,null,null,null,null
warehouse_multi_robot_pick_pack_handover_043,dispatch,2026-01-15T19:48:23.000Z,null,amr_1,amr,warehouse_multi_robot_pick_pack_handover_043_exec_15,inprogress,80.3,6.0,2.75,0.0,null,null,null,null,null
warehouse_multi_robot_pick_pack_handover_043,dispatch,2026-01-15T19:48:52.000Z,complete,amr_1,amr,warehouse_multi_robot_pick_pack_handover_043_exec_15,done,79.9,4.0,2.0,0.0,null,null,null,null,null
warehouse_multi_robot_pick_pack_handover_044,receive_order,2026-01-15T19:54:00.000Z,start,amr_1,amr,warehouse_multi_robot_pick_pack_handover_044_exec_1,inprogress,87.1,0.0,0.0,0.0,null,null,null,null,null
warehouse_multi_robot_pick_pack_handover_044,receive_order,2026-01-15T19:54:28.000Z,complete,amr_1,amr,warehouse_multi_robot_pick_pack_handover_044_exec_1,done,86.7,0.0,0.0,0.0,null,null,null,null,null
warehouse_multi_robot_pick_pack_handover_044,send_task_assignment,2026-01-15T19:54:29.000Z,start,amr_1,amr,warehouse_multi_robot_pick_pack_handover_044_exec_2,inprogress,86.7,0.0,0.0,0.0,msg_1e65f8e7bc,order_id assigned for picking,send,amr_1,arm_1
warehouse_multi_robot_pick_pack_handover_044,send_task_assignment,2026-01-15T19:54:35.000Z,complete,amr_1,amr,warehouse_multi_robot_pick_pack_handover_044_exec_2,done,86.5,0.0,0.0,0.0,msg_1e65f8e7bc,order_id assigned for picking,send,amr_1,arm_1
warehouse_multi_robot_pick_pack_handover_044,receive_task_assignment,2026-01-15T19:54:39.000Z,start,arm_1,robotic_arm,warehouse_multi_robot_pick_pack_handover_044_exec_3,inprogress,99.8,12.0,5.0,0.0,msg_1e65f8e7bc,order_id assigned for picking,receive,amr_1,arm_1
warehouse_multi_robot_pick_pack_handover_044,receive_task_assignment,2026-01-15T19:54:43.000Z,complete,arm_1,robotic_arm,warehouse_multi_robot_pick_pack_handover_044_exec_3,done,99.7,12.0,5.0,0.0,msg_1e65f8e7bc,order_id assigned for picking,receive,amr_1,arm_1
warehouse_multi_robot_pick_pack_handover_044,navigate_to_shelf,2026-01-15T19:54:44.000Z,start,amr_1,amr,warehouse_multi_robot_pick_pack_handover_044_exec_4,inprogress,86.5,0.0,0.0,0.0,null,null,null,null,null
warehouse_multi_robot_pick_pack_handover_044,navigate_to_shelf,2026-01-15T19:55:21.000Z,null,amr_1,amr,warehouse_multi_robot_pick_pack_handover_044_exec_4,inprogress,85.8,5.48,4.48,0.0,null,null,null,null,null
warehouse_multi_robot_pick_pack_handover_044,navigate_to_shelf,2026-01-15T19:55:58.000Z,null,amr_1,amr,warehouse_multi_robot_pick_pack_handover_044_exec_4,inprogress,85.1,10.96,8.97,0.0,null,null,null,null,null
warehouse_multi_robot_pick_pack_handover_044,navigate_to_shelf,2026-01-15T19:56:35.000Z,null,amr_1,amr,warehouse_multi_robot_pick_pack_handover_044_exec_4,inprogress,84.3,16.44,13.45,0.0,null,null,null,null,null
warehouse_multi_robot_pick_pack_handover_044,navigate_to_shelf,2026-01-15T19:57:12.000Z,null,amr_1,amr,warehouse_multi_robot_pick_pack_handover_044_exec_4,inprogress,83.6,21.92,17.93,0.0,null,null,null,null,null
warehouse_multi_robot_pick_pack_handover_044,navigate_to_shelf,2026-01-15T19:57:50.000Z,complete,amr_1,amr,warehouse_multi_robot_pick_pack_handover_044_exec_4,done,82.8,27.4,22.41,0.0,null,null,null,null,null
warehouse_multi_robot_pick_pack_handover_044,scan_bin,2026-01-15T19:57:51.000Z,start,amr_1,amr,warehouse_multi_robot_pick_pack_handover_044_exec_5,inprogress,82.8,27.4,22.41,0.0,null,null,null,null,null
warehouse_multi_robot_pick_pack_handover_044,scan_bin,2026-01-15T19:58:10.000Z,null,amr_1,amr,warehouse_multi_robot_pick_pack_handover_044_exec_5,inprogress,82.5,27.4,22.41,0.0,null,null,null,null,null
warehouse_multi_robot_pick_pack_handover_044,scan_bin,2026-01-15T19:58:30.000Z,complete,amr_1,amr,warehouse_multi_robot_pick_pack_handover_044_exec_5,done,82.2,27.4,22.41,0.0,null,null,null,null,null
warehouse_multi_robot_pick_pack_handover_044,send_shelf_confirmation,2026-01-15T19:58:31.000Z,start,amr_1,amr,warehouse_multi_robot_pick_pack_handover_044_exec_6,inprogress,82.2,27.4,22.41,0.0,msg_29fab17104,bin verified for pick,send,amr_1,arm_1
warehouse_multi_robot_pick_pack_handover_044,send_shelf_confirmation,2026-01-15T19:58:39.000Z,complete,amr_1,amr,warehouse_multi_robot_pick_pack_handover_044_exec_6,done,82.0,27.4,22.41,0.0,msg_29fab17104,bin verified for pick,send,amr_1,arm_1
warehouse_multi_robot_pick_pack_handover_044,receive_shelf_confirmation,2026-01-15T19:58:44.000Z,start,arm_1,robotic_arm,warehouse_multi_robot_pick_pack_handover_044_exec_7,inprogress,99.7,12.0,5.0,0.0,msg_29fab17104,bin verified for pick,receive,amr_1,arm_1
warehouse_multi_robot_pick_pack_handover_044,receive_shelf_confirmation,2026-01-15T19:58:48.000Z,complete,arm_1,robotic_arm,warehouse_multi_robot_pick_pack_handover_044_exec_7,done,99.6,12.0,5.0,0.0,msg_29fab17104,bin verified for pick,receive,amr_1,arm_1
warehouse_multi_robot_pick_pack_handover_044,pick_item,2026-01-15T19:58:49.000Z,start,arm_1,robotic_arm,warehouse_multi_robot_pick_pack_handover_044_exec_8,inprogress,99.6,12.0,5.0,0.0,null,null,null,null,null
warehouse_multi_robot_pick_pack_handover_044,pick_item,2026-01-15T19:59:12.000Z,null,arm_1,robotic_arm,warehouse_multi_robot_pick_pack_handover_044_exec_8,inprogress,99.3,12.0,5.0,0.0,null,null,null,null,null
warehouse_multi_robot_pick_pack_handover_044,pick_item,2026-01-15T19:59:35.000Z,null,arm_1,robotic_arm,warehouse_multi_robot_pick_pack_handover_044_exec_8,inprogress,99.1,12.0,5.0,0.0,null,null,null,null,null
warehouse_multi_robot_pick_pack_handover_044,pick_item,2026-01-15T20:00:00.000Z,complete,arm_1,robotic_arm,warehouse_multi_robot_pick_pack_handover_044_exec_8,done,98.8,12.0,5.0,0.0,null,null,null,null,null
warehouse_multi_robot_pick_pack_handover_044,send_handover_coordination,2026-01-15T20:00:01.000Z,start,arm_1,robotic_arm,warehouse_multi_robot_pick_pack_handover_044_exec_9,inprogress,98.8,12.0,5.0,0.0,msg_e4746345de,ready for handover at station,send,arm_1,amr_1
warehouse_multi_robot_pick_pack_handover_044,send_handover_coordination,2026-01-15T20:00:08.000Z,complete,arm_1,robotic_arm,warehouse_multi_robot_pick_pack_handover_044_exec_9,done,98.6,12.0,5.0,0.0,msg_e4746345de,ready for handover at station,send,arm_1,amr_1
warehouse_multi_robot_pick_pack_handover_044,receive_handover_coordination,2026-01-15T20:00:12.000Z,start,amr_1,amr,warehouse_multi_robot_pick_pack_handover_044_exec_10,inprogress,82.0,27.4,22.41,0.0,msg_e4746345de,ready for handover at station,receive,arm_1,amr_1
warehouse_multi_robot_pick_pack_handover_044,receive_handover_coordination,2026-01-15T20:00:16.000Z,complete,amr_1,amr,warehouse_multi_robot_pick_pack_handover_044_exec_10,done,81.9,27.4,22.41,0.0,msg_e4746345de,ready for handover at station,receive,arm_1,amr_1
warehouse_multi_robot_pick_pack_handover_044,navigate_to_handover,2026-01-15T20:00:17.000Z,start,amr_1,amr,warehouse_multi_robot_pick_pack_handover_044_exec_11,inprogress,81.9,27.4,22.41,0.0,null,null,null,null,null
warehouse_multi_robot_pick_pack_handover_044,navigate_to_handover,2026-01-15T20:01:28.000Z,null,amr_1,amr,warehouse_multi_robot_pick_pack_handover_044_exec_11,inprogress,80.2,19.7,13.71,0.0,null,null,null,null,null
warehouse_multi_robot_pick_pack_handover_044,navigate_to_handover,2026-01-15T20:02:40.000Z,complete,amr_1,amr,warehouse_multi_robot_pick_pack_handover_044_exec_11,done,78.6,12.0,5.0,0.0,null,null,null,null,null
warehouse_multi_robot_pick_pack_handover_044,handover_item,2026-01-15T20:02:41.000Z,start,arm_1,robotic_arm,warehouse_multi_robot_pick_pack_handover_044_exec_12,inprogress,98.6,12.0,5.0,0.0,null,null,null,null,null
warehouse_multi_robot_pick_pack_handover_044,handover_item,2026-01-15T20:02:58.000Z,null,arm_1,robotic_arm,warehouse_multi_robot_pick_pack_handover_044_exec_12,inprogress,98.3,12.0,5.0,0.0,null,null,null,null,null
warehouse_multi_robot_pick_pack_handover_044,handover_item,2026-01-15T20:03:15.000Z,complete,arm_1,robotic_arm,warehouse_multi_robot_pick_pack_handover_044_exec_12,done,98.0,12.0,5.0,0.0,null,null,null,null,null
warehouse_multi_robot_pick_pack_handover_044,handover_item,2026-01-15T20:03:16.000Z,start,amr_1,amr,warehouse_multi_robot_pick_pack_handover_044_exec_13,inprogress,78.6,12.0,5.0,0.0,null,null,null,null,null
warehouse_multi_robot_pick_pack_handover_044,handover_item,2026-01-15T20:03:34.000Z,complete,amr_1,amr,warehouse_multi_robot_pick_pack_handover_044_exec_13,done,78.4,12.0,5.0,0.0,null,null,null,null,null
warehouse_multi_robot_pick_pack_handover_044,pack_order,2026-01-15T20:03:35.000Z,start,arm_1,robotic_arm,warehouse_multi_robot_pick_pack_handover_044_exec_14,inprogress,98.0,12.0,5.0,0.0,null,null,null,null,null
warehouse_multi_robot_pick_pack_handover_044,pack_order,2026-01-15T20:04:42.000Z,null,arm_1,robotic_arm,warehouse_multi_robot_pick_pack_handover_044_exec_14,inprogress,97.4,12.0,5.0,0.0,null,null,null,null,null
warehouse_multi_robot_pick_pack_handover_044,pack_order,2026-01-15T20:05:50.000Z,complete,arm_1,robotic_arm,warehouse_multi_robot_pick_pack_handover_044_exec_14,done,96.7,12.0,5.0,0.0,null,null,null,null,null
warehouse_multi_robot_pick_pack_handover_044,dispatch,2026-01-15T20:05:51.000Z,start,amr_1,amr,warehouse_multi_robot_pick_pack_handover_044_exec_15,inprogress,78.4,12.0,5.0,0.0,null,null,null,null,null
warehouse_multi_robot_pick_pack_handover_044,dispatch,2026-01-15T20:06:20.000Z,null,amr_1,amr,warehouse_multi_robot_pick_pack_handover_044_exec_15,inprogress,77.6,10.0,4.25,0.0,null,null,null,null,null
warehouse_multi_robot_pick_pack_handover_044,dispatch,2026-01-15T20:06:49.000Z,null,amr_1,amr,warehouse_multi_robot_pick_pack_handover_044_exec_15,inprogress,76.9,8.0,3.5,0.0,null,null,null,null,null
warehouse_multi_robot_pick_pack_handover_044,dispatch,2026-01-15T20:07:18.000Z,null,amr_1,amr,warehouse_multi_robot_pick_pack_handover_044_exec_15,inprogress,76.1,6.0,2.75,0.0,null,null,null,null,null
warehouse_multi_robot_pick_pack_handover_044,dispatch,2026-01-15T20:07:47.000Z,complete,amr_1,amr,warehouse_multi_robot_pick_pack_handover_044_exec_15,done,75.4,4.0,2.0,0.0,null,null,null,null,null
warehouse_multi_robot_pick_pack_handover_045,receive_order,2026-01-15T20:12:00.000Z,start,amr_1,amr,warehouse_multi_robot_pick_pack_handover_045_exec_1,inprogress,82.4,0.0,0.0,0.0,null,null,null,null,null
warehouse_multi_robot_pick_pack_handover_045,receive_order,2026-01-15T20:12:29.000Z,complete,amr_1,amr,warehouse_multi_robot_pick_pack_handover_045_exec_1,done,82.1,0.0,0.0,0.0,null,null,null,null,null
warehouse_multi_robot_pick_pack_handover_045,send_task_assignment,2026-01-15T20:12:30.000Z,start,amr_1,amr,warehouse_multi_robot_pick_pack_handover_045_exec_2,inprogress,82.1,0.0,0.0,0.0,msg_6bdaf2b6a5,order_id assigned for picking,send,amr_1,arm_1
warehouse_multi_robot_pick_pack_handover_045,send_task_assignment,2026-01-15T20:12:36.000Z,complete,amr_1,amr,warehouse_multi_robot_pick_pack_handover_045_exec_2,done,81.9,0.0,0.0,0.0,msg_6bdaf2b6a5,order_id assigned for picking,send,amr_1,arm_1
warehouse_multi_robot_pick_pack_handover_045,receive_task_assignment,2026-01-15T20:12:40.000Z,start,arm_1,robotic_arm,warehouse_multi_robot_pick_pack_handover_045_exec_3,inprogress,92.0,12.0,5.0,0.0,msg_6bdaf2b6a5,order_id assigned for picking,receive,amr_1,arm_1
warehouse_multi_robot_pick_pack_handover_045,receive_task_assignment,2026-01-15T20:12:44.000Z,complete,arm_1,robotic_arm,warehouse_multi_robot_pick_pack_handover_045_exec_3,done,91.9,12.0,5.0,0.0,msg_6bdaf2b6a5,order_id assigned for picking,receive,amr_1,arm_1
warehouse_multi_robot_pick_pack_handover_045,navigate_to_shelf,2026-01-15T20:12:45.000Z,start,amr_1,amr,warehouse_multi_robot_pick_pack_handover_045_exec_4,inprogress,81.9,0.0,0.0,0.0,null,null,null,null,null
warehouse_multi_robot_pick_pack_handover_045,navigate_to_shelf,2026-01-15T20:13:34.000Z,null,amr_1,amr,warehouse_multi_robot_pick_pack_handover_045_exec_4,inprogress,81.3,7.08,2.65,0.0,null,null,null,null,null
warehouse_multi_robot_pick_pack_handover_045,navigate_to_shelf,2026-01-15T20:14:23.000Z,null,amr_1,amr,warehouse_multi_robot_pick_pack_handover_045_exec_4,inprogress,80.7,14.15,5.29,0.0,null,null,null,null,null
warehouse_multi_robot_pick_pack_handover_045,navigate_to_shelf,2026-01-15T20:15:12.000Z,null,amr_1,amr,warehouse_multi_robot_pick_pack_handover_045_exec_4,inprogress,80.1,21.23,7.94,0.0,null,null,null,null,null
warehouse_multi_robot_pick_pack_handover_045,navigate_to_shelf,2026-01-15T20:16:01.000Z,null,amr_1,amr,warehouse_multi_robot_pick_pack_handover_045_exec_4,inprogress,79.5,28.31,10.59,0.0,null,null,null,null,null
warehouse_multi_robot_pick_pack_handover_045,navigate_to_shelf,2026-01-15T20:16:54.000Z,complete,amr_1,amr,warehouse_multi_robot_pick_pack_handover_045_exec_4,done,78.9,35.38,13.23,0.0,null,null,null,null,null
warehouse_multi_robot_pick_pack_handover_045,scan_bin,2026-01-15T20:16:55.000Z,start,amr_1,amr,warehouse_multi_robot_pick_pack_handover_045_exec_5,inprogress,78.9,35.38,13.23,0.0,null,null,null,null,null
warehouse_multi_robot_pick_pack_handover_045,scan_bin,2026-01-15T20:17:15.000Z,complete,amr_1,amr,warehouse_multi_robot_pick_pack_handover_045_exec_5,done,78.4,35.38,13.23,0.0,null,null,null,null,null
warehouse_multi_robot_pick_pack_handover_045,send_shelf_confirmation,2026-01-15T20:17:16.000Z,start,amr_1,amr,warehouse_multi_robot_pick_pack_handover_045_exec_6,inprogress,78.4,35.38,13.23,0.0,msg_2f1e6d9e67,bin verified for pick,send,amr_1,arm_1
warehouse_multi_robot_pick_pack_handover_045,send_shelf_confirmation,2026-01-15T20:17:22.000Z,complete,amr_1,amr,warehouse_multi_robot_pick_pack_handover_045_exec_6,done,78.2,35.38,13.23,0.0,msg_2f1e6d9e67,bin verified for pick,send,amr_1,arm_1
warehouse_multi_robot_pick_pack_handover_045,receive_shelf_confirmation,2026-01-15T20:17:27.000Z,start,arm_1,robotic_arm,warehouse_multi_robot_pick_pack_handover_045_exec_7,inprogress,91.9,12.0,5.0,0.0,msg_2f1e6d9e67,bin verified for pick,receive,amr_1,arm_1
warehouse_multi_robot_pick_pack_handover_045,receive_shelf_confirmation,2026-01-15T20:17:31.000Z,complete,arm_1,robotic_arm,warehouse_multi_robot_pick_pack_handover_045_exec_7,done,91.8,12.0,5.0,0.0,msg_2f1e6d9e67,bin verified for pick,receive,amr_1,arm_1
warehouse_multi_robot_pick_pack_handover_045,pick_item,2026-01-15T20:17:32.000Z,start,arm_1,robotic_arm,warehouse_multi_robot_pick_pack_handover_045_exec_8,inprogress,91.8,12.0,5.0,0.0,null,null,null,null,null
warehouse_multi_robot_pick_pack_handover_045,pick_item,2026-01-15T20:18:02.000Z,null,arm_1,robotic_arm,warehouse_multi_robot_pick_pack_handover_045_exec_8,inprogress,91.4,12.0,5.0,0.0,null,null,null,null,null
warehouse_multi_robot_pick_pack_handover_045,pick_item,2026-01-15T20:18:32.000Z,complete,arm_1,robotic_arm,warehouse_multi_robot_pick_pack_handover_045_exec_8,done,90.9,12.0,5.0,0.0,null,null,null,null,null
warehouse_multi_robot_pick_pack_handover_045,send_handover_coordination,2026-01-15T20:18:33.000Z,start,arm_1,robotic_arm,warehouse_multi_robot_pick_pack_handover_045_exec_9,inprogress,90.9,12.0,5.0,0.0,msg_c74242b7d4,ready for handover at station,send,arm_1,amr_1
warehouse_multi_robot_pick_pack_handover_045,send_handover_coordination,2026-01-15T20:18:38.000Z,complete,arm_1,robotic_arm,warehouse_multi_robot_pick_pack_handover_045_exec_9,done,90.7,12.0,5.0,0.0,msg_c74242b7d4,ready for handover at station,send,arm_1,amr_1
warehouse_multi_robot_pick_pack_handover_045,receive_handover_coordination,2026-01-15T20:18:42.000Z,start,amr_1,amr,warehouse_multi_robot_pick_pack_handover_045_exec_10,inprogress,78.2,35.38,13.23,0.0,msg_c74242b7d4,ready for handover at station,receive,arm_1,amr_1
warehouse_multi_robot_pick_pack_handover_045,receive_handover_coordination,2026-01-15T20:18:46.000Z,complete,amr_1,amr,warehouse_multi_robot_pick_pack_handover_045_exec_10,done,78.1,35.38,13.23,0.0,msg_c74242b7d4,ready for handover at station,receive,arm_1,amr_1
warehouse_multi_robot_pick_pack_handover_045,navigate_to_handover,2026-01-15T20:18:47.000Z,start,amr_1,amr,warehouse_multi_robot_pick_pack_handover_045_exec_11,inprogress,78.1,35.38,13.23,0.0,null,null,null,null,null
warehouse_multi_robot_pick_pack_handover_045,navigate_to_handover,2026-01-15T20:19:27.000Z,null,amr_1,amr,warehouse_multi_robot_pick_pack_handover_045_exec_11,inprogress,77.0,27.59,10.49,0.0,null,null,null,null,null
warehouse_multi_robot_pick_pack_handover_045,navigate_to_handover,2026-01-15T20:20:07.000Z,null,amr_1,amr,warehouse_multi_robot_pick_pack_handover_045_exec_11,inprogress,75.8,19.79,7.74,0.0,null,null,null,null,null
warehouse_multi_robot_pick_pack_handover_045,navigate_to_handover,2026-01-15T20:20:49.000Z,complete,amr_1,amr,warehouse_multi_robot_pick_pack_handover_045_exec_11,done,74.7,12.0,5.0,0.0,null,null,null,null,null
warehouse_multi_robot_pick_pack_handover_045,handover_item,2026-01-15T20:20:50.000Z,start,arm_1,robotic_arm,warehouse_multi_robot_pick_pack_handover_045_exec_12,inprogress,90.7,12.0,5.0,0.0,null,null,null,null,null
warehouse_multi_robot_pick_pack_handover_045,handover_item,2026-01-15T20:21:15.000Z,null,arm_1,robotic_arm,warehouse_multi_robot_pick_pack_handover_045_exec_12,inprogress,90.4,12.0,5.0,0.0,null,null,null,null,null
warehouse_multi_robot_pick_pack_handover_045,handover_item,2026-01-15T20:21:40.000Z,complete,arm_1,robotic_arm,warehouse_multi_robot_pick_pack_handover_045_exec_12,done,90.2,12.0,5.0,0.0,null,null,null,null,null
warehouse_multi_robot_pick_pack_handover_045,handover_item,2026-01-15T20:21:41.000Z,start,amr_1,amr,warehouse_multi_robot_pick_pack_handover_045_exec_13,inprogress,74.7,12.0,5.0,0.0,null,null,null,null,null
warehouse_multi_robot_pick_pack_handover_045,handover_item,2026-01-15T20:21:54.000Z,null,amr_1,amr,warehouse_multi_robot_pick_pack_handover_045_exec_13,inprogress,74.6,12.0,5.0,0.0,null,null,null,null,null
warehouse_multi_robot_pick_pack_handover_045,handover_item,2026-01-15T20:22:07.000Z,complete,amr_1,amr,warehouse_multi_robot_pick_pack_handover_045_exec_13,done,74.5,12.0,5.0,0.0,null,null,null,null,null
warehouse_multi_robot_pick_pack_handover_045,pack_order,2026-01-15T20:22:08.000Z,start,arm_1,robotic_arm,warehouse_multi_robot_pick_pack_handover_045_exec_14,inprogress,90.2,12.0,5.0,0.0,null,null,null,null,null
warehouse_multi_robot_pick_pack_handover_045,pack_order,2026-01-15T20:22:36.000Z,null,arm_1,robotic_arm,warehouse_multi_robot_pick_pack_handover_045_exec_14,inprogress,89.8,12.0,5.0,0.0,null,null,null,null,null
warehouse_multi_robot_pick_pack_handover_045,pack_order,2026-01-15T20:23:04.000Z,null,arm_1,robotic_arm,warehouse_multi_robot_pick_pack_handover_045_exec_14,inprogress,89.4,12.0,5.0,0.0,null,null,null,null,null
warehouse_multi_robot_pick_pack_handover_045,pack_order,2026-01-15T20:23:32.000Z,null,arm_1,robotic_arm,warehouse_multi_robot_pick_pack_handover_045_exec_14,inprogress,89.1,12.0,5.0,0.0,null,null,null,null,null
warehouse_multi_robot_pick_pack_handover_045,pack_order,2026-01-15T20:24:01.000Z,complete,arm_1,robotic_arm,warehouse_multi_robot_pick_pack_handover_045_exec_14,done,88.7,12.0,5.0,0.0,null,null,null,null,null
warehouse_multi_robot_pick_pack_handover_045,dispatch,2026-01-15T20:24:02.000Z,start,amr_1,amr,warehouse_multi_robot_pick_pack_handover_045_exec_15,inprogress,74.5,12.0,5.0,0.0,null,null,null,null,null
warehouse_multi_robot_pick_pack_handover_045,dispatch,2026-01-15T20:24:51.000Z,null,amr_1,amr,warehouse_multi_robot_pick_pack_handover_045_exec_15,inprogress,73.5,9.33,4.0,0.0,null,null,null,null,null
warehouse_multi_robot_pick_pack_handover_045,dispatch,2026-01-15T20:25:40.000Z,null,amr_1,amr,warehouse_multi_robot_pick_pack_handover_045_exec_15,inprogress,72.6,6.67,3.0,0.0,null,null,null,null,null
warehouse_multi_robot_pick_pack_handover_045,dispatch,2026-01-15T20:26:31.000Z,complete,amr_1,amr,warehouse_multi_robot_pick_pack_handover_045_exec_15,done,71.6,4.0,2.0,0.0,null,null,null,null,null
warehouse_multi_robot_pick_pack_handover_046,receive_order,2026-01-15T20:30:00.000Z,start,amr_1,amr,warehouse_multi_robot_pick_pack_handover_046_exec_1,inprogress,71.7,0.0,0.0,0.0,null,null,null,null,null
warehouse_multi_robot_pick_pack_handover_046,receive_order,2026-01-15T20:30:30.000Z,complete,amr_1,amr,warehouse_multi_robot_pick_pack_handover_046_exec_1,done,71.4,0.0,0.0,0.0,null,null,null,null,null
warehouse_multi_robot_pick_pack_handover_046,send_task_assignment,2026-01-15T20:30:31.000Z,start,amr_1,amr,warehouse_multi_robot_pick_pack_handover_046_exec_2,inprogress,71.4,0.0,0.0,0.0,msg_899f368c04,order_id assigned for picking,send,amr_1,arm_1
warehouse_multi_robot_pick_pack_handover_046,send_task_assignment,2026-01-15T20:30:37.000Z,complete,amr_1,amr,warehouse_multi_robot_pick_pack_handover_046_exec_2,done,71.2,0.0,0.0,0.0,msg_899f368c04,order_id assigned for picking,send,amr_1,arm_1
warehouse_multi_robot_pick_pack_handover_046,receive_task_assignment,2026-01-15T20:30:41.000Z,start,arm_1,robotic_arm,warehouse_multi_robot_pick_pack_handover_046_exec_3,inprogress,94.3,12.0,5.0,0.0,msg_899f368c04,order_id assigned for picking,receive,amr_1,arm_1
warehouse_multi_robot_pick_pack_handover_046,receive_task_assignment,2026-01-15T20:30:45.000Z,complete,arm_1,robotic_arm,warehouse_multi_robot_pick_pack_handover_046_exec_3,done,94.2,12.0,5.0,0.0,msg_899f368c04,order_id assigned for picking,receive,amr_1,arm_1
warehouse_multi_robot_pick_pack_handover_046,navigate_to_shelf,2026-01-15T20:30:46.000Z,start,amr_1,amr,warehouse_multi_robot_pick_pack_handover_046_exec_4,inprogress,71.2,0.0,0.0,0.0,null,null,null,null,null
warehouse_multi_robot_pick_pack_handover_046,navigate_to_shelf,2026-01-15T20:31:56.000Z,null,amr_1,amr,warehouse_multi_robot_pick_pack_handover_046_exec_4,inprogress,69.5,11.86,7.7,0.0,null,null,null,null,null
warehouse_multi_robot_pick_pack_handover_046,navigate_to_shelf,2026-01-15T20:33:06.000Z,null,amr_1,amr,warehouse_multi_robot_pick_pack_handover_046_exec_4,inprogress,67.9,23.73,15.4,0.0,null,null,null,null,null
warehouse_multi_robot_pick_pack_handover_046,navigate_to_shelf,2026-01-15T20:34:16.000Z,complete,amr_1,amr,warehouse_multi_robot_pick_pack_handover_046_exec_4,done,66.3,35.59,23.1,0.0,null,null,null,null,null
warehouse_multi_robot_pick_pack_handover_046,scan_bin,2026-01-15T20:34:17.000Z,start,amr_1,amr,warehouse_multi_robot_pick_pack_handover_046_exec_5,inprogress,66.3,35.59,23.1,0.0,null,null,null,null,null
warehouse_multi_robot_pick_pack_handover_046,scan_bin,2026-01-15T20:34:45.000Z,complete,amr_1,amr,warehouse_multi_robot_pick_pack_handover_046_exec_5,done,65.9,35.59,23.1,0.0,null,null,null,null,null
warehouse_multi_robot_pick_pack_handover_046,send_shelf_confirmation,2026-01-15T20:34:46.000Z,start,amr_1,amr,warehouse_multi_robot_pick_pack_handover_046_exec_6,inprogress,65.9,35.59,23.1,0.0,msg_519b61fe3a,bin verified for pick,send,amr_1,arm_1
warehouse_multi_robot_pick_pack_handover_046,send_shelf_confirmation,2026-01-15T20:34:53.000Z,complete,amr_1,amr,warehouse_multi_robot_pick_pack_handover_046_exec_6,done,65.7,35.59,23.1,0.0,msg_519b61fe3a,bin verified for pick,send,amr_1,arm_1
warehouse_multi_robot_pick_pack_handover_046,receive_shelf_confirmation,2026-01-15T20:34:58.000Z,start,arm_1,robotic_arm,warehouse_multi_robot_pick_pack_handover_046_exec_7,inprogress,94.2,12.0,5.0,0.0,msg_519b61fe3a,bin verified for pick,receive,amr_1,arm_1
warehouse_multi_robot_pick_pack_handover_046,receive_shelf_confirmation,2026-01-15T20:35:02.000Z,complete,arm_1,robotic_arm,warehouse_multi_robot_pick_pack_handover_046_exec_7,done,94.1,12.0,5.0,0.0,msg_519b61fe3a,bin verified for pick,receive,amr_1,arm_1
warehouse_multi_robot_pick_pack_handover_046,pick_item,2026-01-15T20:35:03.000Z,start,arm_1,robotic_arm,warehouse_multi_robot_pick_pack_handover_046_exec_8,inprogress,94.1,12.0,5.0,0.0,null,null,null,null,null
warehouse_multi_robot_pick_pack_handover_046,pick_item,2026-01-15T20:35:40.000Z,null,arm_1,robotic_arm,warehouse_multi_robot_pick_pack_handover_046_exec_8,inprogress,93.7,12.0,5.0,0.0,null,null,null,null,null
warehouse_multi_robot_pick_pack_handover_046,pick_item,2026-01-15T20:36:18.000Z,complete,arm_1,robotic_arm,warehouse_multi_robot_pick_pack_handover_046_exec_8,done,93.3,12.0,5.0,0.0,null,null,null,null,null
warehouse_multi_robot_pick_pack_handover_046,send_handover_coordination,2026-01-15T20:36:19.000Z,start,arm_1,robotic_arm,warehouse_multi_robot_pick_pack_handover_046_exec_9,inprogress,93.3,12.0,5.0,0.0,msg_bd1f43c702,ready for handover at station,send,arm_1,amr_1
warehouse_multi_robot_pick_pack_handover_046,send_handover_coordination,2026-01-15T20:36:26.000Z,complete,arm_1,robotic_arm,warehouse_multi_robot_pick_pack_handover_046_exec_9,done,93.1,12.0,5.0,0.0,msg_bd1f43c702,ready for handover at station,send,arm_1,amr_1
warehouse_multi_robot_pick_pack_handover_046,receive_handover_coordination,2026-01-15T20:36:30.000Z,start,amr_1,amr,warehouse_multi_robot_pick_pack_handover_046_exec_10,inprogress,65.7,35.59,23.1,0.0,msg_bd1f43c702,ready for handover at station,receive,arm_1,amr_1
warehouse_multi_robot_pick_pack_handover_046,receive_handover_coordination,2026-01-15T20:36:34.000Z,complete,amr_1,amr,warehouse_multi_robot_pick_pack_handover_046_exec_10,done,65.6,35.59,23.1,0.0,msg_bd1f43c702,ready for handover at station,receive,arm_1,amr_1
warehouse_multi_robot_pick_pack_handover_046,navigate_to_handover,2026-01-15T20:36:35.000Z,start,amr_1,amr,warehouse_multi_robot_pick_pack_handover_046_exec_11,inprogress,65.6,35.59,23.1,0.0,null,null,null,null,null
warehouse_multi_robot_pick_pack_handover_046,navigate_to_handover,2026-01-15T20:37:00.000Z,null,amr_1,amr,warehouse_multi_robot_pick_pack_handover_046_exec_11,inprogress,65.2,29.69,18.57,0.0,null,null,null,null,null
warehouse_multi_robot_pick_pack_handover_046,navigate_to_handover,2026-01-15T20:37:25.000Z,null,amr_1,amr,warehouse_multi_robot_pick_pack_handover_046_exec_11,inprogress,64.8,23.79,14.05,0.0,null,null,null,null,null
warehouse_multi_robot_pick_pack_handover_046,navigate_to_handover,2026-01-15T20:37:50.000Z,null,amr_1,amr,warehouse_multi_robot_pick_pack_handover_046_exec_11,inprogress,64.4,17.9,9.52,0.0,null,null,null,null,null
warehouse_multi_robot_pick_pack_handover_046,navigate_to_handover,2026-01-15T20:38:18.000Z,complete,amr_1,amr,warehouse_multi_robot_pick_pack_handover_046_exec_11,done,63.9,12.0,5.0,0.0,null,null,null,null,null
warehouse_multi_robot_pick_pack_handover_046,handover_item,2026-01-15T20:38:19.000Z,start,arm_1,robotic_arm,warehouse_multi_robot_pick_pack_handover_046_exec_12,inprogress,93.1,12.0,5.0,0.0,null,null,null,null,null
warehouse_multi_robot_pick_pack_handover_046,handover_item,2026-01-15T20:38:38.000Z,null,arm_1,robotic_arm,warehouse_multi_robot_pick_pack_handover_046_exec_12,inprogress,92.9,12.0,5.0,0.0,null,null,null,null,null
warehouse_multi_robot_pick_pack_handover_046,handover_item,2026-01-15T20:38:58.000Z,complete,arm_1,robotic_arm,warehouse_multi_robot_pick_pack_handover_046_exec_12,done,92.6,12.0,5.0,0.0,null,null,null,null,null
warehouse_multi_robot_pick_pack_handover_046,handover_item,2026-01-15T20:38:59.000Z,start,amr_1,amr,warehouse_multi_robot_pick_pack_handover_046_exec_13,inprogress,63.9,12.0,5.0,0.0,null,null,null,null,null
warehouse_multi_robot_pick_pack_handover_046,handover_item,2026-01-15T20:39:16.000Z,null,amr_1,amr,warehouse_multi_robot_pick_pack_handover_046_exec_13,inprogress,63.8,12.0,5.0,0.0,null,null,null,null,null
warehouse_multi_robot_pick_pack_handover_046,handover_item,2026-01-15T20:39:34.000Z,complete,amr_1,amr,warehouse_multi_robot_pick_pack_handover_046_exec_13,done,63.7,12.0,5.0,0.0,null,null,null,null,null
warehouse_multi_robot_pick_pack_handover_046,pack_order,2026-01-15T20:39:35.000Z,start,arm_1,robotic_arm,warehouse_multi_robot_pick_pack_handover_046_exec_14,inprogress,92.6,12.0,5.0,0.0,null,null,null,null,null
warehouse_multi_robot_pick_pack_handover_046,pack_order,2026-01-15T20:40:03.000Z,null,arm_1,robotic_arm,warehouse_multi_robot_pick_pack_handover_046_exec_14,inprogress,92.3,12.0,5.0,0.0,null,null,null,null,null
warehouse_multi_robot_pick_pack_handover_046,pack_order,2026-01-15T20:40:31.000Z,null,arm_1,robotic_arm,warehouse_multi_robot_pick_pack_handover_046_exec_14,inprogress,91.9,12.0,5.0,0.0,null,null,null,null,null
warehouse_multi_robot_pick_pack_handover_046,pack_order,2026-01-15T20:41:00.000Z,complete,arm_1,robotic_arm,warehouse_multi_robot_pick_pack_handover_046_exec_14,done,91.6,12.0,5.0,0.0,null,null,null,null,null
warehouse_multi_robot_pick_pack_handover_046,dispatch,2026-01-15T20:41:01.000Z,start,amr_1,amr,warehouse_multi_robot_pick_pack_handover_046_exec_15,inprogress,63.7,12.0,5.0,0.0,null,null,null,null,null
warehouse_multi_robot_pick_pack_handover_046,dispatch,2026-01-15T20:42:05.000Z,null,amr_1,amr,warehouse_multi_robot_pick_pack_handover_046_exec_15,inprogress,62.6,8.0,3.5,0.0,null,null,null,null,null
warehouse_multi_robot_pick_pack_handover_046,dispatch,2026-01-15T20:43:09.000Z,complete,amr_1,amr,warehouse_multi_robot_pick_pack_handover_046_exec_15,done,61.5,4.0,2.0,0.0,null,null,null,null,null
warehouse_multi_robot_pick_pack_handover_047,receive_order,2026-01-15T20:48:00.000Z,start,amr_1,amr,warehouse_multi_robot_pick_pack_handover_047_exec_1,inprogress,75.3,0.0,0.0,0.0,null,null,null,null,null
warehouse_multi_robot_pick_pack_handover_047,receive_order,2026-01-15T20:48:13.000Z,complete,amr_1,amr,warehouse_multi_robot_pick_pack_handover_047_exec_1,done,74.9,0.0,0.0,0.0,null,null,null,null,null
warehouse_multi_robot_pick_pack_handover_047,send_task_assignment,2026-01-15T20:48:14.000Z,start,amr_1,amr,warehouse_multi_robot_pick_pack_handover_047_exec_2,inprogress,74.9,0.0,0.0,0.0,msg_be0a1a6eff,order_id assigned for picking,send,amr_1,arm_1
warehouse_multi_robot_pick_pack_handover_047,send_task_assignment,2026-01-15T20:48:21.000Z,complete,amr_1,amr,warehouse_multi_robot_pick_pack_handover_047_exec_2,done,74.7,0.0,0.0,0.0,msg_be0a1a6eff,order_id assigned for picking,send,amr_1,arm_1
warehouse_multi_robot_pick_pack_handover_047,receive_task_assignment,2026-01-15T20:48:25.000Z,start,arm_1,robotic_arm,warehouse_multi_robot_pick_pack_handover_047_exec_3,inprogress,92.5,12.0,5.0,0.0,msg_be0a1a6eff,order_id assigned for picking,receive,amr_1,arm_1
warehouse_multi_robot_pick_pack_handover_047,receive_task_assignment,2026-01-15T20:48:29.000Z,complete,arm_1,robotic_arm,warehouse_multi_robot_pick_pack_handover_047_exec_3,done,92.4,12.0,5.0,0.0,msg_be0a1a6eff,order_id assigned for picking,receive,amr_1,arm_1
warehouse_multi_robot_pick_pack_handover_047,navigate_to_shelf,2026-01-15T20:48:30.000Z,start,amr_1,amr,warehouse_multi_robot_pick_pack_handover_047_exec_4,inprogress,74.7,0.0,0.0,0.0,null,null,null,null,null
warehouse_multi_robot_pick_pack_handover_047,navigate_to_shelf,2026-01-15T20:49:21.000Z,null,amr_1,amr,warehouse_multi_robot_pick_pack_handover_047_exec_4,inprogress,73.7,9.48,2.65,0.0,null,null,null,null,null
warehouse_multi_robot_pick_pack_handover_047,navigate_to_shelf,2026-01-15T20:50:12.000Z,null,amr_1,amr,warehouse_multi_robot_pick_pack_handover_047_exec_4,inprogress,72.6,18.95,5.31,0.0,null,null,null,null,null
warehouse_multi_robot_pick_pack_handover_047,navigate_to_shelf,2026-01-15T20:51:03.000Z,null,amr_1,amr,warehouse_multi_robot_pick_pack_handover_047_exec_4,inprogress,71.6,28.43,7.96,0.0,null,null,null,null,null
warehouse_multi_robot_pick_pack_handover_047,navigate_to_shelf,2026-01-15T20:51:57.000Z,complete,amr_1,amr,warehouse_multi_robot_pick_pack_handover_047_exec_4,done,70.5,37.91,10.62,0.0,null,null,null,null,null
warehouse_multi_robot_pick_pack_handover_047,scan_bin,2026-01-15T20:51:58.000Z,start,amr_1,amr,warehouse_multi_robot_pick_pack_handover_047_exec_5,inprogress,70.5,37.91,10.62,0.0,null,null,null,null,null
warehouse_multi_robot_pick_pack_handover_047,scan_bin,2026-01-15T20:52:16.000Z,null,amr_1,amr,warehouse_multi_robot_pick_pack_handover_047_exec_5,inprogress,70.2,37.91,10.62,0.0,null,null,null,null,null
warehouse_multi_robot_pick_pack_handover_047,scan_bin,2026-01-15T20:52:34.000Z,complete,amr_1,amr,warehouse_multi_robot_pick_pack_handover_047_exec_5,done,69.9,37.91,10.62,0.0,null,null,null,null,null
warehouse_multi_robot_pick_pack_handover_047,send_shelf_confirmation,2026-01-15T20:52:35.000Z,start,amr_1,amr,warehouse_multi_robot_pick_pack_handover_047_exec_6,inprogress,69.9,37.91,10.62,0.0,msg_04cdab4836,bin verified for pick,send,amr_1,arm_1
warehouse_multi_robot_pick_pack_handover_047,send_shelf_confirmation,2026-01-15T20:52:40.000Z,complete,amr_1,amr,warehouse_multi_robot_pick_pack_handover_047_exec_6,done,69.7,37.91,10.62,0.0,msg_04cdab4836,bin verified for pick,send,amr_1,arm_1
warehouse_multi_robot_pick_pack_handover_047,receive_shelf_confirmation,2026-01-15T20:52:45.000Z,start,arm_1,robotic_arm,warehouse_multi_robot_pick_pack_handover_047_exec_7,inprogress,92.4,12.0,5.0,0.0,msg_04cdab4836,bin verified for pick,receive,amr_1,arm_1
warehouse_multi_robot_pick_pack_handover_047,receive_shelf_confirmation,2026-01-15T20:52:49.000Z,complete,arm_1,robotic_arm,warehouse_multi_robot_pick_pack_handover_047_exec_7,done,92.3,12.0,5.0,0.0,msg_04cdab4836,bin verified for pick,receive,amr_1,arm_1
warehouse_multi_robot_pick_pack_handover_047,pick_item,2026-01-15T20:52:50.000Z,start,arm_1,robotic_arm,warehouse_multi_robot_pick_pack_handover_047_exec_8,inprogress,92.3,12.0,5.0,0.0,null,null,null,null,null
warehouse_multi_robot_pick_pack_handover_047,pick_item,2026-01-15T20:53:32.000Z,null,arm_1,robotic_arm,warehouse_multi_robot_pick_pack_handover_047_exec_8,inprogress,91.8,12.0,5.0,0.0,null,null,null,null,null
warehouse_multi_robot_pick_pack_handover_047,pick_item,2026-01-15T20:54:14.000Z,complete,arm_1,robotic_arm,warehouse_multi_robot_pick_pack_handover_047_exec_8,done,91.4,12.0,5.0,0.0,null,null,null,null,null
warehouse_multi_robot_pick_pack_handover_047,send_handover_coordination,2026-01-15T20:54:15.000Z,start,arm_1,robotic_arm,warehouse_multi_robot_pick_pack_handover_047_exec_9,inprogress,91.4,12.0,5.0,0.0,msg_0c3e6b88e7,ready for handover at station,send,arm_1,amr_1
warehouse_multi_robot_pick_pack_handover_047,send_handover_coordination,2026-01-15T20:54:23.000Z,complete,arm_1,robotic_arm,warehouse_multi_robot_pick_pack_handover_047_exec_9,done,91.2,12.0,5.0,0.0,msg_0c3e6b88e7,ready for handover at station,send,arm_1,amr_1
warehouse_multi_robot_pick_pack_handover_047,receive_handover_coordination,2026-01-15T20:55:50.000Z,start,amr_1,amr,warehouse_multi_robot_pick_pack_handover_047_exec_10,inprogress,69.7,37.91,10.62,0.0,msg_0c3e6b88e7,ready for handover at station,receive,arm_1,amr_1
warehouse_multi_robot_pick_pack_handover_047,receive_handover_coordination,2026-01-15T20:55:54.000Z,complete,amr_1,amr,warehouse_multi_robot_pick_pack_handover_047_exec_10,done,69.6,37.91,10.62,0.0,msg_0c3e6b88e7,ready for handover at station,receive,arm_1,amr_1
warehouse_multi_robot_pick_pack_handover_047,queue_wait,2026-01-15T20:55:55.000Z,start,amr_1,amr,warehouse_multi_robot_pick_pack_handover_047_exec_11,inprogress,69.6,37.91,10.62,0.0,null,null,null,null,null
warehouse_multi_robot_pick_pack_handover_047,queue_wait,2026-01-15T20:56:25.000Z,null,amr_1,amr,warehouse_multi_robot_pick_pack_handover_047_exec_11,inprogress,69.3,37.91,10.62,0.0,null,null,null,null,null
warehouse_multi_robot_pick_pack_handover_047,queue_wait,2026-01-15T20:56:56.000Z,complete,amr_1,amr,warehouse_multi_robot_pick_pack_handover_047_exec_11,done,69.0,37.91,10.62,0.0,null,null,null,null,null
warehouse_multi_robot_pick_pack_handover_047,navigate_to_handover,2026-01-15T20:56:57.000Z,start,amr_1,amr,warehouse_multi_robot_pick_pack_handover_047_exec_12,inprogress,69.0,37.91,10.62,0.0,null,null,null,null,null
warehouse_multi_robot_pick_pack_handover_047,navigate_to_handover,2026-01-15T20:57:43.000Z,null,amr_1,amr,warehouse_multi_robot_pick_pack_handover_047_exec_12,inprogress,68.0,29.27,8.75,0.0,null,null,null,null,null
warehouse_multi_robot_pick_pack_handover_047,navigate_to_handover,2026-01-15T20:58:29.000Z,null,amr_1,amr,warehouse_multi_robot_pick_pack_handover_047_exec_12,inprogress,67.1,20.64,6.87,0.0,null,null,null,null,null
warehouse_multi_robot_pick_pack_handover_047,navigate_to_handover,2026-01-15T20:59:15.000Z,complete,amr_1,amr,warehouse_multi_robot_pick_pack_handover_047_exec_12,done,66.1,12.0,5.0,0.0,null,null,null,null,null
warehouse_multi_robot_pick_pack_handover_047,handover_item,2026-01-15T20:59:16.000Z,start,arm_1,robotic_arm,warehouse_multi_robot_pick_pack_handover_047_exec_13,inprogress,91.2,12.0,5.0,0.0,null,null,null,null,null
warehouse_multi_robot_pick_pack_handover_047,handover_item,2026-01-15T21:00:09.000Z,complete,arm_1,robotic_arm,warehouse_multi_robot_pick_pack_handover_047_exec_13,done,91.0,12.0,5.0,0.0,null,null,null,null,null
warehouse_multi_robot_pick_pack_handover_047,handover_item,2026-01-15T21:00:10.000Z,start,amr_1,amr,warehouse_multi_robot_pick_pack_handover_047_exec_14,inprogress,66.1,12.0,5.0,0.0,null,null,null,null,null
warehouse_multi_robot_pick_pack_handover_047,handover_item,2026-01-15T21:00:30.000Z,complete,amr_1,amr,warehouse_multi_robot_pick_pack_handover_047_exec_14,done,65.8,12.0,5.0,0.0,null,null,null,null,null
warehouse_multi_robot_pick_pack_handover_047,pack_order,2026-01-15T21:00:31.000Z,start,arm_1,robotic_arm,warehouse_multi_robot_pick_pack_handover_047_exec_15,inprogress,91.0,12.0,5.0,0.0,null,null,null,null,null
warehouse_multi_robot_pick_pack_handover_047,pack_order,2026-01-15T21:01:01.000Z,null,arm_1,robotic_arm,warehouse_multi_robot_pick_pack_handover_047_exec_15,inprogress,90.4,12.0,5.0,0.0,null,null,null,null,null
warehouse_multi_robot_pick_pack_handover_047,pack_order,2026-01-15T21:01:31.000Z,complete,arm_1,robotic_arm,warehouse_multi_robot_pick_pack_handover_047_exec_15,done,89.9,12.0,5.0,0.0,null,null,null,null,null
warehouse_multi_robot_pick_pack_handover_047,dispatch,2026-01-15T21:01:32.000Z,start,amr_1,amr,warehouse_multi_robot_pick_pack_handover_047_exec_16,inprogress,65.8,12.0,5.0,0.0,null,null,null,null,null
warehouse_multi_robot_pick_pack_handover_047,dispatch,2026-01-15T21:02:15.000Z,null,amr_1,amr,warehouse_multi_robot_pick_pack_handover_047_exec_16,inprogress,65.3,10.0,4.25,0.0,null,null,null,null,null
warehouse_multi_robot_pick_pack_handover_047,dispatch,2026-01-15T21:02:58.000Z,null,amr_1,amr,warehouse_multi_robot_pick_pack_handover_047_exec_16,inprogress,64.9,8.0,3.5,0.0,null,null,null,null,null
warehouse_multi_robot_pick_pack_handover_047,dispatch,2026-01-15T21:03:41.000Z,null,amr_1,amr,warehouse_multi_robot_pick_pack_handover_047_exec_16,inprogress,64.4,6.0,2.75,0.0,null,null,null,null,null
warehouse_multi_robot_pick_pack_handover_047,dispatch,2026-01-15T21:04:26.000Z,complete,amr_1,amr,warehouse_multi_robot_pick_pack_handover_047_exec_16,done,64.0,4.0,2.0,0.0,null,null,null,null,null
warehouse_multi_robot_pick_pack_handover_048,receive_order,2026-01-15T21:06:00.000Z,start,amr_1,amr,warehouse_multi_robot_pick_pack_handover_048_exec_1,inprogress,87.3,0.0,0.0,0.0,null,null,null,null,null
warehouse_multi_robot_pick_pack_handover_048,receive_order,2026-01-15T21:06:18.000Z,complete,amr_1,amr,warehouse_multi_robot_pick_pack_handover_048_exec_1,done,87.1,0.0,0.0,0.0,null,null,null,null,null
warehouse_multi_robot_pick_pack_handover_048,send_task_assignment,2026-01-15T21:06:19.000Z,start,amr_1,amr,warehouse_multi_robot_pick_pack_handover_048_exec_2,inprogress,87.1,0.0,0.0,0.0,msg_dcde42d359,order_id assigned for picking,send,amr_1,arm_1
warehouse_multi_robot_pick_pack_handover_048,send_task_assignment,2026-01-15T21:06:26.000Z,complete,amr_1,amr,warehouse_multi_robot_pick_pack_handover_048_exec_2,done,86.9,0.0,0.0,0.0,msg_dcde42d359,order_id assigned for picking,send,amr_1,arm_1
warehouse_multi_robot_pick_pack_handover_048,receive_task_assignment,2026-01-15T21:06:30.000Z,start,arm_1,robotic_arm,warehouse_multi_robot_pick_pack_handover_048_exec_3,inprogress,91.7,12.0,5.0,0.0,msg_dcde42d359,order_id assigned for picking,receive,amr_1,arm_1
warehouse_multi_robot_pick_pack_handover_048,receive_task_assignment,2026-01-15T21:06:34.000Z,complete,arm_1,robotic_arm,warehouse_multi_robot_pick_pack_handover_048_exec_3,done,91.6,12.0,5.0,0.0,msg_dcde42d359,order_id assigned for picking,receive,amr_1,arm_1
warehouse_multi_robot_pick_pack_handover_048,navigate_to_shelf,2026-01-15T21:06:35.000Z,start,amr_1,amr,warehouse_multi_robot_pick_pack_handover_048_exec_4,inprogress,86.9,0.0,0.0,0.0,null,null,null,null,null
warehouse_multi_robot_pick_pack_handover_048,navigate_to_shelf,2026-01-15T21:07:15.000Z,null,amr_1,amr,warehouse_multi_robot_pick_pack_handover_048_exec_4,inprogress,86.3,8.19,3.16,0.0,null,null,null,null,null
warehouse_multi_robot_pick_pack_handover_048,navigate_to_shelf,2026-01-15T21:07:55.000Z,null,amr_1,amr,warehouse_multi_robot_pick_pack_handover_048_exec_4,inprogress,85.8,16.38,6.32,0.0,null,null,null,null,null
warehouse_multi_robot_pick_pack_handover_048,navigate_to_shelf,2026-01-15T21:08:35.000Z,null,amr_1,amr,warehouse_multi_robot_pick_pack_handover_048_exec_4,inprogress,85.2,24.57,9.48,0.0,null,null,null,null,null
warehouse_multi_robot_pick_pack_handover_048,navigate_to_shelf,2026-01-15T21:09:15.000Z,complete,amr_1,amr,warehouse_multi_robot_pick_pack_handover_048_exec_4,done,84.6,32.76,12.64,0.0,null,null,null,null,null
warehouse_multi_robot_pick_pack_handover_048,scan_bin,2026-01-15T21:09:16.000Z,start,amr_1,amr,warehouse_multi_robot_pick_pack_handover_048_exec_5,inprogress,84.6,32.76,12.64,0.0,null,null,null,null,null
warehouse_multi_robot_pick_pack_handover_048,scan_bin,2026-01-15T21:10:06.000Z,complete,amr_1,amr,warehouse_multi_robot_pick_pack_handover_048_exec_5,done,84.3,32.76,12.64,0.0,null,null,null,null,null
warehouse_multi_robot_pick_pack_handover_048,send_shelf_confirmation,2026-01-15T21:10:07.000Z,start,amr_1,amr,warehouse_multi_robot_pick_pack_handover_048_exec_6,inprogress,84.3,32.76,12.64,0.0,msg_c61979f087,bin verified for pick,send,amr_1,arm_1
warehouse_multi_robot_pick_pack_handover_048,send_shelf_confirmation,2026-01-15T21:10:13.000Z,complete,amr_1,amr,warehouse_multi_robot_pick_pack_handover_048_exec_6,done,84.1,32.76,12.64,0.0,msg_c61979f087,bin verified for pick,send,amr_1,arm_1
warehouse_multi_robot_pick_pack_handover_048,receive_shelf_confirmation,2026-01-15T21:10:18.000Z,start,arm_1,robotic_arm,warehouse_multi_robot_pick_pack_handover_048_exec_7,inprogress,91.6,12.0,5.0,0.0,msg_c61979f087,bin verified for pick,receive,amr_1,arm_1
warehouse_multi_robot_pick_pack_handover_048,receive_shelf_confirmation,2026-01-15T21:10:22.000Z,complete,arm_1,robotic_arm,warehouse_multi_robot_pick_pack_handover_048_exec_7,done,91.5,12.0,5.0,0.0,msg_c61979f087,bin verified for pick,receive,amr_1,arm_1
warehouse_multi_robot_pick_pack_handover_048,pick_item,2026-01-15T21:10:23.000Z,start,arm_1,robotic_arm,warehouse_multi_robot_pick_pack_handover_048_exec_8,inprogress,91.5,12.0,5.0,0.0,null,null,null,null,null
warehouse_multi_robot_pick_pack_handover_048,pick_item,2026-01-15T21:10:46.000Z,null,arm_1,robotic_arm,warehouse_multi_robot_pick_pack_handover_048_exec_8,inprogress,91.4,12.0,5.0,0.0,null,null,null,null,null
warehouse_multi_robot_pick_pack_handover_048,pick_item,2026-01-15T21:11:09.000Z,null,arm_1,robotic_arm,warehouse_multi_robot_pick_pack_handover_048_exec_8,inprogress,91.2,12.0,5.0,0.0,null,null,null,null,null
warehouse_multi_robot_pick_pack_handover_048,pick_item,2026-01-15T21:11:33.000Z,complete,arm_1,robotic_arm,warehouse_multi_robot_pick_pack_handover_048_exec_8,done,91.0,12.0,5.0,0.0,null,null,null,null,null
warehouse_multi_robot_pick_pack_handover_048,send_handover_coordination,2026-01-15T21:11:34.000Z,start,arm_1,robotic_arm,warehouse_multi_robot_pick_pack_handover_048_exec_9,inprogress,91.0,12.0,5.0,0.0,msg_28c8fc1d7e,ready for handover at station,send,arm_1,amr_1
warehouse_multi_robot_pick_pack_handover_048,send_handover_coordination,2026-01-15T21:11:40.000Z,complete,arm_1,robotic_arm,warehouse_multi_robot_pick_pack_handover_048_exec_9,done,90.8,12.0,5.0,0.0,msg_28c8fc1d7e,ready for handover at station,send,arm_1,amr_1
warehouse_multi_robot_pick_pack_handover_048,receive_handover_coordination,2026-01-15T21:11:44.000Z,start,amr_1,amr,warehouse_multi_robot_pick_pack_handover_048_exec_10,inprogress,84.1,32.76,12.64,0.0,msg_28c8fc1d7e,ready for handover at station,receive,arm_1,amr_1
warehouse_multi_robot_pick_pack_handover_048,receive_handover_coordination,2026-01-15T21:11:48.000Z,complete,amr_1,amr,warehouse_multi_robot_pick_pack_handover_048_exec_10,done,84.0,32.76,12.64,0.0,msg_28c8fc1d7e,ready for handover at station,receive,arm_1,amr_1
warehouse_multi_robot_pick_pack_handover_048,navigate_to_handover,2026-01-15T21:11:49.000Z,start,amr_1,amr,warehouse_multi_robot_pick_pack_handover_048_exec_11,inprogress,84.0,32.76,12.64,0.0,null,null,null,null,null
warehouse_multi_robot_pick_pack_handover_048,navigate_to_handover,2026-01-15T21:13:05.000Z,null,amr_1,amr,warehouse_multi_robot_pick_pack_handover_048_exec_11,inprogress,83.1,22.38,8.82,0.0,null,null,null,null,null
warehouse_multi_robot_pick_pack_handover_048,navigate_to_handover,2026-01-15T21:14:22.000Z,complete,amr_1,amr,warehouse_multi_robot_pick_pack_handover_048_exec_11,done,82.2,12.0,5.0,0.0,null,null,null,null,null
warehouse_multi_robot_pick_pack_handover_048,handover_item,2026-01-15T21:14:23.000Z,start,arm_1,robotic_arm,warehouse_multi_robot_pick_pack_handover_048_exec_12,inprogress,90.8,12.0,5.0,0.0,null,null,null,null,null
warehouse_multi_robot_pick_pack_handover_048,handover_item,2026-01-15T21:14:42.000Z,null,arm_1,robotic_arm,warehouse_multi_robot_pick_pack_handover_048_exec_12,inprogress,90.6,12.0,5.0,0.0,null,null,null,null,null
warehouse_multi_robot_pick_pack_handover_048,handover_item,2026-01-15T21:15:02.000Z,complete,arm_1,robotic_arm,warehouse_multi_robot_pick_pack_handover_048_exec_12,done,90.4,12.0,5.0,0.0,null,null,null,null,null
warehouse_multi_robot_pick_pack_handover_048,handover_item,2026-01-15T21:15:03.000Z,start,amr_1,amr,warehouse_multi_robot_pick_pack_handover_048_exec_13,inprogress,82.2,12.0,5.0,0.0,null,null,null,null,null
warehouse_multi_robot_pick_pack_handover_048,handover_item,2026-01-15T21:15:24.000Z,complete,amr_1,amr,warehouse_multi_robot_pick_pack_handover_048_exec_13,done,82.0,12.0,5.0,0.0,null,null,null,null,null
warehouse_multi_robot_pick_pack_handover_048,pack_order,2026-01-15T21:15:25.000Z,start,arm_1,robotic_arm,warehouse_multi_robot_pick_pack_handover_048_exec_14,inprogress,90.4,12.0,5.0,0.0,null,null,null,null,null
warehouse_multi_robot_pick_pack_handover_048,pack_order,2026-01-15T21:15:55.000Z,null,arm_1,robotic_arm,warehouse_multi_robot_pick_pack_handover_048_exec_14,inprogress,89.9,12.0,5.0,0.0,null,null,null,null,null
warehouse_multi_robot_pick_pack_handover_048,pack_order,2026-01-15T21:16:26.000Z,complete,arm_1,robotic_arm,warehouse_multi_robot_pick_pack_handover_048_exec_14,done,89.4,12.0,5.0,0.0,null,null,null,null,null
warehouse_multi_robot_pick_pack_handover_048,dispatch,2026-01-15T21:16:27.000Z,start,amr_1,amr,warehouse_multi_robot_pick_pack_handover_048_exec_15,inprogress,82.0,12.0,5.0,0.0,null,null,null,null,null
warehouse_multi_robot_pick_pack_handover_048,dispatch,2026-01-15T21:17:00.000Z,null,amr_1,amr,warehouse_multi_robot_pick_pack_handover_048_exec_15,inprogress,81.4,9.33,4.0,0.0,null,null,null,null,null
warehouse_multi_robot_pick_pack_handover_048,dispatch,2026-01-15T21:17:33.000Z,null,amr_1,amr,warehouse_multi_robot_pick_pack_handover_048_exec_15,inprogress,80.7,6.67,3.0,0.0,null,null,null,null,null
warehouse_multi_robot_pick_pack_handover_048,dispatch,2026-01-15T21:18:08.000Z,complete,amr_1,amr,warehouse_multi_robot_pick_pack_handover_048_exec_15,done,80.0,4.0,2.0,0.0,null,null,null,null,null
warehouse_multi_robot_pick_pack_handover_049,receive_order,2026-01-15T21:24:00.000Z,start,amr_1,amr,warehouse_multi_robot_pick_pack_handover_049_exec_1,inprogress,91.1,0.0,0.0,0.0,null,null,null,null,null
warehouse_multi_robot_pick_pack_handover_049,receive_order,2026-01-15T21:24:26.000Z,complete,amr_1,amr,warehouse_multi_robot_pick_pack_handover_049_exec_1,done,90.9,0.0,0.0,0.0,null,null,null,null,null
warehouse_multi_robot_pick_pack_handover_049,send_task_assignment,2026-01-15T21:24:27.000Z,start,amr_1,amr,warehouse_multi_robot_pick_pack_handover_049_exec_2,inprogress,90.9,0.0,0.0,0.0,msg_2a6aff43e0,order_id assigned for picking,send,amr_1,arm_1
warehouse_multi_robot_pick_pack_handover_049,send_task_assignment,2026-01-15T21:24:35.000Z,complete,amr_1,amr,warehouse_multi_robot_pick_pack_handover_049_exec_2,done,90.7,0.0,0.0,0.0,msg_2a6aff43e0,order_id assigned for picking,send,amr_1,arm_1
warehouse_multi_robot_pick_pack_handover_049,receive_task_assignment,2026-01-15T21:24:39.000Z,start,arm_1,robotic_arm,warehouse_multi_robot_pick_pack_handover_049_exec_3,inprogress,98.7,12.0,5.0,0.0,msg_2a6aff43e0,order_id assigned for picking,receive,amr_1,arm_1
warehouse_multi_robot_pick_pack_handover_049,receive_task_assignment,2026-01-15T21:24:43.000Z,complete,arm_1,robotic_arm,warehouse_multi_robot_pick_pack_handover_049_exec_3,done,98.6,12.0,5.0,0.0,msg_2a6aff43e0,order_id assigned for picking,receive,amr_1,arm_1
warehouse_multi_robot_pick_pack_handover_049,navigate_to_shelf,2026-01-15T21:24:44.000Z,start,amr_1,amr,warehouse_multi_robot_pick_pack_handover_049_exec_4,inprogress,90.7,0.0,0.0,0.0,null,null,null,null,null
warehouse_multi_robot_pick_pack_handover_049,navigate_to_shelf,2026-01-15T21:25:31.000Z,null,amr_1,amr,warehouse_multi_robot_pick_pack_handover_049_exec_4,inprogress,90.2,3.95,4.74,0.0,null,null,null,null,null
warehouse_multi_robot_pick_pack_handover_049,navigate_to_shelf,2026-01-15T21:26:18.000Z,null,amr_1,amr,warehouse_multi_robot_pick_pack_handover_049_exec_4,inprogress,89.7,7.89,9.47,0.0,null,null,null,null,null
warehouse_multi_robot_pick_pack_handover_049,navigate_to_shelf,2026-01-15T21:27:05.000Z,null,amr_1,amr,warehouse_multi_robot_pick_pack_handover_049_exec_4,inprogress,89.2,11.84,14.21,0.0,null,null,null,null,null
warehouse_multi_robot_pick_pack_handover_049,navigate_to_shelf,2026-01-15T21:27:52.000Z,null,amr_1,amr,warehouse_multi_robot_pick_pack_handover_049_exec_4,inprogress,88.7,15.78,18.95,0.0,null,null,null,null,null
warehouse_multi_robot_pick_pack_handover_049,navigate_to_shelf,2026-01-15T21:28:43.000Z,complete,amr_1,amr,warehouse_multi_robot_pick_pack_handover_049_exec_4,done,88.3,19.73,23.69,0.0,null,null,null,null,null
warehouse_multi_robot_pick_pack_handover_049,scan_bin,2026-01-15T21:28:44.000Z,start,amr_1,amr,warehouse_multi_robot_pick_pack_handover_049_exec_5,inprogress,88.3,19.73,23.69,0.0,null,null,null,null,null
warehouse_multi_robot_pick_pack_handover_049,scan_bin,2026-01-15T21:29:07.000Z,null,amr_1,amr,warehouse_multi_robot_pick_pack_handover_049_exec_5,inprogress,88.1,19.73,23.69,0.0,null,null,null,null,null
warehouse_multi_robot_pick_pack_handover_049,scan_bin,2026-01-15T21:29:30.000Z,complete,amr_1,amr,warehouse_multi_robot_pick_pack_handover_049_exec_5,done,88.0,19.73,23.69,0.0,null,null,null,null,null
warehouse_multi_robot_pick_pack_handover_049,send_shelf_confirmation,2026-01-15T21:29:31.000Z,start,amr_1,amr,warehouse_multi_robot_pick_pack_handover_049_exec_6,inprogress,88.0,19.73,23.69,0.0,msg_4363294a77,bin verified for pick,send,amr_1,arm_1
warehouse_multi_robot_pick_pack_handover_049,send_shelf_confirmation,2026-01-15T21:29:37.000Z,complete,amr_1,amr,warehouse_multi_robot_pick_pack_handover_049_exec_6,done,87.8,19.73,23.69,0.0,msg_4363294a77,bin verified for pick,send,amr_1,arm_1
warehouse_multi_robot_pick_pack_handover_049,receive_shelf_confirmation,2026-01-15T21:29:42.000Z,start,arm_1,robotic_arm,warehouse_multi_robot_pick_pack_handover_049_exec_7,inprogress,98.6,12.0,5.0,0.0,msg_4363294a77,bin verified for pick,receive,amr_1,arm_1
warehouse_multi_robot_pick_pack_handover_049,receive_shelf_confirmation,2026-01-15T21:29:46.000Z,complete,arm_1,robotic_arm,warehouse_multi_robot_pick_pack_handover_049_exec_7,done,98.5,12.0,5.0,0.0,msg_4363294a77,bin verified for pick,receive,amr_1,arm_1
warehouse_multi_robot_pick_pack_handover_049,pick_item,2026-01-15T21:29:47.000Z,start,arm_1,robotic_arm,warehouse_multi_robot_pick_pack_handover_049_exec_8,inprogress,98.5,12.0,5.0,0.0,null,null,null,null,null
warehouse_multi_robot_pick_pack_handover_049,pick_item,2026-01-15T21:30:13.000Z,null,arm_1,robotic_arm,warehouse_multi_robot_pick_pack_handover_049_exec_8,inprogress,98.3,12.0,5.0,0.0,null,null,null,null,null
warehouse_multi_robot_pick_pack_handover_049,pick_item,2026-01-15T21:30:39.000Z,null,arm_1,robotic_arm,warehouse_multi_robot_pick_pack_handover_049_exec_8,inprogress,98.0,12.0,5.0,0.0,null,null,null,null,null
warehouse_multi_robot_pick_pack_handover_049,pick_item,2026-01-15T21:31:05.000Z,complete,arm_1,robotic_arm,warehouse_multi_robot_pick_pack_handover_049_exec_8,done,97.8,12.0,5.0,0.0,null,null,null,null,null
warehouse_multi_robot_pick_pack_handover_049,send_handover_coordination,2026-01-15T21:31:06.000Z,start,arm_1,robotic_arm,warehouse_multi_robot_pick_pack_handover_049_exec_9,inprogress,97.8,12.0,5.0,0.0,msg_bca9f930a0,ready for handover at station,send,arm_1,amr_1
warehouse_multi_robot_pick_pack_handover_049,send_handover_coordination,2026-01-15T21:31:11.000Z,complete,arm_1,robotic_arm,warehouse_multi_robot_pick_pack_handover_049_exec_9,done,97.6,12.0,5.0,0.0,msg_bca9f930a0,ready for handover at station,send,arm_1,amr_1
warehouse_multi_robot_pick_pack_handover_049,receive_handover_coordination,2026-01-15T21:31:15.000Z,start,amr_1,amr,warehouse_multi_robot_pick_pack_handover_049_exec_10,inprogress,87.8,19.73,23.69,0.0,msg_bca9f930a0,ready for handover at station,receive,arm_1,amr_1
warehouse_multi_robot_pick_pack_handover_049,receive_handover_coordination,2026-01-15T21:31:19.000Z,complete,amr_1,amr,warehouse_multi_robot_pick_pack_handover_049_exec_10,done,87.7,19.73,23.69,0.0,msg_bca9f930a0,ready for handover at station,receive,arm_1,amr_1
warehouse_multi_robot_pick_pack_handover_049,navigate_to_handover,2026-01-15T21:31:20.000Z,start,amr_1,amr,warehouse_multi_robot_pick_pack_handover_049_exec_11,inprogress,87.7,19.73,23.69,0.0,null,null,null,null,null
warehouse_multi_robot_pick_pack_handover_049,navigate_to_handover,2026-01-15T21:31:44.000Z,null,amr_1,amr,warehouse_multi_robot_pick_pack_handover_049_exec_11,inprogress,87.2,17.8,19.02,0.0,null,null,null,null,null
warehouse_multi_robot_pick_pack_handover_049,navigate_to_handover,2026-01-15T21:32:08.000Z,null,amr_1,amr,warehouse_multi_robot_pick_pack_handover_049_exec_11,inprogress,86.7,15.86,14.34,0.0,null,null,null,null,null
warehouse_multi_robot_pick_pack_handover_049,navigate_to_handover,2026-01-15T21:32:32.000Z,null,amr_1,amr,warehouse_multi_robot_pick_pack_handover_049_exec_11,inprogress,86.3,13.93,9.67,0.0,null,null,null,null,null
warehouse_multi_robot_pick_pack_handover_049,navigate_to_handover,2026-01-15T21:32:58.000Z,complete,amr_1,amr,warehouse_multi_robot_pick_pack_handover_049_exec_11,done,85.8,12.0,5.0,0.0,null,null,null,null,null
warehouse_multi_robot_pick_pack_handover_049,handover_item,2026-01-15T21:32:59.000Z,start,arm_1,robotic_arm,warehouse_multi_robot_pick_pack_handover_049_exec_12,inprogress,97.6,12.0,5.0,0.0,null,null,null,null,null
warehouse_multi_robot_pick_pack_handover_049,handover_item,2026-01-15T21:33:20.000Z,null,arm_1,robotic_arm,warehouse_multi_robot_pick_pack_handover_049_exec_12,inprogress,97.5,12.0,5.0,0.0,null,null,null,null,null
warehouse_multi_robot_pick_pack_handover_049,handover_item,2026-01-15T21:33:42.000Z,complete,arm_1,robotic_arm,warehouse_multi_robot_pick_pack_handover_049_exec_12,done,97.3,12.0,5.0,0.0,null,null,null,null,null
warehouse_multi_robot_pick_pack_handover_049,handover_item,2026-01-15T21:33:43.000Z,start,amr_1,amr,warehouse_multi_robot_pick_pack_handover_049_exec_13,inprogress,85.8,12.0,5.0,0.0,null,null,null,null,null
warehouse_multi_robot_pick_pack_handover_049,handover_item,2026-01-15T21:34:02.000Z,null,amr_1,amr,warehouse_multi_robot_pick_pack_handover_049_exec_13,inprogress,85.6,12.0,5.0,0.0,null,null,null,null,null
warehouse_multi_robot_pick_pack_handover_049,handover_item,2026-01-15T21:34:22.000Z,complete,amr_1,amr,warehouse_multi_robot_pick_pack_handover_049_exec_13,done,85.4,12.0,5.0,0.0,null,null,null,null,null
warehouse_multi_robot_pick_pack_handover_049,pack_order,2026-01-15T21:34:23.000Z,start,arm_1,robotic_arm,warehouse_multi_robot_pick_pack_handover_049_exec_14,inprogress,97.3,12.0,5.0,0.0,null,null,null,null,null
warehouse_multi_robot_pick_pack_handover_049,pack_order,2026-01-15T21:34:52.000Z,null,arm_1,robotic_arm,warehouse_multi_robot_pick_pack_handover_049_exec_14,inprogress,96.8,12.0,5.0,0.0,null,null,null,null,null
warehouse_multi_robot_pick_pack_handover_049,pack_order,2026-01-15T21:35:21.000Z,complete,arm_1,robotic_arm,warehouse_multi_robot_pick_pack_handover_049_exec_14,done,96.3,12.0,5.0,0.0,null,null,null,null,null
warehouse_multi_robot_pick_pack_handover_049,dispatch,2026-01-15T21:35:22.000Z,start,amr_1,amr,warehouse_multi_robot_pick_pack_handover_049_exec_15,inprogress,85.4,12.0,5.0,0.0,null,null,null,null,null
warehouse_multi_robot_pick_pack_handover_049,dispatch,2026-01-15T21:36:06.000Z,null,amr_1,amr,warehouse_multi_robot_pick_pack_handover_049_exec_15,inprogress,84.7,9.33,4.0,0.0,null,null,null,null,null
warehouse_multi_robot_pick_pack_handover_049,dispatch,2026-01-15T21:36:50.000Z,null,amr_1,amr,warehouse_multi_robot_pick_pack_handover_049_exec_15,inprogress,84.0,6.67,3.0,0.0,null,null,null,null,null
warehouse_multi_robot_pick_pack_handover_049,dispatch,2026-01-15T21:37:36.000Z,complete,amr_1,amr,warehouse_multi_robot_pick_pack_handover_049_exec_15,done,83.3,4.0,2.0,0.0,null,null,null,null,null
warehouse_multi_robot_pick_pack_handover_050,receive_order,2026-01-15T21:42:00.000Z,start,amr_1,amr,warehouse_multi_robot_pick_pack_handover_050_exec_1,inprogress,75.1,0.0,0.0,0.0,null,null,null,null,null
warehouse_multi_robot_pick_pack_handover_050,receive_order,2026-01-15T21:42:30.000Z,complete,amr_1,amr,warehouse_multi_robot_pick_pack_handover_050_exec_1,done,75.0,0.0,0.0,0.0,null,null,null,null,null
warehouse_multi_robot_pick_pack_handover_050,send_task_assignment,2026-01-15T21:42:31.000Z,start,amr_1,amr,warehouse_multi_robot_pick_pack_handover_050_exec_2,inprogress,75.0,0.0,0.0,0.0,msg_86e8668022,order_id assigned for picking,send,amr_1,arm_1
warehouse_multi_robot_pick_pack_handover_050,send_task_assignment,2026-01-15T21:42:37.000Z,complete,amr_1,amr,warehouse_multi_robot_pick_pack_handover_050_exec_2,done,74.8,0.0,0.0,0.0,msg_86e8668022,order_id assigned for picking,send,amr_1,arm_1
warehouse_multi_robot_pick_pack_handover_050,receive_task_assignment,2026-01-15T21:42:41.000Z,start,arm_1,robotic_arm,warehouse_multi_robot_pick_pack_handover_050_exec_3,inprogress,97.2,12.0,5.0,0.0,msg_86e8668022,order_id assigned for picking,receive,amr_1,arm_1
warehouse_multi_robot_pick_pack_handover_050,receive_task_assignment,2026-01-15T21:42:45.000Z,complete,arm_1,robotic_arm,warehouse_multi_robot_pick_pack_handover_050_exec_3,done,97.1,12.0,5.0,0.0,msg_86e8668022,order_id assigned for picking,receive,amr_1,arm_1
warehouse_multi_robot_pick_pack_handover_050,navigate_to_shelf,2026-01-15T21:42:46.000Z,start,amr_1,amr,warehouse_multi_robot_pick_pack_handover_050_exec_4,inprogress,74.8,0.0,0.0,0.0,null,null,null,null,null
warehouse_multi_robot_pick_pack_handover_050,navigate_to_shelf,2026-01-15T21:43:25.000Z,null,amr_1,amr,warehouse_multi_robot_pick_pack_handover_050_exec_4,inprogress,74.1,6.05,1.84,0.0,null,null,null,null,null
warehouse_multi_robot_pick_pack_handover_050,navigate_to_shelf,2026-01-15T21:44:04.000Z,null,amr_1,amr,warehouse_multi_robot_pick_pack_handover_050_exec_4,inprogress,73.4,12.09,3.68,0.0,null,null,null,null,null
warehouse_multi_robot_pick_pack_handover_050,navigate_to_shelf,2026-01-15T21:44:43.000Z,null,amr_1,amr,warehouse_multi_robot_pick_pack_handover_050_exec_4,inprogress,72.8,18.14,5.52,0.0,null,null,null,null,null
warehouse_multi_robot_pick_pack_handover_050,navigate_to_shelf,2026-01-15T21:45:22.000Z,null,amr_1,amr,warehouse_multi_robot_pick_pack_handover_050_exec_4,inprogress,72.1,24.19,7.36,0.0,null,null,null,null,null
warehouse_multi_robot_pick_pack_handover_050,navigate_to_shelf,2026-01-15T21:46:03.000Z,complete,amr_1,amr,warehouse_multi_robot_pick_pack_handover_050_exec_4,done,71.4,30.24,9.21,0.0,null,null,null,null,null
warehouse_multi_robot_pick_pack_handover_050,scan_bin,2026-01-15T21:46:04.000Z,start,amr_1,amr,warehouse_multi_robot_pick_pack_handover_050_exec_5,inprogress,71.4,30.24,9.21,0.0,null,null,null,null,null
warehouse_multi_robot_pick_pack_handover_050,scan_bin,2026-01-15T21:46:23.000Z,null,amr_1,amr,warehouse_multi_robot_pick_pack_handover_050_exec_5,inprogress,71.2,30.24,9.21,0.0,null,null,null,null,null
warehouse_multi_robot_pick_pack_handover_050,scan_bin,2026-01-15T21:46:42.000Z,complete,amr_1,amr,warehouse_multi_robot_pick_pack_handover_050_exec_5,done,71.1,30.24,9.21,0.0,null,null,null,null,null
warehouse_multi_robot_pick_pack_handover_050,send_shelf_confirmation,2026-01-15T21:46:43.000Z,start,amr_1,amr,warehouse_multi_robot_pick_pack_handover_050_exec_6,inprogress,71.1,30.24,9.21,0.0,msg_b7c5dc86bd,bin verified for pick,send,amr_1,arm_1
warehouse_multi_robot_pick_pack_handover_050,send_shelf_confirmation,2026-01-15T21:46:48.000Z,complete,amr_1,amr,warehouse_multi_robot_pick_pack_handover_050_exec_6,done,70.9,30.24,9.21,0.0,msg_b7c5dc86bd,bin verified for pick,send,amr_1,arm_1
warehouse_multi_robot_pick_pack_handover_050,receive_shelf_confirmation,2026-01-15T21:46:53.000Z,start,arm_1,robotic_arm,warehouse_multi_robot_pick_pack_handover_050_exec_7,inprogress,97.1,12.0,5.0,0.0,msg_b7c5dc86bd,bin verified for pick,receive,amr_1,arm_1
warehouse_multi_robot_pick_pack_handover_050,receive_shelf_confirmation,2026-01-15T21:46:57.000Z,complete,arm_1,robotic_arm,warehouse_multi_robot_pick_pack_handover_050_exec_7,done,97.0,12.0,5.0,0.0,msg_b7c5dc86bd,bin verified for pick,receive,amr_1,arm_1
warehouse_multi_robot_pick_pack_handover_050,pick_item,2026-01-15T21:46:58.000Z,start,arm_1,robotic_arm,warehouse_multi_robot_pick_pack_handover_050_exec_8,inprogress,97.0,12.0,5.0,0.0,null,null,null,null,null
warehouse_multi_robot_pick_pack_handover_050,pick_item,2026-01-15T21:47:33.000Z,null,arm_1,robotic_arm,warehouse_multi_robot_pick_pack_handover_050_exec_8,inprogress,96.5,12.0,5.0,0.0,null,null,null,null,null
warehouse_multi_robot_pick_pack_handover_050,pick_item,2026-01-15T21:48:08.000Z,complete,arm_1,robotic_arm,warehouse_multi_robot_pick_pack_handover_050_exec_8,done,96.0,12.0,5.0,0.0,null,null,null,null,null
warehouse_multi_robot_pick_pack_handover_050,send_handover_coordination,2026-01-15T21:48:09.000Z,start,arm_1,robotic_arm,warehouse_multi_robot_pick_pack_handover_050_exec_9,inprogress,96.0,12.0,5.0,0.0,msg_168e70b5f0,ready for handover at station,send,arm_1,amr_1
warehouse_multi_robot_pick_pack_handover_050,send_handover_coordination,2026-01-15T21:48:16.000Z,complete,arm_1,robotic_arm,warehouse_multi_robot_pick_pack_handover_050_exec_9,done,95.8,12.0,5.0,0.0,msg_168e70b5f0,ready for handover at station,send,arm_1,amr_1
warehouse_multi_robot_pick_pack_handover_050,receive_handover_coordination,2026-01-15T21:48:20.000Z,start,amr_1,amr,warehouse_multi_robot_pick_pack_handover_050_exec_10,inprogress,70.9,30.24,9.21,0.0,msg_168e70b5f0,ready for handover at station,receive,arm_1,amr_1
warehouse_multi_robot_pick_pack_handover_050,receive_handover_coordination,2026-01-15T21:48:24.000Z,complete,amr_1,amr,warehouse_multi_robot_pick_pack_handover_050_exec_10,done,70.8,30.24,9.21,0.0,msg_168e70b5f0,ready for handover at station,receive,arm_1,amr_1
warehouse_multi_robot_pick_pack_handover_050,navigate_to_handover,2026-01-15T21:48:25.000Z,start,amr_1,amr,warehouse_multi_robot_pick_pack_handover_050_exec_11,inprogress,70.8,30.24,9.21,0.0,null,null,null,null,null
warehouse_multi_robot_pick_pack_handover_050,navigate_to_handover,2026-01-15T21:48:54.000Z,null,amr_1,amr,warehouse_multi_robot_pick_pack_handover_050_exec_11,inprogress,70.2,24.16,7.8,0.0,null,null,null,null,null
warehouse_multi_robot_pick_pack_handover_050,navigate_to_handover,2026-01-15T21:49:23.000Z,null,amr_1,amr,warehouse_multi_robot_pick_pack_handover_050_exec_11,inprogress,69.6,18.08,6.4,0.0,null,null,null,null,null
warehouse_multi_robot_pick_pack_handover_050,navigate_to_handover,2026-01-15T21:49:53.000Z,complete,amr_1,amr,warehouse_multi_robot_pick_pack_handover_050_exec_11,done,68.9,12.0,5.0,0.0,null,null,null,null,null
warehouse_multi_robot_pick_pack_handover_050,handover_item,2026-01-15T21:49:54.000Z,start,arm_1,robotic_arm,warehouse_multi_robot_pick_pack_handover_050_exec_12,inprogress,95.8,12.0,5.0,0.0,null,null,null,null,null
warehouse_multi_robot_pick_pack_handover_050,handover_item,2026-01-15T21:50:22.000Z,null,arm_1,robotic_arm,warehouse_multi_robot_pick_pack_handover_050_exec_12,inprogress,95.6,12.0,5.0,0.0,null,null,null,null,null
warehouse_multi_robot_pick_pack_handover_050,handover_item,2026-01-15T21:50:51.000Z,complete,arm_1,robotic_arm,warehouse_multi_robot_pick_pack_handover_050_exec_12,done,95.3,12.0,5.0,0.0,null,null,null,null,null
warehouse_multi_robot_pick_pack_handover_050,handover_item,2026-01-15T21:50:52.000Z,start,amr_1,amr,warehouse_multi_robot_pick_pack_handover_050_exec_13,inprogress,68.9,12.0,5.0,0.0,null,null,null,null,null
warehouse_multi_robot_pick_pack_handover_050,handover_item,2026-01-15T21:51:14.000Z,null,amr_1,amr,warehouse_multi_robot_pick_pack_handover_050_exec_13,inprogress,68.8,12.0,5.0,0.0,null,null,null,null,null
warehouse_multi_robot_pick_pack_handover_050,handover_item,2026-01-15T21:51:37.000Z,complete,amr_1,amr,warehouse_multi_robot_pick_pack_handover_050_exec_13,done,68.6,12.0,5.0,0.0,null,null,null,null,null
warehouse_multi_robot_pick_pack_handover_050,pack_order,2026-01-15T21:51:38.000Z,start,arm_1,robotic_arm,warehouse_multi_robot_pick_pack_handover_050_exec_14,inprogress,95.3,12.0,5.0,0.0,null,null,null,null,null
warehouse_multi_robot_pick_pack_handover_050,pack_order,2026-01-15T21:52:20.000Z,null,arm_1,robotic_arm,warehouse_multi_robot_pick_pack_handover_050_exec_14,inprogress,94.7,12.0,5.0,0.0,null,null,null,null,null
warehouse_multi_robot_pick_pack_handover_050,pack_order,2026-01-15T21:53:03.000Z,complete,arm_1,robotic_arm,warehouse_multi_robot_pick_pack_handover_050_exec_14,done,94.1,12.0,5.0,0.0,null,null,null,null,null
warehouse_multi_robot_pick_pack_handover_050,dispatch,2026-01-15T21:53:04.000Z,start,amr_1,amr,warehouse_multi_robot_pick_pack_handover_050_exec_15,inprogress,68.6,12.0,5.0,0.0,null,null,null,null,null
warehouse_multi_robot_pick_pack_handover_050,dispatch,2026-01-15T21:53:28.000Z,null,amr_1,amr,warehouse_multi_robot_pick_pack_handover_050_exec_15,inprogress,67.9,10.0,4.25,0.0,null,null,null,null,null
warehouse_multi_robot_pick_pack_handover_050,dispatch,2026-01-15T21:53:52.000Z,null,amr_1,amr,warehouse_multi_robot_pick_pack_handover_050_exec_15,inprogress,67.1,8.0,3.5,0.0,null,null,null,null,null
warehouse_multi_robot_pick_pack_handover_050,dispatch,2026-01-15T21:54:16.000Z,null,amr_1,amr,warehouse_multi_robot_pick_pack_handover_050_exec_15,inprogress,66.4,6.0,2.75,0.0,null,null,null,null,null
warehouse_multi_robot_pick_pack_handover_050,dispatch,2026-01-15T21:54:43.000Z,complete,amr_1,amr,warehouse_multi_robot_pick_pack_handover_050_exec_15,done,65.7,4.0,2.0,0.0,null,null,null,null,null
warehouse_multi_robot_pick_pack_handover_051,receive_order,2026-01-15T22:00:00.000Z,start,amr_1,amr,warehouse_multi_robot_pick_pack_handover_051_exec_1,inprogress,87.2,0.0,0.0,0.0,null,null,null,null,null
warehouse_multi_robot_pick_pack_handover_051,receive_order,2026-01-15T22:00:30.000Z,complete,amr_1,amr,warehouse_multi_robot_pick_pack_handover_051_exec_1,done,86.9,0.0,0.0,0.0,null,null,null,null,null
warehouse_multi_robot_pick_pack_handover_051,send_task_assignment,2026-01-15T22:00:31.000Z,start,amr_1,amr,warehouse_multi_robot_pick_pack_handover_051_exec_2,inprogress,86.9,0.0,0.0,0.0,msg_2d0b7f61a8,order_id assigned for picking,send,amr_1,arm_1
warehouse_multi_robot_pick_pack_handover_051,send_task_assignment,2026-01-15T22:00:37.000Z,complete,amr_1,amr,warehouse_multi_robot_pick_pack_handover_051_exec_2,done,86.7,0.0,0.0,0.0,msg_2d0b7f61a8,order_id assigned for picking,send,amr_1,arm_1
warehouse_multi_robot_pick_pack_handover_051,receive_task_assignment,2026-01-15T22:00:41.000Z,start,arm_1,robotic_arm,warehouse_multi_robot_pick_pack_handover_051_exec_3,inprogress,93.8,12.0,5.0,0.0,msg_2d0b7f61a8,order_id assigned for picking,receive,amr_1,arm_1
warehouse_multi_robot_pick_pack_handover_051,receive_task_assignment,2026-01-15T22:00:45.000Z,complete,arm_1,robotic_arm,warehouse_multi_robot_pick_pack_handover_051_exec_3,done,93.7,12.0,5.0,0.0,msg_2d0b7f61a8,order_id assigned for picking,receive,amr_1,arm_1
warehouse_multi_robot_pick_pack_handover_051,navigate_to_shelf,2026-01-15T22:00:46.000Z,start,amr_1,amr,warehouse_multi_robot_pick_pack_handover_051_exec_4,inprogress,86.7,0.0,0.0,0.0,null,null,null,null,null
warehouse_multi_robot_pick_pack_handover_051,navigate_to_shelf,2026-01-15T22:01:15.000Z,null,amr_1,amr,warehouse_multi_robot_pick_pack_handover_051_exec_4,inprogress,85.9,7.81,1.84,0.0,null,null,null,null,null
warehouse_multi_robot_pick_pack_handover_051,navigate_to_shelf,2026-01-15T22:01:44.000Z,null,amr_1,amr,warehouse_multi_robot_pick_pack_handover_051_exec_4,inprogress,85.0,15.61,3.67,0.0,null,null,null,null,null
warehouse_multi_robot_pick_pack_handover_051,navigate_to_shelf,2026-01-15T22:02:13.000Z,null,amr_1,amr,warehouse_multi_robot_pick_pack_handover_051_exec_4,inprogress,84.1,23.42,5.51,0.0,null,null,null,null,null
warehouse_multi_robot_pick_pack_handover_051,navigate_to_shelf,2026-01-15T22:02:42.000Z,null,amr_1,amr,warehouse_multi_robot_pick_pack_handover_051_exec_4,inprogress,83.2,31.22,7.35,0.0,null,null,null,null,null
warehouse_multi_robot_pick_pack_handover_051,navigate_to_shelf,2026-01-15T22:03:13.000Z,complete,amr_1,amr,warehouse_multi_robot_pick_pack_handover_051_exec_4,done,82.3,39.03,9.18,0.0,null,null,null,null,null
warehouse_multi_robot_pick_pack_handover_051,scan_bin,2026-01-15T22:03:14.000Z,start,amr_1,amr,warehouse_multi_robot_pick_pack_handover_051_exec_5,inprogress,82.3,39.03,9.18,0.0,null,null,null,null,null
warehouse_multi_robot_pick_pack_handover_051,scan_bin,2026-01-15T22:03:36.000Z,null,amr_1,amr,warehouse_multi_robot_pick_pack_handover_051_exec_5,inprogress,82.1,39.03,9.18,0.0,null,null,null,null,null
warehouse_multi_robot_pick_pack_handover_051,scan_bin,2026-01-15T22:03:58.000Z,complete,amr_1,amr,warehouse_multi_robot_pick_pack_handover_051_exec_5,done,81.9,39.03,9.18,0.0,null,null,null,null,null
warehouse_multi_robot_pick_pack_handover_051,send_shelf_confirmation,2026-01-15T22:03:59.000Z,start,amr_1,amr,warehouse_multi_robot_pick_pack_handover_051_exec_6,inprogress,81.9,39.03,9.18,0.0,msg_2196b7325f,bin verified for pick,send,amr_1,arm_1
warehouse_multi_robot_pick_pack_handover_051,send_shelf_confirmation,2026-01-15T22:04:03.000Z,complete,amr_1,amr,warehouse_multi_robot_pick_pack_handover_051_exec_6,done,81.7,39.03,9.18,0.0,msg_2196b7325f,bin verified for pick,send,amr_1,arm_1
warehouse_multi_robot_pick_pack_handover_051,receive_shelf_confirmation,2026-01-15T22:04:53.000Z,start,arm_1,robotic_arm,warehouse_multi_robot_pick_pack_handover_051_exec_7,inprogress,93.7,12.0,5.0,0.0,msg_2196b7325f,bin verified for pick,receive,amr_1,arm_1
warehouse_multi_robot_pick_pack_handover_051,receive_shelf_confirmation,2026-01-15T22:04:57.000Z,complete,arm_1,robotic_arm,warehouse_multi_robot_pick_pack_handover_051_exec_7,done,93.6,12.0,5.0,0.0,msg_2196b7325f,bin verified for pick,receive,amr_1,arm_1
warehouse_multi_robot_pick_pack_handover_051,queue_wait,2026-01-15T22:04:58.000Z,start,arm_1,robotic_arm,warehouse_multi_robot_pick_pack_handover_051_exec_8,inprogress,93.6,12.0,5.0,0.0,null,null,null,null,null
warehouse_multi_robot_pick_pack_handover_051,queue_wait,2026-01-15T22:05:36.000Z,null,arm_1,robotic_arm,warehouse_multi_robot_pick_pack_handover_051_exec_8,inprogress,93.5,12.0,5.0,0.0,null,null,null,null,null
warehouse_multi_robot_pick_pack_handover_051,queue_wait,2026-01-15T22:06:15.000Z,complete,arm_1,robotic_arm,warehouse_multi_robot_pick_pack_handover_051_exec_8,done,93.3,12.0,5.0,0.0,null,null,null,null,null
warehouse_multi_robot_pick_pack_handover_051,pick_item,2026-01-15T22:06:16.000Z,start,arm_1,robotic_arm,warehouse_multi_robot_pick_pack_handover_051_exec_9,inprogress,93.3,12.0,5.0,0.0,null,null,null,null,null
warehouse_multi_robot_pick_pack_handover_051,pick_item,2026-01-15T22:06:57.000Z,null,arm_1,robotic_arm,warehouse_multi_robot_pick_pack_handover_051_exec_9,inprogress,92.8,12.0,5.0,0.0,null,null,null,null,null
warehouse_multi_robot_pick_pack_handover_051,pick_item,2026-01-15T22:07:39.000Z,complete,arm_1,robotic_arm,warehouse_multi_robot_pick_pack_handover_051_exec_9,done,92.4,12.0,5.0,0.0,null,null,null,null,null
warehouse_multi_robot_pick_pack_handover_051,send_handover_coordination,2026-01-15T22:07:40.000Z,start,arm_1,robotic_arm,warehouse_multi_robot_pick_pack_handover_051_exec_10,inprogress,92.4,12.0,5.0,0.0,msg_7a86840680,ready for handover at station,send,arm_1,amr_1
warehouse_multi_robot_pick_pack_handover_051,send_handover_coordination,2026-01-15T22:07:45.000Z,complete,arm_1,robotic_arm,warehouse_multi_robot_pick_pack_handover_051_exec_10,done,92.2,12.0,5.0,0.0,msg_7a86840680,ready for handover at station,send,arm_1,amr_1
warehouse_multi_robot_pick_pack_handover_051,receive_handover_coordination,2026-01-15T22:07:49.000Z,start,amr_1,amr,warehouse_multi_robot_pick_pack_handover_051_exec_11,inprogress,81.7,39.03,9.18,0.0,msg_7a86840680,ready for handover at station,receive,arm_1,amr_1
warehouse_multi_robot_pick_pack_handover_051,receive_handover_coordination,2026-01-15T22:07:53.000Z,complete,amr_1,amr,warehouse_multi_robot_pick_pack_handover_051_exec_11,done,81.6,39.03,9.18,0.0,msg_7a86840680,ready for handover at station,receive,arm_1,amr_1
warehouse_multi_robot_pick_pack_handover_051,navigate_to_handover,2026-01-15T22:07:54.000Z,start,amr_1,amr,warehouse_multi_robot_pick_pack_handover_051_exec_12,inprogress,81.6,39.03,9.18,0.0,null,null,null,null,null
warehouse_multi_robot_pick_pack_handover_051,navigate_to_handover,2026-01-15T22:08:28.000Z,null,amr_1,amr,warehouse_multi_robot_pick_pack_handover_051_exec_12,inprogress,81.1,32.27,8.14,0.0,null,null,null,null,null
warehouse_multi_robot_pick_pack_handover_051,navigate_to_handover,2026-01-15T22:09:02.000Z,null,amr_1,amr,warehouse_multi_robot_pick_pack_handover_051_exec_12,inprogress,80.6,25.51,7.09,0.0,null,null,null,null,null
warehouse_multi_robot_pick_pack_handover_051,navigate_to_handover,2026-01-15T22:09:36.000Z,null,amr_1,amr,warehouse_multi_robot_pick_pack_handover_051_exec_12,inprogress,80.1,18.76,6.05,0.0,null,null,null,null,null
warehouse_multi_robot_pick_pack_handover_051,navigate_to_handover,2026-01-15T22:10:11.000Z,complete,amr_1,amr,warehouse_multi_robot_pick_pack_handover_051_exec_12,done,79.6,12.0,5.0,0.0,null,null,null,null,null
warehouse_multi_robot_pick_pack_handover_051,handover_item,2026-01-15T22:10:12.000Z,start,arm_1,robotic_arm,warehouse_multi_robot_pick_pack_handover_051_exec_13,inprogress,92.2,12.0,5.0,0.0,null,null,null,null,null
warehouse_multi_robot_pick_pack_handover_051,handover_item,2026-01-15T22:10:41.000Z,null,arm_1,robotic_arm,warehouse_multi_robot_pick_pack_handover_051_exec_13,inprogress,92.1,12.0,5.0,0.0,null,null,null,null,null
warehouse_multi_robot_pick_pack_handover_051,handover_item,2026-01-15T22:11:11.000Z,complete,arm_1,robotic_arm,warehouse_multi_robot_pick_pack_handover_051_exec_13,done,91.9,12.0,5.0,0.0,null,null,null,null,null
warehouse_multi_robot_pick_pack_handover_051,handover_item,2026-01-15T22:11:12.000Z,start,amr_1,amr,warehouse_multi_robot_pick_pack_handover_051_exec_14,inprogress,79.6,12.0,5.0,0.0,null,null,null,null,null
warehouse_multi_robot_pick_pack_handover_051,handover_item,2026-01-15T22:11:31.000Z,null,amr_1,amr,warehouse_multi_robot_pick_pack_handover_051_exec_14,inprogress,79.4,12.0,5.0,0.0,null,null,null,null,null
warehouse_multi_robot_pick_pack_handover_051,handover_item,2026-01-15T22:11:50.000Z,complete,amr_1,amr,warehouse_multi_robot_pick_pack_handover_051_exec_14,done,79.3,12.0,5.0,0.0,null,null,null,null,null
warehouse_multi_robot_pick_pack_handover_051,pack_order,2026-01-15T22:11:51.000Z,start,arm_1,robotic_arm,warehouse_multi_robot_pick_pack_handover_051_exec_15,inprogress,91.9,12.0,5.0,0.0,null,null,null,null,null
warehouse_multi_robot_pick_pack_handover_051,pack_order,2026-01-15T22:12:22.000Z,null,arm_1,robotic_arm,warehouse_multi_robot_pick_pack_handover_051_exec_15,inprogress,91.5,12.0,5.0,0.0,null,null,null,null,null
warehouse_multi_robot_pick_pack_handover_051,pack_order,2026-01-15T22:12:53.000Z,null,arm_1,robotic_arm,warehouse_multi_robot_pick_pack_handover_051_exec_15,inprogress,91.1,12.0,5.0,0.0,null,null,null,null,null
warehouse_multi_robot_pick_pack_handover_051,pack_order,2026-01-15T22:13:24.000Z,complete,arm_1,robotic_arm,warehouse_multi_robot_pick_pack_handover_051_exec_15,done,90.6,12.0,5.0,0.0,null,null,null,null,null
warehouse_multi_robot_pick_pack_handover_051,dispatch,2026-01-15T22:13:25.000Z,start,amr_1,amr,warehouse_multi_robot_pick_pack_handover_051_exec_16,inprogress,79.3,12.0,5.0,0.0,null,null,null,null,null
warehouse_multi_robot_pick_pack_handover_051,dispatch,2026-01-15T22:14:32.000Z,null,amr_1,amr,warehouse_multi_robot_pick_pack_handover_051_exec_16,inprogress,78.1,8.0,3.5,0.0,null,null,null,null,null
warehouse_multi_robot_pick_pack_handover_051,dispatch,2026-01-15T22:15:39.000Z,complete,amr_1,amr,warehouse_multi_robot_pick_pack_handover_051_exec_16,done,77.0,4.0,2.0,0.0,null,null,null,null,null
warehouse_multi_robot_pick_pack_handover_052,receive_order,2026-01-15T22:18:00.000Z,start,amr_1,amr,warehouse_multi_robot_pick_pack_handover_052_exec_1,inprogress,88.3,0.0,0.0,0.0,null,null,null,null,null
warehouse_multi_robot_pick_pack_handover_052,receive_order,2026-01-15T22:18:16.000Z,complete,amr_1,amr,warehouse_multi_robot_pick_pack_handover_052_exec_1,done,88.0,0.0,0.0,0.0,null,null,null,null,null
warehouse_multi_robot_pick_pack_handover_052,send_task_assignment,2026-01-15T22:18:17.000Z,start,amr_1,amr,warehouse_multi_robot_pick_pack_handover_052_exec_2,inprogress,88.0,0.0,0.0,0.0,msg_a96f694976,order_id assigned for picking,send,amr_1,arm_1
warehouse_multi_robot_pick_pack_handover_052,send_task_assignment,2026-01-15T22:18:21.000Z,complete,amr_1,amr,warehouse_multi_robot_pick_pack_handover_052_exec_2,done,87.8,0.0,0.0,0.0,msg_a96f694976,order_id assigned for picking,send,amr_1,arm_1
warehouse_multi_robot_pick_pack_handover_052,receive_task_assignment,2026-01-15T22:18:25.000Z,start,arm_1,robotic_arm,warehouse_multi_robot_pick_pack_handover_052_exec_3,inprogress,94.1,12.0,5.0,0.0,msg_a96f694976,order_id assigned for picking,receive,amr_1,arm_1
warehouse_multi_robot_pick_pack_handover_052,receive_task_assignment,2026-01-15T22:18:29.000Z,complete,arm_1,robotic_arm,warehouse_multi_robot_pick_pack_handover_052_exec_3,done,94.0,12.0,5.0,0.0,msg_a96f694976,order_id assigned for picking,receive,amr_1,arm_1
warehouse_multi_robot_pick_pack_handover_052,navigate_to_shelf,2026-01-15T22:18:30.000Z,start,amr_1,amr,warehouse_multi_robot_pick_pack_handover_052_exec_4,inprogress,87.8,0.0,0.0,0.0,null,null,null,null,null
warehouse_multi_robot_pick_pack_handover_052,navigate_to_shelf,2026-01-15T22:19:40.000Z,null,amr_1,amr,warehouse_multi_robot_pick_pack_handover_052_exec_4,inprogress,86.3,11.16,7.32,0.0,null,null,null,null,null
warehouse_multi_robot_pick_pack_handover_052,navigate_to_shelf,2026-01-15T22:20:50.000Z,null,amr_1,amr,warehouse_multi_robot_pick_pack_handover_052_exec_4,inprogress,84.7,22.32,14.64,0.0,null,null,null,null,null
warehouse_multi_robot_pick_pack_handover_052,navigate_to_shelf,2026-01-15T22:22:01.000Z,complete,amr_1,amr,warehouse_multi_robot_pick_pack_handover_052_exec_4,done,83.2,33.47,21.95,0.0,null,null,null,null,null
warehouse_multi_robot_pick_pack_handover_052,scan_bin,2026-01-15T22:22:02.000Z,start,amr_1,amr,warehouse_multi_robot_pick_pack_handover_052_exec_5,inprogress,83.2,33.47,21.95,0.0,null,null,null,null,null
warehouse_multi_robot_pick_pack_handover_052,scan_bin,2026-01-15T22:22:49.000Z,complete,amr_1,amr,warehouse_multi_robot_pick_pack_handover_052_exec_5,done,82.9,33.47,21.95,0.0,null,null,null,null,null
warehouse_multi_robot_pick_pack_handover_052,send_shelf_confirmation,2026-01-15T22:22:50.000Z,start,amr_1,amr,warehouse_multi_robot_pick_pack_handover_052_exec_6,inprogress,82.9,33.47,21.95,0.0,msg_4f44614531,bin verified for pick,send,amr_1,arm_1
warehouse_multi_robot_pick_pack_handover_052,send_shelf_confirmation,2026-01-15T22:22:58.000Z,complete,amr_1,amr,warehouse_multi_robot_pick_pack_handover_052_exec_6,done,82.7,33.47,21.95,0.0,msg_4f44614531,bin verified for pick,send,amr_1,arm_1
warehouse_multi_robot_pick_pack_handover_052,receive_shelf_confirmation,2026-01-15T22:23:03.000Z,start,arm_1,robotic_arm,warehouse_multi_robot_pick_pack_handover_052_exec_7,inprogress,94.0,12.0,5.0,0.0,msg_4f44614531,bin verified for pick,receive,amr_1,arm_1
warehouse_multi_robot_pick_pack_handover_052,receive_shelf_confirmation,2026-01-15T22:23:07.000Z,complete,arm_1,robotic_arm,warehouse_multi_robot_pick_pack_handover_052_exec_7,done,93.9,12.0,5.0,0.0,msg_4f44614531,bin verified for pick,receive,amr_1,arm_1
warehouse_multi_robot_pick_pack_handover_052,pick_item,2026-01-15T22:23:08.000Z,start,arm_1,robotic_arm,warehouse_multi_robot_pick_pack_handover_052_exec_8,inprogress,93.9,12.0,5.0,0.0,null,null,null,null,null
warehouse_multi_robot_pick_pack_handover_052,pick_item,2026-01-15T22:23:28.000Z,null,arm_1,robotic_arm,warehouse_multi_robot_pick_pack_handover_052_exec_8,inprogress,93.6,12.0,5.0,0.0,null,null,null,null,null
warehouse_multi_robot_pick_pack_handover_052,pick_item,2026-01-15T22:23:48.000Z,null,arm_1,robotic_arm,warehouse_multi_robot_pick_pack_handover_052_exec_8,inprogress,93.4,12.0,5.0,0.0,null,null,null,null,null
warehouse_multi_robot_pick_pack_handover_052,pick_item,2026-01-15T22:24:08.000Z,complete,arm_1,robotic_arm,warehouse_multi_robot_pick_pack_handover_052_exec_8,done,93.1,12.0,5.0,0.0,null,null,null,null,null
warehouse_multi_robot_pick_pack_handover_052,send_handover_coordination,2026-01-15T22:24:09.000Z,start,arm_1,robotic_arm,warehouse_multi_robot_pick_pack_handover_052_exec_9,inprogress,93.1,12.0,5.0,0.0,msg_aad55f64dd,ready for handover at station,send,arm_1,amr_1
warehouse_multi_robot_pick_pack_handover_052,send_handover_coordination,2026-01-15T22:24:16.000Z,complete,arm_1,robotic_arm,warehouse_multi_robot_pick_pack_handover_052_exec_9,done,92.9,12.0,5.0,0.0,msg_aad55f64dd,ready for handover at station,send,arm_1,amr_1
warehouse_multi_robot_pick_pack_handover_052,receive_handover_coordination,2026-01-15T22:24:20.000Z,start,amr_1,amr,warehouse_multi_robot_pick_pack_handover_052_exec_10,inprogress,82.7,33.47,21.95,0.0,msg_aad55f64dd,ready for handover at station,receive,arm_1,amr_1
warehouse_multi_robot_pick_pack_handover_052,receive_handover_coordination,2026-01-15T22:24:24.000Z,complete,amr_1,amr,warehouse_multi_robot_pick_pack_handover_052_exec_10,done,82.6,33.47,21.95,0.0,msg_aad55f64dd,ready for handover at station,receive,arm_1,amr_1
warehouse_multi_robot_pick_pack_handover_052,navigate_to_handover,2026-01-15T22:24:25.000Z,start,amr_1,amr,warehouse_multi_robot_pick_pack_handover_052_exec_11,inprogress,82.6,33.47,21.95,0.0,null,null,null,null,null
warehouse_multi_robot_pick_pack_handover_052,navigate_to_handover,2026-01-15T22:25:07.000Z,null,amr_1,amr,warehouse_multi_robot_pick_pack_handover_052_exec_11,inprogress,81.7,26.32,16.3,0.0,null,null,null,null,null
warehouse_multi_robot_pick_pack_handover_052,navigate_to_handover,2026-01-15T22:25:49.000Z,null,amr_1,amr,warehouse_multi_robot_pick_pack_handover_052_exec_11,inprogress,80.9,19.16,10.65,0.0,null,null,null,null,null
warehouse_multi_robot_pick_pack_handover_052,navigate_to_handover,2026-01-15T22:26:33.000Z,complete,amr_1,amr,warehouse_multi_robot_pick_pack_handover_052_exec_11,done,80.0,12.0,5.0,0.0,null,null,null,null,null
warehouse_multi_robot_pick_pack_handover_052,handover_item,2026-01-15T22:26:34.000Z,start,arm_1,robotic_arm,warehouse_multi_robot_pick_pack_handover_052_exec_12,inprogress,92.9,12.0,5.0,0.0,null,null,null,null,null
warehouse_multi_robot_pick_pack_handover_052,handover_item,2026-01-15T22:26:49.000Z,null,arm_1,robotic_arm,warehouse_multi_robot_pick_pack_handover_052_exec_12,inprogress,92.8,12.0,5.0,0.0,null,null,null,null,null
warehouse_multi_robot_pick_pack_handover_052,handover_item,2026-01-15T22:27:05.000Z,complete,arm_1,robotic_arm,warehouse_multi_robot_pick_pack_handover_052_exec_12,done,92.6,12.0,5.0,0.0,null,null,null,null,null
warehouse_multi_robot_pick_pack_handover_052,handover_item,2026-01-15T22:27:06.000Z,start,amr_1,amr,warehouse_multi_robot_pick_pack_handover_052_exec_13,inprogress,80.0,12.0,5.0,0.0,null,null,null,null,null
warehouse_multi_robot_pick_pack_handover_052,handover_item,2026-01-15T22:27:32.000Z,null,amr_1,amr,warehouse_multi_robot_pick_pack_handover_052_exec_13,inprogress,79.8,12.0,5.0,0.0,null,null,null,null,null
warehouse_multi_robot_pick_pack_handover_052,handover_item,2026-01-15T22:27:59.000Z,complete,amr_1,amr,warehouse_multi_robot_pick_pack_handover_052_exec_13,done,79.6,12.0,5.0,0.0,null,null,null,null,null
warehouse_multi_robot_pick_pack_handover_052,pack_order,2026-01-15T22:28:00.000Z,start,arm_1,robotic_arm,warehouse_multi_robot_pick_pack_handover_052_exec_14,inprogress,92.6,12.0,5.0,0.0,null,null,null,null,null
warehouse_multi_robot_pick_pack_handover_052,pack_order,2026-01-15T22:28:33.000Z,null,arm_1,robotic_arm,warehouse_multi_robot_pick_pack_handover_052_exec_14,inprogress,92.4,12.0,5.0,0.0,null,null,null,null,null
warehouse_multi_robot_pick_pack_handover_052,pack_order,2026-01-15T22:29:06.000Z,null,arm_1,robotic_arm,warehouse_multi_robot_pick_pack_handover_052_exec_14,inprogress,92.1,12.0,5.0,0.0,null,null,null,null,null
warehouse_multi_robot_pick_pack_handover_052,pack_order,2026-01-15T22:29:41.000Z,complete,arm_1,robotic_arm,warehouse_multi_robot_pick_pack_handover_052_exec_14,done,91.9,12.0,5.0,0.0,null,null,null,null,null
warehouse_multi_robot_pick_pack_handover_052,dispatch,2026-01-15T22:29:42.000Z,start,amr_1,amr,warehouse_multi_robot_pick_pack_handover_052_exec_15,inprogress,79.6,12.0,5.0,0.0,null,null,null,null,null
warehouse_multi_robot_pick_pack_handover_052,dispatch,2026-01-15T22:31:09.000Z,null,amr_1,amr,warehouse_multi_robot_pick_pack_handover_052_exec_15,inprogress,78.8,8.0,3.5,0.0,null,null,null,null,null
warehouse_multi_robot_pick_pack_handover_052,dispatch,2026-01-15T22:32:37.000Z,complete,amr_1,amr,warehouse_multi_robot_pick_pack_handover_052_exec_15,done,78.1,4.0,2.0,0.0,null,null,null,null,null
warehouse_multi_robot_pick_pack_handover_053,receive_order,2026-01-15T22:36:00.000Z,start,amr_1,amr,warehouse_multi_robot_pick_pack_handover_053_exec_1,inprogress,72.2,0.0,0.0,0.0,null,null,null,null,null
warehouse_multi_robot_pick_pack_handover_053,receive_order,2026-01-15T22:36:27.000Z,complete,amr_1,amr,warehouse_multi_robot_pick_pack_handover_053_exec_1,done,71.9,0.0,0.0,0.0,null,null,null,null,null
warehouse_multi_robot_pick_pack_handover_053,send_task_assignment,2026-01-15T22:36:28.000Z,start,amr_1,amr,warehouse_multi_robot_pick_pack_handover_053_exec_2,inprogress,71.9,0.0,0.0,0.0,msg_bdae4e2195,order_id assigned for picking,send,amr_1,arm_1
warehouse_multi_robot_pick_pack_handover_053,send_task_assignment,2026-01-15T22:36:35.000Z,complete,amr_1,amr,warehouse_multi_robot_pick_pack_handover_053_exec_2,done,71.7,0.0,0.0,0.0,msg_bdae4e2195,order_id assigned for picking,send,amr_1,arm_1
warehouse_multi_robot_pick_pack_handover_053,receive_task_assignment,2026-01-15T22:36:39.000Z,start,arm_1,robotic_arm,warehouse_multi_robot_pick_pack_handover_053_exec_3,inprogress,88.2,12.0,5.0,0.0,msg_bdae4e2195,order_id assigned for picking,receive,amr_1,arm_1
warehouse_multi_robot_pick_pack_handover_053,receive_task_assignment,2026-01-15T22:36:43.000Z,complete,arm_1,robotic_arm,warehouse_multi_robot_pick_pack_handover_053_exec_3,done,88.1,12.0,5.0,0.0,msg_bdae4e2195,order_id assigned for picking,receive,amr_1,arm_1
warehouse_multi_robot_pick_pack_handover_053,navigate_to_shelf,2026-01-15T22:36:44.000Z,start,amr_1,amr,warehouse_multi_robot_pick_pack_handover_053_exec_4,inprogress,71.7,0.0,0.0,0.0,null,null,null,null,null
warehouse_multi_robot_pick_pack_handover_053,navigate_to_shelf,2026-01-15T22:37:29.000Z,null,amr_1,amr,warehouse_multi_robot_pick_pack_handover_053_exec_4,inprogress,71.1,7.38,4.64,0.0,null,null,null,null,null
warehouse_multi_robot_pick_pack_handover_053,navigate_to_shelf,2026-01-15T22:38:14.000Z,null,amr_1,amr,warehouse_multi_robot_pick_pack_handover_053_exec_4,inprogress,70.6,14.77,9.28,0.0,null,null,null,null,null
warehouse_multi_robot_pick_pack_handover_053,navigate_to_shelf,2026-01-15T22:38:59.000Z,null,amr_1,amr,warehouse_multi_robot_pick_pack_handover_053_exec_4,inprogress,70.1,22.15,13.91,0.0,null,null,null,null,null
warehouse_multi_robot_pick_pack_handover_053,navigate_to_shelf,2026-01-15T22:39:44.000Z,null,amr_1,amr,warehouse_multi_robot_pick_pack_handover_053_exec_4,inprogress,69.6,29.54,18.55,0.0,null,null,null,null,null
warehouse_multi_robot_pick_pack_handover_053,navigate_to_shelf,2026-01-15T22:40:32.000Z,complete,amr_1,amr,warehouse_multi_robot_pick_pack_handover_053_exec_4,done,69.1,36.92,23.19,0.0,null,null,null,null,null
warehouse_multi_robot_pick_pack_handover_053,scan_bin,2026-01-15T22:40:33.000Z,start,amr_1,amr,warehouse_multi_robot_pick_pack_handover_053_exec_5,inprogress,69.1,36.92,23.19,0.0,null,null,null,null,null
warehouse_multi_robot_pick_pack_handover_053,scan_bin,2026-01-15T22:40:51.000Z,null,amr_1,amr,warehouse_multi_robot_pick_pack_handover_053_exec_5,inprogress,68.9,36.92,23.19,0.0,null,null,null,null,null
warehouse_multi_robot_pick_pack_handover_053,scan_bin,2026-01-15T22:41:09.000Z,complete,amr_1,amr,warehouse_multi_robot_pick_pack_handover_053_exec_5,done,68.6,36.92,23.19,0.0,null,null,null,null,null
warehouse_multi_robot_pick_pack_handover_053,send_shelf_confirmation,2026-01-15T22:41:10.000Z,start,amr_1,amr,warehouse_multi_robot_pick_pack_handover_053_exec_6,inprogress,68.6,36.92,23.19,0.0,msg_f875676154,bin verified for pick,send,amr_1,arm_1
warehouse_multi_robot_pick_pack_handover_053,send_shelf_confirmation,2026-01-15T22:41:17.000Z,complete,amr_1,amr,warehouse_multi_robot_pick_pack_handover_053_exec_6,done,68.4,36.92,23.19,0.0,msg_f875676154,bin verified for pick,send,amr_1,arm_1
warehouse_multi_robot_pick_pack_handover_053,receive_shelf_confirmation,2026-01-15T22:41:22.000Z,start,arm_1,robotic_arm,warehouse_multi_robot_pick_pack_handover_053_exec_7,inprogress,88.1,12.0,5.0,0.0,msg_f875676154,bin verified for pick,receive,amr_1,arm_1
warehouse_multi_robot_pick_pack_handover_053,receive_shelf_confirmation,2026-01-15T22:41:26.000Z,complete,arm_1,robotic_arm,warehouse_multi_robot_pick_pack_handover_053_exec_7,done,88.0,12.0,5.0,0.0,msg_f875676154,bin verified for pick,receive,amr_1,arm_1
warehouse_multi_robot_pick_pack_handover_053,pick_item,2026-01-15T22:41:27.000Z,start,arm_1,robotic_arm,warehouse_multi_robot_pick_pack_handover_053_exec_8,inprogress,88.0,12.0,5.0,0.0,null,null,null,null,null
warehouse_multi_robot_pick_pack_handover_053,pick_item,2026-01-15T22:41:46.000Z,null,arm_1,robotic_arm,warehouse_multi_robot_pick_pack_handover_053_exec_8,inprogress,87.8,12.0,5.0,0.0,null,null,null,null,null
warehouse_multi_robot_pick_pack_handover_053,pick_item,2026-01-15T22:42:05.000Z,null,arm_1,robotic_arm,warehouse_multi_robot_pick_pack_handover_053_exec_8,inprogress,87.6,12.0,5.0,0.0,null,null,null,null,null
warehouse_multi_robot_pick_pack_handover_053,pick_item,2026-01-15T22:42:26.000Z,complete,arm_1,robotic_arm,warehouse_multi_robot_pick_pack_handover_053_exec_8,done,87.5,12.0,5.0,0.0,null,null,null,null,null
warehouse_multi_robot_pick_pack_handover_053,send_handover_coordination,2026-01-15T22:42:27.000Z,start,arm_1,robotic_arm,warehouse_multi_robot_pick_pack_handover_053_exec_9,inprogress,87.5,12.0,5.0,0.0,msg_5558069718,ready for handover at station,send,arm_1,amr_1
warehouse_multi_robot_pick_pack_handover_053,send_handover_coordination,2026-01-15T22:42:34.000Z,complete,arm_1,robotic_arm,warehouse_multi_robot_pick_pack_handover_053_exec_9,done,87.3,12.0,5.0,0.0,msg_5558069718,ready for handover at station,send,arm_1,amr_1
warehouse_multi_robot_pick_pack_handover_053,receive_handover_coordination,2026-01-15T22:43:56.000Z,start,amr_1,amr,warehouse_multi_robot_pick_pack_handover_053_exec_10,inprogress,68.4,36.92,23.19,0.0,msg_5558069718,ready for handover at station,receive,arm_1,amr_1
warehouse_multi_robot_pick_pack_handover_053,receive_handover_coordination,2026-01-15T22:44:00.000Z,complete,amr_1,amr,warehouse_multi_robot_pick_pack_handover_053_exec_10,done,68.3,36.92,23.19,0.0,msg_5558069718,ready for handover at station,receive,arm_1,amr_1
warehouse_multi_robot_pick_pack_handover_053,queue_wait,2026-01-15T22:44:01.000Z,start,amr_1,amr,warehouse_multi_robot_pick_pack_handover_053_exec_11,inprogress,68.3,36.92,23.19,0.0,null,null,null,null,null
warehouse_multi_robot_pick_pack_handover_053,queue_wait,2026-01-15T22:44:16.000Z,null,amr_1,amr,warehouse_multi_robot_pick_pack_handover_053_exec_11,inprogress,68.1,36.92,23.19,0.0,null,null,null,null,null
warehouse_multi_robot_pick_pack_handover_053,queue_wait,2026-01-15T22:44:31.000Z,null,amr_1,amr,warehouse_multi_robot_pick_pack_handover_053_exec_11,inprogress,67.9,36.92,23.19,0.0,null,null,null,null,null
warehouse_multi_robot_pick_pack_handover_053,queue_wait,2026-01-15T22:44:46.000Z,complete,amr_1,amr,warehouse_multi_robot_pick_pack_handover_053_exec_11,done,67.6,36.92,23.19,0.0,null,null,null,null,null
warehouse_multi_robot_pick_pack_handover_053,navigate_to_handover,2026-01-15T22:44:47.000Z,start,amr_1,amr,warehouse_multi_robot_pick_pack_handover_053_exec_12,inprogress,67.6,36.92,23.19,0.0,null,null,null,null,null
warehouse_multi_robot_pick_pack_handover_053,navigate_to_handover,2026-01-15T22:45:14.000Z,null,amr_1,amr,warehouse_multi_robot_pick_pack_handover_053_exec_12,inprogress,67.0,30.69,18.64,0.0,null,null,null,null,null
warehouse_multi_robot_pick_pack_handover_053,navigate_to_handover,2026-01-15T22:45:41.000Z,null,amr_1,amr,warehouse_multi_robot_pick_pack_handover_053_exec_12,inprogress,66.4,24.46,14.1,0.0,null,null,null,null,null
warehouse_multi_robot_pick_pack_handover_053,navigate_to_handover,2026-01-15T22:46:08.000Z,null,amr_1,amr,warehouse_multi_robot_pick_pack_handover_053_exec_12,inprogress,65.8,18.23,9.55,0.0,null,null,null,null,null
warehouse_multi_robot_pick_pack_handover_053,navigate_to_handover,2026-01-15T22:46:37.000Z,complete,amr_1,amr,warehouse_multi_robot_pick_pack_handover_053_exec_12,done,65.2,12.0,5.0,0.0,null,null,null,null,null
warehouse_multi_robot_pick_pack_handover_053,handover_item,2026-01-15T22:46:38.000Z,start,arm_1,robotic_arm,warehouse_multi_robot_pick_pack_handover_053_exec_13,inprogress,87.3,12.0,5.0,0.0,null,null,null,null,null
warehouse_multi_robot_pick_pack_handover_053,handover_item,2026-01-15T22:47:01.000Z,null,arm_1,robotic_arm,warehouse_multi_robot_pick_pack_handover_053_exec_13,inprogress,87.1,12.0,5.0,0.0,null,null,null,null,null
warehouse_multi_robot_pick_pack_handover_053,handover_item,2026-01-15T22:47:24.000Z,complete,arm_1,robotic_arm,warehouse_multi_robot_pick_pack_handover_053_exec_13,done,87.0,12.0,5.0,0.0,null,null,null,null,null
warehouse_multi_robot_pick_pack_handover_053,handover_item,2026-01-15T22:47:25.000Z,start,amr_1,amr,warehouse_multi_robot_pick_pack_handover_053_exec_14,inprogress,65.2,12.0,5.0,0.0,null,null,null,null,null
warehouse_multi_robot_pick_pack_handover_053,handover_item,2026-01-15T22:47:35.000Z,null,amr_1,amr,warehouse_multi_robot_pick_pack_handover_053_exec_14,inprogress,65.0,12.0,5.0,0.0,null,null,null,null,null
warehouse_multi_robot_pick_pack_handover_053,handover_item,2026-01-15T22:47:45.000Z,complete,amr_1,amr,warehouse_multi_robot_pick_pack_handover_053_exec_14,done,64.8,12.0,5.0,0.0,null,null,null,null,null
warehouse_multi_robot_pick_pack_handover_053,pack_order,2026-01-15T22:47:46.000Z,start,arm_1,robotic_arm,warehouse_multi_robot_pick_pack_handover_053_exec_15,inprogress,87.0,12.0,5.0,0.0,null,null,null,null,null
warehouse_multi_robot_pick_pack_handover_053,pack_order,2026-01-15T22:48:03.000Z,null,arm_1,robotic_arm,warehouse_multi_robot_pick_pack_handover_053_exec_15,inprogress,86.8,12.0,5.0,0.0,null,null,null,null,null
warehouse_multi_robot_pick_pack_handover_053,pack_order,2026-01-15T22:48:20.000Z,null,arm_1,robotic_arm,warehouse_multi_robot_pick_pack_handover_053_exec_15,inprogress,86.5,12.0,5.0,0.0,null,null,null,null,null
warehouse_multi_robot_pick_pack_handover_053,pack_order,2026-01-15T22:48:37.000Z,null,arm_1,robotic_arm,warehouse_multi_robot_pick_pack_handover_053_exec_15,inprogress,86.2,12.0,5.0,0.0,null,null,null,null,null
warehouse_multi_robot_pick_pack_handover_053,pack_order,2026-01-15T22:48:55.000Z,complete,arm_1,robotic_arm,warehouse_multi_robot_pick_pack_handover_053_exec_15,done,86.0,12.0,5.0,0.0,null,null,null,null,null
warehouse_multi_robot_pick_pack_handover_053,dispatch,2026-01-15T22:48:56.000Z,start,amr_1,amr,warehouse_multi_robot_pick_pack_handover_053_exec_16,inprogress,64.8,12.0,5.0,0.0,null,null,null,null,null
warehouse_multi_robot_pick_pack_handover_053,dispatch,2026-01-15T22:50:25.000Z,null,amr_1,amr,warehouse_multi_robot_pick_pack_handover_053_exec_16,inprogress,64.0,8.0,3.5,0.0,null,null,null,null,null
warehouse_multi_robot_pick_pack_handover_053,dispatch,2026-01-15T22:51:54.000Z,complete,amr_1,amr,warehouse_multi_robot_pick_pack_handover_053_exec_16,done,63.2,4.0,2.0,0.0,null,null,null,null,null
warehouse_multi_robot_pick_pack_handover_054,receive_order,2026-01-15T22:54:00.000Z,start,amr_1,amr,warehouse_multi_robot_pick_pack_handover_054_exec_1,inprogress,91.9,0.0,0.0,0.0,null,null,null,null,null
warehouse_multi_robot_pick_pack_handover_054,receive_order,2026-01-15T22:54:20.000Z,complete,amr_1,amr,warehouse_multi_robot_pick_pack_handover_054_exec_1,done,91.7,0.0,0.0,0.0,null,null,null,null,null
warehouse_multi_robot_pick_pack_handover_054,send_task_assignment,2026-01-15T22:54:21.000Z,start,amr_1,amr,warehouse_multi_robot_pick_pack_handover_054_exec_2,inprogress,91.7,0.0,0.0,0.0,msg_64d4f37a36,order_id assigned for picking,send,amr_1,arm_1
warehouse_multi_robot_pick_pack_handover_054,send_task_assignment,2026-01-15T22:54:28.000Z,complete,amr_1,amr,warehouse_multi_robot_pick_pack_handover_054_exec_2,done,91.5,0.0,0.0,0.0,msg_64d4f37a36,order_id assigned for picking,send,amr_1,arm_1
warehouse_multi_robot_pick_pack_handover_054,receive_task_assignment,2026-01-15T22:54:32.000Z,start,arm_1,robotic_arm,warehouse_multi_robot_pick_pack_handover_054_exec_3,inprogress,99.8,12.0,5.0,0.0,msg_64d4f37a36,order_id assigned for picking,receive,amr_1,arm_1
warehouse_multi_robot_pick_pack_handover_054,receive_task_assignment,2026-01-15T22:54:36.000Z,complete,arm_1,robotic_arm,warehouse_multi_robot_pick_pack_handover_054_exec_3,done,99.7,12.0,5.0,0.0,msg_64d4f37a36,order_id assigned for picking,receive,amr_1,arm_1
warehouse_multi_robot_pick_pack_handover_054,navigate_to_shelf,2026-01-15T22:54:37.000Z,start,amr_1,amr,warehouse_multi_robot_pick_pack_handover_054_exec_4,inprogress,91.5,0.0,0.0,0.0,null,null,null,null,null
warehouse_multi_robot_pick_pack_handover_054,navigate_to_shelf,2026-01-15T22:55:04.000Z,null,amr_1,amr,warehouse_multi_robot_pick_pack_handover_054_exec_4,inprogress,90.7,6.37,3.86,0.0,null,null,null,null,null
warehouse_multi_robot_pick_pack_handover_054,navigate_to_shelf,2026-01-15T22:55:31.000Z,null,amr_1,amr,warehouse_multi_robot_pick_pack_handover_054_exec_4,inprogress,89.9,12.75,7.71,0.0,null,null,null,null,null
warehouse_multi_robot_pick_pack_handover_054,navigate_to_shelf,2026-01-15T22:55:58.000Z,null,amr_1,amr,warehouse_multi_robot_pick_pack_handover_054_exec_4,inprogress,89.2,19.12,11.57,0.0,null,null,null,null,null
warehouse_multi_robot_pick_pack_handover_054,navigate_to_shelf,2026-01-15T22:56:25.000Z,null,amr_1,amr,warehouse_multi_robot_pick_pack_handover_054_exec_4,inprogress,88.4,25.5,15.43,0.0,null,null,null,null,null
warehouse_multi_robot_pick_pack_handover_054,navigate_to_shelf,2026-01-15T22:56:56.000Z,complete,amr_1,amr,warehouse_multi_robot_pick_pack_handover_054_exec_4,done,87.6,31.87,19.28,0.0,null,null,null,null,null
warehouse_multi_robot_pick_pack_handover_054,scan_bin,2026-01-15T22:56:57.000Z,start,amr_1,amr,warehouse_multi_robot_pick_pack_handover_054_exec_5,inprogress,87.6,31.87,19.28,0.0,null,null,null,null,null
warehouse_multi_robot_pick_pack_handover_054,scan_bin,2026-01-15T22:57:19.000Z,null,amr_1,amr,warehouse_multi_robot_pick_pack_handover_054_exec_5,inprogress,87.3,31.87,19.28,0.0,null,null,null,null,null
warehouse_multi_robot_pick_pack_handover_054,scan_bin,2026-01-15T22:57:42.000Z,complete,amr_1,amr,warehouse_multi_robot_pick_pack_handover_054_exec_5,done,87.1,31.87,19.28,0.0,null,null,null,null,null
warehouse_multi_robot_pick_pack_handover_054,send_shelf_confirmation,2026-01-15T22:57:43.000Z,start,amr_1,amr,warehouse_multi_robot_pick_pack_handover_054_exec_6,inprogress,87.1,31.87,19.28,0.0,msg_428b656b9d,bin verified for pick,send,amr_1,arm_1
warehouse_multi_robot_pick_pack_handover_054,send_shelf_confirmation,2026-01-15T22:57:49.000Z,complete,amr_1,amr,warehouse_multi_robot_pick_pack_handover_054_exec_6,done,86.9,31.87,19.28,0.0,msg_428b656b9d,bin verified for pick,send,amr_1,arm_1
warehouse_multi_robot_pick_pack_handover_054,receive_shelf_confirmation,2026-01-15T22:57:54.000Z,start,arm_1,robotic_arm,warehouse_multi_robot_pick_pack_handover_054_exec_7,inprogress,99.7,12.0,5.0,0.0,msg_428b656b9d,bin verified for pick,receive,amr_1,arm_1
warehouse_multi_robot_pick_pack_handover_054,receive_shelf_confirmation,2026-01-15T22:57:58.000Z,complete,arm_1,robotic_arm,warehouse_multi_robot_pick_pack_handover_054_exec_7,done,99.6,12.0,5.0,0.0,msg_428b656b9d,bin verified for pick,receive,amr_1,arm_1
warehouse_multi_robot_pick_pack_handover_054,pick_item,2026-01-15T22:57:59.000Z,start,arm_1,robotic_arm,warehouse_multi_robot_pick_pack_handover_054_exec_8,inprogress,99.6,12.0,5.0,0.0,null,null,null,null,null
warehouse_multi_robot_pick_pack_handover_054,pick_item,2026-01-15T22:58:33.000Z,null,arm_1,robotic_arm,warehouse_multi_robot_pick_pack_handover_054_exec_8,inprogress,99.3,12.0,5.0,0.0,null,null,null,null,null
warehouse_multi_robot_pick_pack_handover_054,pick_item,2026-01-15T22:59:08.000Z,complete,arm_1,robotic_arm,warehouse_multi_robot_pick_pack_handover_054_exec_8,done,98.9,12.0,5.0,0.0,null,null,null,null,null
warehouse_multi_robot_pick_pack_handover_054,send_handover_coordination,2026-01-15T22:59:09.000Z,start,arm_1,robotic_arm,warehouse_multi_robot_pick_pack_handover_054_exec_9,inprogress,98.9,12.0,5.0,0.0,msg_de7c234261,ready for handover at station,send,arm_1,amr_1
warehouse_multi_robot_pick_pack_handover_054,send_handover_coordination,2026-01-15T22:59:17.000Z,complete,arm_1,robotic_arm,warehouse_multi_robot_pick_pack_handover_054_exec_9,done,98.7,12.0,5.0,0.0,msg_de7c234261,ready for handover at station,send,arm_1,amr_1
warehouse_multi_robot_pick_pack_handover_054,receive_handover_coordination,2026-01-15T23:00:31.000Z,start,amr_1,amr,warehouse_multi_robot_pick_pack_handover_054_exec_10,inprogress,86.9,31.87,19.28,0.0,msg_de7c234261,ready for handover at station,receive,arm_1,amr_1
warehouse_multi_robot_pick_pack_handover_054,receive_handover_coordination,2026-01-15T23:00:35.000Z,complete,amr_1,amr,warehouse_multi_robot_pick_pack_handover_054_exec_10,done,86.8,31.87,19.28,0.0,msg_de7c234261,ready for handover at station,receive,arm_1,amr_1
warehouse_multi_robot_pick_pack_handover_054,queue_wait,2026-01-15T23:00:36.000Z,start,amr_1,amr,warehouse_multi_robot_pick_pack_handover_054_exec_11,inprogress,86.8,31.87,19.28,0.0,null,null,null,null,null
warehouse_multi_robot_pick_pack_handover_054,queue_wait,2026-01-15T23:01:15.000Z,null,amr_1,amr,warehouse_multi_robot_pick_pack_handover_054_exec_11,inprogress,86.6,31.87,19.28,0.0,null,null,null,null,null
warehouse_multi_robot_pick_pack_handover_054,queue_wait,2026-01-15T23:01:54.000Z,null,amr_1,amr,warehouse_multi_robot_pick_pack_handover_054_exec_11,inprogress,86.5,31.87,19.28,0.0,null,null,null,null,null
warehouse_multi_robot_pick_pack_handover_054,queue_wait,2026-01-15T23:02:34.000Z,complete,amr_1,amr,warehouse_multi_robot_pick_pack_handover_054_exec_11,done,86.3,31.87,19.28,0.0,null,null,null,null,null
warehouse_multi_robot_pick_pack_handover_054,navigate_to_handover,2026-01-15T23:02:35.000Z,start,amr_1,amr,warehouse_multi_robot_pick_pack_handover_054_exec_12,inprogress,86.3,31.87,19.28,0.0,null,null,null,null,null
warehouse_multi_robot_pick_pack_handover_054,navigate_to_handover,2026-01-15T23:03:14.000Z,null,amr_1,amr,warehouse_multi_robot_pick_pack_handover_054_exec_12,inprogress,85.8,25.25,14.52,0.0,null,null,null,null,null
warehouse_multi_robot_pick_pack_handover_054,navigate_to_handover,2026-01-15T23:03:53.000Z,null,amr_1,amr,warehouse_multi_robot_pick_pack_handover_054_exec_12,inprogress,85.2,18.62,9.76,0.0,null,null,null,null,null
warehouse_multi_robot_pick_pack_handover_054,navigate_to_handover,2026-01-15T23:04:32.000Z,complete,amr_1,amr,warehouse_multi_robot_pick_pack_handover_054_exec_12,done,84.6,12.0,5.0,0.0,null,null,null,null,null
warehouse_multi_robot_pick_pack_handover_054,handover_item,2026-01-15T23:04:33.000Z,start,arm_1,robotic_arm,warehouse_multi_robot_pick_pack_handover_054_exec_13,inprogress,98.7,12.0,5.0,0.0,null,null,null,null,null
warehouse_multi_robot_pick_pack_handover_054,handover_item,2026-01-15T23:05:02.000Z,null,arm_1,robotic_arm,warehouse_multi_robot_pick_pack_handover_054_exec_13,inprogress,98.5,12.0,5.0,0.0,null,null,null,null,null
warehouse_multi_robot_pick_pack_handover_054,handover_item,2026-01-15T23:05:31.000Z,complete,arm_1,robotic_arm,warehouse_multi_robot_pick_pack_handover_054_exec_13,done,98.2,12.0,5.0,0.0,null,null,null,null,null
warehouse_multi_robot_pick_pack_handover_054,handover_item,2026-01-15T23:05:32.000Z,start,amr_1,amr,warehouse_multi_robot_pick_pack_handover_054_exec_14,inprogress,84.6,12.0,5.0,0.0,null,null,null,null,null
warehouse_multi_robot_pick_pack_handover_054,handover_item,2026-01-15T23:05:59.000Z,null,amr_1,amr,warehouse_multi_robot_pick_pack_handover_054_exec_14,inprogress,84.5,12.0,5.0,0.0,null,null,null,null,null
warehouse_multi_robot_pick_pack_handover_054,handover_item,2026-01-15T23:06:26.000Z,complete,amr_1,amr,warehouse_multi_robot_pick_pack_handover_054_exec_14,done,84.4,12.0,5.0,0.0,null,null,null,null,null
warehouse_multi_robot_pick_pack_handover_054,pack_order,2026-01-15T23:06:27.000Z,start,arm_1,robotic_arm,warehouse_multi_robot_pick_pack_handover_054_exec_15,inprogress,98.2,12.0,5.0,0.0,null,null,null,null,null
warehouse_multi_robot_pick_pack_handover_054,pack_order,2026-01-15T23:06:55.000Z,null,arm_1,robotic_arm,warehouse_multi_robot_pick_pack_handover_054_exec_15,inprogress,98.0,12.0,5.0,0.0,null,null,null,null,null
warehouse_multi_robot_pick_pack_handover_054,pack_order,2026-01-15T23:07:23.000Z,null,arm_1,robotic_arm,warehouse_multi_robot_pick_pack_handover_054_exec_15,inprogress,97.8,12.0,5.0,0.0,null,null,null,null,null
warehouse_multi_robot_pick_pack_handover_054,pack_order,2026-01-15T23:07:51.000Z,null,arm_1,robotic_arm,warehouse_multi_robot_pick_pack_handover_054_exec_15,inprogress,97.7,12.0,5.0,0.0,null,null,null,null,null
warehouse_multi_robot_pick_pack_handover_054,pack_order,2026-01-15T23:08:22.000Z,complete,arm_1,robotic_arm,warehouse_multi_robot_pick_pack_handover_054_exec_15,done,97.5,12.0,5.0,0.0,null,null,null,null,null
warehouse_multi_robot_pick_pack_handover_054,dispatch,2026-01-15T23:08:23.000Z,start,amr_1,amr,warehouse_multi_robot_pick_pack_handover_054_exec_16,inprogress,84.4,12.0,5.0,0.0,null,null,null,null,null
warehouse_multi_robot_pick_pack_handover_054,dispatch,2026-01-15T23:08:47.000Z,null,amr_1,amr,warehouse_multi_robot_pick_pack_handover_054_exec_16,inprogress,83.6,10.0,4.25,0.0,null,null,null,null,null
warehouse_multi_robot_pick_pack_handover_054,dispatch,2026-01-15T23:09:11.000Z,null,amr_1,amr,warehouse_multi_robot_pick_pack_handover_054_exec_16,inprogress,82.9,8.0,3.5,0.0,null,null,null,null,null
warehouse_multi_robot_pick_pack_handover_054,dispatch,2026-01-15T23:09:35.000Z,null,amr_1,amr,warehouse_multi_robot_pick_pack_handover_054_exec_16,inprogress,82.1,6.0,2.75,0.0,null,null,null,null,null
warehouse_multi_robot_pick_pack_handover_054,dispatch,2026-01-15T23:09:59.000Z,complete,amr_1,amr,warehouse_multi_robot_pick_pack_handover_054_exec_16,done,81.4,4.0,2.0,0.0,null,null,null,null,null
warehouse_multi_robot_pick_pack_handover_055,receive_order,2026-01-15T23:12:00.000Z,start,amr_1,amr,warehouse_multi_robot_pick_pack_handover_055_exec_1,inprogress,94.3,0.0,0.0,0.0,null,null,null,null,null
warehouse_multi_robot_pick_pack_handover_055,receive_order,2026-01-15T23:12:21.000Z,complete,amr_1,amr,warehouse_multi_robot_pick_pack_handover_055_exec_1,done,94.0,0.0,0.0,0.0,null,null,null,null,null
warehouse_multi_robot_pick_pack_handover_055,send_task_assignment,2026-01-15T23:12:22.000Z,start,amr_1,amr,warehouse_multi_robot_pick_pack_handover_055_exec_2,inprogress,94.0,0.0,0.0,0.0,msg_0bafe84e45,order_id assigned for picking,send,amr_1,arm_1
warehouse_multi_robot_pick_pack_handover_055,send_task_assignment,2026-01-15T23:12:28.000Z,complete,amr_1,amr,warehouse_multi_robot_pick_pack_handover_055_exec_2,done,93.8,0.0,0.0,0.0,msg_0bafe84e45,order_id assigned for picking,send,amr_1,arm_1
warehouse_multi_robot_pick_pack_handover_055,receive_task_assignment,2026-01-15T23:12:32.000Z,start,arm_1,robotic_arm,warehouse_multi_robot_pick_pack_handover_055_exec_3,inprogress,95.5,12.0,5.0,0.0,msg_0bafe84e45,order_id assigned for picking,receive,amr_1,arm_1
warehouse_multi_robot_pick_pack_handover_055,receive_task_assignment,2026-01-15T23:12:36.000Z,complete,arm_1,robotic_arm,warehouse_multi_robot_pick_pack_handover_055_exec_3,done,95.4,12.0,5.0,0.0,msg_0bafe84e45,order_id assigned for picking,receive,amr_1,arm_1
warehouse_multi_robot_pick_pack_handover_055,navigate_to_shelf,2026-01-15T23:12:37.000Z,start,amr_1,amr,warehouse_multi_robot_pick_pack_handover_055_exec_4,inprogress,93.8,0.0,0.0,0.0,null,null,null,null,null
warehouse_multi_robot_pick_pack_handover_055,navigate_to_shelf,2026-01-15T23:13:38.000Z,null,amr_1,amr,warehouse_multi_robot_pick_pack_handover_055_exec_4,inprogress,92.4,6.97,4.26,0.0,null,null,null,null,null
warehouse_multi_robot_pick_pack_handover_055,navigate_to_shelf,2026-01-15T23:14:39.000Z,null,amr_1,amr,warehouse_multi_robot_pick_pack_handover_055_exec_4,inprogress,91.0,13.94,8.52,0.0,null,null,null,null,null
warehouse_multi_robot_pick_pack_handover_055,navigate_to_shelf,2026-01-15T23:15:42.000Z,complete,amr_1,amr,warehouse_multi_robot_pick_pack_handover_055_exec_4,done,89.6,20.92,12.78,0.0,null,null,null,null,null
warehouse_multi_robot_pick_pack_handover_055,scan_bin,2026-01-15T23:15:43.000Z,start,amr_1,amr,warehouse_multi_robot_pick_pack_handover_055_exec_5,inprogress,89.6,20.92,12.78,0.0,null,null,null,null,null
warehouse_multi_robot_pick_pack_handover_055,scan_bin,2026-01-15T23:16:22.000Z,complete,amr_1,amr,warehouse_multi_robot_pick_pack_handover_055_exec_5,done,88.9,20.92,12.78,0.0,null,null,null,null,null
warehouse_multi_robot_pick_pack_handover_055,send_shelf_confirmation,2026-01-15T23:16:23.000Z,start,amr_1,amr,warehouse_multi_robot_pick_pack_handover_055_exec_6,inprogress,88.9,20.92,12.78,0.0,msg_e3a9e29711,bin verified for pick,send,amr_1,arm_1
warehouse_multi_robot_pick_pack_handover_055,send_shelf_confirmation,2026-01-15T23:16:28.000Z,complete,amr_1,amr,warehouse_multi_robot_pick_pack_handover_055_exec_6,done,88.7,20.92,12.78,0.0,msg_e3a9e29711,bin verified for pick,send,amr_1,arm_1
warehouse_multi_robot_pick_pack_handover_055,receive_shelf_confirmation,2026-01-15T23:17:55.000Z,start,arm_1,robotic_arm,warehouse_multi_robot_pick_pack_handover_055_exec_7,inprogress,95.4,12.0,5.0,0.0,msg_e3a9e29711,bin verified for pick,receive,amr_1,arm_1
warehouse_multi_robot_pick_pack_handover_055,receive_shelf_confirmation,2026-01-15T23:17:59.000Z,complete,arm_1,robotic_arm,warehouse_multi_robot_pick_pack_handover_055_exec_7,done,95.3,12.0,5.0,0.0,msg_e3a9e29711,bin verified for pick,receive,amr_1,arm_1
warehouse_multi_robot_pick_pack_handover_055,queue_wait,2026-01-15T23:18:00.000Z,start,arm_1,robotic_arm,warehouse_multi_robot_pick_pack_handover_055_exec_8,inprogress,95.3,12.0,5.0,0.0,null,null,null,null,null
warehouse_multi_robot_pick_pack_handover_055,queue_wait,2026-01-15T23:18:35.000Z,null,arm_1,robotic_arm,warehouse_multi_robot_pick_pack_handover_055_exec_8,inprogress,95.2,12.0,5.0,0.0,null,null,null,null,null
warehouse_multi_robot_pick_pack_handover_055,queue_wait,2026-01-15T23:19:10.000Z,null,arm_1,robotic_arm,warehouse_multi_robot_pick_pack_handover_055_exec_8,inprogress,95.1,12.0,5.0,0.0,null,null,null,null,null
warehouse_multi_robot_pick_pack_handover_055,queue_wait,2026-01-15T23:19:47.000Z,complete,arm_1,robotic_arm,warehouse_multi_robot_pick_pack_handover_055_exec_8,done,94.9,12.0,5.0,0.0,null,null,null,null,null
warehouse_multi_robot_pick_pack_handover_055,pick_item,2026-01-15T23:19:48.000Z,start,arm_1,robotic_arm,warehouse_multi_robot_pick_pack_handover_055_exec_9,inprogress,94.9,12.0,5.0,0.0,null,null,null,null,null
warehouse_multi_robot_pick_pack_handover_055,pick_item,2026-01-15T23:20:13.000Z,null,arm_1,robotic_arm,warehouse_multi_robot_pick_pack_handover_055_exec_9,inprogress,94.6,12.0,5.0,0.0,null,null,null,null,null
warehouse_multi_robot_pick_pack_handover_055,pick_item,2026-01-15T23:20:39.000Z,complete,arm_1,robotic_arm,warehouse_multi_robot_pick_pack_handover_055_exec_9,done,94.3,12.0,5.0,0.0,null,null,null,null,null
warehouse_multi_robot_pick_pack_handover_055,send_handover_coordination,2026-01-15T23:20:40.000Z,start,arm_1,robotic_arm,warehouse_multi_robot_pick_pack_handover_055_exec_10,inprogress,94.3,12.0,5.0,0.0,msg_d9aa878644,ready for handover at station,send,arm_1,amr_1
warehouse_multi_robot_pick_pack_handover_055,send_handover_coordination,2026-01-15T23:20:48.000Z,complete,arm_1,robotic_arm,warehouse_multi_robot_pick_pack_handover_055_exec_10,done,94.1,12.0,5.0,0.0,msg_d9aa878644,ready for handover at station,send,arm_1,amr_1
warehouse_multi_robot_pick_pack_handover_055,receive_handover_coordination,2026-01-15T23:20:52.000Z,start,amr_1,amr,warehouse_multi_robot_pick_pack_handover_055_exec_11,inprogress,88.7,20.92,12.78,0.0,msg_d9aa878644,ready for handover at station,receive,arm_1,amr_1
warehouse_multi_robot_pick_pack_handover_055,receive_handover_coordination,2026-01-15T23:20:56.000Z,complete,amr_1,amr,warehouse_multi_robot_pick_pack_handover_055_exec_11,done,88.6,20.92,12.78,0.0,msg_d9aa878644,ready for handover at station,receive,arm_1,amr_1
warehouse_multi_robot_pick_pack_handover_055,navigate_to_handover,2026-01-15T23:20:57.000Z,start,amr_1,amr,warehouse_multi_robot_pick_pack_handover_055_exec_12,inprogress,88.6,20.92,12.78,0.0,null,null,null,null,null
warehouse_multi_robot_pick_pack_handover_055,navigate_to_handover,2026-01-15T23:21:25.000Z,null,amr_1,amr,warehouse_multi_robot_pick_pack_handover_055_exec_12,inprogress,87.5,17.94,10.18,0.0,null,null,null,null,null
warehouse_multi_robot_pick_pack_handover_055,navigate_to_handover,2026-01-15T23:21:53.000Z,null,amr_1,amr,warehouse_multi_robot_pick_pack_handover_055_exec_12,inprogress,86.3,14.97,7.59,0.0,null,null,null,null,null
warehouse_multi_robot_pick_pack_handover_055,navigate_to_handover,2026-01-15T23:22:21.000Z,complete,amr_1,amr,warehouse_multi_robot_pick_pack_handover_055_exec_12,done,85.2,12.0,5.0,0.0,null,null,null,null,null
warehouse_multi_robot_pick_pack_handover_055,handover_item,2026-01-15T23:22:22.000Z,start,arm_1,robotic_arm,warehouse_multi_robot_pick_pack_handover_055_exec_13,inprogress,94.1,12.0,5.0,0.0,null,null,null,null,null
warehouse_multi_robot_pick_pack_handover_055,handover_item,2026-01-15T23:22:51.000Z,complete,arm_1,robotic_arm,warehouse_multi_robot_pick_pack_handover_055_exec_13,done,93.5,12.0,5.0,0.0,null,null,null,null,null
warehouse_multi_robot_pick_pack_handover_055,handover_item,2026-01-15T23:22:52.000Z,start,amr_1,amr,warehouse_multi_robot_pick_pack_handover_055_exec_14,inprogress,85.2,12.0,5.0,0.0,null,null,null,null,null
warehouse_multi_robot_pick_pack_handover_055,handover_item,2026-01-15T23:23:14.000Z,null,amr_1,amr,warehouse_multi_robot_pick_pack_handover_055_exec_14,inprogress,85.0,12.0,5.0,0.0,null,null,null,null,null
warehouse_multi_robot_pick_pack_handover_055,handover_item,2026-01-15T23:23:36.000Z,complete,amr_1,amr,warehouse_multi_robot_pick_pack_handover_055_exec_14,done,84.9,12.0,5.0,0.0,null,null,null,null,null
warehouse_multi_robot_pick_pack_handover_055,pack_order,2026-01-15T23:23:37.000Z,start,arm_1,robotic_arm,warehouse_multi_robot_pick_pack_handover_055_exec_15,inprogress,93.5,12.0,5.0,0.0,null,null,null,null,null
warehouse_multi_robot_pick_pack_handover_055,pack_order,2026-01-15T23:24:04.000Z,null,arm_1,robotic_arm,warehouse_multi_robot_pick_pack_handover_055_exec_15,inprogress,93.2,12.0,5.0,0.0,null,null,null,null,null
warehouse_multi_robot_pick_pack_handover_055,pack_order,2026-01-15T23:24:31.000Z,null,arm_1,robotic_arm,warehouse_multi_robot_pick_pack_handover_055_exec_15,inprogress,92.9,12.0,5.0,0.0,null,null,null,null,null
warehouse_multi_robot_pick_pack_handover_055,pack_order,2026-01-15T23:24:58.000Z,null,arm_1,robotic_arm,warehouse_multi_robot_pick_pack_handover_055_exec_15,inprogress,92.6,12.0,5.0,0.0,null,null,null,null,null
warehouse_multi_robot_pick_pack_handover_055,pack_order,2026-01-15T23:25:28.000Z,complete,arm_1,robotic_arm,warehouse_multi_robot_pick_pack_handover_055_exec_15,done,92.3,12.0,5.0,0.0,null,null,null,null,null
warehouse_multi_robot_pick_pack_handover_055,dispatch,2026-01-15T23:25:29.000Z,start,amr_1,amr,warehouse_multi_robot_pick_pack_handover_055_exec_16,inprogress,84.9,12.0,5.0,0.0,null,null,null,null,null
warehouse_multi_robot_pick_pack_handover_055,dispatch,2026-01-15T23:25:58.000Z,null,amr_1,amr,warehouse_multi_robot_pick_pack_handover_055_exec_16,inprogress,84.3,10.0,4.25,0.0,null,null,null,null,null
warehouse_multi_robot_pick_pack_handover_055,dispatch,2026-01-15T23:26:27.000Z,null,amr_1,amr,warehouse_multi_robot_pick_pack_handover_055_exec_16,inprogress,83.6,8.0,3.5,0.0,null,null,null,null,null
warehouse_multi_robot_pick_pack_handover_055,dispatch,2026-01-15T23:26:56.000Z,null,amr_1,amr,warehouse_multi_robot_pick_pack_handover_055_exec_16,inprogress,83.0,6.0,2.75,0.0,null,null,null,null,null
warehouse_multi_robot_pick_pack_handover_055,dispatch,2026-01-15T23:27:25.000Z,complete,amr_1,amr,warehouse_multi_robot_pick_pack_handover_055_exec_16,done,82.4,4.0,2.0,0.0,null,null,null,null,null
warehouse_multi_robot_pick_pack_handover_056,receive_order,2026-01-15T23:30:00.000Z,start,amr_1,amr,warehouse_multi_robot_pick_pack_handover_056_exec_1,inprogress,80.4,0.0,0.0,0.0,null,null,null,null,null
warehouse_multi_robot_pick_pack_handover_056,receive_order,2026-01-15T23:30:15.000Z,complete,amr_1,amr,warehouse_multi_robot_pick_pack_handover_056_exec_1,done,80.2,0.0,0.0,0.0,null,null,null,null,null
warehouse_multi_robot_pick_pack_handover_056,send_task_assignment,2026-01-15T23:30:16.000Z,start,amr_1,amr,warehouse_multi_robot_pick_pack_handover_056_exec_2,inprogress,80.2,0.0,0.0,0.0,msg_ed2be8a69e,order_id assigned for picking,send,amr_1,arm_1
warehouse_multi_robot_pick_pack_handover_056,send_task_assignment,2026-01-15T23:30:24.000Z,complete,amr_1,amr,warehouse_multi_robot_pick_pack_handover_056_exec_2,done,80.0,0.0,0.0,0.0,msg_ed2be8a69e,order_id assigned for picking,send,amr_1,arm_1
warehouse_multi_robot_pick_pack_handover_056,receive_task_assignment,2026-01-15T23:30:28.000Z,start,arm_1,robotic_arm,warehouse_multi_robot_pick_pack_handover_056_exec_3,inprogress,95.7,12.0,5.0,0.0,msg_ed2be8a69e,order_id assigned for picking,receive,amr_1,arm_1
warehouse_multi_robot_pick_pack_handover_056,receive_task_assignment,2026-01-15T23:30:32.000Z,complete,arm_1,robotic_arm,warehouse_multi_robot_pick_pack_handover_056_exec_3,done,95.6,12.0,5.0,0.0,msg_ed2be8a69e,order_id assigned for picking,receive,amr_1,arm_1
warehouse_multi_robot_pick_pack_handover_056,navigate_to_shelf,2026-01-15T23:30:33.000Z,start,amr_1,amr,warehouse_multi_robot_pick_pack_handover_056_exec_4,inprogress,80.0,0.0,0.0,0.0,null,null,null,null,null
warehouse_multi_robot_pick_pack_handover_056,navigate_to_shelf,2026-01-15T23:31:27.000Z,null,amr_1,amr,warehouse_multi_robot_pick_pack_handover_056_exec_4,inprogress,79.3,5.79,4.9,0.0,null,null,null,null,null
warehouse_multi_robot_pick_pack_handover_056,navigate_to_shelf,2026-01-15T23:32:21.000Z,null,amr_1,amr,warehouse_multi_robot_pick_pack_handover_056_exec_4,inprogress,78.6,11.57,9.81,0.0,null,null,null,null,null
warehouse_multi_robot_pick_pack_handover_056,navigate_to_shelf,2026-01-15T23:33:15.000Z,null,amr_1,amr,warehouse_multi_robot_pick_pack_handover_056_exec_4,inprogress,77.9,17.36,14.71,0.0,null,null,null,null,null
warehouse_multi_robot_pick_pack_handover_056,navigate_to_shelf,2026-01-15T23:34:12.000Z,complete,amr_1,amr,warehouse_multi_robot_pick_pack_handover_056_exec_4,done,77.2,23.14,19.62,0.0,null,null,null,null,null
warehouse_multi_robot_pick_pack_handover_056,scan_bin,2026-01-15T23:34:13.000Z,start,amr_1,amr,warehouse_multi_robot_pick_pack_handover_056_exec_5,inprogress,77.2,23.14,19.62,0.0,null,null,null,null,null
warehouse_multi_robot_pick_pack_handover_056,scan_bin,2026-01-15T23:34:31.000Z,null,amr_1,amr,warehouse_multi_robot_pick_pack_handover_056_exec_5,inprogress,77.1,23.14,19.62,0.0,null,null,null,null,null
warehouse_multi_robot_pick_pack_handover_056,scan_bin,2026-01-15T23:34:49.000Z,complete,amr_1,amr,warehouse_multi_robot_pick_pack_handover_056_exec_5,done,77.0,23.14,19.62,0.0,null,null,null,null,null
warehouse_multi_robot_pick_pack_handover_056,send_shelf_confirmation,2026-01-15T23:34:50.000Z,start,amr_1,amr,warehouse_multi_robot_pick_pack_handover_056_exec_6,inprogress,77.0,23.14,19.62,0.0,msg_2dbf47e18f,bin verified for pick,send,amr_1,arm_1
warehouse_multi_robot_pick_pack_handover_056,send_shelf_confirmation,2026-01-15T23:34:57.000Z,complete,amr_1,amr,warehouse_multi_robot_pick_pack_handover_056_exec_6,done,76.8,23.14,19.62,0.0,msg_2dbf47e18f,bin verified for pick,send,amr_1,arm_1
warehouse_multi_robot_pick_pack_handover_056,receive_shelf_confirmation,2026-01-15T23:35:02.000Z,start,arm_1,robotic_arm,warehouse_multi_robot_pick_pack_handover_056_exec_7,inprogress,95.6,12.0,5.0,0.0,msg_2dbf47e18f,bin verified for pick,receive,amr_1,arm_1
warehouse_multi_robot_pick_pack_handover_056,receive_shelf_confirmation,2026-01-15T23:35:06.000Z,complete,arm_1,robotic_arm,warehouse_multi_robot_pick_pack_handover_056_exec_7,done,95.5,12.0,5.0,0.0,msg_2dbf47e18f,bin verified for pick,receive,amr_1,arm_1
warehouse_multi_robot_pick_pack_handover_056,pick_item,2026-01-15T23:35:07.000Z,start,arm_1,robotic_arm,warehouse_multi_robot_pick_pack_handover_056_exec_8,inprogress,95.5,12.0,5.0,0.0,null,null,null,null,null
warehouse_multi_robot_pick_pack_handover_056,pick_item,2026-01-15T23:35:26.000Z,null,arm_1,robotic_arm,warehouse_multi_robot_pick_pack_handover_056_exec_8,inprogress,95.2,12.0,5.0,0.0,null,null,null,null,null
warehouse_multi_robot_pick_pack_handover_056,pick_item,2026-01-15T23:35:45.000Z,null,arm_1,robotic_arm,warehouse_multi_robot_pick_pack_handover_056_exec_8,inprogress,94.9,12.0,5.0,0.0,null,null,null,null,null
warehouse_multi_robot_pick_pack_handover_056,pick_item,2026-01-15T23:36:06.000Z,complete,arm_1,robotic_arm,warehouse_multi_robot_pick_pack_handover_056_exec_8,done,94.5,12.0,5.0,0.0,null,null,null,null,null
warehouse_multi_robot_pick_pack_handover_056,send_handover_coordination,2026-01-15T23:36:07.000Z,start,arm_1,robotic_arm,warehouse_multi_robot_pick_pack_handover_056_exec_9,inprogress,94.5,12.0,5.0,0.0,msg_387492ed8a,ready for handover at station,send,arm_1,amr_1
warehouse_multi_robot_pick_pack_handover_056,send_handover_coordination,2026-01-15T23:36:11.000Z,complete,arm_1,robotic_arm,warehouse_multi_robot_pick_pack_handover_056_exec_9,done,94.3,12.0,5.0,0.0,msg_387492ed8a,ready for handover at station,send,arm_1,amr_1
warehouse_multi_robot_pick_pack_handover_056,receive_handover_coordination,2026-01-15T23:36:15.000Z,start,amr_1,amr,warehouse_multi_robot_pick_pack_handover_056_exec_10,inprogress,76.8,23.14,19.62,0.0,msg_387492ed8a,ready for handover at station,receive,arm_1,amr_1
warehouse_multi_robot_pick_pack_handover_056,receive_handover_coordination,2026-01-15T23:36:19.000Z,complete,amr_1,amr,warehouse_multi_robot_pick_pack_handover_056_exec_10,done,76.7,23.14,19.62,0.0,msg_387492ed8a,ready for handover at station,receive,arm_1,amr_1
warehouse_multi_robot_pick_pack_handover_056,navigate_to_handover,2026-01-15T23:36:20.000Z,start,amr_1,amr,warehouse_multi_robot_pick_pack_handover_056_exec_11,inprogress,76.7,23.14,19.62,0.0,null,null,null,null,null
warehouse_multi_robot_pick_pack_handover_056,navigate_to_handover,2026-01-15T23:36:43.000Z,null,amr_1,amr,warehouse_multi_robot_pick_pack_handover_056_exec_11,inprogress,76.1,20.36,15.96,0.0,null,null,null,null,null
warehouse_multi_robot_pick_pack_handover_056,navigate_to_handover,2026-01-15T23:37:06.000Z,null,amr_1,amr,warehouse_multi_robot_pick_pack_handover_056_exec_11,inprogress,75.4,17.57,12.31,0.0,null,null,null,null,null
warehouse_multi_robot_pick_pack_handover_056,navigate_to_handover,2026-01-15T23:37:29.000Z,null,amr_1,amr,warehouse_multi_robot_pick_pack_handover_056_exec_11,inprogress,74.7,14.79,8.65,0.0,null,null,null,null,null
warehouse_multi_robot_pick_pack_handover_056,navigate_to_handover,2026-01-15T23:37:52.000Z,complete,amr_1,amr,warehouse_multi_robot_pick_pack_handover_056_exec_11,done,74.0,12.0,5.0,0.0,null,null,null,null,null
warehouse_multi_robot_pick_pack_handover_056,handover_item,2026-01-15T23:37:53.000Z,start,arm_1,robotic_arm,warehouse_multi_robot_pick_pack_handover_056_exec_12,inprogress,94.3,12.0,5.0,0.0,null,null,null,null,null
warehouse_multi_robot_pick_pack_handover_056,handover_item,2026-01-15T23:38:16.000Z,null,arm_1,robotic_arm,warehouse_multi_robot_pick_pack_handover_056_exec_12,inprogress,94.2,12.0,5.0,0.0,null,null,null,null,null
warehouse_multi_robot_pick_pack_handover_056,handover_item,2026-01-15T23:38:40.000Z,complete,arm_1,robotic_arm,warehouse_multi_robot_pick_pack_handover_056_exec_12,done,94.0,12.0,5.0,0.0,null,null,null,null,null
warehouse_multi_robot_pick_pack_handover_056,handover_item,2026-01-15T23:38:41.000Z,start,amr_1,amr,warehouse_multi_robot_pick_pack_handover_056_exec_13,inprogress,74.0,12.0,5.0,0.0,null,null,null,null,null
warehouse_multi_robot_pick_pack_handover_056,handover_item,2026-01-15T23:39:16.000Z,complete,amr_1,amr,warehouse_multi_robot_pick_pack_handover_056_exec_13,done,73.7,12.0,5.0,0.0,null,null,null,null,null
warehouse_multi_robot_pick_pack_handover_056,pack_order,2026-01-15T23:39:17.000Z,start,arm_1,robotic_arm,warehouse_multi_robot_pick_pack_handover_056_exec_14,inprogress,94.0,12.0,5.0,0.0,null,null,null,null,null
warehouse_multi_robot_pick_pack_handover_056,pack_order,2026-01-15T23:40:00.000Z,null,arm_1,robotic_arm,warehouse_multi_robot_pick_pack_handover_056_exec_14,inprogress,93.6,12.0,5.0,0.0,null,null,null,null,null
warehouse_multi_robot_pick_pack_handover_056,pack_order,2026-01-15T23:40:43.000Z,null,arm_1,robotic_arm,warehouse_multi_robot_pick_pack_handover_056_exec_14,inprogress,93.3,12.0,5.0,0.0,null,null,null,null,null
warehouse_multi_robot_pick_pack_handover_056,pack_order,2026-01-15T23:41:26.000Z,complete,arm_1,robotic_arm,warehouse_multi_robot_pick_pack_handover_056_exec_14,done,92.9,12.0,5.0,0.0,null,null,null,null,null
warehouse_multi_robot_pick_pack_handover_056,dispatch,2026-01-15T23:41:27.000Z,start,amr_1,amr,warehouse_multi_robot_pick_pack_handover_056_exec_15,inprogress,73.7,12.0,5.0,0.0,null,null,null,null,null
warehouse_multi_robot_pick_pack_handover_056,dispatch,2026-01-15T23:42:11.000Z,null,amr_1,amr,warehouse_multi_robot_pick_pack_handover_056_exec_15,inprogress,73.3,10.0,4.25,0.0,null,null,null,null,null
warehouse_multi_robot_pick_pack_handover_056,dispatch,2026-01-15T23:42:55.000Z,null,amr_1,amr,warehouse_multi_robot_pick_pack_handover_056_exec_15,inprogress,72.9,8.0,3.5,0.0,null,null,null,null,null
warehouse_multi_robot_pick_pack_handover_056,dispatch,2026-01-15T23:43:39.000Z,null,amr_1,amr,warehouse_multi_robot_pick_pack_handover_056_exec_15,inprogress,72.4,6.0,2.75,0.0,null,null,null,null,null
warehouse_multi_robot_pick_pack_handover_056,dispatch,2026-01-15T23:44:23.000Z,complete,amr_1,amr,warehouse_multi_robot_pick_pack_handover_056_exec_15,done,72.0,4.0,2.0,0.0,null,null,null,null,null
warehouse_multi_robot_pick_pack_handover_057,receive_order,2026-01-15T23:48:00.000Z,start,amr_1,amr,warehouse_multi_robot_pick_pack_handover_057_exec_1,inprogress,90.2,0.0,0.0,0.0,null,null,null,null,null
warehouse_multi_robot_pick_pack_handover_057,receive_order,2026-01-15T23:48:28.000Z,complete,amr_1,amr,warehouse_multi_robot_pick_pack_handover_057_exec_1,done,90.0,0.0,0.0,0.0,null,null,null,null,null
warehouse_multi_robot_pick_pack_handover_057,send_task_assignment,2026-01-15T23:48:29.000Z,start,amr_1,amr,warehouse_multi_robot_pick_pack_handover_057_exec_2,inprogress,90.0,0.0,0.0,0.0,msg_b3860fc2ac,order_id assigned for picking,send,amr_1,arm_1
warehouse_multi_robot_pick_pack_handover_057,send_task_assignment,2026-01-15T23:48:33.000Z,complete,amr_1,amr,warehouse_multi_robot_pick_pack_handover_057_exec_2,done,89.8,0.0,0.0,0.0,msg_b3860fc2ac,order_id assigned for picking,send,amr_1,arm_1
warehouse_multi_robot_pick_pack_handover_057,receive_task_assignment,2026-01-15T23:48:37.000Z,start,arm_1,robotic_arm,warehouse_multi_robot_pick_pack_handover_057_exec_3,inprogress,97.2,12.0,5.0,0.0,msg_b3860fc2ac,order_id assigned for picking,receive,amr_1,arm_1
warehouse_multi_robot_pick_pack_handover_057,receive_task_assignment,2026-01-15T23:48:41.000Z,complete,arm_1,robotic_arm,warehouse_multi_robot_pick_pack_handover_057_exec_3,done,97.1,12.0,5.0,0.0,msg_b3860fc2ac,order_id assigned for picking,receive,amr_1,arm_1
warehouse_multi_robot_pick_pack_handover_057,navigate_to_shelf,2026-01-15T23:48:42.000Z,start,amr_1,amr,warehouse_multi_robot_pick_pack_handover_057_exec_4,inprogress,89.8,0.0,0.0,0.0,null,null,null,null,null
warehouse_multi_robot_pick_pack_handover_057,navigate_to_shelf,2026-01-15T23:49:11.000Z,null,amr_1,amr,warehouse_multi_robot_pick_pack_handover_057_exec_4,inprogress,89.3,7.26,1.64,0.0,null,null,null,null,null
warehouse_multi_robot_pick_pack_handover_057,navigate_to_shelf,2026-01-15T23:49:40.000Z,null,amr_1,amr,warehouse_multi_robot_pick_pack_handover_057_exec_4,inprogress,88.8,14.52,3.28,0.0,null,null,null,null,null
warehouse_multi_robot_pick_pack_handover_057,navigate_to_shelf,2026-01-15T23:50:09.000Z,null,amr_1,amr,warehouse_multi_robot_pick_pack_handover_057_exec_4,inprogress,88.4,21.78,4.92,0.0,null,null,null,null,null
warehouse_multi_robot_pick_pack_handover_057,navigate_to_shelf,2026-01-15T23:50:38.000Z,null,amr_1,amr,warehouse_multi_robot_pick_pack_handover_057_exec_4,inprogress,87.9,29.04,6.56,0.0,null,null,null,null,null
warehouse_multi_robot_pick_pack_handover_057,navigate_to_shelf,2026-01-15T23:51:07.000Z,complete,amr_1,amr,warehouse_multi_robot_pick_pack_handover_057_exec_4,done,87.4,36.3,8.2,0.0,null,null,null,null,null
warehouse_multi_robot_pick_pack_handover_057,scan_bin,2026-01-15T23:51:08.000Z,start,amr_1,amr,warehouse_multi_robot_pick_pack_handover_057_exec_5,inprogress,87.4,36.3,8.2,0.0,null,null,null,null,null
warehouse_multi_robot_pick_pack_handover_057,scan_bin,2026-01-15T23:51:25.000Z,null,amr_1,amr,warehouse_multi_robot_pick_pack_handover_057_exec_5,inprogress,87.3,36.3,8.2,0.0,null,null,null,null,null
warehouse_multi_robot_pick_pack_handover_057,scan_bin,2026-01-15T23:51:42.000Z,complete,amr_1,amr,warehouse_multi_robot_pick_pack_handover_057_exec_5,done,87.1,36.3,8.2,0.0,null,null,null,null,null
warehouse_multi_robot_pick_pack_handover_057,send_shelf_confirmation,2026-01-15T23:51:43.000Z,start,amr_1,amr,warehouse_multi_robot_pick_pack_handover_057_exec_6,inprogress,87.1,36.3,8.2,0.0,msg_273f02ac0f,bin verified for pick,send,amr_1,arm_1
warehouse_multi_robot_pick_pack_handover_057,send_shelf_confirmation,2026-01-15T23:51:49.000Z,complete,amr_1,amr,warehouse_multi_robot_pick_pack_handover_057_exec_6,done,86.9,36.3,8.2,0.0,msg_273f02ac0f,bin verified for pick,send,amr_1,arm_1
warehouse_multi_robot_pick_pack_handover_057,receive_shelf_confirmation,2026-01-15T23:51:54.000Z,start,arm_1,robotic_arm,warehouse_multi_robot_pick_pack_handover_057_exec_7,inprogress,97.1,12.0,5.0,0.0,msg_273f02ac0f,bin verified for pick,receive,amr_1,arm_1
warehouse_multi_robot_pick_pack_handover_057,receive_shelf_confirmation,2026-01-15T23:51:58.000Z,complete,arm_1,robotic_arm,warehouse_multi_robot_pick_pack_handover_057_exec_7,done,97.0,12.0,5.0,0.0,msg_273f02ac0f,bin verified for pick,receive,amr_1,arm_1
warehouse_multi_robot_pick_pack_handover_057,pick_item,2026-01-15T23:51:59.000Z,start,arm_1,robotic_arm,warehouse_multi_robot_pick_pack_handover_057_exec_8,inprogress,97.0,12.0,5.0,0.0,null,null,null,null,null
warehouse_multi_robot_pick_pack_handover_057,pick_item,2026-01-15T23:52:24.000Z,null,arm_1,robotic_arm,warehouse_multi_robot_pick_pack_handover_057_exec_8,inprogress,96.8,12.0,5.0,0.0,null,null,null,null,null
warehouse_multi_robot_pick_pack_handover_057,pick_item,2026-01-15T23:52:50.000Z,complete,arm_1,robotic_arm,warehouse_multi_robot_pick_pack_handover_057_exec_8,done,96.6,12.0,5.0,0.0,null,null,null,null,null
warehouse_multi_robot_pick_pack_handover_057,send_handover_coordination,2026-01-15T23:52:51.000Z,start,arm_1,robotic_arm,warehouse_multi_robot_pick_pack_handover_057_exec_9,inprogress,96.6,12.0,5.0,0.0,msg_53c07e4a25,ready for handover at station,send,arm_1,amr_1
warehouse_multi_robot_pick_pack_handover_057,send_handover_coordination,2026-01-15T23:52:59.000Z,complete,arm_1,robotic_arm,warehouse_multi_robot_pick_pack_handover_057_exec_9,done,96.4,12.0,5.0,0.0,msg_53c07e4a25,ready for handover at station,send,arm_1,amr_1
warehouse_multi_robot_pick_pack_handover_057,receive_handover_coordination,2026-01-15T23:53:03.000Z,start,amr_1,amr,warehouse_multi_robot_pick_pack_handover_057_exec_10,inprogress,86.9,36.3,8.2,0.0,msg_53c07e4a25,ready for handover at station,receive,arm_1,amr_1
warehouse_multi_robot_pick_pack_handover_057,receive_handover_coordination,2026-01-15T23:53:07.000Z,complete,amr_1,amr,warehouse_multi_robot_pick_pack_handover_057_exec_10,done,86.8,36.3,8.2,0.0,msg_53c07e4a25,ready for handover at station,receive,arm_1,amr_1
warehouse_multi_robot_pick_pack_handover_057,navigate_to_handover,2026-01-15T23:53:08.000Z,start,amr_1,amr,warehouse_multi_robot_pick_pack_handover_057_exec_11,inprogress,86.8,36.3,8.2,0.0,null,null,null,null,null
warehouse_multi_robot_pick_pack_handover_057,navigate_to_handover,2026-01-15T23:53:53.000Z,null,amr_1,amr,warehouse_multi_robot_pick_pack_handover_057_exec_11,inprogress,85.1,24.15,6.6,0.0,null,null,null,null,null
warehouse_multi_robot_pick_pack_handover_057,navigate_to_handover,2026-01-15T23:54:39.000Z,complete,amr_1,amr,warehouse_multi_robot_pick_pack_handover_057_exec_11,done,83.5,12.0,5.0,0.0,null,null,null,null,null
warehouse_multi_robot_pick_pack_handover_057,handover_item,2026-01-15T23:54:40.000Z,start,arm_1,robotic_arm,warehouse_multi_robot_pick_pack_handover_057_exec_12,inprogress,96.4,12.0,5.0,0.0,null,null,null,null,null
warehouse_multi_robot_pick_pack_handover_057,handover_item,2026-01-15T23:55:13.000Z,complete,arm_1,robotic_arm,warehouse_multi_robot_pick_pack_handover_057_exec_12,done,95.9,12.0,5.0,0.0,null,null,null,null,null
warehouse_multi_robot_pick_pack_handover_057,handover_item,2026-01-15T23:55:14.000Z,start,amr_1,amr,warehouse_multi_robot_pick_pack_handover_057_exec_13,inprogress,83.5,12.0,5.0,0.0,null,null,null,null,null
warehouse_multi_robot_pick_pack_handover_057,handover_item,2026-01-15T23:55:39.000Z,complete,amr_1,amr,warehouse_multi_robot_pick_pack_handover_057_exec_13,done,83.0,12.0,5.0,0.0,null,null,null,null,null
warehouse_multi_robot_pick_pack_handover_057,pack_order,2026-01-15T23:55:40.000Z,start,arm_1,robotic_arm,warehouse_multi_robot_pick_pack_handover_057_exec_14,inprogress,95.9,12.0,5.0,0.0,null,null,null,null,null
warehouse_multi_robot_pick_pack_handover_057,pack_order,2026-01-15T23:56:03.000Z,null,arm_1,robotic_arm,warehouse_multi_robot_pick_pack_handover_057_exec_14,inprogress,95.5,12.0,5.0,0.0,null,null,null,null,null
warehouse_multi_robot_pick_pack_handover_057,pack_order,2026-01-15T23:56:26.000Z,null,arm_1,robotic_arm,warehouse_multi_robot_pick_pack_handover_057_exec_14,inprogress,95.1,12.0,5.0,0.0,null,null,null,null,null
warehouse_multi_robot_pick_pack_handover_057,pack_order,2026-01-15T23:56:51.000Z,complete,arm_1,robotic_arm,warehouse_multi_robot_pick_pack_handover_057_exec_14,done,94.7,12.0,5.0,0.0,null,null,null,null,null
warehouse_multi_robot_pick_pack_handover_057,dispatch,2026-01-15T23:56:52.000Z,start,amr_1,amr,warehouse_multi_robot_pick_pack_handover_057_exec_15,inprogress,83.0,12.0,5.0,0.0,null,null,null,null,null
warehouse_multi_robot_pick_pack_handover_057,dispatch,2026-01-15T23:57:35.000Z,null,amr_1,amr,warehouse_multi_robot_pick_pack_handover_057_exec_15,inprogress,82.3,10.0,4.25,0.0,null,null,null,null,null
warehouse_multi_robot_pick_pack_handover_057,dispatch,2026-01-15T23:58:18.000Z,null,amr_1,amr,warehouse_multi_robot_pick_pack_handover_057_exec_15,inprogress,81.7,8.0,3.5,0.0,null,null,null,null,null
warehouse_multi_robot_pick_pack_handover_057,dispatch,2026-01-15T23:59:01.000Z,null,amr_1,amr,warehouse_multi_robot_pick_pack_handover_057_exec_15,inprogress,81.0,6.0,2.75,0.0,null,null,null,null,null
warehouse_multi_robot_pick_pack_handover_057,dispatch,2026-01-15T23:59:44.000Z,complete,amr_1,amr,warehouse_multi_robot_pick_pack_handover_057_exec_15,done,80.3,4.0,2.0,0.0,null,null,null,null,null
warehouse_multi_robot_pick_pack_handover_058,receive_order,2026-01-16T00:06:00.000Z,start,amr_1,amr,warehouse_multi_robot_pick_pack_handover_058_exec_1,inprogress,75.5,0.0,0.0,0.0,null,null,null,null,null
warehouse_multi_robot_pick_pack_handover_058,receive_order,2026-01-16T00:06:17.000Z,complete,amr_1,amr,warehouse_multi_robot_pick_pack_handover_058_exec_1,done,75.4,0.0,0.0,0.0,null,null,null,null,null
warehouse_multi_robot_pick_pack_handover_058,send_task_assignment,2026-01-16T00:06:18.000Z,start,amr_1,amr,warehouse_multi_robot_pick_pack_handover_058_exec_2,inprogress,75.4,0.0,0.0,0.0,msg_cb1411dbf3,order_id assigned for picking,send,amr_1,arm_1
warehouse_multi_robot_pick_pack_handover_058,send_task_assignment,2026-01-16T00:06:24.000Z,complete,amr_1,amr,warehouse_multi_robot_pick_pack_handover_058_exec_2,done,75.2,0.0,0.0,0.0,msg_cb1411dbf3,order_id assigned for picking,send,amr_1,arm_1
warehouse_multi_robot_pick_pack_handover_058,receive_task_assignment,2026-01-16T00:06:28.000Z,start,arm_1,robotic_arm,warehouse_multi_robot_pick_pack_handover_058_exec_3,inprogress,89.3,12.0,5.0,0.0,msg_cb1411dbf3,order_id assigned for picking,receive,amr_1,arm_1
warehouse_multi_robot_pick_pack_handover_058,receive_task_assignment,2026-01-16T00:06:32.000Z,complete,arm_1,robotic_arm,warehouse_multi_robot_pick_pack_handover_058_exec_3,done,89.2,12.0,5.0,0.0,msg_cb1411dbf3,order_id assigned for picking,receive,amr_1,arm_1
warehouse_multi_robot_pick_pack_handover_058,navigate_to_shelf,2026-01-16T00:06:33.000Z,start,amr_1,amr,warehouse_multi_robot_pick_pack_handover_058_exec_4,inprogress,75.2,0.0,0.0,0.0,null,null,null,null,null
warehouse_multi_robot_pick_pack_handover_058,navigate_to_shelf,2026-01-16T00:07:23.000Z,null,amr_1,amr,warehouse_multi_robot_pick_pack_handover_058_exec_4,inprogress,74.5,8.73,4.94,0.0,null,null,null,null,null
warehouse_multi_robot_pick_pack_handover_058,navigate_to_shelf,2026-01-16T00:08:13.000Z,null,amr_1,amr,warehouse_multi_robot_pick_pack_handover_058_exec_4,inprogress,73.9,17.46,9.88,0.0,null,null,null,null,null
warehouse_multi_robot_pick_pack_handover_058,navigate_to_shelf,2026-01-16T00:09:03.000Z,null,amr_1,amr,warehouse_multi_robot_pick_pack_handover_058_exec_4,inprogress,73.3,26.19,14.83,0.0,null,null,null,null,null
warehouse_multi_robot_pick_pack_handover_058,navigate_to_shelf,2026-01-16T00:09:55.000Z,complete,amr_1,amr,warehouse_multi_robot_pick_pack_handover_058_exec_4,done,72.7,34.93,19.77,0.0,null,null,null,null,null
warehouse_multi_robot_pick_pack_handover_058,scan_bin,2026-01-16T00:09:56.000Z,start,amr_1,amr,warehouse_multi_robot_pick_pack_handover_058_exec_5,inprogress,72.7,34.93,19.77,0.0,null,null,null,null,null
warehouse_multi_robot_pick_pack_handover_058,scan_bin,2026-01-16T00:10:07.000Z,null,amr_1,amr,warehouse_multi_robot_pick_pack_handover_058_exec_5,inprogress,72.4,34.93,19.77,0.0,null,null,null,null,null
warehouse_multi_robot_pick_pack_handover_058,scan_bin,2026-01-16T00:10:18.000Z,complete,amr_1,amr,warehouse_multi_robot_pick_pack_handover_058_exec_5,done,72.1,34.93,19.77,0.0,null,null,null,null,null
warehouse_multi_robot_pick_pack_handover_058,send_shelf_confirmation,2026-01-16T00:10:19.000Z,start,amr_1,amr,warehouse_multi_robot_pick_pack_handover_058_exec_6,inprogress,72.1,34.93,19.77,0.0,msg_35123b0a41,bin verified for pick,send,amr_1,arm_1
warehouse_multi_robot_pick_pack_handover_058,send_shelf_confirmation,2026-01-16T00:10:26.000Z,complete,amr_1,amr,warehouse_multi_robot_pick_pack_handover_058_exec_6,done,71.9,34.93,19.77,0.0,msg_35123b0a41,bin verified for pick,send,amr_1,arm_1
warehouse_multi_robot_pick_pack_handover_058,receive_shelf_confirmation,2026-01-16T00:10:31.000Z,start,arm_1,robotic_arm,warehouse_multi_robot_pick_pack_handover_058_exec_7,inprogress,89.2,12.0,5.0,0.0,msg_35123b0a41,bin verified for pick,receive,amr_1,arm_1
warehouse_multi_robot_pick_pack_handover_058,receive_shelf_confirmation,2026-01-16T00:10:35.000Z,complete,arm_1,robotic_arm,warehouse_multi_robot_pick_pack_handover_058_exec_7,done,89.1,12.0,5.0,0.0,msg_35123b0a41,bin verified for pick,receive,amr_1,arm_1
warehouse_multi_robot_pick_pack_handover_058,pick_item,2026-01-16T00:10:36.000Z,start,arm_1,robotic_arm,warehouse_multi_robot_pick_pack_handover_058_exec_8,inprogress,89.1,12.0,5.0,0.0,null,null,null,null,null
warehouse_multi_robot_pick_pack_handover_058,pick_item,2026-01-16T00:10:55.000Z,null,arm_1,robotic_arm,warehouse_multi_robot_pick_pack_handover_058_exec_8,inprogress,88.8,12.0,5.0,0.0,null,null,null,null,null
warehouse_multi_robot_pick_pack_handover_058,pick_item,2026-01-16T00:11:14.000Z,null,arm_1,robotic_arm,warehouse_multi_robot_pick_pack_handover_058_exec_8,inprogress,88.5,12.0,5.0,0.0,null,null,null,null,null
warehouse_multi_robot_pick_pack_handover_058,pick_item,2026-01-16T00:11:35.000Z,complete,arm_1,robotic_arm,warehouse_multi_robot_pick_pack_handover_058_exec_8,done,88.1,12.0,5.0,0.0,null,null,null,null,null
warehouse_multi_robot_pick_pack_handover_058,send_handover_coordination,2026-01-16T00:11:36.000Z,start,arm_1,robotic_arm,warehouse_multi_robot_pick_pack_handover_058_exec_9,inprogress,88.1,12.0,5.0,0.0,msg_ec1cc1e5fc,ready for handover at station,send,arm_1,amr_1
warehouse_multi_robot_pick_pack_handover_058,send_handover_coordination,2026-01-16T00:11:42.000Z,complete,arm_1,robotic_arm,warehouse_multi_robot_pick_pack_handover_058_exec_9,done,87.9,12.0,5.0,0.0,msg_ec1cc1e5fc,ready for handover at station,send,arm_1,amr_1
warehouse_multi_robot_pick_pack_handover_058,receive_handover_coordination,2026-01-16T00:11:46.000Z,start,amr_1,amr,warehouse_multi_robot_pick_pack_handover_058_exec_10,inprogress,71.9,34.93,19.77,0.0,msg_ec1cc1e5fc,ready for handover at station,receive,arm_1,amr_1
warehouse_multi_robot_pick_pack_handover_058,receive_handover_coordination,2026-01-16T00:11:50.000Z,complete,amr_1,amr,warehouse_multi_robot_pick_pack_handover_058_exec_10,done,71.8,34.93,19.77,0.0,msg_ec1cc1e5fc,ready for handover at station,receive,arm_1,amr_1
warehouse_multi_robot_pick_pack_handover_058,navigate_to_handover,2026-01-16T00:11:51.000Z,start,amr_1,amr,warehouse_multi_robot_pick_pack_handover_058_exec_11,inprogress,71.8,34.93,19.77,0.0,null,null,null,null,null
warehouse_multi_robot_pick_pack_handover_058,navigate_to_handover,2026-01-16T00:12:47.000Z,null,amr_1,amr,warehouse_multi_robot_pick_pack_handover_058_exec_11,inprogress,70.6,23.46,12.38,0.0,null,null,null,null,null
warehouse_multi_robot_pick_pack_handover_058,navigate_to_handover,2026-01-16T00:13:44.000Z,complete,amr_1,amr,warehouse_multi_robot_pick_pack_handover_058_exec_11,done,69.5,12.0,5.0,0.0,null,null,null,null,null
warehouse_multi_robot_pick_pack_handover_058,handover_item,2026-01-16T00:13:45.000Z,start,arm_1,robotic_arm,warehouse_multi_robot_pick_pack_handover_058_exec_12,inprogress,87.9,12.0,5.0,0.0,null,null,null,null,null
warehouse_multi_robot_pick_pack_handover_058,handover_item,2026-01-16T00:14:36.000Z,complete,arm_1,robotic_arm,warehouse_multi_robot_pick_pack_handover_058_exec_12,done,87.5,12.0,5.0,0.0,null,null,null,null,null
warehouse_multi_robot_pick_pack_handover_058,handover_item,2026-01-16T00:14:37.000Z,start,amr_1,amr,warehouse_multi_robot_pick_pack_handover_058_exec_13,inprogress,69.5,12.0,5.0,0.0,null,null,null,null,null
warehouse_multi_robot_pick_pack_handover_058,handover_item,2026-01-16T00:14:51.000Z,null,amr_1,amr,warehouse_multi_robot_pick_pack_handover_058_exec_13,inprogress,69.4,12.0,5.0,0.0,null,null,null,null,null
warehouse_multi_robot_pick_pack_handover_058,handover_item,2026-01-16T00:15:06.000Z,complete,amr_1,amr,warehouse_multi_robot_pick_pack_handover_058_exec_13,done,69.2,12.0,5.0,0.0,null,null,null,null,null
warehouse_multi_robot_pick_pack_handover_058,pack_order,2026-01-16T00:15:07.000Z,start,arm_1,robotic_arm,warehouse_multi_robot_pick_pack_handover_058_exec_14,inprogress,87.5,12.0,5.0,0.0,null,null,null,null,null
warehouse_multi_robot_pick_pack_handover_058,pack_order,2026-01-16T00:15:48.000Z,null,arm_1,robotic_arm,warehouse_multi_robot_pick_pack_handover_058_exec_14,inprogress,87.2,12.0,5.0,0.0,null,null,null,null,null
warehouse_multi_robot_pick_pack_handover_058,pack_order,2026-01-16T00:16:29.000Z,null,arm_1,robotic_arm,warehouse_multi_robot_pick_pack_handover_058_exec_14,inprogress,86.9,12.0,5.0,0.0,null,null,null,null,null
warehouse_multi_robot_pick_pack_handover_058,pack_order,2026-01-16T00:17:11.000Z,complete,arm_1,robotic_arm,warehouse_multi_robot_pick_pack_handover_058_exec_14,done,86.7,12.0,5.0,0.0,null,null,null,null,null
warehouse_multi_robot_pick_pack_handover_058,dispatch,2026-01-16T00:17:12.000Z,start,amr_1,amr,warehouse_multi_robot_pick_pack_handover_058_exec_15,inprogress,69.2,12.0,5.0,0.0,null,null,null,null,null
warehouse_multi_robot_pick_pack_handover_058,dispatch,2026-01-16T00:18:38.000Z,null,amr_1,amr,warehouse_multi_robot_pick_pack_handover_058_exec_15,inprogress,67.8,8.0,3.5,0.0,null,null,null,null,null
warehouse_multi_robot_pick_pack_handover_058,dispatch,2026-01-16T00:20:04.000Z,complete,amr_1,amr,warehouse_multi_robot_pick_pack_handover_058_exec_15,done,66.4,4.0,2.0,0.0,null,null,null,null,null
warehouse_multi_robot_pick_pack_handover_059,receive_order,2026-01-16T00:24:00.000Z,start,amr_1,amr,warehouse_multi_robot_pick_pack_handover_059_exec_1,inprogress,91.5,0.0,0.0,0.0,null,null,null,null,null
warehouse_multi_robot_pick_pack_handover_059,receive_order,2026-01-16T00:24:14.000Z,complete,amr_1,amr,warehouse_multi_robot_pick_pack_handover_059_exec_1,done,91.3,0.0,0.0,0.0,null,null,null,null,null
warehouse_multi_robot_pick_pack_handover_059,send_task_assignment,2026-01-16T00:24:15.000Z,start,amr_1,amr,warehouse_multi_robot_pick_pack_handover_059_exec_2,inprogress,91.3,0.0,0.0,0.0,msg_c20607ab8b,order_id assigned for picking,send,amr_1,arm_1
warehouse_multi_robot_pick_pack_handover_059,send_task_assignment,2026-01-16T00:24:22.000Z,complete,amr_1,amr,warehouse_multi_robot_pick_pack_handover_059_exec_2,done,91.1,0.0,0.0,0.0,msg_c20607ab8b,order_id assigned for picking,send,amr_1,arm_1
warehouse_multi_robot_pick_pack_handover_059,receive_task_assignment,2026-01-16T00:24:26.000Z,start,arm_1,robotic_arm,warehouse_multi_robot_pick_pack_handover_059_exec_3,inprogress,89.2,12.0,5.0,0.0,msg_c20607ab8b,order_id assigned for picking,receive,amr_1,arm_1
warehouse_multi_robot_pick_pack_handover_059,receive_task_assignment,2026-01-16T00:24:30.000Z,complete,arm_1,robotic_arm,warehouse_multi_robot_pick_pack_handover_059_exec_3,done,89.1,12.0,5.0,0.0,msg_c20607ab8b,order_id assigned for picking,receive,amr_1,arm_1
warehouse_multi_robot_pick_pack_handover_059,navigate_to_shelf,2026-01-16T00:24:31.000Z,start,amr_1,amr,warehouse_multi_robot_pick_pack_handover_059_exec_4,inprogress,91.1,0.0,0.0,0.0,null,null,null,null,null
warehouse_multi_robot_pick_pack_handover_059,navigate_to_shelf,2026-01-16T00:24:56.000Z,null,amr_1,amr,warehouse_multi_robot_pick_pack_handover_059_exec_4,inprogress,90.5,4.25,3.78,0.0,null,null,null,null,null
warehouse_multi_robot_pick_pack_handover_059,navigate_to_shelf,2026-01-16T00:25:21.000Z,null,amr_1,amr,warehouse_multi_robot_pick_pack_handover_059_exec_4,inprogress,89.9,8.51,7.55,0.0,null,null,null,null,null
warehouse_multi_robot_pick_pack_handover_059,navigate_to_shelf,2026-01-16T00:25:46.000Z,null,amr_1,amr,warehouse_multi_robot_pick_pack_handover_059_exec_4,inprogress,89.2,12.76,11.33,0.0,null,null,null,null,null
warehouse_multi_robot_pick_pack_handover_059,navigate_to_shelf,2026-01-16T00:26:11.000Z,null,amr_1,amr,warehouse_multi_robot_pick_pack_handover_059_exec_4,inprogress,88.6,17.02,15.11,0.0,null,null,null,null,null
warehouse_multi_robot_pick_pack_handover_059,navigate_to_shelf,2026-01-16T00:26:40.000Z,complete,amr_1,amr,warehouse_multi_robot_pick_pack_handover_059_exec_4,done,88.0,21.27,18.89,0.0,null,null,null,null,null
warehouse_multi_robot_pick_pack_handover_059,scan_bin,2026-01-16T00:26:41.000Z,start,amr_1,amr,warehouse_multi_robot_pick_pack_handover_059_exec_5,inprogress,88.0,21.27,18.89,0.0,null,null,null,null,null
warehouse_multi_robot_pick_pack_handover_059,scan_bin,2026-01-16T00:26:53.000Z,null,amr_1,amr,warehouse_multi_robot_pick_pack_handover_059_exec_5,inprogress,87.6,21.27,18.89,0.0,null,null,null,null,null
warehouse_multi_robot_pick_pack_handover_059,scan_bin,2026-01-16T00:27:05.000Z,complete,amr_1,amr,warehouse_multi_robot_pick_pack_handover_059_exec_5,done,87.3,21.27,18.89,0.0,null,null,null,null,null
warehouse_multi_robot_pick_pack_handover_059,send_shelf_confirmation,2026-01-16T00:27:06.000Z,start,amr_1,amr,warehouse_multi_robot_pick_pack_handover_059_exec_6,inprogress,87.3,21.27,18.89,0.0,msg_da366a143f,bin verified for pick,send,amr_1,arm_1
warehouse_multi_robot_pick_pack_handover_059,send_shelf_confirmation,2026-01-16T00:27:14.000Z,complete,amr_1,amr,warehouse_multi_robot_pick_pack_handover_059_exec_6,done,87.1,21.27,18.89,0.0,msg_da366a143f,bin verified for pick,send,amr_1,arm_1
warehouse_multi_robot_pick_pack_handover_059,receive_shelf_confirmation,2026-01-16T00:27:19.000Z,start,arm_1,robotic_arm,warehouse_multi_robot_pick_pack_handover_059_exec_7,inprogress,89.1,12.0,5.0,0.0,msg_da366a143f,bin verified for pick,receive,amr_1,arm_1
warehouse_multi_robot_pick_pack_handover_059,receive_shelf_confirmation,2026-01-16T00:27:23.000Z,complete,arm_1,robotic_arm,warehouse_multi_robot_pick_pack_handover_059_exec_7,done,89.0,12.0,5.0,0.0,msg_da366a143f,bin verified for pick,receive,amr_1,arm_1
warehouse_multi_robot_pick_pack_handover_059,pick_item,2026-01-16T00:27:24.000Z,start,arm_1,robotic_arm,warehouse_multi_robot_pick_pack_handover_059_exec_8,inprogress,89.0,12.0,5.0,0.0,null,null,null,null,null
warehouse_multi_robot_pick_pack_handover_059,pick_item,2026-01-16T00:27:35.000Z,null,arm_1,robotic_arm,warehouse_multi_robot_pick_pack_handover_059_exec_8,inprogress,88.8,12.0,5.0,0.0,null,null,null,null,null
warehouse_multi_robot_pick_pack_handover_059,pick_item,2026-01-16T00:27:46.000Z,null,arm_1,robotic_arm,warehouse_multi_robot_pick_pack_handover_059_exec_8,inprogress,88.6,12.0,5.0,0.0,null,null,null,null,null
warehouse_multi_robot_pick_pack_handover_059,pick_item,2026-01-16T00:27:59.000Z,complete,arm_1,robotic_arm,warehouse_multi_robot_pick_pack_handover_059_exec_8,done,88.4,12.0,5.0,0.0,null,null,null,null,null
warehouse_multi_robot_pick_pack_handover_059,send_handover_coordination,2026-01-16T00:28:00.000Z,start,arm_1,robotic_arm,warehouse_multi_robot_pick_pack_handover_059_exec_9,inprogress,88.4,12.0,5.0,0.0,msg_91c3362a34,ready for handover at station,send,arm_1,amr_1
warehouse_multi_robot_pick_pack_handover_059,send_handover_coordination,2026-01-16T00:28:07.000Z,complete,arm_1,robotic_arm,warehouse_multi_robot_pick_pack_handover_059_exec_9,done,88.2,12.0,5.0,0.0,msg_91c3362a34,ready for handover at station,send,arm_1,amr_1
warehouse_multi_robot_pick_pack_handover_059,receive_handover_coordination,2026-01-16T00:29:37.000Z,start,amr_1,amr,warehouse_multi_robot_pick_pack_handover_059_exec_10,inprogress,87.1,21.27,18.89,0.0,msg_91c3362a34,ready for handover at station,receive,arm_1,amr_1
warehouse_multi_robot_pick_pack_handover_059,receive_handover_coordination,2026-01-16T00:29:41.000Z,complete,amr_1,amr,warehouse_multi_robot_pick_pack_handover_059_exec_10,done,87.0,21.27,18.89,0.0,msg_91c3362a34,ready for handover at station,receive,arm_1,amr_1
warehouse_multi_robot_pick_pack_handover_059,queue_wait,2026-01-16T00:29:42.000Z,start,amr_1,amr,warehouse_multi_robot_pick_pack_handover_059_exec_11,inprogress,87.0,21.27,18.89,0.0,null,null,null,null,null
warehouse_multi_robot_pick_pack_handover_059,queue_wait,2026-01-16T00:30:08.000Z,null,amr_1,amr,warehouse_multi_robot_pick_pack_handover_059_exec_11,inprogress,86.9,21.27,18.89,0.0,null,null,null,null,null
warehouse_multi_robot_pick_pack_handover_059,queue_wait,2026-01-16T00:30:35.000Z,complete,amr_1,amr,warehouse_multi_robot_pick_pack_handover_059_exec_11,done,86.8,21.27,18.89,0.0,null,null,null,null,null
warehouse_multi_robot_pick_pack_handover_059,navigate_to_handover,2026-01-16T00:30:36.000Z,start,amr_1,amr,warehouse_multi_robot_pick_pack_handover_059_exec_12,inprogress,86.8,21.27,18.89,0.0,null,null,null,null,null
warehouse_multi_robot_pick_pack_handover_059,navigate_to_handover,2026-01-16T00:31:32.000Z,null,amr_1,amr,warehouse_multi_robot_pick_pack_handover_059_exec_12,inprogress,86.3,18.18,14.26,0.0,null,null,null,null,null
warehouse_multi_robot_pick_pack_handover_059,navigate_to_handover,2026-01-16T00:32:28.000Z,null,amr_1,amr,warehouse_multi_robot_pick_pack_handover_059_exec_12,inprogress,85.7,15.09,9.63,0.0,null,null,null,null,null
warehouse_multi_robot_pick_pack_handover_059,navigate_to_handover,2026-01-16T00:33:24.000Z,complete,amr_1,amr,warehouse_multi_robot_pick_pack_handover_059_exec_12,done,85.2,12.0,5.0,0.0,null,null,null,null,null
warehouse_multi_robot_pick_pack_handover_059,handover_item,2026-01-16T00:33:25.000Z,start,arm_1,robotic_arm,warehouse_multi_robot_pick_pack_handover_059_exec_13,inprogress,88.2,12.0,5.0,0.0,null,null,null,null,null
warehouse_multi_robot_pick_pack_handover_059,handover_item,2026-01-16T00:33:52.000Z,null,arm_1,robotic_arm,warehouse_multi_robot_pick_pack_handover_059_exec_13,inprogress,88.0,12.0,5.0,0.0,null,null,null,null,null
warehouse_multi_robot_pick_pack_handover_059,handover_item,2026-01-16T00:34:19.000Z,complete,arm_1,robotic_arm,warehouse_multi_robot_pick_pack_handover_059_exec_13,done,87.8,12.0,5.0,0.0,null,null,null,null,null
warehouse_multi_robot_pick_pack_handover_059,handover_item,2026-01-16T00:34:20.000Z,start,amr_1,amr,warehouse_multi_robot_pick_pack_handover_059_exec_14,inprogress,85.2,12.0,5.0,0.0,null,null,null,null,null
warehouse_multi_robot_pick_pack_handover_059,handover_item,2026-01-16T00:34:38.000Z,null,amr_1,amr,warehouse_multi_robot_pick_pack_handover_059_exec_14,inprogress,85.1,12.0,5.0,0.0,null,null,null,null,null
warehouse_multi_robot_pick_pack_handover_059,handover_item,2026-01-16T00:34:57.000Z,complete,amr_1,amr,warehouse_multi_robot_pick_pack_handover_059_exec_14,done,84.9,12.0,5.0,0.0,null,null,null,null,null
warehouse_multi_robot_pick_pack_handover_059,pack_order,2026-01-16T00:34:58.000Z,start,arm_1,robotic_arm,warehouse_multi_robot_pick_pack_handover_059_exec_15,inprogress,87.8,12.0,5.0,0.0,null,null,null,null,null
warehouse_multi_robot_pick_pack_handover_059,pack_order,2026-01-16T00:36:06.000Z,null,arm_1,robotic_arm,warehouse_multi_robot_pick_pack_handover_059_exec_15,inprogress,87.3,12.0,5.0,0.0,null,null,null,null,null
warehouse_multi_robot_pick_pack_handover_059,pack_order,2026-01-16T00:37:15.000Z,complete,arm_1,robotic_arm,warehouse_multi_robot_pick_pack_handover_059_exec_15,done,86.9,12.0,5.0,0.0,null,null,null,null,null
warehouse_multi_robot_pick_pack_handover_059,dispatch,2026-01-16T00:37:16.000Z,start,amr_1,amr,warehouse_multi_robot_pick_pack_handover_059_exec_16,inprogress,84.9,12.0,5.0,0.0,null,null,null,null,null
warehouse_multi_robot_pick_pack_handover_059,dispatch,2026-01-16T00:38:22.000Z,null,amr_1,amr,warehouse_multi_robot_pick_pack_handover_059_exec_16,inprogress,83.6,8.0,3.5,0.0,null,null,null,null,null
warehouse_multi_robot_pick_pack_handover_059,dispatch,2026-01-16T00:39:29.000Z,complete,amr_1,amr,warehouse_multi_robot_pick_pack_handover_059_exec_16,done,82.2,4.0,2.0,0.0,null,null,null,null,null
warehouse_multi_robot_pick_pack_handover_060,receive_order,2026-01-16T00:42:00.000Z,start,amr_1,amr,warehouse_multi_robot_pick_pack_handover_060_exec_1,inprogress,92.8,0.0,0.0,0.0,null,null,null,null,null
warehouse_multi_robot_pick_pack_handover_060,receive_order,2026-01-16T00:42:18.000Z,complete,amr_1,amr,warehouse_multi_robot_pick_pack_handover_060_exec_1,done,92.7,0.0,0.0,0.0,null,null,null,null,null
warehouse_multi_robot_pick_pack_handover_060,send_task_assignment,2026-01-16T00:42:19.000Z,start,amr_1,amr,warehouse_multi_robot_pick_pack_handover_060_exec_2,inprogress,92.7,0.0,0.0,0.0,msg_6b9cffa819,order_id assigned for picking,send,amr_1,arm_1
warehouse_multi_robot_pick_pack_handover_060,send_task_assignment,2026-01-16T00:42:26.000Z,complete,amr_1,amr,warehouse_multi_robot_pick_pack_handover_060_exec_2,done,92.5,0.0,0.0,0.0,msg_6b9cffa819,order_id assigned for picking,send,amr_1,arm_1
warehouse_multi_robot_pick_pack_handover_060,queue_wait,2026-01-16T00:42:27.000Z,start,arm_1,robotic_arm,warehouse_multi_robot_pick_pack_handover_060_exec_3,inprogress,91.5,12.0,5.0,0.0,null,null,null,null,null
warehouse_multi_robot_pick_pack_handover_060,queue_wait,2026-01-16T00:42:44.000Z,null,arm_1,robotic_arm,warehouse_multi_robot_pick_pack_handover_060_exec_3,inprogress,91.4,12.0,5.0,0.0,null,null,null,null,null
warehouse_multi_robot_pick_pack_handover_060,queue_wait,2026-01-16T00:43:01.000Z,null,arm_1,robotic_arm,warehouse_multi_robot_pick_pack_handover_060_exec_3,inprogress,91.3,12.0,5.0,0.0,null,null,null,null,null
warehouse_multi_robot_pick_pack_handover_060,queue_wait,2026-01-16T00:43:20.000Z,complete,arm_1,robotic_arm,warehouse_multi_robot_pick_pack_handover_060_exec_3,done,91.2,12.0,5.0,0.0,null,null,null,null,null
warehouse_multi_robot_pick_pack_handover_060,send_task_assignment,2026-01-16T00:43:21.000Z,start,amr_1,amr,warehouse_multi_robot_pick_pack_handover_060_exec_4,inprogress,92.5,0.0,0.0,0.0,msg_b660557e5f,task resent after missing ack,send,amr_1,arm_1
warehouse_multi_robot_pick_pack_handover_060,send_task_assignment,2026-01-16T00:43:28.000Z,complete,amr_1,amr,warehouse_multi_robot_pick_pack_handover_060_exec_4,done,92.3,0.0,0.0,0.0,msg_b660557e5f,task resent after missing ack,send,amr_1,arm_1
warehouse_multi_robot_pick_pack_handover_060,receive_task_assignment,2026-01-16T00:43:32.000Z,start,arm_1,robotic_arm,warehouse_multi_robot_pick_pack_handover_060_exec_5,inprogress,91.2,12.0,5.0,0.0,msg_b660557e5f,task resent after missing ack,receive,amr_1,arm_1
warehouse_multi_robot_pick_pack_handover_060,receive_task_assignment,2026-01-16T00:43:36.000Z,complete,arm_1,robotic_arm,warehouse_multi_robot_pick_pack_handover_060_exec_5,done,91.1,12.0,5.0,0.0,msg_b660557e5f,task resent after missing ack,receive,amr_1,arm_1
warehouse_multi_robot_pick_pack_handover_060,navigate_to_shelf,2026-01-16T00:43:37.000Z,start,amr_1,amr,warehouse_multi_robot_pick_pack_handover_060_exec_6,inprogress,92.3,0.0,0.0,0.0,null,null,null,null,null
warehouse_multi_robot_pick_pack_handover_060,navigate_to_shelf,2026-01-16T00:44:33.000Z,null,amr_1,amr,warehouse_multi_robot_pick_pack_handover_060_exec_6,inprogress,90.9,11.39,3.46,0.0,null,null,null,null,null
warehouse_multi_robot_pick_pack_handover_060,navigate_to_shelf,2026-01-16T00:45:29.000Z,null,amr_1,amr,warehouse_multi_robot_pick_pack_handover_060_exec_6,inprogress,89.5,22.78,6.92,0.0,null,null,null,null,null
warehouse_multi_robot_pick_pack_handover_060,navigate_to_shelf,2026-01-16T00:46:26.000Z,complete,amr_1,amr,warehouse_multi_robot_pick_pack_handover_060_exec_6,done,88.1,34.18,10.38,0.0,null,null,null,null,null
warehouse_multi_robot_pick_pack_handover_060,scan_bin,2026-01-16T00:46:27.000Z,start,amr_1,amr,warehouse_multi_robot_pick_pack_handover_060_exec_7,inprogress,88.1,34.18,10.38,0.0,null,null,null,null,null
warehouse_multi_robot_pick_pack_handover_060,scan_bin,2026-01-16T00:47:05.000Z,complete,amr_1,amr,warehouse_multi_robot_pick_pack_handover_060_exec_7,done,87.7,34.18,10.38,0.0,null,null,null,null,null
warehouse_multi_robot_pick_pack_handover_060,send_shelf_confirmation,2026-01-16T00:47:06.000Z,start,amr_1,amr,warehouse_multi_robot_pick_pack_handover_060_exec_8,inprogress,87.7,34.18,10.38,0.0,msg_6f8201df76,bin verified for pick,send,amr_1,arm_1
warehouse_multi_robot_pick_pack_handover_060,send_shelf_confirmation,2026-01-16T00:47:10.000Z,complete,amr_1,amr,warehouse_multi_robot_pick_pack_handover_060_exec_8,done,87.5,34.18,10.38,0.0,msg_6f8201df76,bin verified for pick,send,amr_1,arm_1
warehouse_multi_robot_pick_pack_handover_060,receive_shelf_confirmation,2026-01-16T00:47:15.000Z,start,arm_1,robotic_arm,warehouse_multi_robot_pick_pack_handover_060_exec_9,inprogress,91.1,12.0,5.0,0.0,msg_6f8201df76,bin verified for pick,receive,amr_1,arm_1
warehouse_multi_robot_pick_pack_handover_060,receive_shelf_confirmation,2026-01-16T00:47:19.000Z,complete,arm_1,robotic_arm,warehouse_multi_robot_pick_pack_handover_060_exec_9,done,91.0,12.0,5.0,0.0,msg_6f8201df76,bin verified for pick,receive,amr_1,arm_1
warehouse_multi_robot_pick_pack_handover_060,pick_item,2026-01-16T00:47:20.000Z,start,arm_1,robotic_arm,warehouse_multi_robot_pick_pack_handover_060_exec_10,inprogress,91.0,12.0,5.0,0.0,null,null,null,null,null
warehouse_multi_robot_pick_pack_handover_060,pick_item,2026-01-16T00:47:48.000Z,null,arm_1,robotic_arm,warehouse_multi_robot_pick_pack_handover_060_exec_10,inprogress,90.8,12.0,5.0,0.0,null,null,null,null,null
warehouse_multi_robot_pick_pack_handover_060,pick_item,2026-01-16T00:48:16.000Z,null,arm_1,robotic_arm,warehouse_multi_robot_pick_pack_handover_060_exec_10,inprogress,90.5,12.0,5.0,0.0,null,null,null,null,null
warehouse_multi_robot_pick_pack_handover_060,pick_item,2026-01-16T00:48:45.000Z,complete,arm_1,robotic_arm,warehouse_multi_robot_pick_pack_handover_060_exec_10,done,90.3,12.0,5.0,0.0,null,null,null,null,null
warehouse_multi_robot_pick_pack_handover_060,send_handover_coordination,2026-01-16T00:48:46.000Z,start,arm_1,robotic_arm,warehouse_multi_robot_pick_pack_handover_060_exec_11,inprogress,90.3,12.0,5.0,0.0,msg_a2c6b38b23,ready for handover at station,send,arm_1,amr_1
warehouse_multi_robot_pick_pack_handover_060,send_handover_coordination,2026-01-16T00:48:53.000Z,complete,arm_1,robotic_arm,warehouse_multi_robot_pick_pack_handover_060_exec_11,done,90.1,12.0,5.0,0.0,msg_a2c6b38b23,ready for handover at station,send,arm_1,amr_1
warehouse_multi_robot_pick_pack_handover_060,receive_handover_coordination,2026-01-16T00:49:38.000Z,start,amr_1,amr,warehouse_multi_robot_pick_pack_handover_060_exec_12,inprogress,87.5,34.18,10.38,0.0,msg_a2c6b38b23,ready for handover at station,receive,arm_1,amr_1
warehouse_multi_robot_pick_pack_handover_060,receive_handover_coordination,2026-01-16T00:49:42.000Z,complete,amr_1,amr,warehouse_multi_robot_pick_pack_handover_060_exec_12,done,87.4,34.18,10.38,0.0,msg_a2c6b38b23,ready for handover at station,receive,arm_1,amr_1
warehouse_multi_robot_pick_pack_handover_060,queue_wait,2026-01-16T00:49:43.000Z,start,amr_1,amr,warehouse_multi_robot_pick_pack_handover_060_exec_13,inprogress,87.4,34.18,10.38,0.0,null,null,null,null,null
warehouse_multi_robot_pick_pack_handover_060,queue_wait,2026-01-16T00:49:59.000Z,null,amr_1,amr,warehouse_multi_robot_pick_pack_handover_060_exec_13,inprogress,87.3,34.18,10.38,0.0,null,null,null,null,null
warehouse_multi_robot_pick_pack_handover_060,queue_wait,2026-01-16T00:50:15.000Z,null,amr_1,amr,warehouse_multi_robot_pick_pack_handover_060_exec_13,inprogress,87.2,34.18,10.38,0.0,null,null,null,null,null
warehouse_multi_robot_pick_pack_handover_060,queue_wait,2026-01-16T00:50:32.000Z,complete,amr_1,amr,warehouse_multi_robot_pick_pack_handover_060_exec_13,done,87.1,34.18,10.38,0.0,null,null,null,null,null
warehouse_multi_robot_pick_pack_handover_060,navigate_to_handover,2026-01-16T00:50:33.000Z,start,amr_1,amr,warehouse_multi_robot_pick_pack_handover_060_exec_14,inprogress,87.1,34.18,10.38,0.0,null,null,null,null,null
warehouse_multi_robot_pick_pack_handover_060,navigate_to_handover,2026-01-16T00:51:18.000Z,null,amr_1,amr,warehouse_multi_robot_pick_pack_handover_060_exec_14,inprogress,86.8,28.63,9.03,0.0,null,null,null,null,null
warehouse_multi_robot_pick_pack_handover_060,navigate_to_handover,2026-01-16T00:52:03.000Z,null,amr_1,amr,warehouse_multi_robot_pick_pack_handover_060_exec_14,inprogress,86.4,23.09,7.69,0.0,null,null,null,null,null
warehouse_multi_robot_pick_pack_handover_060,navigate_to_handover,2026-01-16T00:52:48.000Z,null,amr_1,amr,warehouse_multi_robot_pick_pack_handover_060_exec_14,inprogress,86.0,17.54,6.34,0.0,null,null,null,null,null
warehouse_multi_robot_pick_pack_handover_060,navigate_to_handover,2026-01-16T00:53:33.000Z,complete,amr_1,amr,warehouse_multi_robot_pick_pack_handover_060_exec_14,done,85.6,12.0,5.0,0.0,null,null,null,null,null
warehouse_multi_robot_pick_pack_handover_060,handover_item,2026-01-16T00:53:34.000Z,start,arm_1,robotic_arm,warehouse_multi_robot_pick_pack_handover_060_exec_15,inprogress,90.1,12.0,5.0,0.0,null,null,null,null,null
warehouse_multi_robot_pick_pack_handover_060,handover_item,2026-01-16T00:54:01.000Z,complete,arm_1,robotic_arm,warehouse_multi_robot_pick_pack_handover_060_exec_15,done,89.6,12.0,5.0,0.0,null,null,null,null,null
warehouse_multi_robot_pick_pack_handover_060,handover_item,2026-01-16T00:54:02.000Z,start,amr_1,amr,warehouse_multi_robot_pick_pack_handover_060_exec_16,inprogress,85.6,12.0,5.0,0.0,null,null,null,null,null
warehouse_multi_robot_pick_pack_handover_060,handover_item,2026-01-16T00:54:27.000Z,null,amr_1,amr,warehouse_multi_robot_pick_pack_handover_060_exec_16,inprogress,85.4,12.0,5.0,0.0,null,null,null,null,null
warehouse_multi_robot_pick_pack_handover_060,handover_item,2026-01-16T00:54:53.000Z,complete,amr_1,amr,warehouse_multi_robot_pick_pack_handover_060_exec_16,done,85.2,12.0,5.0,0.0,null,null,null,null,null
warehouse_multi_robot_pick_pack_handover_060,pack_order,2026-01-16T00:54:54.000Z,start,arm_1,robotic_arm,warehouse_multi_robot_pick_pack_handover_060_exec_17,inprogress,89.6,12.0,5.0,0.0,null,null,null,null,null
warehouse_multi_robot_pick_pack_handover_060,pack_order,2026-01-16T00:55:55.000Z,null,arm_1,robotic_arm,warehouse_multi_robot_pick_pack_handover_060_exec_17,inprogress,88.9,12.0,5.0,0.0,null,null,null,null,null
warehouse_multi_robot_pick_pack_handover_060,pack_order,2026-01-16T00:56:57.000Z,complete,arm_1,robotic_arm,warehouse_multi_robot_pick_pack_handover_060_exec_17,done,88.2,12.0,5.0,0.0,null,null,null,null,null
warehouse_multi_robot_pick_pack_handover_060,dispatch,2026-01-16T00:56:58.000Z,start,amr_1,amr,warehouse_multi_robot_pick_pack_handover_060_exec_18,inprogress,85.2,12.0,5.0,0.0,null,null,null,null,null
warehouse_multi_robot_pick_pack_handover_060,dispatch,2026-01-16T00:57:57.000Z,null,amr_1,amr,warehouse_multi_robot_pick_pack_handover_060_exec_18,inprogress,84.5,8.0,3.5,0.0,null,null,null,null,null
warehouse_multi_robot_pick_pack_handover_060,dispatch,2026-01-16T00:58:57.000Z,complete,amr_1,amr,warehouse_multi_robot_pick_pack_handover_060_exec_18,done,83.8,4.0,2.0,0.0,null,null,null,null,null
warehouse_multi_robot_pick_pack_handover_061,receive_order,2026-01-16T01:00:00.000Z,start,amr_1,amr,warehouse_multi_robot_pick_pack_handover_061_exec_1,inprogress,74.2,0.0,0.0,0.0,null,null,null,null,null
warehouse_multi_robot_pick_pack_handover_061,receive_order,2026-01-16T01:00:27.000Z,complete,amr_1,amr,warehouse_multi_robot_pick_pack_handover_061_exec_1,done,73.9,0.0,0.0,0.0,null,null,null,null,null
warehouse_multi_robot_pick_pack_handover_061,send_task_assignment,2026-01-16T01:00:28.000Z,start,amr_1,amr,warehouse_multi_robot_pick_pack_handover_061_exec_2,inprogress,73.9,0.0,0.0,0.0,msg_054b204022,order_id assigned for picking,send,amr_1,arm_1
warehouse_multi_robot_pick_pack_handover_061,send_task_assignment,2026-01-16T01:00:32.000Z,complete,amr_1,amr,warehouse_multi_robot_pick_pack_handover_061_exec_2,done,73.7,0.0,0.0,0.0,msg_054b204022,order_id assigned for picking,send,amr_1,arm_1
warehouse_multi_robot_pick_pack_handover_061,receive_task_assignment,2026-01-16T01:00:36.000Z,start,arm_1,robotic_arm,warehouse_multi_robot_pick_pack_handover_061_exec_3,inprogress,95.8,12.0,5.0,0.0,msg_054b204022,order_id assigned for picking,receive,amr_1,arm_1
warehouse_multi_robot_pick_pack_handover_061,receive_task_assignment,2026-01-16T01:00:40.000Z,complete,arm_1,robotic_arm,warehouse_multi_robot_pick_pack_handover_061_exec_3,done,95.7,12.0,5.0,0.0,msg_054b204022,order_id assigned for picking,receive,amr_1,arm_1
warehouse_multi_robot_pick_pack_handover_061,navigate_to_shelf,2026-01-16T01:00:41.000Z,start,amr_1,amr,warehouse_multi_robot_pick_pack_handover_061_exec_4,inprogress,73.7,0.0,0.0,0.0,null,null,null,null,null
warehouse_multi_robot_pick_pack_handover_061,navigate_to_shelf,2026-01-16T01:01:47.000Z,null,amr_1,amr,warehouse_multi_robot_pick_pack_handover_061_exec_4,inprogress,72.6,7.26,2.95,0.0,null,null,null,null,null
warehouse_multi_robot_pick_pack_handover_061,navigate_to_shelf,2026-01-16T01:02:53.000Z,null,amr_1,amr,warehouse_multi_robot_pick_pack_handover_061_exec_4,inprogress,71.4,14.53,5.9,0.0,null,null,null,null,null
warehouse_multi_robot_pick_pack_handover_061,navigate_to_shelf,2026-01-16T01:03:59.000Z,complete,amr_1,amr,warehouse_multi_robot_pick_pack_handover_061_exec_4,done,70.3,21.79,8.85,0.0,null,null,null,null,null
warehouse_multi_robot_pick_pack_handover_061,scan_bin,2026-01-16T01:04:00.000Z,start,amr_1,amr,warehouse_multi_robot_pick_pack_handover_061_exec_5,inprogress,70.3,21.79,8.85,0.0,null,null,null,null,null
warehouse_multi_robot_pick_pack_handover_061,scan_bin,2026-01-16T01:04:25.000Z,complete,amr_1,amr,warehouse_multi_robot_pick_pack_handover_061_exec_5,done,69.7,21.79,8.85,0.0,null,null,null,null,null
warehouse_multi_robot_pick_pack_handover_061,send_shelf_confirmation,2026-01-16T01:04:26.000Z,start,amr_1,amr,warehouse_multi_robot_pick_pack_handover_061_exec_6,inprogress,69.7,21.79,8.85,0.0,msg_56b9c6016c,bin verified for pick,send,amr_1,arm_1
warehouse_multi_robot_pick_pack_handover_061,send_shelf_confirmation,2026-01-16T01:04:30.000Z,complete,amr_1,amr,warehouse_multi_robot_pick_pack_handover_061_exec_6,done,69.5,21.79,8.85,0.0,msg_56b9c6016c,bin verified for pick,send,amr_1,arm_1
warehouse_multi_robot_pick_pack_handover_061,receive_shelf_confirmation,2026-01-16T01:04:35.000Z,start,arm_1,robotic_arm,warehouse_multi_robot_pick_pack_handover_061_exec_7,inprogress,95.7,12.0,5.0,0.0,msg_56b9c6016c,bin verified for pick,receive,amr_1,arm_1
warehouse_multi_robot_pick_pack_handover_061,receive_shelf_confirmation,2026-01-16T01:04:39.000Z,complete,arm_1,robotic_arm,warehouse_multi_robot_pick_pack_handover_061_exec_7,done,95.6,12.0,5.0,0.0,msg_56b9c6016c,bin verified for pick,receive,amr_1,arm_1
warehouse_multi_robot_pick_pack_handover_061,pick_item,2026-01-16T01:04:40.000Z,start,arm_1,robotic_arm,warehouse_multi_robot_pick_pack_handover_061_exec_8,inprogress,95.6,12.0,5.0,0.0,null,null,null,null,null
warehouse_multi_robot_pick_pack_handover_061,pick_item,2026-01-16T01:04:54.000Z,null,arm_1,robotic_arm,warehouse_multi_robot_pick_pack_handover_061_exec_8,inprogress,95.4,12.0,5.0,0.0,null,null,null,null,null
warehouse_multi_robot_pick_pack_handover_061,pick_item,2026-01-16T01:05:08.000Z,null,arm_1,robotic_arm,warehouse_multi_robot_pick_pack_handover_061_exec_8,inprogress,95.1,12.0,5.0,0.0,null,null,null,null,null
warehouse_multi_robot_pick_pack_handover_061,pick_item,2026-01-16T01:05:22.000Z,complete,arm_1,robotic_arm,warehouse_multi_robot_pick_pack_handover_061_exec_8,done,94.9,12.0,5.0,0.0,null,null,null,null,null
warehouse_multi_robot_pick_pack_handover_061,send_handover_coordination,2026-01-16T01:05:23.000Z,start,arm_1,robotic_arm,warehouse_multi_robot_pick_pack_handover_061_exec_9,inprogress,94.9,12.0,5.0,0.0,msg_25302cb09a,ready for handover at station,send,arm_1,amr_1
warehouse_multi_robot_pick_pack_handover_061,send_handover_coordination,2026-01-16T01:05:31.000Z,complete,arm_1,robotic_arm,warehouse_multi_robot_pick_pack_handover_061_exec_9,done,94.7,12.0,5.0,0.0,msg_25302cb09a,ready for handover at station,send,arm_1,amr_1
warehouse_multi_robot_pick_pack_handover_061,receive_handover_coordination,2026-01-16T01:05:35.000Z,start,amr_1,amr,warehouse_multi_robot_pick_pack_handover_061_exec_10,inprogress,69.5,21.79,8.85,0.0,msg_25302cb09a,ready for handover at station,receive,arm_1,amr_1
warehouse_multi_robot_pick_pack_handover_061,receive_handover_coordination,2026-01-16T01:05:39.000Z,complete,amr_1,amr,warehouse_multi_robot_pick_pack_handover_061_exec_10,done,69.4,21.79,8.85,0.0,msg_25302cb09a,ready for handover at station,receive,arm_1,amr_1
warehouse_multi_robot_pick_pack_handover_061,navigate_to_handover,2026-01-16T01:05:40.000Z,start,amr_1,amr,warehouse_multi_robot_pick_pack_handover_061_exec_11,inprogress,69.4,21.79,8.85,0.0,null,null,null,null,null
warehouse_multi_robot_pick_pack_handover_061,navigate_to_handover,2026-01-16T01:06:34.000Z,null,amr_1,amr,warehouse_multi_robot_pick_pack_handover_061_exec_11,inprogress,67.9,16.89,6.92,0.0,null,null,null,null,null
warehouse_multi_robot_pick_pack_handover_061,navigate_to_handover,2026-01-16T01:07:28.000Z,complete,amr_1,amr,warehouse_multi_robot_pick_pack_handover_061_exec_11,done,66.3,12.0,5.0,0.0,null,null,null,null,null
warehouse_multi_robot_pick_pack_handover_061,handover_item,2026-01-16T01:07:29.000Z,start,arm_1,robotic_arm,warehouse_multi_robot_pick_pack_handover_061_exec_12,inprogress,94.7,12.0,5.0,0.0,null,null,null,null,null
warehouse_multi_robot_pick_pack_handover_061,handover_item,2026-01-16T01:07:52.000Z,null,arm_1,robotic_arm,warehouse_multi_robot_pick_pack_handover_061_exec_12,inprogress,94.4,12.0,5.0,0.0,null,null,null,null,null
warehouse_multi_robot_pick_pack_handover_061,handover_item,2026-01-16T01:08:16.000Z,complete,arm_1,robotic_arm,warehouse_multi_robot_pick_pack_handover_061_exec_12,done,94.2,12.0,5.0,0.0,null,null,null,null,null
warehouse_multi_robot_pick_pack_handover_061,handover_item,2026-01-16T01:08:17.000Z,start,amr_1,amr,warehouse_multi_robot_pick_pack_handover_061_exec_13,inprogress,66.3,12.0,5.0,0.0,null,null,null,null,null
warehouse_multi_robot_pick_pack_handover_061,handover_item,2026-01-16T01:08:38.000Z,null,amr_1,amr,warehouse_multi_robot_pick_pack_handover_061_exec_13,inprogress,66.2,12.0,5.0,0.0,null,null,null,null,null
warehouse_multi_robot_pick_pack_handover_061,handover_item,2026-01-16T01:09:00.000Z,complete,amr_1,amr,warehouse_multi_robot_pick_pack_handover_061_exec_13,done,66.1,12.0,5.0,0.0,null,null,null,null,null
warehouse_multi_robot_pick_pack_handover_061,pack_order,2026-01-16T01:09:01.000Z,start,arm_1,robotic_arm,warehouse_multi_robot_pick_pack_handover_061_exec_14,inprogress,94.2,12.0,5.0,0.0,null,null,null,null,null
warehouse_multi_robot_pick_pack_handover_061,pack_order,2026-01-16T01:09:33.000Z,null,arm_1,robotic_arm,warehouse_multi_robot_pick_pack_handover_061_exec_14,inprogress,94.0,12.0,5.0,0.0,null,null,null,null,null
warehouse_multi_robot_pick_pack_handover_061,pack_order,2026-01-16T01:10:05.000Z,null,arm_1,robotic_arm,warehouse_multi_robot_pick_pack_handover_061_exec_14,inprogress,93.8,12.0,5.0,0.0,null,null,null,null,null
warehouse_multi_robot_pick_pack_handover_061,pack_order,2026-01-16T01:10:37.000Z,null,arm_1,robotic_arm,warehouse_multi_robot_pick_pack_handover_061_exec_14,inprogress,93.6,12.0,5.0,0.0,null,null,null,null,null
warehouse_multi_robot_pick_pack_handover_061,pack_order,2026-01-16T01:11:09.000Z,complete,arm_1,robotic_arm,warehouse_multi_robot_pick_pack_handover_061_exec_14,done,93.4,12.0,5.0,0.0,null,null,null,null,null
warehouse_multi_robot_pick_pack_handover_061,dispatch,2026-01-16T01:11:10.000Z,start,amr_1,amr,warehouse_multi_robot_pick_pack_handover_061_exec_15,inprogress,66.1,12.0,5.0,0.0,null,null,null,null,null
warehouse_multi_robot_pick_pack_handover_061,dispatch,2026-01-16T01:12:08.000Z,null,amr_1,amr,warehouse_multi_robot_pick_pack_handover_061_exec_15,inprogress,64.9,8.0,3.5,0.0,null,null,null,null,null
warehouse_multi_robot_pick_pack_handover_061,dispatch,2026-01-16T01:13:07.000Z,complete,amr_1,amr,warehouse_multi_robot_pick_pack_handover_061_exec_15,done,63.8,4.0,2.0,0.0,null,null,null,null,null
warehouse_multi_robot_pick_pack_handover_062,receive_order,2026-01-16T01:18:00.000Z,start,amr_1,amr,warehouse_multi_robot_pick_pack_handover_062_exec_1,inprogress,80.1,0.0,0.0,0.0,null,null,null,null,null
warehouse_multi_robot_pick_pack_handover_062,receive_order,2026-01-16T01:18:16.000Z,complete,amr_1,amr,warehouse_multi_robot_pick_pack_handover_062_exec_1,done,79.7,0.0,0.0,0.0,null,null,null,null,null
warehouse_multi_robot_pick_pack_handover_062,send_task_assignment,2026-01-16T01:18:17.000Z,start,amr_1,amr,warehouse_multi_robot_pick_pack_handover_062_exec_2,inprogress,79.7,0.0,0.0,0.0,msg_02a2b928bd,order_id assigned for picking,send,amr_1,arm_1
warehouse_multi_robot_pick_pack_handover_062,send_task_assignment,2026-01-16T01:18:22.000Z,complete,amr_1,amr,warehouse_multi_robot_pick_pack_handover_062_exec_2,done,79.5,0.0,0.0,0.0,msg_02a2b928bd,order_id assigned for picking,send,amr_1,arm_1
warehouse_multi_robot_pick_pack_handover_062,receive_task_assignment,2026-01-16T01:18:26.000Z,start,arm_1,robotic_arm,warehouse_multi_robot_pick_pack_handover_062_exec_3,inprogress,89.4,12.0,5.0,0.0,msg_02a2b928bd,order_id assigned for picking,receive,amr_1,arm_1
warehouse_multi_robot_pick_pack_handover_062,receive_task_assignment,2026-01-16T01:18:30.000Z,complete,arm_1,robotic_arm,warehouse_multi_robot_pick_pack_handover_062_exec_3,done,89.3,12.0,5.0,0.0,msg_02a2b928bd,order_id assigned for picking,receive,amr_1,arm_1
warehouse_multi_robot_pick_pack_handover_062,navigate_to_shelf,2026-01-16T01:18:31.000Z,start,amr_1,amr,warehouse_multi_robot_pick_pack_handover_062_exec_4,inprogress,79.5,0.0,0.0,0.0,null,null,null,null,null
warehouse_multi_robot_pick_pack_handover_062,navigate_to_shelf,2026-01-16T01:19:00.000Z,null,amr_1,amr,warehouse_multi_robot_pick_pack_handover_062_exec_4,inprogress,78.8,7.67,1.74,0.0,null,null,null,null,null
warehouse_multi_robot_pick_pack_handover_062,navigate_to_shelf,2026-01-16T01:19:29.000Z,null,amr_1,amr,warehouse_multi_robot_pick_pack_handover_062_exec_4,inprogress,78.0,15.35,3.48,0.0,null,null,null,null,null
warehouse_multi_robot_pick_pack_handover_062,navigate_to_shelf,2026-01-16T01:19:58.000Z,null,amr_1,amr,warehouse_multi_robot_pick_pack_handover_062_exec_4,inprogress,77.2,23.02,5.22,0.0,null,null,null,null,null
warehouse_multi_robot_pick_pack_handover_062,navigate_to_shelf,2026-01-16T01:20:27.000Z,null,amr_1,amr,warehouse_multi_robot_pick_pack_handover_062_exec_4,inprogress,76.5,30.69,6.95,0.0,null,null,null,null,null
warehouse_multi_robot_pick_pack_handover_062,navigate_to_shelf,2026-01-16T01:20:56.000Z,complete,amr_1,amr,warehouse_multi_robot_pick_pack_handover_062_exec_4,done,75.7,38.36,8.69,0.0,null,null,null,null,null
warehouse_multi_robot_pick_pack_handover_062,scan_bin,2026-01-16T01:20:57.000Z,start,amr_1,amr,warehouse_multi_robot_pick_pack_handover_062_exec_5,inprogress,75.7,38.36,8.69,0.0,null,null,null,null,null
warehouse_multi_robot_pick_pack_handover_062,scan_bin,2026-01-16T01:21:41.000Z,complete,amr_1,amr,warehouse_multi_robot_pick_pack_handover_062_exec_5,done,75.5,38.36,8.69,0.0,null,null,null,null,null
warehouse_multi_robot_pick_pack_handover_062,send_shelf_confirmation,2026-01-16T01:21:42.000Z,start,amr_1,amr,warehouse_multi_robot_pick_pack_handover_062_exec_6,inprogress,75.5,38.36,8.69,0.0,msg_bacdd85876,bin verified for pick,send,amr_1,arm_1
warehouse_multi_robot_pick_pack_handover_062,send_shelf_confirmation,2026-01-16T01:21:49.000Z,complete,amr_1,amr,warehouse_multi_robot_pick_pack_handover_062_exec_6,done,75.3,38.36,8.69,0.0,msg_bacdd85876,bin verified for pick,send,amr_1,arm_1
warehouse_multi_robot_pick_pack_handover_062,receive_shelf_confirmation,2026-01-16T01:21:54.000Z,start,arm_1,robotic_arm,warehouse_multi_robot_pick_pack_handover_062_exec_7,inprogress,89.3,12.0,5.0,0.0,msg_bacdd85876,bin verified for pick,receive,amr_1,arm_1
warehouse_multi_robot_pick_pack_handover_062,receive_shelf_confirmation,2026-01-16T01:21:58.000Z,complete,arm_1,robotic_arm,warehouse_multi_robot_pick_pack_handover_062_exec_7,done,89.2,12.0,5.0,0.0,msg_bacdd85876,bin verified for pick,receive,amr_1,arm_1
warehouse_multi_robot_pick_pack_handover_062,pick_item,2026-01-16T01:21:59.000Z,start,arm_1,robotic_arm,warehouse_multi_robot_pick_pack_handover_062_exec_8,inprogress,89.2,12.0,5.0,0.0,null,null,null,null,null
warehouse_multi_robot_pick_pack_handover_062,pick_item,2026-01-16T01:22:19.000Z,null,arm_1,robotic_arm,warehouse_multi_robot_pick_pack_handover_062_exec_8,inprogress,89.0,12.0,5.0,0.0,null,null,null,null,null
warehouse_multi_robot_pick_pack_handover_062,pick_item,2026-01-16T01:22:39.000Z,complete,arm_1,robotic_arm,warehouse_multi_robot_pick_pack_handover_062_exec_8,done,88.8,12.0,5.0,0.0,null,null,null,null,null
warehouse_multi_robot_pick_pack_handover_062,send_handover_coordination,2026-01-16T01:22:40.000Z,start,arm_1,robotic_arm,warehouse_multi_robot_pick_pack_handover_062_exec_9,inprogress,88.8,12.0,5.0,0.0,msg_51ebef9735,ready for handover at station,send,arm_1,amr_1
warehouse_multi_robot_pick_pack_handover_062,send_handover_coordination,2026-01-16T01:22:44.000Z,complete,arm_1,robotic_arm,warehouse_multi_robot_pick_pack_handover_062_exec_9,done,88.6,12.0,5.0,0.0,msg_51ebef9735,ready for handover at station,send,arm_1,amr_1
warehouse_multi_robot_pick_pack_handover_062,receive_handover_coordination,2026-01-16T01:24:13.000Z,start,amr_1,amr,warehouse_multi_robot_pick_pack_handover_062_exec_10,inprogress,75.3,38.36,8.69,0.0,msg_51ebef9735,ready for handover at station,receive,arm_1,amr_1
warehouse_multi_robot_pick_pack_handover_062,receive_handover_coordination,2026-01-16T01:24:17.000Z,complete,amr_1,amr,warehouse_multi_robot_pick_pack_handover_062_exec_10,done,75.2,38.36,8.69,0.0,msg_51ebef9735,ready for handover at station,receive,arm_1,amr_1
warehouse_multi_robot_pick_pack_handover_062,queue_wait,2026-01-16T01:24:18.000Z,start,amr_1,amr,warehouse_multi_robot_pick_pack_handover_062_exec_11,inprogress,75.2,38.36,8.69,0.0,null,null,null,null,null
warehouse_multi_robot_pick_pack_handover_062,queue_wait,2026-01-16T01:25:00.000Z,null,amr_1,amr,warehouse_multi_robot_pick_pack_handover_062_exec_11,inprogress,75.0,38.36,8.69,0.0,null,null,null,null,null
warehouse_multi_robot_pick_pack_handover_062,queue_wait,2026-01-16T01:25:42.000Z,null,amr_1,amr,warehouse_multi_robot_pick_pack_handover_062_exec_11,inprogress,74.9,38.36,8.69,0.0,null,null,null,null,null
warehouse_multi_robot_pick_pack_handover_062,queue_wait,2026-01-16T01:26:26.000Z,complete,amr_1,amr,warehouse_multi_robot_pick_pack_handover_062_exec_11,done,74.7,38.36,8.69,0.0,null,null,null,null,null
warehouse_multi_robot_pick_pack_handover_062,navigate_to_handover,2026-01-16T01:26:27.000Z,start,amr_1,amr,warehouse_multi_robot_pick_pack_handover_062_exec_12,inprogress,74.7,38.36,8.69,0.0,null,null,null,null,null
warehouse_multi_robot_pick_pack_handover_062,navigate_to_handover,2026-01-16T01:27:26.000Z,null,amr_1,amr,warehouse_multi_robot_pick_pack_handover_062_exec_12,inprogress,73.8,29.58,7.46,0.0,null,null,null,null,null
warehouse_multi_robot_pick_pack_handover_062,navigate_to_handover,2026-01-16T01:28:25.000Z,null,amr_1,amr,warehouse_multi_robot_pick_pack_handover_062_exec_12,inprogress,72.8,20.79,6.23,0.0,null,null,null,null,null
warehouse_multi_robot_pick_pack_handover_062,navigate_to_handover,2026-01-16T01:29:25.000Z,complete,amr_1,amr,warehouse_multi_robot_pick_pack_handover_062_exec_12,done,71.9,12.0,5.0,0.0,null,null,null,null,null
warehouse_multi_robot_pick_pack_handover_062,handover_item,2026-01-16T01:29:26.000Z,start,arm_1,robotic_arm,warehouse_multi_robot_pick_pack_handover_062_exec_13,inprogress,88.6,12.0,5.0,0.0,null,null,null,null,null
warehouse_multi_robot_pick_pack_handover_062,handover_item,2026-01-16T01:29:59.000Z,complete,arm_1,robotic_arm,warehouse_multi_robot_pick_pack_handover_062_exec_13,done,88.2,12.0,5.0,0.0,null,null,null,null,null
warehouse_multi_robot_pick_pack_handover_062,handover_item,2026-01-16T01:30:00.000Z,start,amr_1,amr,warehouse_multi_robot_pick_pack_handover_062_exec_14,inprogress,71.9,12.0,5.0,0.0,null,null,null,null,null
warehouse_multi_robot_pick_pack_handover_062,handover_item,2026-01-16T01:30:25.000Z,null,amr_1,amr,warehouse_multi_robot_pick_pack_handover_062_exec_14,inprogress,71.7,12.0,5.0,0.0,null,null,null,null,null
warehouse_multi_robot_pick_pack_handover_062,handover_item,2026-01-16T01:30:51.000Z,complete,amr_1,amr,warehouse_multi_robot_pick_pack_handover_062_exec_14,done,71.6,12.0,5.0,0.0,null,null,null,null,null
warehouse_multi_robot_pick_pack_handover_062,pack_order,2026-01-16T01:30:52.000Z,start,arm_1,robotic_arm,warehouse_multi_robot_pick_pack_handover_062_exec_15,inprogress,88.2,12.0,5.0,0.0,null,null,null,null,null
warehouse_multi_robot_pick_pack_handover_062,pack_order,2026-01-16T01:31:11.000Z,null,arm_1,robotic_arm,warehouse_multi_robot_pick_pack_handover_062_exec_15,inprogress,87.9,12.0,5.0,0.0,null,null,null,null,null
warehouse_multi_robot_pick_pack_handover_062,pack_order,2026-01-16T01:31:30.000Z,null,arm_1,robotic_arm,warehouse_multi_robot_pick_pack_handover_062_exec_15,inprogress,87.5,12.0,5.0,0.0,null,null,null,null,null
warehouse_multi_robot_pick_pack_handover_062,pack_order,2026-01-16T01:31:49.000Z,null,arm_1,robotic_arm,warehouse_multi_robot_pick_pack_handover_062_exec_15,inprogress,87.2,12.0,5.0,0.0,null,null,null,null,null
warehouse_multi_robot_pick_pack_handover_062,pack_order,2026-01-16T01:32:09.000Z,complete,arm_1,robotic_arm,warehouse_multi_robot_pick_pack_handover_062_exec_15,done,86.9,12.0,5.0,0.0,null,null,null,null,null
warehouse_multi_robot_pick_pack_handover_062,dispatch,2026-01-16T01:32:10.000Z,start,amr_1,amr,warehouse_multi_robot_pick_pack_handover_062_exec_16,inprogress,71.6,12.0,5.0,0.0,null,null,null,null,null
warehouse_multi_robot_pick_pack_handover_062,dispatch,2026-01-16T01:33:33.000Z,null,amr_1,amr,warehouse_multi_robot_pick_pack_handover_062_exec_16,inprogress,70.3,8.0,3.5,0.0,null,null,null,null,null
warehouse_multi_robot_pick_pack_handover_062,dispatch,2026-01-16T01:34:56.000Z,complete,amr_1,amr,warehouse_multi_robot_pick_pack_handover_062_exec_16,done,69.0,4.0,2.0,0.0,null,null,null,null,null
warehouse_multi_robot_pick_pack_handover_063,receive_order,2026-01-16T01:36:00.000Z,start,amr_1,amr,warehouse_multi_robot_pick_pack_handover_063_exec_1,inprogress,88.4,0.0,0.0,0.0,null,null,null,null,null
warehouse_multi_robot_pick_pack_handover_063,receive_order,2026-01-16T01:36:21.000Z,complete,amr_1,amr,warehouse_multi_robot_pick_pack_handover_063_exec_1,done,88.2,0.0,0.0,0.0,null,null,null,null,null
warehouse_multi_robot_pick_pack_handover_063,send_task_assignment,2026-01-16T01:36:22.000Z,start,amr_1,amr,warehouse_multi_robot_pick_pack_handover_063_exec_2,inprogress,88.2,0.0,0.0,0.0,msg_379ab1d640,order_id assigned for picking,send,amr_1,arm_1
warehouse_multi_robot_pick_pack_handover_063,send_task_assignment,2026-01-16T01:36:30.000Z,complete,amr_1,amr,warehouse_multi_robot_pick_pack_handover_063_exec_2,done,88.0,0.0,0.0,0.0,msg_379ab1d640,order_id assigned for picking,send,amr_1,arm_1
warehouse_multi_robot_pick_pack_handover_063,queue_wait,2026-01-16T01:36:31.000Z,start,arm_1,robotic_arm,warehouse_multi_robot_pick_pack_handover_063_exec_3,inprogress,89.1,12.0,5.0,0.0,null,null,null,null,null
warehouse_multi_robot_pick_pack_handover_063,queue_wait,2026-01-16T01:36:48.000Z,null,arm_1,robotic_arm,warehouse_multi_robot_pick_pack_handover_063_exec_3,inprogress,88.9,12.0,5.0,0.0,null,null,null,null,null
warehouse_multi_robot_pick_pack_handover_063,queue_wait,2026-01-16T01:37:05.000Z,null,arm_1,robotic_arm,warehouse_multi_robot_pick_pack_handover_063_exec_3,inprogress,88.8,12.0,5.0,0.0,null,null,null,null,null
warehouse_multi_robot_pick_pack_handover_063,queue_wait,2026-01-16T01:37:23.000Z,complete,arm_1,robotic_arm,warehouse_multi_robot_pick_pack_handover_063_exec_3,done,88.6,12.0,5.0,0.0,null,null,null,null,null
warehouse_multi_robot_pick_pack_handover_063,send_task_assignment,2026-01-16T01:37:24.000Z,start,amr_1,amr,warehouse_multi_robot_pick_pack_handover_063_exec_4,inprogress,88.0,0.0,0.0,0.0,msg_4229aa0517,task resent after missing ack,send,amr_1,arm_1
warehouse_multi_robot_pick_pack_handover_063,send_task_assignment,2026-01-16T01:37:32.000Z,complete,amr_1,amr,warehouse_multi_robot_pick_pack_handover_063_exec_4,done,87.8,0.0,0.0,0.0,msg_4229aa0517,task resent after missing ack,send,amr_1,arm_1
warehouse_multi_robot_pick_pack_handover_063,receive_task_assignment,2026-01-16T01:37:36.000Z,start,arm_1,robotic_arm,warehouse_multi_robot_pick_pack_handover_063_exec_5,inprogress,88.6,12.0,5.0,0.0,msg_4229aa0517,task resent after missing ack,receive,amr_1,arm_1
warehouse_multi_robot_pick_pack_handover_063,receive_task_assignment,2026-01-16T01:37:40.000Z,complete,arm_1,robotic_arm,warehouse_multi_robot_pick_pack_handover_063_exec_5,done,88.5,12.0,5.0,0.0,msg_4229aa0517,task resent after missing ack,receive,amr_1,arm_1
warehouse_multi_robot_pick_pack_handover_063,navigate_to_shelf,2026-01-16T01:37:41.000Z,start,amr_1,amr,warehouse_multi_robot_pick_pack_handover_063_exec_6,inprogress,87.8,0.0,0.0,0.0,null,null,null,null,null
warehouse_multi_robot_pick_pack_handover_063,navigate_to_shelf,2026-01-16T01:38:24.000Z,null,amr_1,amr,warehouse_multi_robot_pick_pack_handover_063_exec_6,inprogress,87.2,7.29,3.97,0.0,null,null,null,null,null
warehouse_multi_robot_pick_pack_handover_063,navigate_to_shelf,2026-01-16T01:39:07.000Z,null,amr_1,amr,warehouse_multi_robot_pick_pack_handover_063_exec_6,inprogress,86.7,14.58,7.95,0.0,null,null,null,null,null
warehouse_multi_robot_pick_pack_handover_063,navigate_to_shelf,2026-01-16T01:39:50.000Z,null,amr_1,amr,warehouse_multi_robot_pick_pack_handover_063_exec_6,inprogress,86.1,21.87,11.92,0.0,null,null,null,null,null
warehouse_multi_robot_pick_pack_handover_063,navigate_to_shelf,2026-01-16T01:40:34.000Z,complete,amr_1,amr,warehouse_multi_robot_pick_pack_handover_063_exec_6,done,85.6,29.17,15.89,0.0,null,null,null,null,null
warehouse_multi_robot_pick_pack_handover_063,scan_bin,2026-01-16T01:40:35.000Z,start,amr_1,amr,warehouse_multi_robot_pick_pack_handover_063_exec_7,inprogress,85.6,29.17,15.89,0.0,null,null,null,null,null
warehouse_multi_robot_pick_pack_handover_063,scan_bin,2026-01-16T01:40:58.000Z,complete,amr_1,amr,warehouse_multi_robot_pick_pack_handover_063_exec_7,done,85.1,29.17,15.89,0.0,null,null,null,null,null
warehouse_multi_robot_pick_pack_handover_063,send_shelf_confirmation,2026-01-16T01:40:59.000Z,start,amr_1,amr,warehouse_multi_robot_pick_pack_handover_063_exec_8,inprogress,85.1,29.17,15.89,0.0,msg_eb7f13667e,bin verified for pick,send,amr_1,arm_1
warehouse_multi_robot_pick_pack_handover_063,send_shelf_confirmation,2026-01-16T01:41:06.000Z,complete,amr_1,amr,warehouse_multi_robot_pick_pack_handover_063_exec_8,done,84.9,29.17,15.89,0.0,msg_eb7f13667e,bin verified for pick,send,amr_1,arm_1
warehouse_multi_robot_pick_pack_handover_063,receive_shelf_confirmation,2026-01-16T01:41:11.000Z,start,arm_1,robotic_arm,warehouse_multi_robot_pick_pack_handover_063_exec_9,inprogress,88.5,12.0,5.0,0.0,msg_eb7f13667e,bin verified for pick,receive,amr_1,arm_1
warehouse_multi_robot_pick_pack_handover_063,receive_shelf_confirmation,2026-01-16T01:41:15.000Z,complete,arm_1,robotic_arm,warehouse_multi_robot_pick_pack_handover_063_exec_9,done,88.4,12.0,5.0,0.0,msg_eb7f13667e,bin verified for pick,receive,amr_1,arm_1
warehouse_multi_robot_pick_pack_handover_063,pick_item,2026-01-16T01:41:16.000Z,start,arm_1,robotic_arm,warehouse_multi_robot_pick_pack_handover_063_exec_10,inprogress,88.4,12.0,5.0,0.0,null,null,null,null,null
warehouse_multi_robot_pick_pack_handover_063,pick_item,2026-01-16T01:41:49.000Z,null,arm_1,robotic_arm,warehouse_multi_robot_pick_pack_handover_063_exec_10,inprogress,88.2,12.0,5.0,0.0,null,null,null,null,null
warehouse_multi_robot_pick_pack_handover_063,pick_item,2026-01-16T01:42:22.000Z,complete,arm_1,robotic_arm,warehouse_multi_robot_pick_pack_handover_063_exec_10,done,87.9,12.0,5.0,0.0,null,null,null,null,null
warehouse_multi_robot_pick_pack_handover_063,send_handover_coordination,2026-01-16T01:42:23.000Z,start,arm_1,robotic_arm,warehouse_multi_robot_pick_pack_handover_063_exec_11,inprogress,87.9,12.0,5.0,0.0,msg_166bf1f286,ready for handover at station,send,arm_1,amr_1
warehouse_multi_robot_pick_pack_handover_063,send_handover_coordination,2026-01-16T01:42:27.000Z,complete,arm_1,robotic_arm,warehouse_multi_robot_pick_pack_handover_063_exec_11,done,87.7,12.0,5.0,0.0,msg_166bf1f286,ready for handover at station,send,arm_1,amr_1
warehouse_multi_robot_pick_pack_handover_063,receive_handover_coordination,2026-01-16T01:43:14.000Z,start,amr_1,amr,warehouse_multi_robot_pick_pack_handover_063_exec_12,inprogress,84.9,29.17,15.89,0.0,msg_166bf1f286,ready for handover at station,receive,arm_1,amr_1
warehouse_multi_robot_pick_pack_handover_063,receive_handover_coordination,2026-01-16T01:43:18.000Z,complete,amr_1,amr,warehouse_multi_robot_pick_pack_handover_063_exec_12,done,84.8,29.17,15.89,0.0,msg_166bf1f286,ready for handover at station,receive,arm_1,amr_1
warehouse_multi_robot_pick_pack_handover_063,queue_wait,2026-01-16T01:43:19.000Z,start,amr_1,amr,warehouse_multi_robot_pick_pack_handover_063_exec_13,inprogress,84.8,29.17,15.89,0.0,null,null,null,null,null
warehouse_multi_robot_pick_pack_handover_063,queue_wait,2026-01-16T01:44:01.000Z,null,amr_1,amr,warehouse_multi_robot_pick_pack_handover_063_exec_13,inprogress,84.6,29.17,15.89,0.0,null,null,null,null,null
warehouse_multi_robot_pick_pack_handover_063,queue_wait,2026-01-16T01:44:43.000Z,null,amr_1,amr,warehouse_multi_robot_pick_pack_handover_063_exec_13,inprogress,84.5,29.17,15.89,0.0,null,null,null,null,null
warehouse_multi_robot_pick_pack_handover_063,queue_wait,2026-01-16T01:45:26.000Z,complete,amr_1,amr,warehouse_multi_robot_pick_pack_handover_063_exec_13,done,84.4,29.17,15.89,0.0,null,null,null,null,null
warehouse_multi_robot_pick_pack_handover_063,navigate_to_handover,2026-01-16T01:45:27.000Z,start,amr_1,amr,warehouse_multi_robot_pick_pack_handover_063_exec_14,inprogress,84.4,29.17,15.89,0.0,null,null,null,null,null
warehouse_multi_robot_pick_pack_handover_063,navigate_to_handover,2026-01-16T01:46:12.000Z,null,amr_1,amr,warehouse_multi_robot_pick_pack_handover_063_exec_14,inprogress,83.7,23.44,12.26,0.0,null,null,null,null,null
warehouse_multi_robot_pick_pack_handover_063,navigate_to_handover,2026-01-16T01:46:57.000Z,null,amr_1,amr,warehouse_multi_robot_pick_pack_handover_063_exec_14,inprogress,83.0,17.72,8.63,0.0,null,null,null,null,null
warehouse_multi_robot_pick_pack_handover_063,navigate_to_handover,2026-01-16T01:47:42.000Z,complete,amr_1,amr,warehouse_multi_robot_pick_pack_handover_063_exec_14,done,82.3,12.0,5.0,0.0,null,null,null,null,null
warehouse_multi_robot_pick_pack_handover_063,handover_item,2026-01-16T01:47:43.000Z,start,arm_1,robotic_arm,warehouse_multi_robot_pick_pack_handover_063_exec_15,inprogress,87.7,12.0,5.0,0.0,null,null,null,null,null
warehouse_multi_robot_pick_pack_handover_063,handover_item,2026-01-16T01:48:32.000Z,complete,arm_1,robotic_arm,warehouse_multi_robot_pick_pack_handover_063_exec_15,done,87.5,12.0,5.0,0.0,null,null,null,null,null
warehouse_multi_robot_pick_pack_handover_063,handover_item,2026-01-16T01:48:33.000Z,start,amr_1,amr,warehouse_multi_robot_pick_pack_handover_063_exec_16,inprogress,82.3,12.0,5.0,0.0,null,null,null,null,null
warehouse_multi_robot_pick_pack_handover_063,handover_item,2026-01-16T01:48:54.000Z,complete,amr_1,amr,warehouse_multi_robot_pick_pack_handover_063_exec_16,done,82.0,12.0,5.0,0.0,null,null,null,null,null
warehouse_multi_robot_pick_pack_handover_063,pack_order,2026-01-16T01:48:55.000Z,start,arm_1,robotic_arm,warehouse_multi_robot_pick_pack_handover_063_exec_17,inprogress,87.5,12.0,5.0,0.0,null,null,null,null,null
warehouse_multi_robot_pick_pack_handover_063,pack_order,2026-01-16T01:49:14.000Z,null,arm_1,robotic_arm,warehouse_multi_robot_pick_pack_handover_063_exec_17,inprogress,87.1,12.0,5.0,0.0,null,null,null,null,null
warehouse_multi_robot_pick_pack_handover_063,pack_order,2026-01-16T01:49:33.000Z,null,arm_1,robotic_arm,warehouse_multi_robot_pick_pack_handover_063_exec_17,inprogress,86.7,12.0,5.0,0.0,null,null,null,null,null
warehouse_multi_robot_pick_pack_handover_063,pack_order,2026-01-16T01:49:53.000Z,complete,arm_1,robotic_arm,warehouse_multi_robot_pick_pack_handover_063_exec_17,done,86.4,12.0,5.0,0.0,null,null,null,null,null
warehouse_multi_robot_pick_pack_handover_063,dispatch,2026-01-16T01:49:54.000Z,start,amr_1,amr,warehouse_multi_robot_pick_pack_handover_063_exec_18,inprogress,82.0,12.0,5.0,0.0,null,null,null,null,null
warehouse_multi_robot_pick_pack_handover_063,dispatch,2026-01-16T01:50:43.000Z,null,amr_1,amr,warehouse_multi_robot_pick_pack_handover_063_exec_18,inprogress,80.8,8.0,3.5,0.0,null,null,null,null,null
warehouse_multi_robot_pick_pack_handover_063,dispatch,2026-01-16T01:51:33.000Z,complete,amr_1,amr,warehouse_multi_robot_pick_pack_handover_063_exec_18,done,79.5,4.0,2.0,0.0,null,null,null,null,null
warehouse_multi_robot_pick_pack_handover_064,receive_order,2026-01-16T01:54:00.000Z,start,amr_1,amr,warehouse_multi_robot_pick_pack_handover_064_exec_1,inprogress,87.8,0.0,0.0,0.0,null,null,null,null,null
warehouse_multi_robot_pick_pack_handover_064,receive_order,2026-01-16T01:54:18.000Z,complete,amr_1,amr,warehouse_multi_robot_pick_pack_handover_064_exec_1,done,87.5,0.0,0.0,0.0,null,null,null,null,null
warehouse_multi_robot_pick_pack_handover_064,send_task_assignment,2026-01-16T01:54:19.000Z,start,amr_1,amr,warehouse_multi_robot_pick_pack_handover_064_exec_2,inprogress,87.5,0.0,0.0,0.0,msg_859e4bca1d,order_id assigned for picking,send,amr_1,arm_1
warehouse_multi_robot_pick_pack_handover_064,send_task_assignment,2026-01-16T01:54:24.000Z,complete,amr_1,amr,warehouse_multi_robot_pick_pack_handover_064_exec_2,done,87.3,0.0,0.0,0.0,msg_859e4bca1d,order_id assigned for picking,send,amr_1,arm_1
warehouse_multi_robot_pick_pack_handover_064,receive_task_assignment,2026-01-16T01:54:28.000Z,start,arm_1,robotic_arm,warehouse_multi_robot_pick_pack_handover_064_exec_3,inprogress,91.9,12.0,5.0,0.0,msg_859e4bca1d,order_id assigned for picking,receive,amr_1,arm_1
warehouse_multi_robot_pick_pack_handover_064,receive_task_assignment,2026-01-16T01:54:32.000Z,complete,arm_1,robotic_arm,warehouse_multi_robot_pick_pack_handover_064_exec_3,done,91.8,12.0,5.0,0.0,msg_859e4bca1d,order_id assigned for picking,receive,amr_1,arm_1
warehouse_multi_robot_pick_pack_handover_064,navigate_to_shelf,2026-01-16T01:54:33.000Z,start,amr_1,amr,warehouse_multi_robot_pick_pack_handover_064_exec_4,inprogress,87.3,0.0,0.0,0.0,null,null,null,null,null
warehouse_multi_robot_pick_pack_handover_064,navigate_to_shelf,2026-01-16T01:55:15.000Z,null,amr_1,amr,warehouse_multi_robot_pick_pack_handover_064_exec_4,inprogress,86.1,5.04,5.14,0.0,null,null,null,null,null
warehouse_multi_robot_pick_pack_handover_064,navigate_to_shelf,2026-01-16T01:55:57.000Z,null,amr_1,amr,warehouse_multi_robot_pick_pack_handover_064_exec_4,inprogress,84.9,10.08,10.27,0.0,null,null,null,null,null
warehouse_multi_robot_pick_pack_handover_064,navigate_to_shelf,2026-01-16T01:56:39.000Z,null,amr_1,amr,warehouse_multi_robot_pick_pack_handover_064_exec_4,inprogress,83.8,15.12,15.41,0.0,null,null,null,null,null
warehouse_multi_robot_pick_pack_handover_064,navigate_to_shelf,2026-01-16T01:57:24.000Z,complete,amr_1,amr,warehouse_multi_robot_pick_pack_handover_064_exec_4,done,82.6,20.16,20.54,0.0,null,null,null,null,null
warehouse_multi_robot_pick_pack_handover_064,scan_bin,2026-01-16T01:57:25.000Z,start,amr_1,amr,warehouse_multi_robot_pick_pack_handover_064_exec_5,inprogress,82.6,20.16,20.54,0.0,null,null,null,null,null
warehouse_multi_robot_pick_pack_handover_064,scan_bin,2026-01-16T01:57:36.000Z,null,amr_1,amr,warehouse_multi_robot_pick_pack_handover_064_exec_5,inprogress,82.3,20.16,20.54,0.0,null,null,null,null,null
warehouse_multi_robot_pick_pack_handover_064,scan_bin,2026-01-16T01:57:47.000Z,complete,amr_1,amr,warehouse_multi_robot_pick_pack_handover_064_exec_5,done,82.1,20.16,20.54,0.0,null,null,null,null,null
warehouse_multi_robot_pick_pack_handover_064,send_shelf_confirmation,2026-01-16T01:57:48.000Z,start,amr_1,amr,warehouse_multi_robot_pick_pack_handover_064_exec_6,inprogress,82.1,20.16,20.54,0.0,msg_6504401e93,bin verified for pick,send,amr_1,arm_1
warehouse_multi_robot_pick_pack_handover_064,send_shelf_confirmation,2026-01-16T01:57:52.000Z,complete,amr_1,amr,warehouse_multi_robot_pick_pack_handover_064_exec_6,done,81.9,20.16,20.54,0.0,msg_6504401e93,bin verified for pick,send,amr_1,arm_1
warehouse_multi_robot_pick_pack_handover_064,receive_shelf_confirmation,2026-01-16T01:57:57.000Z,start,arm_1,robotic_arm,warehouse_multi_robot_pick_pack_handover_064_exec_7,inprogress,91.8,12.0,5.0,0.0,msg_6504401e93,bin verified for pick,receive,amr_1,arm_1
warehouse_multi_robot_pick_pack_handover_064,receive_shelf_confirmation,2026-01-16T01:58:01.000Z,complete,arm_1,robotic_arm,warehouse_multi_robot_pick_pack_handover_064_exec_7,done,91.7,12.0,5.0,0.0,msg_6504401e93,bin verified for pick,receive,amr_1,arm_1
warehouse_multi_robot_pick_pack_handover_064,pick_item,2026-01-16T01:58:02.000Z,start,arm_1,robotic_arm,warehouse_multi_robot_pick_pack_handover_064_exec_8,inprogress,91.7,12.0,5.0,0.0,null,null,null,null,null
warehouse_multi_robot_pick_pack_handover_064,pick_item,2026-01-16T01:58:33.000Z,null,arm_1,robotic_arm,warehouse_multi_robot_pick_pack_handover_064_exec_8,inprogress,91.4,12.0,5.0,0.0,null,null,null,null,null
warehouse_multi_robot_pick_pack_handover_064,pick_item,2026-01-16T01:59:04.000Z,complete,arm_1,robotic_arm,warehouse_multi_robot_pick_pack_handover_064_exec_8,done,91.2,12.0,5.0,0.0,null,null,null,null,null
warehouse_multi_robot_pick_pack_handover_064,send_handover_coordination,2026-01-16T01:59:05.000Z,start,arm_1,robotic_arm,warehouse_multi_robot_pick_pack_handover_064_exec_9,inprogress,91.2,12.0,5.0,0.0,msg_bb3b7df17a,ready for handover at station,send,arm_1,amr_1
warehouse_multi_robot_pick_pack_handover_064,send_handover_coordination,2026-01-16T01:59:13.000Z,complete,arm_1,robotic_arm,warehouse_multi_robot_pick_pack_handover_064_exec_9,done,91.0,12.0,5.0,0.0,msg_bb3b7df17a,ready for handover at station,send,arm_1,amr_1
warehouse_multi_robot_pick_pack_handover_064,receive_handover_coordination,2026-01-16T02:00:26.000Z,start,amr_1,amr,warehouse_multi_robot_pick_pack_handover_064_exec_10,inprogress,81.9,20.16,20.54,0.0,msg_bb3b7df17a,ready for handover at station,receive,arm_1,amr_1
warehouse_multi_robot_pick_pack_handover_064,receive_handover_coordination,2026-01-16T02:00:30.000Z,complete,amr_1,amr,warehouse_multi_robot_pick_pack_handover_064_exec_10,done,81.8,20.16,20.54,0.0,msg_bb3b7df17a,ready for handover at station,receive,arm_1,amr_1
warehouse_multi_robot_pick_pack_handover_064,queue_wait,2026-01-16T02:00:31.000Z,start,amr_1,amr,warehouse_multi_robot_pick_pack_handover_064_exec_11,inprogress,81.8,20.16,20.54,0.0,null,null,null,null,null
warehouse_multi_robot_pick_pack_handover_064,queue_wait,2026-01-16T02:00:53.000Z,null,amr_1,amr,warehouse_multi_robot_pick_pack_handover_064_exec_11,inprogress,81.6,20.16,20.54,0.0,null,null,null,null,null
warehouse_multi_robot_pick_pack_handover_064,queue_wait,2026-01-16T02:01:15.000Z,null,amr_1,amr,warehouse_multi_robot_pick_pack_handover_064_exec_11,inprogress,81.5,20.16,20.54,0.0,null,null,null,null,null
warehouse_multi_robot_pick_pack_handover_064,queue_wait,2026-01-16T02:01:38.000Z,complete,amr_1,amr,warehouse_multi_robot_pick_pack_handover_064_exec_11,done,81.4,20.16,20.54,0.0,null,null,null,null,null
warehouse_multi_robot_pick_pack_handover_064,navigate_to_handover,2026-01-16T02:01:39.000Z,start,amr_1,amr,warehouse_multi_robot_pick_pack_handover_064_exec_12,inprogress,81.4,20.16,20.54,0.0,null,null,null,null,null
warehouse_multi_robot_pick_pack_handover_064,navigate_to_handover,2026-01-16T02:02:13.000Z,null,amr_1,amr,warehouse_multi_robot_pick_pack_handover_064_exec_12,inprogress,80.9,18.12,16.66,0.0,null,null,null,null,null
warehouse_multi_robot_pick_pack_handover_064,navigate_to_handover,2026-01-16T02:02:47.000Z,null,amr_1,amr,warehouse_multi_robot_pick_pack_handover_064_exec_12,inprogress,80.5,16.08,12.77,0.0,null,null,null,null,null
warehouse_multi_robot_pick_pack_handover_064,navigate_to_handover,2026-01-16T02:03:21.000Z,null,amr_1,amr,warehouse_multi_robot_pick_pack_handover_064_exec_12,inprogress,80.0,14.04,8.89,0.0,null,null,null,null,null
warehouse_multi_robot_pick_pack_handover_064,navigate_to_handover,2026-01-16T02:03:57.000Z,complete,amr_1,amr,warehouse_multi_robot_pick_pack_handover_064_exec_12,done,79.6,12.0,5.0,0.0,null,null,null,null,null
warehouse_multi_robot_pick_pack_handover_064,handover_item,2026-01-16T02:03:58.000Z,start,arm_1,robotic_arm,warehouse_multi_robot_pick_pack_handover_064_exec_13,inprogress,91.0,12.0,5.0,0.0,null,null,null,null,null
warehouse_multi_robot_pick_pack_handover_064,handover_item,2026-01-16T02:04:19.000Z,null,arm_1,robotic_arm,warehouse_multi_robot_pick_pack_handover_064_exec_13,inprogress,90.8,12.0,5.0,0.0,null,null,null,null,null
warehouse_multi_robot_pick_pack_handover_064,handover_item,2026-01-16T02:04:40.000Z,complete,arm_1,robotic_arm,warehouse_multi_robot_pick_pack_handover_064_exec_13,done,90.7,12.0,5.0,0.0,null,null,null,null,null
warehouse_multi_robot_pick_pack_handover_064,handover_item,2026-01-16T02:04:41.000Z,start,amr_1,amr,warehouse_multi_robot_pick_pack_handover_064_exec_14,inprogress,79.6,12.0,5.0,0.0,null,null,null,null,null
warehouse_multi_robot_pick_pack_handover_064,handover_item,2026-01-16T02:05:07.000Z,complete,amr_1,amr,warehouse_multi_robot_pick_pack_handover_064_exec_14,done,79.2,12.0,5.0,0.0,null,null,null,null,null
warehouse_multi_robot_pick_pack_handover_064,pack_order,2026-01-16T02:05:08.000Z,start,arm_1,robotic_arm,warehouse_multi_robot_pick_pack_handover_064_exec_15,inprogress,90.7,12.0,5.0,0.0,null,null,null,null,null
warehouse_multi_robot_pick_pack_handover_064,pack_order,2026-01-16T02:05:28.000Z,null,arm_1,robotic_arm,warehouse_multi_robot_pick_pack_handover_064_exec_15,inprogress,90.5,12.0,5.0,0.0,null,null,null,null,null
warehouse_multi_robot_pick_pack_handover_064,pack_order,2026-01-16T02:05:48.000Z,null,arm_1,robotic_arm,warehouse_multi_robot_pick_pack_handover_064_exec_15,inprogress,90.2,12.0,5.0,0.0,null,null,null,null,null
warehouse_multi_robot_pick_pack_handover_064,pack_order,2026-01-16T02:06:10.000Z,complete,arm_1,robotic_arm,warehouse_multi_robot_pick_pack_handover_064_exec_15,done,90.0,12.0,5.0,0.0,null,null,null,null,null
warehouse_multi_robot_pick_pack_handover_064,dispatch,2026-01-16T02:06:11.000Z,start,amr_1,amr,warehouse_multi_robot_pick_pack_handover_064_exec_16,inprogress,79.2,12.0,5.0,0.0,null,null,null,null,null
warehouse_multi_robot_pick_pack_handover_064,dispatch,2026-01-16T02:07:00.000Z,null,amr_1,amr,warehouse_multi_robot_pick_pack_handover_064_exec_16,inprogress,78.5,9.33,4.0,0.0,null,null,null,null,null
warehouse_multi_robot_pick_pack_handover_064,dispatch,2026-01-16T02:07:49.000Z,null,amr_1,amr,warehouse_multi_robot_pick_pack_handover_064_exec_16,inprogress,77.8,6.67,3.0,0.0,null,null,null,null,null
warehouse_multi_robot_pick_pack_handover_064,dispatch,2026-01-16T02:08:40.000Z,complete,amr_1,amr,warehouse_multi_robot_pick_pack_handover_064_exec_16,done,77.1,4.0,2.0,0.0,null,null,null,null,null
warehouse_multi_robot_pick_pack_handover_065,receive_order,2026-01-16T02:12:00.000Z,start,amr_1,amr,warehouse_multi_robot_pick_pack_handover_065_exec_1,inprogress,92.8,0.0,0.0,0.0,null,null,null,null,null
warehouse_multi_robot_pick_pack_handover_065,receive_order,2026-01-16T02:12:21.000Z,complete,amr_1,amr,warehouse_multi_robot_pick_pack_handover_065_exec_1,done,92.5,0.0,0.0,0.0,null,null,null,null,null
warehouse_multi_robot_pick_pack_handover_065,send_task_assignment,2026-01-16T02:12:22.000Z,start,amr_1,amr,warehouse_multi_robot_pick_pack_handover_065_exec_2,inprogress,92.5,0.0,0.0,0.0,msg_19f8b671ea,order_id assigned for picking,send,amr_1,arm_1
warehouse_multi_robot_pick_pack_handover_065,send_task_assignment,2026-01-16T02:12:27.000Z,complete,amr_1,amr,warehouse_multi_robot_pick_pack_handover_065_exec_2,done,92.3,0.0,0.0,0.0,msg_19f8b671ea,order_id assigned for picking,send,amr_1,arm_1
warehouse_multi_robot_pick_pack_handover_065,receive_task_assignment,2026-01-16T02:12:31.000Z,start,arm_1,robotic_arm,warehouse_multi_robot_pick_pack_handover_065_exec_3,inprogress,90.6,12.0,5.0,0.0,msg_19f8b671ea,order_id assigned for picking,receive,amr_1,arm_1
warehouse_multi_robot_pick_pack_handover_065,receive_task_assignment,2026-01-16T02:12:35.000Z,complete,arm_1,robotic_arm,warehouse_multi_robot_pick_pack_handover_065_exec_3,done,90.5,12.0,5.0,0.0,msg_19f8b671ea,order_id assigned for picking,receive,amr_1,arm_1
warehouse_multi_robot_pick_pack_handover_065,navigate_to_shelf,2026-01-16T02:12:36.000Z,start,amr_1,amr,warehouse_multi_robot_pick_pack_handover_065_exec_4,inprogress,92.3,0.0,0.0,0.0,null,null,null,null,null
warehouse_multi_robot_pick_pack_handover_065,navigate_to_shelf,2026-01-16T02:13:35.000Z,null,amr_1,amr,warehouse_multi_robot_pick_pack_handover_065_exec_4,inprogress,91.3,10.24,5.8,0.0,null,null,null,null,null
warehouse_multi_robot_pick_pack_handover_065,navigate_to_shelf,2026-01-16T02:14:34.000Z,null,amr_1,amr,warehouse_multi_robot_pick_pack_handover_065_exec_4,inprogress,90.2,20.48,11.6,0.0,null,null,null,null,null
warehouse_multi_robot_pick_pack_handover_065,navigate_to_shelf,2026-01-16T02:15:34.000Z,complete,amr_1,amr,warehouse_multi_robot_pick_pack_handover_065_exec_4,done,89.1,30.72,17.4,0.0,null,null,null,null,null
warehouse_multi_robot_pick_pack_handover_065,scan_bin,2026-01-16T02:15:35.000Z,start,amr_1,amr,warehouse_multi_robot_pick_pack_handover_065_exec_5,inprogress,89.1,30.72,17.4,0.0,null,null,null,null,null
warehouse_multi_robot_pick_pack_handover_065,scan_bin,2026-01-16T02:15:53.000Z,null,amr_1,amr,warehouse_multi_robot_pick_pack_handover_065_exec_5,inprogress,88.8,30.72,17.4,0.0,null,null,null,null,null
warehouse_multi_robot_pick_pack_handover_065,scan_bin,2026-01-16T02:16:11.000Z,complete,amr_1,amr,warehouse_multi_robot_pick_pack_handover_065_exec_5,done,88.5,30.72,17.4,0.0,null,null,null,null,null
warehouse_multi_robot_pick_pack_handover_065,send_shelf_confirmation,2026-01-16T02:16:12.000Z,start,amr_1,amr,warehouse_multi_robot_pick_pack_handover_065_exec_6,inprogress,88.5,30.72,17.4,0.0,msg_f79471ad6b,bin verified for pick,send,amr_1,arm_1
warehouse_multi_robot_pick_pack_handover_065,send_shelf_confirmation,2026-01-16T02:16:17.000Z,complete,amr_1,amr,warehouse_multi_robot_pick_pack_handover_065_exec_6,done,88.3,30.72,17.4,0.0,msg_f79471ad6b,bin verified for pick,send,amr_1,arm_1
warehouse_multi_robot_pick_pack_handover_065,receive_shelf_confirmation,2026-01-16T02:16:22.000Z,start,arm_1,robotic_arm,warehouse_multi_robot_pick_pack_handover_065_exec_7,inprogress,90.5,12.0,5.0,0.0,msg_f79471ad6b,bin verified for pick,receive,amr_1,arm_1
warehouse_multi_robot_pick_pack_handover_065,receive_shelf_confirmation,2026-01-16T02:16:26.000Z,complete,arm_1,robotic_arm,warehouse_multi_robot_pick_pack_handover_065_exec_7,done,90.4,12.0,5.0,0.0,msg_f79471ad6b,bin verified for pick,receive,amr_1,arm_1
warehouse_multi_robot_pick_pack_handover_065,pick_item,2026-01-16T02:16:27.000Z,start,arm_1,robotic_arm,warehouse_multi_robot_pick_pack_handover_065_exec_8,inprogress,90.4,12.0,5.0,0.0,null,null,null,null,null
warehouse_multi_robot_pick_pack_handover_065,pick_item,2026-01-16T02:16:51.000Z,null,arm_1,robotic_arm,warehouse_multi_robot_pick_pack_handover_065_exec_8,inprogress,90.1,12.0,5.0,0.0,null,null,null,null,null
warehouse_multi_robot_pick_pack_handover_065,pick_item,2026-01-16T02:17:15.000Z,null,arm_1,robotic_arm,warehouse_multi_robot_pick_pack_handover_065_exec_8,inprogress,89.8,12.0,5.0,0.0,null,null,null,null,null
warehouse_multi_robot_pick_pack_handover_065,pick_item,2026-01-16T02:17:39.000Z,complete,arm_1,robotic_arm,warehouse_multi_robot_pick_pack_handover_065_exec_8,done,89.5,12.0,5.0,0.0,null,null,null,null,null
warehouse_multi_robot_pick_pack_handover_065,send_handover_coordination,2026-01-16T02:17:40.000Z,start,arm_1,robotic_arm,warehouse_multi_robot_pick_pack_handover_065_exec_9,inprogress,89.5,12.0,5.0,0.0,msg_2ca8abffd9,ready for handover at station,send,arm_1,amr_1
warehouse_multi_robot_pick_pack_handover_065,send_handover_coordination,2026-01-16T02:17:46.000Z,complete,arm_1,robotic_arm,warehouse_multi_robot_pick_pack_handover_065_exec_9,done,89.3,12.0,5.0,0.0,msg_2ca8abffd9,ready for handover at station,send,arm_1,amr_1
warehouse_multi_robot_pick_pack_handover_065,receive_handover_coordination,2026-01-16T02:17:50.000Z,start,amr_1,amr,warehouse_multi_robot_pick_pack_handover_065_exec_10,inprogress,88.3,30.72,17.4,0.0,msg_2ca8abffd9,ready for handover at station,receive,arm_1,amr_1
warehouse_multi_robot_pick_pack_handover_065,receive_handover_coordination,2026-01-16T02:17:54.000Z,complete,amr_1,amr,warehouse_multi_robot_pick_pack_handover_065_exec_10,done,88.2,30.72,17.4,0.0,msg_2ca8abffd9,ready for handover at station,receive,arm_1,amr_1
warehouse_multi_robot_pick_pack_handover_065,navigate_to_handover,2026-01-16T02:17:55.000Z,start,amr_1,amr,warehouse_multi_robot_pick_pack_handover_065_exec_11,inprogress,88.2,30.72,17.4,0.0,null,null,null,null,null
warehouse_multi_robot_pick_pack_handover_065,navigate_to_handover,2026-01-16T02:18:15.000Z,null,amr_1,amr,warehouse_multi_robot_pick_pack_handover_065_exec_11,inprogress,87.6,26.04,14.3,0.0,null,null,null,null,null
warehouse_multi_robot_pick_pack_handover_065,navigate_to_handover,2026-01-16T02:18:35.000Z,null,amr_1,amr,warehouse_multi_robot_pick_pack_handover_065_exec_11,inprogress,87.0,21.36,11.2,0.0,null,null,null,null,null
warehouse_multi_robot_pick_pack_handover_065,navigate_to_handover,2026-01-16T02:18:55.000Z,null,amr_1,amr,warehouse_multi_robot_pick_pack_handover_065_exec_11,inprogress,86.4,16.68,8.1,0.0,null,null,null,null,null
warehouse_multi_robot_pick_pack_handover_065,navigate_to_handover,2026-01-16T02:19:16.000Z,complete,amr_1,amr,warehouse_multi_robot_pick_pack_handover_065_exec_11,done,85.9,12.0,5.0,0.0,null,null,null,null,null
warehouse_multi_robot_pick_pack_handover_065,handover_item,2026-01-16T02:19:17.000Z,start,arm_1,robotic_arm,warehouse_multi_robot_pick_pack_handover_065_exec_12,inprogress,89.3,12.0,5.0,0.0,null,null,null,null,null
warehouse_multi_robot_pick_pack_handover_065,handover_item,2026-01-16T02:19:52.000Z,complete,arm_1,robotic_arm,warehouse_multi_robot_pick_pack_handover_065_exec_12,done,89.0,12.0,5.0,0.0,null,null,null,null,null
warehouse_multi_robot_pick_pack_handover_065,handover_item,2026-01-16T02:19:53.000Z,start,amr_1,amr,warehouse_multi_robot_pick_pack_handover_065_exec_13,inprogress,85.9,12.0,5.0,0.0,null,null,null,null,null
warehouse_multi_robot_pick_pack_handover_065,handover_item,2026-01-16T02:20:48.000Z,complete,amr_1,amr,warehouse_multi_robot_pick_pack_handover_065_exec_13,done,85.4,12.0,5.0,0.0,null,null,null,null,null
warehouse_multi_robot_pick_pack_handover_065,pack_order,2026-01-16T02:20:49.000Z,start,arm_1,robotic_arm,warehouse_multi_robot_pick_pack_handover_065_exec_14,inprogress,89.0,12.0,5.0,0.0,null,null,null,null,null
warehouse_multi_robot_pick_pack_handover_065,pack_order,2026-01-16T02:21:54.000Z,null,arm_1,robotic_arm,warehouse_multi_robot_pick_pack_handover_065_exec_14,inprogress,88.2,12.0,5.0,0.0,null,null,null,null,null
warehouse_multi_robot_pick_pack_handover_065,pack_order,2026-01-16T02:22:59.000Z,complete,arm_1,robotic_arm,warehouse_multi_robot_pick_pack_handover_065_exec_14,done,87.5,12.0,5.0,0.0,null,null,null,null,null
warehouse_multi_robot_pick_pack_handover_065,dispatch,2026-01-16T02:23:00.000Z,start,amr_1,amr,warehouse_multi_robot_pick_pack_handover_065_exec_15,inprogress,85.4,12.0,5.0,0.0,null,null,null,null,null
warehouse_multi_robot_pick_pack_handover_065,dispatch,2026-01-16T02:23:30.000Z,null,amr_1,amr,warehouse_multi_robot_pick_pack_handover_065_exec_15,inprogress,84.4,9.33,4.0,0.0,null,null,null,null,null
warehouse_multi_robot_pick_pack_handover_065,dispatch,2026-01-16T02:24:00.000Z,null,amr_1,amr,warehouse_multi_robot_pick_pack_handover_065_exec_15,inprogress,83.4,6.67,3.0,0.0,null,null,null,null,null
warehouse_multi_robot_pick_pack_handover_065,dispatch,2026-01-16T02:24:30.000Z,complete,amr_1,amr,warehouse_multi_robot_pick_pack_handover_065_exec_15,done,82.4,4.0,2.0,0.0,null,null,null,null,null
